사고번호,사고일시,요일,시군구,사고내용,사망자수,중상자수,경상자수,부상신고자수,사고유형,법규위반,노면상태,기상상태,도로형태,가해운전자 차종,가해운전자 성별,가해운전자 연령,가해운전자 상해정도,피해운전자 차종,피해운전자 성별,피해운전자 연령,피해운전자 상해정도
2012011700100394,2012년 1월 17일 17시,화요일,전라남도 여수시 봉산동,경상사고,0,0,1,0,차대사람 - 기타,안전운전불이행,건조,맑음,단일로 - 기타,승용,여,59세,상해없음,보행자,여,56세,경상
2012011700100395,2012년 1월 17일 17시,화요일,전라남도 장성군 황룡면,경상사고,0,0,1,0,차대차 - 측면직각충돌,직진우회전진행방해,건조,맑음,교차로 - 교차로안,승용,남,51세,상해없음,승용,남,53세,경상
2012011700100431,2012년 1월 17일 18시,화요일,전라남도 여수시 봉산동,경상사고,0,0,2,0,차대차 - 정면충돌,중앙선침범,건조,맑음,단일로 - 기타,승용,남,49세,경상,승합,남,53세,경상
2012011700100432,2012년 1월 17일 18시,화요일,전라남도 광양시 도이동,경상사고,0,0,1,0,차대차 - 추돌 - 주정차중,안전거리미확보,건조,맑음,교차로 - 교차로부근,특수,남,51세,상해없음,승용,여,38세,경상
2012011700100548,2012년 1월 17일 21시,화요일,전라남도 광양시 마동,중상사고,0,1,0,0,차대사람 - 횡단중,안전운전불이행,건조,맑음,교차로 - 교차로부근,승합,남,34세,상해없음,보행자,남,44세,중상
2012011700100604,2012년 1월 17일 23시,화요일,전라남도 목포시 산정동,경상사고,0,0,2,0,차대차 - 추돌 - 주정차중,안전운전불이행,건조,맑음,교차로 - 교차로부근,승용,남,32세,상해없음,승용,남,47세,상해없음
2012011700100605,2012년 1월 17일 23시,화요일,전라남도 여수시 신월동,경상사고,0,0,5,0,차대차 - 추돌 - 주정차중,안전운전불이행,건조,맑음,교차로 - 교차로안,승용,남,38세,상해없음,승용,남,41세,경상
2012011700100606,2012년 1월 17일 23시,화요일,전라남도 여수시 둔덕동,중상사고,0,1,0,0,차대사람 - 기타,안전운전불이행,습기,비,단일로 - 기타,승용,기타불명,기타불명,기타불명,보행자,남,27세,중상
2012011800100052,2012년 1월 18일 02시,수요일,전라남도 영암군 삼호읍,경상사고,0,0,1,0,차량단독 - 기타,안전운전불이행,건조,맑음,단일로 - 기타,이륜,남,48세,경상,,,,
2012011800100090,2012년 1월 18일 06시,수요일,전라남도 여수시 종화동,중상사고,0,1,0,0,차대차 - 측면직각충돌,중앙선침범,건조,맑음,단일로 - 기타,원동기,여,53세,중상,승용,남,59세,상해없음
2012011800100106,2012년 1월 18일 07시,수요일,전라남도 나주시 노안면,중상사고,0,1,0,0,차대차 - 기타,교차로운행방법위반,건조,흐림,교차로 - 교차로안,승용,남,57세,상해없음,원동기,남,67세,상해없음
2012011800100107,2012년 1월 18일 07시,수요일,전라남도 영암군 삼호읍,중상사고,0,1,1,0,차대차 - 추돌 - 진행중,안전운전불이행,건조,맑음,단일로 - 기타,승용,남,32세,중상,건설기계,남,40세,경상
2012011800100206,2012년 1월 18일 11시,수요일,전라남도 순천시 해룡면,경상사고,0,0,1,0,차대사람 - 차도통행중,안전운전불이행,건조,맑음,교차로 - 교차로부근,화물,남,40세,상해없음,보행자,남,59세,경상
2012011800100207,2012년 1월 18일 11시,수요일,전라남도 무안군 무안읍,중상사고,0,1,0,0,차대사람 - 기타,안전운전불이행,건조,맑음,단일로 - 기타,화물,여,49세,상해없음,보행자,여,19세,중상
2012011800100281,2012년 1월 18일 14시,수요일,전라남도 목포시 상동,경상사고,0,0,5,0,차대차 - 기타,안전운전불이행,건조,흐림,단일로 - 기타,승용,여,40세,경상,승용,남,47세,경상
2012011800100282,2012년 1월 18일 14시,수요일,전라남도 무안군 해제면,경상사고,0,0,3,0,차대차 - 정면충돌,중앙선침범,건조,맑음,단일로 - 기타,승용,남,64세,경상,화물,남,38세,경상
2012011800100307,2012년 1월 18일 15시,수요일,전라남도 순천시 매곡동,중상사고,0,1,0,0,차대사람 - 기타,안전운전불이행,건조,맑음,단일로 - 횡단보도상,승용,여,68세,상해없음,보행자,여,83세,중상
2012011800100308,2012년 1월 18일 15시,수요일,전라남도 순천시 풍덕동,경상사고,0,0,1,0,차대차 - 측면직각충돌,신호위반,습기,맑음,교차로 - 교차로안,자전거,남,61세,경상,승합,남,50세,상해없음
2012011800100309,2012년 1월 18일 15시,수요일,전라남도 장흥군 장흥읍,경상사고,0,0,2,0,차대차 - 측면직각충돌,안전운전불이행,건조,맑음,단일로 - 기타,특수,남,45세,경상,승용,여,45세,경상
2012011800100365,2012년 1월 18일 17시,수요일,전라남도 나주시 반남면,중상사고,0,1,1,0,차대차 - 측면직각충돌,교차로운행방법위반,건조,맑음,교차로 - 교차로안,화물,남,51세,상해없음,원동기,남,61세,경상
2012011800100366,2012년 1월 18일 17시,수요일,전라남도 광양시 광양읍,경상사고,0,0,1,0,차대차 - 측면직각충돌,신호위반,습기,흐림,교차로 - 교차로안,승용,남,27세,상해없음,승용,남,60세,경상
2012011800100404,2012년 1월 18일 18시,수요일,전라남도 목포시 상동,중상사고,0,1,0,0,차대차 - 기타,직진우회전진행방해,건조,흐림,교차로 - 교차로안,화물,남,28세,상해없음,자전거,남,75세,중상
2012011800100405,2012년 1월 18일 18시,수요일,전라남도 나주시 중앙동,경상사고,0,0,1,0,차대사람 - 기타,안전운전불이행,습기,비,단일로 - 기타,승용,남,48세,상해없음,보행자,남,50세,경상
2012011800100406,2012년 1월 18일 18시,수요일,전라남도 담양군 금성면,경상사고,0,0,1,0,차대차 - 기타,직진우회전진행방해,건조,맑음,교차로 - 교차로안,승용,남,54세,상해없음,승용,남,39세,경상
2012011800100463,2012년 1월 18일 19시,수요일,전라남도 목포시 상동,중상사고,0,1,0,0,차대사람 - 차도통행중,안전운전불이행,건조,흐림,교차로 - 교차로부근,승용,남,23세,상해없음,보행자,여,14세,중상
2012011800100464,2012년 1월 18일 19시,수요일,전라남도 목포시 산정동,중상사고,0,2,4,0,차대차 - 측면직각충돌,신호위반,건조,흐림,교차로 - 교차로부근,승용,여,49세,중상,승용,여,29세,경상
2012011800100465,2012년 1월 18일 19시,수요일,전라남도 영광군 법성면,중상사고,0,1,0,0,차대사람 - 기타,안전운전불이행,건조,맑음,단일로 - 기타,화물,남,28세,상해없음,보행자,여,67세,중상
2012011800100466,2012년 1월 18일 19시,수요일,전라남도 장성군 황룡면,경상사고,0,0,2,0,차대차 - 측면직각충돌,교차로운행방법위반,건조,맑음,교차로 - 교차로안,승용,여,46세,상해없음,승합,남,52세,상해없음
2012011800100501,2012년 1월 18일 20시,수요일,전라남도 목포시 상동,경상사고,0,0,3,0,차대차 - 측면직각충돌,안전운전불이행,건조,흐림,단일로 - 기타,승합,남,31세,경상,승용,남,39세,경상
2012011800100502,2012년 1월 18일 20시,수요일,전라남도 목포시 산정동,경상사고,0,0,3,0,차대차 - 추돌 - 주정차중,안전운전불이행,건조,흐림,교차로 - 교차로부근,승용,남,61세,상해없음,승용,여,38세,경상
2012011800100503,2012년 1월 18일 20시,수요일,전라남도 순천시 남정동,중상사고,0,1,0,0,차대차 - 기타,신호위반,건조,맑음,교차로 - 교차로안,이륜,남,19세,중상,승합,남,47세,상해없음
2012011800100551,2012년 1월 18일 22시,수요일,전라남도 순천시 조례동,경상사고,0,0,1,0,차대차 - 기타,직진우회전진행방해,습기,비,교차로 - 교차로안,원동기,남,44세,경상,승용,남,60세,상해없음
2012011800100552,2012년 1월 18일 22시,수요일,전라남도 순천시 조례동,경상사고,0,0,1,0,차대차 - 추돌 - 진행중,안전운전불이행,습기,비,교차로 - 교차로부근,승용,남,27세,상해없음,승용,남,47세,경상
2012011800100585,2012년 1월 18일 23시,수요일,전라남도 여수시 학동,경상사고,0,0,1,0,차대차 - 추돌 - 진행중,안전운전불이행,습기,비,단일로 - 기타,기타불명,기타불명,기타불명,기타불명,승용,남,46세,경상
2012011900100014,2012년 1월 19일 00시,목요일,전라남도 광양시 중동,경상사고,0,0,3,0,차대차 - 측면직각충돌,직진우회전진행방해,습기,비,교차로 - 교차로안,승용,여,28세,경상,승용,남,50세,경상
2012011900100032,2012년 1월 19일 01시,목요일,전라남도 목포시 남교동,경상사고,0,0,1,0,차대차 - 측면직각충돌,직진우회전진행방해,건조,흐림,교차로 - 교차로안,승용,남,54세,상해없음,원동기,남,21세,경상
2012011900100033,2012년 1월 19일 01시,목요일,전라남도 광양시 광양읍,중상사고,0,1,0,0,차대차 - 추돌 - 진행중,중앙선침범,습기,비,단일로 - 기타,승용,남,35세,상해없음,원동기,남,38세,중상
2012011900100072,2012년 1월 19일 05시,목요일,전라남도 순천시 별량면,경상사고,0,0,1,0,차대사람 - 기타,안전운전불이행,습기,흐림,단일로 - 기타,승용,남,56세,상해없음,보행자,여,21세,경상
2012011900100097,2012년 1월 19일 06시,목요일,전라남도 영암군 삼호읍,중상사고,0,1,1,0,차대차 - 측면직각충돌,중앙선침범,건조,흐림,단일로 - 기타,화물,남,49세,경상,승용,남,29세,중상
2012011900100117,2012년 1월 19일 07시,목요일,전라남도 목포시 산정동,경상사고,0,0,3,0,차대차 - 측면직각충돌,신호위반,건조,흐림,교차로 - 교차로안,승용,남,35세,경상,승용,남,40세,상해없음
2012011900100118,2012년 1월 19일 07시,목요일,전라남도 목포시 산정동,중상사고,0,1,2,0,차대차 - 추돌 - 주정차중,안전거리미확보,건조,흐림,단일로 - 기타,승용,남,25세,상해없음,승용,남,50세,경상
2012011900100119,2012년 1월 19일 07시,목요일,전라남도 목포시 상동,경상사고,0,0,2,0,차대차 - 측면직각충돌,직진우회전진행방해,건조,흐림,교차로 - 교차로안,승용,남,24세,상해없음,승용,여,29세,경상
2012011900100120,2012년 1월 19일 07시,목요일,전라남도 여수시 안산동,부상신고사고,0,0,0,1,차대사람 - 횡단중,신호위반,습기,비,교차로 - 교차로부근,승용,남,38세,상해없음,보행자,여,79세,부상신고
2012011900100174,2012년 1월 19일 09시,목요일,전라남도 신안군 암태면,사망사고,1,0,0,0,차대사람 - 길가장자리구역통행중,안전운전불이행,건조,맑음,단일로 - 기타,기타불명,기타불명,기타불명,기타불명,보행자,여,69세,사망
2012011900100175,2012년 1월 19일 09시,목요일,전라남도 담양군 봉산면,경상사고,0,0,1,0,차대차 - 기타,안전운전불이행,건조,맑음,교차로 - 교차로안,화물,남,71세,상해없음,승용,남,62세,경상
2012011900100217,2012년 1월 19일 11시,목요일,전라남도 여수시 오림동,경상사고,0,0,1,0,차대사람 - 기타,안전운전불이행,건조,맑음,단일로 - 기타,승용,여,50세,상해없음,보행자,여,59세,경상
2012011900100218,2012년 1월 19일 11시,목요일,전라남도 여수시 신기동,경상사고,0,0,2,0,차대차 - 측면직각충돌,교차로운행방법위반,습기,흐림,교차로 - 교차로안,승합,여,51세,상해없음,승용,여,42세,경상
2012011900100219,2012년 1월 19일 11시,목요일,전라남도 무안군 무안읍,경상사고,0,0,1,0,차대사람 - 차도통행중,안전운전불이행,건조,맑음,교차로 - 교차로부근,화물,남,65세,상해없음,보행자,남,86세,경상
2012011900100246,2012년 1월 19일 12시,목요일,전라남도 해남군 해남읍,경상사고,0,0,1,0,차대차 - 기타,신호위반,건조,맑음,교차로 - 교차로안,원동기,남,79세,경상,승합,남,32세,상해없음
2012011900100247,2012년 1월 19일 12시,목요일,전라남도 진도군 군내면,경상사고,0,0,1,0,차대차 - 추돌 - 진행중,안전운전불이행,건조,맑음,단일로 - 기타,승용,남,70세,상해없음,화물,남,23세,상해없음
2012011900100303,2012년 1월 19일 14시,목요일,전라남도 영암군 학산면,중상사고,0,1,0,0,차대차 - 추돌 - 주정차중,안전운전불이행,건조,맑음,단일로 - 기타,승용,남,44세,중상,건설기계,남,40세,기타불명
2012011900100304,2012년 1월 19일 14시,목요일,전라남도 광양시 중동,경상사고,0,0,2,0,차대차 - 추돌 - 주정차중,안전운전불이행,건조,흐림,교차로 - 교차로부근,승용,남,41세,상해없음,승용,남,32세,상해없음
2012011900100333,2012년 1월 19일 15시,목요일,전라남도 목포시 옥암동,경상사고,0,0,1,0,차대차 - 추돌 - 진행중,안전거리미확보,건조,흐림,교차로 - 교차로부근,화물,남,38세,상해없음,승용,여,53세,상해없음
2012011900100334,2012년 1월 19일 15시,목요일,전라남도 여수시 봉강동,경상사고,0,0,1,0,차대차 - 추돌 - 진행중,안전거리미확보,습기,비,단일로 - 기타,승용,남,44세,기타불명,승용,남,44세,경상
2012011900100335,2012년 1월 19일 15시,목요일,전라남도 순천시 연향동,경상사고,0,0,2,0,차대사람 - 차도통행중,안전운전불이행,건조,맑음,단일로 - 기타,화물,남,22세,상해없음,보행자,여,37세,경상
2012011900100336,2012년 1월 19일 15시,목요일,전라남도 나주시 봉황면,경상사고,0,0,2,0,차대차 - 추돌 - 진행중,기타,건조,맑음,단일로 - 기타,건설기계,남,47세,상해없음,승합,남,47세,경상
2012011900100337,2012년 1월 19일 15시,목요일,전라남도 함평군 함평읍,중상사고,0,2,0,0,차대차 - 측면직각충돌,안전운전불이행,건조,맑음,교차로 - 교차로안,이륜,남,70세,중상,승합,여,37세,상해없음
2012011900100338,2012년 1월 19일 15시,목요일,전라남도 무안군 무안읍,경상사고,0,0,1,0,차대사람 - 기타,안전운전불이행,건조,맑음,단일로 - 기타,승용,여,19세,상해없음,보행자,여,62세,경상
2012011900100372,2012년 1월 19일 16시,목요일,전라남도 여수시 오림동,경상사고,0,0,1,0,차대사람 - 횡단중,안전운전불이행,습기,비,단일로 - 기타,승용,남,57세,상해없음,보행자,남,15세,경상
2012011900100373,2012년 1월 19일 16시,목요일,전라남도 보성군 복내면,경상사고,0,0,1,0,차대차 - 측면직각충돌,중앙선침범,습기,비,단일로 - 기타,승용,남,50세,상해없음,이륜,남,73세,경상
2012011900100374,2012년 1월 19일 16시,목요일,전라남도 화순군 화순읍,경상사고,0,0,1,0,차대차 - 측면직각충돌,차로위반,건조,맑음,단일로 - 기타,승용,남,75세,상해없음,승용,남,46세,상해없음
2012011900100402,2012년 1월 19일 17시,목요일,전라남도 순천시 장천동,경상사고,0,0,1,0,차대차 - 측면직각충돌,안전거리미확보,건조,맑음,단일로 - 기타,승용,남,23세,상해없음,승용,남,26세,상해없음
2012011900100447,2012년 1월 19일 18시,목요일,전라남도 나주시 성북동,경상사고,0,0,1,0,차대사람 - 기타,안전운전불이행,건조,맑음,기타 - 기타,승용,여,59세,상해없음,보행자,여,74세,경상
2012011900100448,2012년 1월 19일 18시,목요일,전라남도 고흥군 도화면,중상사고,0,1,0,0,차대사람 - 기타,안전운전불이행,습기,흐림,단일로 - 기타,화물,남,69세,상해없음,보행자,여,56세,중상
2012011900100449,2012년 1월 19일 18시,목요일,전라남도 영암군 신북면,중상사고,0,1,0,0,차량단독 - 공작물충돌,안전운전불이행,건조,맑음,단일로 - 기타,화물,남,32세,중상,,,,
2012011900100450,2012년 1월 19일 18시,목요일,전라남도 강진군 신전면,경상사고,0,0,1,0,차량단독 - 공작물충돌,안전운전불이행,습기,비,단일로 - 기타,화물,여,49세,경상,,,,
2012011900100451,2012년 1월 19일 18시,목요일,전라남도 담양군 담양읍,중상사고,0,1,0,0,차대차 - 기타,중앙선침범,건조,흐림,단일로 - 횡단보도부근,자전거,남,12세,중상,승합,남,39세,상해없음
2012011900100514,2012년 1월 19일 19시,목요일,전라남도 순천시 조례동,경상사고,0,0,2,0,차대차 - 기타,안전운전불이행,건조,맑음,교차로 - 교차로안,화물,남,35세,경상,승용,남,42세,경상
2012011900100515,2012년 1월 19일 19시,목요일,전라남도 영암군 삼호읍,경상사고,0,0,1,0,차대차 - 측면직각충돌,신호위반,습기,비,교차로 - 교차로안,화물,남,55세,상해없음,승용,남,37세,경상
2012011900100560,2012년 1월 19일 20시,목요일,전라남도 목포시 상동,경상사고,0,0,2,0,차대차 - 추돌 - 진행중,안전운전불이행,습기,흐림,교차로 - 교차로부근,승합,남,50세,상해없음,승용,여,57세,경상
2012011900100561,2012년 1월 19일 20시,목요일,전라남도 여수시 신기동,중상사고,0,1,0,0,차대차 - 측면직각충돌,중앙선침범,습기,흐림,단일로 - 횡단보도상,승용,여,47세,상해없음,원동기,남,16세,중상
2012011900100562,2012년 1월 19일 20시,목요일,전라남도 나주시 다시면,경상사고,0,0,1,0,차대사람 - 기타,안전운전불이행,건조,맑음,단일로 - 기타,승합,여,42세,상해없음,보행자,남,53세,경상
2012011900100638,2012년 1월 19일 22시,목요일,전라남도 목포시 상동,경상사고,0,0,3,0,차대차 - 추돌 - 주정차중,안전운전불이행,습기,흐림,단일로 - 기타,승용,남,43세,상해없음,승용,남,34세,경상
2012011900100639,2012년 1월 19일 22시,목요일,전라남도 광양시 광영동,경상사고,0,0,1,0,차대사람 - 차도통행중,안전운전불이행,습기,흐림,단일로 - 기타,승용,남,29세,상해없음,보행자,여,22세,경상
2012011900100678,2012년 1월 19일 23시,목요일,전라남도 목포시 상동,경상사고,0,0,2,0,차대차 - 측면직각충돌,교차로운행방법위반,습기,비,교차로 - 교차로안,승용,남,34세,상해없음,승용,남,32세,경상
2012011900100679,2012년 1월 19일 23시,목요일,전라남도 여수시 신월동,경상사고,0,0,1,0,차대차 - 추돌 - 진행중,안전운전불이행,건조,맑음,교차로 - 교차로부근,승용,남,26세,상해없음,승용,남,56세,경상
2012011900100680,2012년 1월 19일 23시,목요일,전라남도 순천시 장천동,경상사고,0,0,2,0,차대차 - 측면직각충돌,안전운전불이행,건조,맑음,교차로 - 교차로부근,승용,남,41세,상해없음,승용,여,23세,경상
2012012000100025,2012년 1월 20일 00시,금요일,전라남도 목포시 옥암동,경상사고,0,0,1,0,차대차 - 측면직각충돌,신호위반,건조,맑음,교차로 - 교차로안,승용,남,42세,상해없음,승용,남,36세,경상
2012012000100090,2012년 1월 20일 03시,금요일,전라남도 보성군 벌교읍,중상사고,0,2,1,0,차량단독 - 기타,안전운전불이행,건조,맑음,교차로 - 교차로부근,승용,남,56세,중상,,,,
2012012000100130,2012년 1월 20일 06시,금요일,전라남도 여수시 돌산읍,사망사고,1,0,0,0,차대사람 - 횡단중,안전운전불이행,습기,흐림,단일로 - 기타,승용,남,50세,상해없음,보행자,여,66세,사망
2012012000100131,2012년 1월 20일 06시,금요일,전라남도 광양시 광양읍,중상사고,0,1,1,0,차대차 - 측면직각충돌,신호위반,건조,맑음,교차로 - 교차로안,승용,남,43세,경상,승용,남,55세,중상
2012012000100150,2012년 1월 20일 07시,금요일,전라남도 영암군 삼호읍,중상사고,0,1,0,0,차대차 - 추돌 - 진행중,안전거리미확보,습기,흐림,단일로 - 기타,화물,남,64세,상해없음,승용,남,40세,상해없음
2012012000100151,2012년 1월 20일 07시,금요일,전라남도 영암군 삼호읍,경상사고,0,0,1,0,차대차 - 추돌 - 진행중,안전운전불이행,습기,흐림,단일로 - 기타,승용,남,53세,상해없음,승용,남,33세,경상
2012012000100174,2012년 1월 20일 08시,금요일,전라남도 무안군 현경면,경상사고,0,0,1,0,차대차 - 측면직각충돌,안전운전불이행,습기,맑음,교차로 - 교차로부근,화물,남,45세,상해없음,승합,남,66세,상해없음
2012012000100175,2012년 1월 20일 08시,금요일,전라남도 구례군 마산면,부상신고사고,0,0,0,1,차대차 - 기타,안전운전불이행,건조,맑음,단일로 - 기타,화물,남,66세,상해없음,승용,여,38세,부상신고
2012012000100196,2012년 1월 20일 09시,금요일,전라남도 여수시 여서동,중상사고,0,1,0,0,차대차 - 측면직각충돌,신호위반,건조,맑음,교차로 - 교차로안,승용,여,46세,상해없음,이륜,남,61세,중상
2012012000100197,2012년 1월 20일 09시,금요일,전라남도 순천시 매곡동,경상사고,0,0,1,0,차대차 - 기타,신호위반,건조,맑음,교차로 - 교차로안,승용,여,52세,상해없음,승용,남,25세,경상
2012012000100198,2012년 1월 20일 09시,금요일,전라남도 순천시 조례동,경상사고,0,0,1,0,차대차 - 기타,직진우회전진행방해,건조,맑음,기타 - 기타,승용,남,60세,상해없음,승용,남,60세,경상
2012012000100227,2012년 1월 20일 10시,금요일,전라남도 무안군 청계면,중상사고,0,1,0,0,차대사람 - 기타,안전운전불이행,건조,맑음,기타 - 기타,승합,남,55세,상해없음,보행자,여,80세,중상
2012012000100228,2012년 1월 20일 10시,금요일,전라남도 구례군 구례읍,경상사고,0,0,1,0,차대차 - 측면직각충돌,교차로운행방법위반,건조,맑음,교차로 - 교차로안,화물,남,49세,상해없음,원동기,여,65세,경상
2012012000100258,2012년 1월 20일 11시,금요일,전라남도 여수시 남산동,경상사고,0,0,1,0,차대차 - 측면직각충돌,안전운전불이행,건조,맑음,단일로 - 기타,승용,남,61세,상해없음,승용,여,35세,경상
2012012000100259,2012년 1월 20일 11시,금요일,전라남도 나주시 봉황면,중상사고,0,1,0,0,차대차 - 측면직각충돌,안전운전불이행,건조,맑음,교차로 - 교차로안,원동기,남,75세,중상,화물,남,42세,상해없음
2012012000100286,2012년 1월 20일 12시,금요일,전라남도 고흥군 도화면,중상사고,0,1,1,0,차대차 - 측면직각충돌,중앙선침범,건조,맑음,교차로 - 교차로부근,화물,남,67세,상해없음,화물,남,45세,경상
2012012000100312,2012년 1월 20일 13시,금요일,전라남도 목포시 해안동3가,경상사고,0,0,1,0,차대차 - 기타,차로위반,건조,맑음,단일로 - 기타,승용,남,55세,상해없음,승용,남,33세,경상
2012012000100351,2012년 1월 20일 14시,금요일,전라남도 화순군 화순읍,경상사고,0,0,1,0,차대사람 - 길가장자리구역통행중,안전운전불이행,건조,맑음,교차로 - 교차로안,화물,남,45세,상해없음,보행자,남,11세,경상
2012012000100352,2012년 1월 20일 14시,금요일,전라남도 영암군 영암읍,경상사고,0,0,5,0,차대차 - 측면직각충돌,직진우회전진행방해,건조,맑음,교차로 - 교차로안,승용,남,49세,경상,승용,남,18세,경상
2012012000100353,2012년 1월 20일 14시,금요일,전라남도 구례군 구례읍,부상신고사고,0,0,0,1,차대사람 - 기타,안전운전불이행,건조,맑음,단일로 - 기타,승용,남,53세,상해없음,보행자,여,86세,부상신고
2012012000100390,2012년 1월 20일 15시,금요일,전라남도 목포시 상동,중상사고,0,1,0,0,차대사람 - 기타,안전운전불이행,건조,맑음,단일로 - 기타,승용,남,58세,상해없음,보행자,남,82세,중상
2012012000100391,2012년 1월 20일 15시,금요일,전라남도 강진군 도암면,중상사고,0,1,0,0,차대차 - 측면직각충돌,중앙선침범,건조,맑음,단일로 - 기타,원동기,남,69세,중상,화물,남,74세,상해없음
2012012000100421,2012년 1월 20일 16시,금요일,전라남도 영광군 영광읍,경상사고,0,0,4,1,차대차 - 추돌 - 진행중,안전운전불이행,습기,흐림,교차로 - 교차로부근,승용,여,48세,부상신고,승용,남,54세,경상
2012012000100422,2012년 1월 20일 16시,금요일,전라남도 완도군 완도읍,경상사고,0,0,1,0,차대차 - 추돌 - 주정차중,안전운전불이행,건조,맑음,단일로 - 기타,승용,남,62세,상해없음,승용,여,52세,경상
2012012000100452,2012년 1월 20일 17시,금요일,전라남도 함평군 나산면,중상사고,0,1,0,0,차대차 - 측면직각충돌,안전운전불이행,건조,맑음,교차로 - 교차로안,이륜,남,78세,중상,승용,여,46세,상해없음
2012012000100507,2012년 1월 20일 18시,금요일,전라남도 목포시 석현동,중상사고,0,1,4,0,차대차 - 추돌 - 진행중,안전운전불이행,건조,맑음,단일로 - 기타,승용,남,39세,상해없음,승용,남,56세,경상
2012012000100508,2012년 1월 20일 18시,금요일,전라남도 목포시 상동,경상사고,0,0,3,0,차대차 - 측면직각충돌,안전운전불이행,건조,맑음,단일로 - 기타,승용,여,30세,경상,승용,남,47세,경상
2012012000100509,2012년 1월 20일 18시,금요일,전라남도 여수시 서교동,경상사고,0,0,1,0,차대사람 - 기타,안전운전불이행,건조,맑음,교차로 - 교차로부근,화물,남,38세,상해없음,보행자,남,70세,경상
2012012000100510,2012년 1월 20일 18시,금요일,전라남도 순천시 가곡동,경상사고,0,0,1,0,차대사람 - 기타,보행자보호의무위반,건조,맑음,교차로 - 교차로부근,승용,남,66세,상해없음,보행자,여,23세,경상
2012012000100511,2012년 1월 20일 18시,금요일,전라남도 해남군 해남읍,경상사고,0,0,1,0,차대차 - 추돌 - 진행중,안전운전불이행,건조,흐림,단일로 - 기타,승용,여,44세,경상,화물,남,49세,상해없음
2012012000100512,2012년 1월 20일 18시,금요일,전라남도 영광군 대마면,중상사고,0,1,0,0,차대차 - 측면직각충돌,안전운전불이행,습기,비,교차로 - 교차로안,원동기,남,69세,중상,화물,남,54세,상해없음
2012012000100513,2012년 1월 20일 18시,금요일,전라남도 영광군 영광읍,중상사고,0,1,1,0,차대차 - 측면직각충돌,직진우회전진행방해,습기,비,교차로 - 교차로안,승용,남,54세,상해없음,승용,남,36세,중상
2012012000100514,2012년 1월 20일 18시,금요일,전라남도 화순군 화순읍,경상사고,0,0,3,0,차대차 - 추돌 - 진행중,안전운전불이행,건조,맑음,단일로 - 기타,승용,남,41세,상해없음,승용,남,46세,경상
2012012000100515,2012년 1월 20일 18시,금요일,전라남도 영암군 삼호읍,경상사고,0,0,1,0,차대차 - 측면직각충돌,안전거리미확보,건조,맑음,교차로 - 교차로부근,승용,남,49세,상해없음,승용,남,27세,경상
2012012000100516,2012년 1월 20일 18시,금요일,전라남도 완도군 보길면,중상사고,0,1,0,0,차대사람 - 횡단중,안전운전불이행,건조,맑음,단일로 - 기타,화물,남,50세,상해없음,보행자,남,48세,중상
2012012000100517,2012년 1월 20일 18시,금요일,전라남도 광양시 광양읍,경상사고,0,0,1,0,차대사람 - 횡단중,보행자보호의무위반,건조,맑음,단일로 - 횡단보도상,화물,남,62세,상해없음,보행자,여,19세,경상
2012012000100567,2012년 1월 20일 19시,금요일,전라남도 목포시 용당동,중상사고,0,1,0,0,차대사람 - 기타,안전운전불이행,건조,맑음,단일로 - 기타,화물,남,42세,상해없음,보행자,여,19세,중상
2012012000100638,2012년 1월 20일 21시,금요일,전라남도 순천시 조례동,중상사고,0,1,0,0,차대차 - 기타,불법유턴,건조,맑음,단일로 - 기타,자전거,남,14세,중상,승용,남,51세,상해없음
2012012000100666,2012년 1월 20일 22시,금요일,전라남도 목포시 옥암동,경상사고,0,0,3,0,차대차 - 추돌 - 주정차중,안전운전불이행,건조,맑음,단일로 - 기타,승용,남,45세,상해없음,승용,남,31세,경상
2012012000100667,2012년 1월 20일 22시,금요일,전라남도 여수시 여서동,경상사고,0,0,1,0,차대사람 - 길가장자리구역통행중,안전운전불이행,건조,맑음,단일로 - 기타,기타불명,기타불명,기타불명,기타불명,보행자,남,27세,경상
2012012000100688,2012년 1월 20일 23시,금요일,전라남도 순천시 해룡면,경상사고,0,0,2,0,차대차 - 추돌 - 진행중,안전거리미확보,건조,맑음,단일로 - 기타,승합,남,55세,상해없음,승용,여,25세,경상
2012012000100689,2012년 1월 20일 23시,금요일,전라남도 광양시 중동,경상사고,0,0,1,0,차대차 - 정면충돌,안전운전불이행,건조,기타,교차로 - 교차로부근,이륜,남,20세,경상,승용,남,50세,상해없음
2012012100100016,2012년 1월 21일 00시,토요일,전라남도 순천시 조례동,경상사고,0,0,1,0,차대차 - 측면직각충돌,안전운전불이행,건조,맑음,단일로 - 기타,승용,남,23세,상해없음,승용,남,58세,경상
2012012100100098,2012년 1월 21일 04시,토요일,전라남도 나주시 금성동,경상사고,0,0,1,0,차대차 - 측면직각충돌,안전운전불이행,습기,비,단일로 - 기타,승용,남,31세,상해없음,승용,남,31세,경상
2012012100100127,2012년 1월 21일 06시,토요일,전라남도 순천시 조례동,경상사고,0,0,2,0,차대차 - 추돌 - 진행중,안전운전불이행,건조,맑음,단일로 - 기타,승용,남,27세,상해없음,승용,남,47세,경상