사고번호,사고일시,요일,시군구,사고내용,사망자수,중상자수,경상자수,부상신고자수,사고유형,법규위반,노면상태,기상상태,도로형태,가해운전자 차종,가해운전자 성별,가해운전자 연령,가해운전자 상해정도,피해운전자 차종,피해운전자 성별,피해운전자 연령,피해운전자 상해정도
2012012100100128,2012년 1월 21일 06시,토요일,전라남도 순천시 조곡동,중상사고,0,1,0,0,차대사람 - 횡단중,안전운전불이행,건조,맑음,단일로 - 기타,승용,여,62세,상해없음,보행자,남,36세,중상
2012012100100129,2012년 1월 21일 06시,토요일,전라남도 해남군 해남읍,경상사고,0,0,1,0,차대차 - 추돌 - 진행중,안전운전불이행,습기,흐림,단일로 - 기타,화물,남,32세,경상,건설기계,남,28세,상해없음
2012012100100149,2012년 1월 21일 07시,토요일,전라남도 목포시 산정동,중상사고,0,1,0,0,차량단독 - 도로외이탈 - 기타,안전운전불이행,건조,맑음,단일로 - 기타,승용,남,24세,중상,,,,
2012012100100150,2012년 1월 21일 07시,토요일,전라남도 장흥군 관산읍,중상사고,0,1,0,0,차량단독 - 전도전복,안전운전불이행,습기,비,단일로 - 기타,원동기,여,60세,중상,,,,
2012012100100207,2012년 1월 21일 10시,토요일,전라남도 신안군 지도읍,사망사고,1,2,1,0,차량단독 - 공작물충돌,안전운전불이행,습기,비,단일로 - 기타,승용,남,56세,중상,,,,
2012012100100223,2012년 1월 21일 11시,토요일,전라남도 목포시 석현동,중상사고,0,1,0,0,차대차 - 추돌 - 진행중,안전운전불이행,습기,비,교차로 - 교차로부근,화물,남,75세,상해없음,승용,여,54세,중상
2012012100100224,2012년 1월 21일 11시,토요일,전라남도 영광군 영광읍,중상사고,0,1,0,0,차량단독 - 공작물충돌,안전운전불이행,습기,비,단일로 - 기타,승용,남,38세,상해없음,,,,
2012012100100264,2012년 1월 21일 13시,토요일,전라남도 순천시 조례동,경상사고,0,0,1,0,차대차 - 기타,안전운전불이행,건조,맑음,교차로 - 교차로부근,승용,남,30세,기타불명,승용,남,56세,경상
2012012100100265,2012년 1월 21일 13시,토요일,전라남도 완도군 완도읍,경상사고,0,0,1,0,차대사람 - 차도통행중,안전운전불이행,습기,흐림,단일로 - 기타,화물,남,61세,상해없음,보행자,여,46세,경상
2012012100100287,2012년 1월 21일 14시,토요일,전라남도 순천시 송광면,경상사고,0,0,5,0,차대차 - 추돌 - 주정차중,안전운전불이행,습기,비,단일로 - 기타,승용,남,46세,경상,이륜,남,46세,경상
2012012100100288,2012년 1월 21일 14시,토요일,전라남도 순천시 장천동,경상사고,0,0,1,0,차대사람 - 횡단중,안전운전불이행,건조,맑음,단일로 - 기타,승용,남,51세,상해없음,보행자,남,12세,경상
2012012100100289,2012년 1월 21일 14시,토요일,전라남도 장흥군 장흥읍,중상사고,0,1,1,0,차대차 - 측면직각충돌,신호위반,건조,맑음,교차로 - 교차로안,화물,남,70세,경상,특수,남,24세,상해없음
2012012100100290,2012년 1월 21일 14시,토요일,전라남도 강진군 도암면,중상사고,0,1,0,0,차대차 - 추돌 - 진행중,안전거리미확보,건조,맑음,단일로 - 기타,승용,남,57세,상해없음,화물,남,61세,중상
2012012100100291,2012년 1월 21일 14시,토요일,전라남도 완도군 노화읍,중상사고,0,1,0,0,차대차 - 추돌 - 진행중,중앙선침범,습기,비,단일로 - 기타,화물,남,59세,상해없음,이륜,남,73세,중상
2012012100100323,2012년 1월 21일 15시,토요일,전라남도 순천시 황전면,경상사고,0,0,3,0,차대차 - 추돌 - 주정차중,안전운전불이행,습기,비,교차로 - 교차로부근,화물,남,43세,상해없음,승용,남,29세,경상
2012012100100324,2012년 1월 21일 15시,토요일,전라남도 곡성군 곡성읍,중상사고,0,1,1,0,차대차 - 정면충돌,중앙선침범,습기,비,단일로 - 기타,승용,남,47세,경상,화물,남,63세,중상
2012012100100360,2012년 1월 21일 16시,토요일,전라남도 순천시 교량동,경상사고,0,0,8,0,차대차 - 추돌 - 주정차중,안전운전불이행,습기,흐림,교차로 - 교차로부근,승용,남,38세,상해없음,승용,여,28세,경상
2012012100100361,2012년 1월 21일 16시,토요일,전라남도 무안군 몽탄면,중상사고,0,1,0,0,차대차 - 정면충돌,중앙선침범,습기,비,교차로 - 교차로부근,승용,남,46세,상해없음,화물,남,53세,중상
2012012100100362,2012년 1월 21일 16시,토요일,전라남도 곡성군 겸면,경상사고,0,0,1,0,차대차 - 측면직각충돌,차로위반,습기,비,단일로 - 기타,기타불명,기타불명,기타불명,기타불명,승용,남,31세,경상
2012012100100417,2012년 1월 21일 18시,토요일,전라남도 여수시 문수동,경상사고,0,0,1,0,차대차 - 정면충돌,중앙선침범,습기,비,단일로 - 기타,승용,남,48세,상해없음,승용,남,60세,경상
2012012100100418,2012년 1월 21일 18시,토요일,전라남도 여수시 둔덕동,중상사고,0,1,0,0,차대사람 - 기타,안전운전불이행,건조,맑음,단일로 - 기타,승용,여,49세,상해없음,보행자,남,56세,중상
2012012100100419,2012년 1월 21일 18시,토요일,전라남도 장흥군 관산읍,중상사고,0,1,0,0,차대차 - 측면직각충돌,교차로운행방법위반,습기,비,교차로 - 교차로안,승용,남,51세,상해없음,승용,남,69세,상해없음
2012012100100444,2012년 1월 21일 19시,토요일,전라남도 목포시 산정동,중상사고,0,1,0,0,차대사람 - 횡단중,안전운전불이행,습기,비,교차로 - 교차로안,승용,남,49세,상해없음,보행자,남,50세,중상
2012012100100445,2012년 1월 21일 19시,토요일,전라남도 여수시 율촌면,경상사고,0,0,2,0,차대차 - 기타,안전운전불이행,습기,비,단일로 - 기타,승용,여,36세,상해없음,화물,남,52세,경상
2012012100100446,2012년 1월 21일 19시,토요일,전라남도 여수시 화장동,경상사고,0,0,2,0,차대차 - 측면직각충돌,안전운전불이행,건조,맑음,단일로 - 기타,승용,남,56세,상해없음,승용,남,48세,기타불명
2012012100100447,2012년 1월 21일 19시,토요일,전라남도 광양시 중동,경상사고,0,0,1,0,차대사람 - 횡단중,교차로운행방법위반,습기,비,교차로 - 교차로부근,승용,여,36세,상해없음,보행자,남,39세,경상
2012012200100033,2012년 1월 22일 01시,일요일,전라남도 순천시 매곡동,중상사고,0,2,0,0,차대차 - 추돌 - 주정차중,안전운전불이행,건조,맑음,교차로 - 교차로부근,화물,남,54세,상해없음,승용,남,38세,중상
2012012200100034,2012년 1월 22일 01시,일요일,전라남도 순천시 연향동,경상사고,0,0,1,0,차대차 - 추돌 - 진행중,안전운전불이행,건조,맑음,교차로 - 교차로부근,승용,남,28세,상해없음,승용,남,26세,경상
2012012200100035,2012년 1월 22일 01시,일요일,전라남도 나주시 산포면,경상사고,0,0,1,0,차대차 - 측면직각충돌,교차로운행방법위반,건조,맑음,교차로 - 교차로안,기타불명,기타불명,기타불명,기타불명,승용,남,22세,상해없음
2012012200100086,2012년 1월 22일 06시,일요일,전라남도 여수시 서교동,중상사고,0,1,0,0,차대차 - 측면직각충돌,안전운전불이행,건조,맑음,단일로 - 기타,화물,남,34세,상해없음,이륜,남,15세,중상
2012012200100095,2012년 1월 22일 07시,일요일,전라남도 순천시 생목동,중상사고,0,1,0,0,차대사람 - 횡단중,안전운전불이행,건조,맑음,단일로 - 기타,승용,여,56세,상해없음,보행자,여,79세,중상
2012012200100096,2012년 1월 22일 07시,일요일,전라남도 담양군 담양읍,경상사고,0,0,1,0,차대차 - 측면직각충돌,교차로운행방법위반,건조,흐림,교차로 - 교차로안,화물,남,65세,상해없음,화물,남,62세,경상
2012012200100103,2012년 1월 22일 08시,일요일,전라남도 목포시 용해동,경상사고,0,0,4,0,차대차 - 측면직각충돌,교차로운행방법위반,건조,맑음,교차로 - 교차로안,승용,남,76세,상해없음,승합,남,42세,경상
2012012200100104,2012년 1월 22일 08시,일요일,전라남도 구례군 산동면,중상사고,0,1,0,0,차대차 - 측면직각충돌,교차로운행방법위반,건조,맑음,교차로 - 교차로안,승합,남,35세,상해없음,승용,남,43세,상해없음
2012012200100120,2012년 1월 22일 09시,일요일,전라남도 여수시 봉강동,경상사고,0,0,1,0,차대사람 - 기타,안전운전불이행,건조,맑음,교차로 - 교차로안,승용,남,67세,상해없음,보행자,여,17세,경상
2012012200100136,2012년 1월 22일 10시,일요일,전라남도 고흥군 고흥읍,경상사고,0,0,2,0,차대차 - 측면직각충돌,교차로운행방법위반,건조,맑음,교차로 - 교차로안,승용,남,42세,상해없음,승용,남,45세,경상
2012012200100137,2012년 1월 22일 10시,일요일,전라남도 고흥군 대서면,중상사고,0,1,1,0,차대차 - 정면충돌,안전운전불이행,건조,맑음,교차로 - 교차로안,승용,남,33세,상해없음,승용,남,38세,중상
2012012200100184,2012년 1월 22일 13시,일요일,전라남도 영광군 영광읍,경상사고,0,0,1,0,차대사람 - 기타,보행자보호의무위반,건조,맑음,단일로 - 기타,승용,남,20세,상해없음,보행자,남,7세,경상
2012012200100198,2012년 1월 22일 14시,일요일,전라남도 영암군 도포면,경상사고,0,0,3,0,차대차 - 추돌 - 진행중,안전거리미확보,건조,맑음,단일로 - 기타,승합,남,38세,상해없음,승용,여,49세,경상
2012012200100239,2012년 1월 22일 16시,일요일,전라남도 여수시 연등동,경상사고,0,0,1,0,차대사람 - 기타,안전운전불이행,건조,맑음,단일로 - 기타,승용,남,53세,상해없음,보행자,남,15세,경상
2012012200100262,2012년 1월 22일 17시,일요일,전라남도 강진군 강진읍,경상사고,0,0,2,0,차대차 - 추돌 - 진행중,안전운전불이행,건조,맑음,단일로 - 기타,승용,남,51세,경상,승용,남,33세,경상
2012012200100283,2012년 1월 22일 18시,일요일,전라남도 목포시 용당동,중상사고,0,1,2,0,차대차 - 측면직각충돌,안전운전불이행,건조,맑음,교차로 - 교차로안,승용,남,43세,상해없음,승용,남,45세,중상
2012012200100325,2012년 1월 22일 20시,일요일,전라남도 목포시 용당동,중상사고,0,1,0,0,차대사람 - 횡단중,안전운전불이행,건조,맑음,단일로 - 기타,승용,남,43세,상해없음,보행자,남,52세,중상
2012012200100326,2012년 1월 22일 20시,일요일,전라남도 목포시 산정동,경상사고,0,0,3,0,차대차 - 추돌 - 주정차중,안전운전불이행,습기,흐림,교차로 - 교차로부근,승용,남,43세,상해없음,승용,남,42세,경상
2012012200100327,2012년 1월 22일 20시,일요일,전라남도 무안군 청계면,경상사고,0,0,2,0,차대차 - 추돌 - 주정차중,안전운전불이행,습기,흐림,단일로 - 기타,승용,남,40세,상해없음,승용,남,25세,경상
2012012200100343,2012년 1월 22일 21시,일요일,전라남도 목포시 산정동,중상사고,0,1,1,0,차대차 - 측면직각충돌,교차로운행방법위반,건조,맑음,교차로 - 교차로안,화물,남,58세,상해없음,승용,여,28세,중상
2012012200100344,2012년 1월 22일 21시,일요일,전라남도 목포시 해안동4가,중상사고,0,1,4,0,차대차 - 정면충돌,안전운전불이행,건조,맑음,단일로 - 기타,승용,남,51세,상해없음,승용,남,50세,경상
2012012200100367,2012년 1월 22일 22시,일요일,전라남도 보성군 득량면,경상사고,0,0,2,0,차대차 - 추돌 - 주정차중,안전운전불이행,건조,맑음,교차로 - 교차로부근,승용,남,43세,경상,승용,남,26세,경상
2012012200100385,2012년 1월 22일 23시,일요일,전라남도 영암군 삼호읍,경상사고,0,0,1,0,차대차 - 추돌 - 진행중,안전운전불이행,결빙,눈,교차로 - 교차로부근,승용,남,66세,상해없음,승용,남,29세,경상
2012012300100006,2012년 1월 23일 00시,월요일,전라남도 고흥군 두원면,중상사고,0,3,0,0,차량단독 - 기타,안전운전불이행,건조,맑음,단일로 - 기타,화물,남,50세,중상,,,,
2012012300100007,2012년 1월 23일 00시,월요일,전라남도 영광군 백수읍,부상신고사고,0,0,0,1,차량단독 - 도로외이탈 - 기타,안전운전불이행,결빙,눈,단일로 - 기타,승용,남,34세,부상신고,,,,
2012012300100028,2012년 1월 23일 02시,월요일,전라남도 화순군 한천면,중상사고,0,1,0,0,차량단독 - 공작물충돌,안전운전불이행,건조,맑음,단일로 - 기타,승용,남,20세,중상,,,,
2012012300100029,2012년 1월 23일 02시,월요일,전라남도 무안군 몽탄면,사망사고,1,0,0,0,차량단독 - 공작물충돌,안전운전불이행,건조,맑음,교차로 - 교차로부근,화물,남,28세,사망,,,,
2012012300100062,2012년 1월 23일 08시,월요일,전라남도 무안군 몽탄면,경상사고,0,0,3,0,차대차 - 정면충돌,중앙선침범,적설,눈,단일로 - 기타,승용,남,48세,상해없음,승용,여,32세,경상
2012012300100092,2012년 1월 23일 10시,월요일,전라남도 담양군 담양읍,경상사고,0,0,3,0,차대차 - 측면직각충돌,신호위반,건조,맑음,교차로 - 교차로안,승용,남,27세,상해없음,승용,남,48세,경상
2012012300100093,2012년 1월 23일 10시,월요일,전라남도 무안군 현경면,경상사고,0,0,2,0,차대차 - 측면직각충돌,중앙선침범,결빙,눈,기타 - 기타,승용,남,30세,상해없음,승용,남,50세,경상
2012012300100122,2012년 1월 23일 11시,월요일,전라남도 화순군 화순읍,중상사고,0,1,7,0,차대차 - 측면직각충돌,안전운전불이행,건조,맑음,교차로 - 교차로안,승용,남,44세,상해없음,승용,남,37세,경상
2012012300100132,2012년 1월 23일 12시,월요일,전라남도 영암군 삼호읍,경상사고,0,0,4,0,차대차 - 추돌 - 주정차중,안전운전불이행,건조,맑음,단일로 - 기타,승합,남,40세,상해없음,승용,남,38세,경상
2012012300100161,2012년 1월 23일 13시,월요일,전라남도 순천시 주암면,경상사고,0,0,2,2,차대차 - 측면직각충돌,기타,건조,맑음,교차로 - 교차로안,승용,여,20세,경상,승용,남,27세,부상신고
2012012300100204,2012년 1월 23일 15시,월요일,전라남도 나주시 경현동,경상사고,0,0,5,0,차대차 - 추돌 - 주정차중,안전거리미확보,건조,맑음,단일로 - 기타,승용,여,39세,상해없음,승용,남,55세,상해없음
2012012300100205,2012년 1월 23일 15시,월요일,전라남도 화순군 화순읍,경상사고,0,0,3,0,차대차 - 측면직각충돌,안전운전불이행,건조,맑음,교차로 - 교차로안,승용,여,38세,상해없음,승용,여,23세,경상
2012012300100217,2012년 1월 23일 16시,월요일,전라남도 신안군 지도읍,경상사고,0,0,2,0,차대차 - 측면직각충돌,중앙선침범,적설,눈,단일로 - 기타,화물,남,69세,상해없음,승용,남,60세,경상
2012012300100218,2012년 1월 23일 16시,월요일,전라남도 여수시 율촌면,중상사고,0,2,1,0,차량단독 - 공작물충돌,안전운전불이행,건조,맑음,단일로 - 기타,승용,남,29세,상해없음,,,,
2012012300100219,2012년 1월 23일 16시,월요일,전라남도 여수시 웅천동,경상사고,0,0,4,0,차대차 - 추돌 - 진행중,안전거리미확보,건조,맑음,단일로 - 기타,승용,남,50세,상해없음,승용,남,22세,경상
2012012300100220,2012년 1월 23일 16시,월요일,전라남도 순천시 조곡동,경상사고,0,0,3,0,차대차 - 추돌 - 주정차중,안전거리미확보,건조,맑음,교차로 - 교차로부근,승용,남,42세,상해없음,승용,남,29세,경상
2012012300100240,2012년 1월 23일 17시,월요일,전라남도 강진군 도암면,경상사고,0,0,3,0,차대차 - 정면충돌,중앙선침범,건조,맑음,단일로 - 기타,승용,남,30세,상해없음,승용,여,43세,경상
2012012300100241,2012년 1월 23일 17시,월요일,전라남도 진도군 임회면,중상사고,0,1,2,0,차대차 - 측면직각충돌,중앙선침범,건조,흐림,단일로 - 기타,승용,여,24세,경상,승용,남,32세,중상
2012012300100264,2012년 1월 23일 18시,월요일,전라남도 순천시 장천동,경상사고,0,0,2,0,차대차 - 기타,신호위반,건조,맑음,교차로 - 교차로안,승용,남,46세,상해없음,승용,남,21세,경상
2012012300100276,2012년 1월 23일 19시,월요일,전라남도 순천시 풍덕동,중상사고,0,1,0,0,차대차 - 측면직각충돌,신호위반,건조,맑음,교차로 - 교차로안,화물,남,38세,상해없음,승용,남,51세,중상
2012012300100296,2012년 1월 23일 20시,월요일,전라남도 화순군 화순읍,경상사고,0,0,1,0,차대차 - 기타,안전운전불이행,건조,맑음,교차로 - 교차로안,승용,여,51세,상해없음,승용,남,22세,경상
2012012300100297,2012년 1월 23일 20시,월요일,전라남도 장성군 남면,중상사고,0,2,1,0,차대차 - 기타,안전거리미확보,건조,맑음,단일로 - 기타,승용,남,33세,상해없음,승용,남,33세,중상
2012012300100329,2012년 1월 23일 22시,월요일,전라남도 목포시 석현동,경상사고,0,0,7,0,차대차 - 측면직각충돌,중앙선침범,건조,맑음,단일로 - 기타,승용,남,32세,상해없음,승용,여,45세,경상
2012012300100330,2012년 1월 23일 22시,월요일,전라남도 여수시 신기동,경상사고,0,0,1,0,차대사람 - 횡단중,안전운전불이행,건조,맑음,교차로 - 교차로안,승합,남,50세,상해없음,보행자,남,47세,경상
2012012300100331,2012년 1월 23일 22시,월요일,전라남도 화순군 화순읍,중상사고,0,1,0,0,차대사람 - 기타,안전운전불이행,건조,맑음,기타 - 기타,승용,여,36세,상해없음,보행자,남,44세,중상
2012012300100346,2012년 1월 23일 23시,월요일,전라남도 장성군 장성읍,중상사고,0,1,2,0,차대차 - 기타,중앙선침범,건조,맑음,교차로 - 교차로부근,승용,남,47세,경상,승용,남,43세,경상
2012012400100013,2012년 1월 24일 00시,화요일,전라남도 목포시 상동,경상사고,0,0,2,0,차대차 - 측면직각충돌,직진우회전진행방해,건조,맑음,교차로 - 교차로안,이륜,남,23세,경상,승용,남,32세,경상
2012012400100032,2012년 1월 24일 01시,화요일,전라남도 무안군 청계면,중상사고,0,2,0,0,차대차 - 기타,안전거리미확보,결빙,눈,기타 - 기타,승용,남,31세,상해없음,승용,남,51세,중상
2012012400100086,2012년 1월 24일 08시,화요일,전라남도 무안군 현경면,중상사고,0,2,0,0,차대차 - 기타,중앙선침범,결빙,눈,기타 - 기타,승용,남,49세,중상,승용,남,51세,중상
2012012400100087,2012년 1월 24일 08시,화요일,전라남도 진도군 임회면,경상사고,0,0,1,0,차대차 - 측면직각충돌,안전운전불이행,적설,눈,단일로 - 기타,승용,남,40세,상해없음,승용,남,30세,경상
2012012400100116,2012년 1월 24일 12시,화요일,전라남도 순천시 해룡면,중상사고,0,1,1,0,차대차 - 측면직각충돌,안전운전불이행,건조,맑음,교차로 - 교차로부근,승용,여,48세,경상,승용,남,42세,상해없음
2012012400100117,2012년 1월 24일 12시,화요일,전라남도 구례군 구례읍,경상사고,0,0,1,0,차대사람 - 횡단중,안전운전불이행,건조,맑음,단일로 - 기타,승용,남,63세,상해없음,보행자,남,8세,경상
2012012400100138,2012년 1월 24일 13시,화요일,전라남도 순천시 해룡면,경상사고,0,0,1,0,차대차 - 측면직각충돌,안전운전불이행,건조,맑음,교차로 - 교차로부근,승용,남,34세,상해없음,승용,남,53세,상해없음
2012012400100139,2012년 1월 24일 13시,화요일,전라남도 광양시 광양읍,부상신고사고,0,0,0,1,차대차 - 정면충돌,안전운전불이행,건조,맑음,단일로 - 기타,승용,여,50세,상해없음,이륜,남,37세,부상신고
2012012400100193,2012년 1월 24일 16시,화요일,전라남도 목포시 용당동,경상사고,0,0,4,0,차대차 - 기타,안전운전불이행,건조,맑음,단일로 - 기타,승용,남,50세,경상,승용,남,26세,기타불명
2012012400100194,2012년 1월 24일 16시,화요일,전라남도 여수시 둔덕동,경상사고,0,0,1,0,차량단독 - 공작물충돌,안전운전불이행,건조,맑음,단일로 - 기타,승용,여,45세,상해없음,,,,
2012012400100214,2012년 1월 24일 17시,화요일,전라남도 영암군 삼호읍,경상사고,0,0,1,0,차대차 - 추돌 - 주정차중,안전운전불이행,결빙,흐림,교차로 - 교차로부근,승용,남,74세,상해없음,승용,남,50세,경상
2012012400100246,2012년 1월 24일 19시,화요일,전라남도 여수시 충무동,경상사고,0,0,1,0,차대사람 - 횡단중,안전운전불이행,건조,맑음,단일로 - 횡단보도부근,승용,남,62세,상해없음,보행자,여,46세,경상
2012012400100247,2012년 1월 24일 19시,화요일,전라남도 함평군 해보면,경상사고,0,0,2,0,차대차 - 추돌 - 진행중,안전운전불이행,건조,맑음,단일로 - 기타,승합,남,43세,상해없음,승합,남,59세,경상
2012012400100289,2012년 1월 24일 21시,화요일,전라남도 목포시 용해동,경상사고,0,0,1,0,차대차 - 기타,안전운전불이행,건조,맑음,단일로 - 기타,승용,남,55세,상해없음,자전거,남,71세,경상
2012012400100290,2012년 1월 24일 21시,화요일,전라남도 여수시 학동,중상사고,0,1,0,0,차대사람 - 길가장자리구역통행중,안전운전불이행,건조,맑음,단일로 - 기타,기타불명,기타불명,기타불명,기타불명,보행자,남,41세,중상
2012012400100307,2012년 1월 24일 22시,화요일,전라남도 목포시 상동,경상사고,0,0,1,0,차대사람 - 기타,안전운전불이행,건조,맑음,단일로 - 기타,승용,남,31세,상해없음,보행자,남,56세,경상
2012012400100340,2012년 1월 24일 23시,화요일,전라남도 광양시 광양읍,경상사고,0,0,2,0,차대차 - 추돌 - 주정차중,안전운전불이행,건조,맑음,단일로 - 기타,승용,남,54세,상해없음,승용,남,19세,경상
2012012500100018,2012년 1월 25일 00시,수요일,전라남도 순천시 석현동,중상사고,0,1,0,0,차대차 - 측면직각충돌,안전운전불이행,건조,맑음,교차로 - 교차로안,이륜,남,18세,중상,승용,남,33세,상해없음
2012012500100050,2012년 1월 25일 02시,수요일,전라남도 순천시 동외동,경상사고,0,0,1,0,차대차 - 측면직각충돌,안전운전불이행,건조,맑음,교차로 - 교차로부근,승용,남,31세,기타불명,이륜,남,35세,경상
2012012500100051,2012년 1월 25일 02시,수요일,전라남도 순천시 행동,경상사고,0,0,1,0,차대차 - 측면직각충돌,안전운전불이행,건조,맑음,단일로 - 기타,승용,남,29세,상해없음,이륜,여,42세,경상
2012012500100074,2012년 1월 25일 06시,수요일,전라남도 장성군 남면,중상사고,0,1,0,0,차대사람 - 기타,안전운전불이행,적설,눈,단일로 - 기타,승용,남,66세,상해없음,보행자,남,69세,중상
2012012500100075,2012년 1월 25일 06시,수요일,전라남도 광양시 중동,경상사고,0,0,3,0,차대차 - 측면직각충돌,신호위반,건조,맑음,교차로 - 교차로안,승용,남,43세,상해없음,승용,남,27세,경상
2012012500100112,2012년 1월 25일 08시,수요일,전라남도 목포시 상동,경상사고,0,0,1,0,차대차 - 기타,안전거리미확보,적설,눈,교차로 - 교차로부근,승용,남,36세,상해없음,승용,남,39세,경상
2012012500100113,2012년 1월 25일 08시,수요일,전라남도 순천시 송광면,중상사고,0,1,2,0,차량단독 - 도로외이탈 - 추락,안전운전불이행,결빙,눈,단일로 - 기타,승용,여,36세,경상,,,,
2012012500100142,2012년 1월 25일 09시,수요일,전라남도 해남군 마산면,경상사고,0,0,3,0,차대차 - 정면충돌,중앙선침범,적설,맑음,단일로 - 기타,승용,남,45세,경상,승용,남,49세,경상
2012012500100143,2012년 1월 25일 09시,수요일,전라남도 영암군 삼호읍,경상사고,0,0,2,0,차대차 - 추돌 - 진행중,안전운전불이행,적설,눈,교차로 - 교차로안,승용,남,30세,상해없음,승합,남,39세,경상
2012012500100144,2012년 1월 25일 09시,수요일,전라남도 장성군 장성읍,경상사고,0,0,1,0,차대차 - 추돌 - 주정차중,안전거리미확보,결빙,눈,단일로 - 횡단보도부근,승용,남,45세,상해없음,승용,여,35세,경상
2012012500100145,2012년 1월 25일 09시,수요일,전라남도 강진군 군동면,중상사고,0,2,3,0,차대차 - 기타,안전운전불이행,결빙,눈,단일로 - 기타,승용,남,55세,경상,승용,남,49세,경상
2012012500100165,2012년 1월 25일 10시,수요일,전라남도 신안군 지도읍,경상사고,0,0,2,0,차대차 - 정면충돌,중앙선침범,결빙,맑음,단일로 - 기타,승용,남,51세,상해없음,승용,남,41세,경상
2012012500100189,2012년 1월 25일 11시,수요일,전라남도 순천시 남정동,경상사고,0,0,1,0,차대사람 - 횡단중,안전운전불이행,건조,맑음,단일로 - 기타,승용,남,61세,상해없음,보행자,남,8세,경상
2012012500100190,2012년 1월 25일 11시,수요일,전라남도 해남군 화산면,경상사고,0,0,3,0,차량단독 - 도로외이탈 - 추락,안전운전불이행,적설,눈,단일로 - 기타,승합,남,49세,상해없음,,,,
2012012500100224,2012년 1월 25일 12시,수요일,전라남도 해남군 마산면,경상사고,0,0,1,0,차대차 - 측면직각충돌,중앙선침범,습기,맑음,단일로 - 기타,화물,남,63세,상해없음,승용,남,24세,경상
2012012500100261,2012년 1월 25일 13시,수요일,전라남도 목포시 상동,경상사고,0,0,2,0,차대차 - 측면직각충돌,교차로운행방법위반,결빙,맑음,교차로 - 교차로안,승합,남,62세,경상,승합,남,54세,경상
2012012500100383,2012년 1월 25일 16시,수요일,전라남도 해남군 해남읍,경상사고,0,0,1,0,차대사람 - 횡단중,신호위반,건조,맑음,교차로 - 교차로안,승용,남,41세,상해없음,보행자,여,69세,경상
2012012500100384,2012년 1월 25일 16시,수요일,전라남도 완도군 신지면,경상사고,0,0,2,0,차대차 - 기타,안전운전불이행,건조,맑음,단일로 - 기타,승용,남,58세,상해없음,승용,남,20세,경상
2012012500100456,2012년 1월 25일 18시,수요일,전라남도 여수시 소라면,중상사고,0,1,0,0,차대차 - 추돌 - 진행중,안전운전불이행,건조,맑음,단일로 - 기타,승합,여,44세,상해없음,승용,여,47세,중상
2012012500100457,2012년 1월 25일 18시,수요일,전라남도 나주시 금천면,사망사고,1,0,0,0,차대사람 - 기타,안전운전불이행,건조,맑음,교차로 - 교차로안,승용,남,59세,상해없음,보행자,남,75세,사망
2012012500100571,2012년 1월 25일 21시,수요일,전라남도 영암군 삼호읍,사망사고,1,0,0,0,차량단독 - 공작물충돌,안전운전불이행,건조,맑음,교차로 - 교차로안,승용,여,37세,사망,,,,
2012012500100609,2012년 1월 25일 22시,수요일,전라남도 여수시 교동,경상사고,0,0,1,0,차대차 - 기타,안전거리미확보,건조,맑음,단일로 - 기타,승용,여,47세,상해없음,승용,남,39세,상해없음
2012012600100019,2012년 1월 26일 00시,목요일,전라남도 목포시 상동,중상사고,0,1,0,0,차대사람 - 횡단중,신호위반,건조,맑음,단일로 - 횡단보도상,원동기,남,32세,상해없음,보행자,남,26세,중상
2012012600100038,2012년 1월 26일 01시,목요일,전라남도 담양군 금성면,중상사고,0,1,2,0,차량단독 - 도로외이탈 - 추락,안전운전불이행,결빙,눈,단일로 - 기타,승용,남,45세,중상,,,,
2012012600100063,2012년 1월 26일 04시,목요일,전라남도 여수시 광무동,중상사고,0,1,0,0,차대사람 - 보도통행중,보행자보호의무위반,건조,맑음,단일로 - 횡단보도상,승용,남,35세,상해없음,보행자,여,47세,중상
2012012600100094,2012년 1월 26일 07시,목요일,전라남도 목포시 연산동,경상사고,0,0,2,0,차대차 - 측면직각충돌,안전거리미확보,건조,맑음,교차로 - 교차로부근,승용,남,55세,상해없음,승용,남,33세,경상
2012012600100095,2012년 1월 26일 07시,목요일,전라남도 화순군 화순읍,중상사고,0,1,1,0,차대차 - 정면충돌,안전운전불이행,건조,맑음,교차로 - 교차로안,승용,남,69세,상해없음,승용,여,29세,경상
2012012600100096,2012년 1월 26일 07시,목요일,전라남도 광양시 광양읍,경상사고,0,0,1,0,차대차 - 추돌 - 진행중,안전운전불이행,건조,맑음,단일로 - 기타,이륜,남,17세,경상,화물,남,60세,상해없음
2012012600100135,2012년 1월 26일 09시,목요일,전라남도 보성군 벌교읍,중상사고,0,1,0,0,차대차 - 측면직각충돌,교차로운행방법위반,건조,맑음,교차로 - 교차로안,화물,남,41세,상해없음,이륜,남,69세,중상
2012012600100157,2012년 1월 26일 10시,목요일,전라남도 나주시 송월동,경상사고,0,0,5,0,차대차 - 추돌 - 주정차중,안전운전불이행,건조,맑음,교차로 - 교차로안,승용,여,30세,경상,화물,남,80세,경상