사고번호,사고일시,요일,시군구,사고내용,사망자수,중상자수,경상자수,부상신고자수,사고유형,법규위반,노면상태,기상상태,도로형태,가해운전자 차종,가해운전자 성별,가해운전자 연령,가해운전자 상해정도,피해운전자 차종,피해운전자 성별,피해운전자 연령,피해운전자 상해정도
2012012600100187,2012년 1월 26일 11시,목요일,전라남도 목포시 동명동,경상사고,0,0,1,0,차대차 - 추돌 - 주정차중,안전운전불이행,건조,맑음,교차로 - 교차로부근,화물,남,68세,상해없음,승용,남,43세,경상
2012012600100188,2012년 1월 26일 11시,목요일,전라남도 화순군 화순읍,경상사고,0,0,2,0,차대차 - 기타,안전운전불이행,건조,맑음,단일로 - 기타,승용,남,48세,경상,승용,남,28세,경상
2012012600100219,2012년 1월 26일 12시,목요일,전라남도 여수시 학동,경상사고,0,0,1,0,차대차 - 기타,교차로운행방법위반,건조,맑음,단일로 - 횡단보도상,승용,남,60세,상해없음,이륜,남,41세,경상
2012012600100220,2012년 1월 26일 12시,목요일,전라남도 담양군 고서면,경상사고,0,0,1,0,차대차 - 기타,안전운전불이행,건조,맑음,기타 - 기타,승용,남,45세,상해없음,승용,남,64세,경상
2012012600100253,2012년 1월 26일 13시,목요일,전라남도 신안군 압해읍,경상사고,0,0,1,0,차대사람 - 기타,안전운전불이행,건조,맑음,단일로 - 기타,승용,여,49세,상해없음,보행자,남,47세,경상
2012012600100291,2012년 1월 26일 14시,목요일,전라남도 장성군 장성읍,경상사고,0,0,1,0,차대사람 - 기타,안전운전불이행,건조,맑음,기타 - 기타,승용,남,67세,상해없음,보행자,남,28세,경상
2012012600100321,2012년 1월 26일 15시,목요일,전라남도 목포시 용당동,경상사고,0,0,2,0,차대차 - 측면직각충돌,안전운전불이행,건조,맑음,교차로 - 교차로부근,승용,남,59세,경상,승용,남,43세,경상
2012012600100322,2012년 1월 26일 15시,목요일,전라남도 순천시 대룡동,경상사고,0,0,3,0,차대차 - 측면직각충돌,안전운전불이행,건조,맑음,단일로 - 기타,승용,여,30세,상해없음,화물,남,61세,경상
2012012600100323,2012년 1월 26일 15시,목요일,전라남도 장흥군 장흥읍,경상사고,0,0,3,0,차대차 - 측면직각충돌,교차로운행방법위반,건조,맑음,교차로 - 교차로안,승용,여,39세,경상,승용,남,42세,상해없음
2012012600100356,2012년 1월 26일 16시,목요일,전라남도 순천시 조례동,경상사고,0,0,1,0,차대차 - 기타,안전거리미확보,건조,맑음,단일로 - 기타,승용,여,45세,상해없음,승용,남,65세,경상
2012012600100357,2012년 1월 26일 16시,목요일,전라남도 해남군 북평면,중상사고,0,2,3,0,차대차 - 측면직각충돌,신호위반,건조,맑음,교차로 - 교차로안,화물,남,69세,경상,화물,남,54세,경상
2012012600100358,2012년 1월 26일 16시,목요일,전라남도 곡성군 겸면,경상사고,0,0,1,0,차대사람 - 기타,불법유턴,건조,맑음,기타 - 기타,승용,남,37세,상해없음,보행자,여,66세,경상
2012012600100392,2012년 1월 26일 17시,목요일,전라남도 고흥군 고흥읍,경상사고,0,0,1,0,차대사람 - 기타,안전운전불이행,건조,맑음,단일로 - 기타,승용,남,38세,상해없음,보행자,여,35세,경상
2012012600100432,2012년 1월 26일 18시,목요일,전라남도 영암군 영암읍,중상사고,0,1,0,0,차대사람 - 횡단중,안전운전불이행,건조,맑음,단일로 - 기타,승용,여,35세,상해없음,보행자,여,84세,중상
2012012600100433,2012년 1월 26일 18시,목요일,전라남도 광양시 광양읍,중상사고,0,1,0,0,차대차 - 측면직각충돌,안전운전불이행,건조,맑음,단일로 - 기타,승용,여,74세,상해없음,자전거,여,70세,중상
2012012600100476,2012년 1월 26일 19시,목요일,전라남도 여수시 미평동,경상사고,0,0,1,0,차대차 - 측면직각충돌,안전운전불이행,건조,맑음,교차로 - 교차로안,승합,남,40세,상해없음,승용,여,49세,경상
2012012600100504,2012년 1월 26일 20시,목요일,전라남도 목포시 상동,중상사고,0,1,0,0,차대차 - 측면직각충돌,안전운전불이행,건조,맑음,교차로 - 교차로부근,승용,여,41세,상해없음,원동기,남,20세,중상
2012012600100537,2012년 1월 26일 21시,목요일,전라남도 영광군 염산면,중상사고,0,2,0,0,차량단독 - 공작물충돌,안전운전불이행,습기,흐림,단일로 - 기타,승용,남,46세,중상,,,,
2012012600100562,2012년 1월 26일 22시,목요일,전라남도 여수시 여서동,경상사고,0,0,1,0,차대차 - 기타,중앙선침범,건조,맑음,단일로 - 기타,승용,남,34세,상해없음,승용,남,31세,경상
2012012600100585,2012년 1월 26일 23시,목요일,전라남도 순천시 해룡면,중상사고,0,1,1,0,차대차 - 추돌 - 진행중,안전운전불이행,건조,맑음,단일로 - 기타,승용,남,33세,경상,화물,남,39세,상해없음
2012012700100056,2012년 1월 27일 04시,금요일,전라남도 영암군 삼호읍,중상사고,0,1,0,0,차량단독 - 공작물충돌,안전운전불이행,건조,맑음,단일로 - 기타,승용,남,31세,상해없음,,,,
2012012700100108,2012년 1월 27일 08시,금요일,전라남도 순천시 풍덕동,경상사고,0,0,4,0,차대차 - 추돌 - 진행중,안전운전불이행,건조,맑음,교차로 - 교차로안,승합,남,53세,상해없음,화물,남,66세,상해없음
2012012700100109,2012년 1월 27일 08시,금요일,전라남도 순천시 남정동,중상사고,0,1,0,0,차대차 - 기타,안전운전불이행,건조,맑음,단일로 - 기타,승용,남,54세,상해없음,원동기,여,58세,중상
2012012700100110,2012년 1월 27일 08시,금요일,전라남도 해남군 북평면,경상사고,0,0,3,0,차대차 - 측면직각충돌,신호위반,건조,맑음,교차로 - 교차로안,승용,남,63세,경상,화물,남,39세,경상
2012012700100138,2012년 1월 27일 09시,금요일,전라남도 목포시 용당동,경상사고,0,0,2,0,차대차 - 추돌 - 주정차중,안전운전불이행,건조,맑음,교차로 - 교차로부근,화물,남,41세,상해없음,승용,남,73세,경상
2012012700100185,2012년 1월 27일 11시,금요일,전라남도 무안군 무안읍,중상사고,0,1,2,0,차대차 - 측면직각충돌,안전운전불이행,건조,맑음,단일로 - 횡단보도부근,화물,남,26세,경상,승용,남,33세,중상
2012012700100186,2012년 1월 27일 11시,금요일,전라남도 무안군 해제면,경상사고,0,0,1,0,차대사람 - 기타,안전운전불이행,건조,맑음,단일로 - 기타,화물,남,43세,기타불명,보행자,남,77세,경상
2012012700100215,2012년 1월 27일 12시,금요일,전라남도 신안군 압해읍,경상사고,0,0,1,0,차대차 - 측면직각충돌,직진우회전진행방해,건조,맑음,단일로 - 기타,승용,남,58세,상해없음,승용,여,42세,경상
2012012700100216,2012년 1월 27일 12시,금요일,전라남도 여수시 학동,경상사고,0,0,1,0,차대사람 - 보도통행중,안전운전불이행,건조,맑음,단일로 - 기타,승용,여,24세,상해없음,보행자,여,16세,경상
2012012700100237,2012년 1월 27일 13시,금요일,전라남도 고흥군 도양읍,경상사고,0,0,1,0,차대차 - 기타,교차로운행방법위반,건조,맑음,교차로 - 교차로안,화물,남,53세,상해없음,자전거,여,50세,경상
2012012700100267,2012년 1월 27일 14시,금요일,전라남도 목포시 석현동,경상사고,0,0,1,0,차대차 - 측면직각충돌,안전운전불이행,건조,맑음,단일로 - 기타,화물,남,50세,상해없음,화물,여,19세,경상
2012012700100268,2012년 1월 27일 14시,금요일,전라남도 여수시 충무동,중상사고,0,1,0,0,차대사람 - 횡단중,보행자보호의무위반,건조,맑음,단일로 - 횡단보도상,승용,여,28세,상해없음,보행자,남,10세,중상
2012012700100269,2012년 1월 27일 14시,금요일,전라남도 순천시 조곡동,경상사고,0,0,2,0,차대차 - 기타,안전운전불이행,건조,맑음,단일로 - 기타,승합,남,27세,상해없음,승용,여,48세,상해없음
2012012700100308,2012년 1월 27일 15시,금요일,전라남도 여수시 상암동,경상사고,0,0,2,0,차대차 - 기타,안전운전불이행,건조,맑음,단일로 - 기타,승합,남,60세,상해없음,승용,여,32세,경상
2012012700100309,2012년 1월 27일 15시,금요일,전라남도 장흥군 장평면,사망사고,1,3,2,0,차대차 - 정면충돌,중앙선침범,건조,맑음,단일로 - 기타,승용,여,38세,경상,승용,남,52세,중상
2012012700100310,2012년 1월 27일 15시,금요일,전라남도 함평군 대동면,경상사고,0,0,1,0,차량단독 - 공작물충돌,기타,건조,맑음,단일로 - 기타,승합,남,49세,상해없음,,,,
2012012700100311,2012년 1월 27일 15시,금요일,전라남도 광양시 성황동,경상사고,0,0,1,0,차대차 - 측면직각충돌,안전운전불이행,건조,맑음,교차로 - 교차로부근,화물,남,40세,상해없음,화물,남,39세,경상
2012012700100345,2012년 1월 27일 16시,금요일,전라남도 구례군 구례읍,경상사고,0,0,1,0,차대사람 - 기타,안전운전불이행,건조,맑음,단일로 - 횡단보도상,화물,여,33세,상해없음,보행자,여,75세,경상
2012012700100368,2012년 1월 27일 17시,금요일,전라남도 여수시 문수동,경상사고,0,0,1,0,차대사람 - 차도통행중,안전운전불이행,건조,맑음,단일로 - 기타,승용,남,45세,기타불명,보행자,여,5세,경상
2012012700100369,2012년 1월 27일 17시,금요일,전라남도 순천시 옥천동,경상사고,0,0,1,0,차대사람 - 차도통행중,안전운전불이행,건조,맑음,단일로 - 기타,승용,여,20세,상해없음,보행자,여,55세,경상
2012012700100497,2012년 1월 27일 20시,금요일,전라남도 구례군 구례읍,중상사고,0,1,0,0,차대사람 - 횡단중,안전운전불이행,건조,맑음,단일로 - 기타,승용,남,50세,상해없음,보행자,여,75세,중상
2012012700100554,2012년 1월 27일 22시,금요일,전라남도 목포시 옥암동,중상사고,0,1,0,0,차대사람 - 횡단중,안전운전불이행,건조,맑음,교차로 - 교차로부근,승용,남,45세,상해없음,보행자,여,51세,중상
2012012700100555,2012년 1월 27일 22시,금요일,전라남도 나주시 경현동,중상사고,0,1,1,0,차대차 - 정면충돌,중앙선침범,건조,맑음,단일로 - 기타,화물,남,48세,경상,화물,남,47세,중상
2012012700100556,2012년 1월 27일 22시,금요일,전라남도 나주시 경현동,경상사고,0,0,2,0,차대차 - 추돌 - 주정차중,안전운전불이행,건조,맑음,단일로 - 기타,승용,남,48세,경상,화물,남,48세,경상
2012012700100583,2012년 1월 27일 23시,금요일,전라남도 여수시 평여동,경상사고,0,0,2,0,차대차 - 기타,중앙선침범,건조,맑음,단일로 - 기타,승용,남,26세,상해없음,화물,남,39세,상해없음
2012012800100022,2012년 1월 28일 00시,토요일,전라남도 광양시 중동,사망사고,1,0,0,0,차대차 - 추돌 - 주정차중,안전운전불이행,건조,맑음,단일로 - 기타,승용,남,37세,사망,화물,남,44세,상해없음
2012012800100063,2012년 1월 28일 02시,토요일,전라남도 목포시 산정동,경상사고,0,0,2,0,차대차 - 측면직각충돌,신호위반,건조,맑음,교차로 - 교차로안,승용,남,22세,상해없음,승용,남,62세,경상
2012012800100064,2012년 1월 28일 02시,토요일,전라남도 여수시 학동,중상사고,0,1,1,0,차대사람 - 횡단중,신호위반,건조,맑음,단일로 - 횡단보도상,승용,남,59세,상해없음,보행자,남,18세,중상
2012012800100091,2012년 1월 28일 04시,토요일,전라남도 순천시 남정동,중상사고,0,1,0,0,차량단독 - 공작물충돌,안전운전불이행,건조,맑음,단일로 - 기타,승용,남,21세,상해없음,,,,
2012012800100132,2012년 1월 28일 07시,토요일,전라남도 여수시 돌산읍,중상사고,0,1,0,0,차대차 - 기타,안전운전불이행,건조,맑음,단일로 - 기타,화물,남,38세,상해없음,승합,남,43세,상해없음
2012012800100151,2012년 1월 28일 08시,토요일,전라남도 여수시 둔덕동,경상사고,0,0,2,0,차대차 - 추돌 - 진행중,안전운전불이행,건조,맑음,단일로 - 기타,승용,남,33세,경상,승용,여,30세,경상
2012012800100152,2012년 1월 28일 08시,토요일,전라남도 여수시 둔덕동,경상사고,0,0,2,0,차대차 - 추돌 - 진행중,안전운전불이행,건조,맑음,단일로 - 기타,승용,여,48세,상해없음,승용,남,33세,경상
2012012800100178,2012년 1월 28일 09시,토요일,전라남도 나주시 남평읍,경상사고,0,0,2,0,차대차 - 측면직각충돌,교차로운행방법위반,건조,맑음,교차로 - 교차로안,승용,여,40세,경상,승용,남,43세,경상
2012012800100196,2012년 1월 28일 10시,토요일,전라남도 나주시 왕곡면,경상사고,0,0,2,0,차대차 - 측면직각충돌,중앙선침범,건조,맑음,단일로 - 기타,건설기계,남,31세,경상,화물,남,52세,경상
2012012800100216,2012년 1월 28일 11시,토요일,전라남도 구례군 마산면,부상신고사고,0,0,0,1,차량단독 - 공작물충돌,안전운전불이행,건조,맑음,단일로 - 기타,화물,남,62세,부상신고,,,,
2012012800100268,2012년 1월 28일 13시,토요일,전라남도 나주시 송월동,경상사고,0,0,2,0,차대차 - 기타,안전운전불이행,건조,맑음,교차로 - 교차로부근,승용,남,54세,상해없음,승합,남,50세,경상
2012012800100269,2012년 1월 28일 13시,토요일,전라남도 무안군 해제면,중상사고,0,3,1,0,차대차 - 기타,교차로운행방법위반,건조,맑음,교차로 - 교차로안,승용,남,25세,경상,승용,남,70세,중상
2012012800100287,2012년 1월 28일 14시,토요일,전라남도 목포시 대양동,경상사고,0,0,3,0,차대차 - 추돌 - 진행중,안전거리미확보,건조,맑음,단일로 - 기타,승용,여,27세,경상,화물,남,65세,경상
2012012800100373,2012년 1월 28일 18시,토요일,전라남도 여수시 돌산읍,중상사고,0,1,0,0,차량단독 - 기타,안전운전불이행,건조,맑음,단일로 - 기타,이륜,남,62세,중상,,,,
2012012800100374,2012년 1월 28일 18시,토요일,전라남도 무안군 무안읍,경상사고,0,0,1,0,차대차 - 기타,안전운전불이행,건조,맑음,교차로 - 교차로부근,승용,남,48세,상해없음,승용,남,34세,상해없음
2012012800100399,2012년 1월 28일 19시,토요일,전라남도 영암군 신북면,경상사고,0,0,2,0,차량단독 - 공작물충돌,안전운전불이행,건조,맑음,단일로 - 기타,승용,남,59세,경상,,,,
2012012800100400,2012년 1월 28일 19시,토요일,전라남도 영암군 신북면,경상사고,0,0,1,0,차량단독 - 공작물충돌,안전운전불이행,건조,맑음,단일로 - 기타,승용,남,26세,경상,,,,
2012012800100424,2012년 1월 28일 20시,토요일,전라남도 나주시 남평읍,경상사고,0,0,1,0,차대차 - 측면직각충돌,교차로운행방법위반,건조,맑음,교차로 - 교차로안,승용,남,24세,상해없음,승용,남,38세,상해없음
2012012900100012,2012년 1월 29일 00시,일요일,전라남도 구례군 용방면,중상사고,0,1,1,0,차량단독 - 도로외이탈 - 추락,안전운전불이행,기타,맑음,단일로 - 기타,승용,남,39세,상해없음,,,,
2012012900100079,2012년 1월 29일 04시,일요일,전라남도 신안군 비금면,사망사고,1,0,0,0,차대사람 - 차도통행중,안전운전불이행,건조,맑음,단일로 - 기타,화물,남,63세,상해없음,보행자,남,74세,사망
2012012900100080,2012년 1월 29일 04시,일요일,전라남도 나주시 삼영동,경상사고,0,0,1,0,차대차 - 측면직각충돌,직진우회전진행방해,건조,맑음,교차로 - 교차로안,승용,여,50세,경상,승합,남,53세,상해없음
2012012900100096,2012년 1월 29일 05시,일요일,전라남도 화순군 화순읍,경상사고,0,0,1,0,차대사람 - 길가장자리구역통행중,안전운전불이행,건조,맑음,단일로 - 기타,승용,남,25세,상해없음,보행자,남,41세,경상
2012012900100112,2012년 1월 29일 06시,일요일,전라남도 해남군 해남읍,부상신고사고,0,0,0,1,차대차 - 측면직각충돌,안전운전불이행,건조,맑음,단일로 - 기타,승용,남,37세,상해없음,화물,남,41세,기타불명
2012012900100137,2012년 1월 29일 08시,일요일,전라남도 여수시 국동,경상사고,0,0,6,0,차대차 - 측면직각충돌,교차로운행방법위반,건조,맑음,교차로 - 교차로안,승용,남,63세,경상,승합,남,43세,경상
2012012900100192,2012년 1월 29일 12시,일요일,전라남도 보성군 보성읍,경상사고,0,0,6,0,차대차 - 측면직각충돌,교차로운행방법위반,건조,맑음,교차로 - 교차로안,승용,남,30세,상해없음,승용,남,36세,경상
2012012900100193,2012년 1월 29일 12시,일요일,전라남도 강진군 성전면,경상사고,0,0,2,0,차대차 - 추돌 - 주정차중,안전거리미확보,건조,맑음,교차로 - 교차로부근,화물,남,43세,상해없음,승용,남,46세,경상
2012012900100210,2012년 1월 29일 13시,일요일,전라남도 영암군 영암읍,경상사고,0,0,1,0,차량단독 - 공작물충돌,안전운전불이행,건조,맑음,단일로 - 기타,승용,여,53세,경상,,,,
2012012900100211,2012년 1월 29일 13시,일요일,전라남도 강진군 신전면,경상사고,0,0,1,0,차대차 - 측면직각충돌,안전운전불이행,건조,맑음,교차로 - 교차로안,화물,남,21세,상해없음,화물,여,43세,경상
2012012900100212,2012년 1월 29일 13시,일요일,전라남도 무안군 무안읍,중상사고,0,1,0,0,차대차 - 기타,직진우회전진행방해,건조,맑음,교차로 - 교차로부근,승용,남,36세,상해없음,원동기,남,80세,중상
2012012900100232,2012년 1월 29일 14시,일요일,전라남도 순천시 서면,중상사고,0,1,0,0,차대사람 - 기타,안전운전불이행,건조,맑음,단일로 - 기타,승합,남,52세,상해없음,보행자,여,3세,중상
2012012900100233,2012년 1월 29일 14시,일요일,전라남도 함평군 해보면,중상사고,0,1,1,0,차대차 - 정면충돌,중앙선침범,건조,맑음,교차로 - 교차로부근,화물,남,62세,중상,승용,남,62세,경상
2012012900100254,2012년 1월 29일 15시,일요일,전라남도 목포시 연산동,중상사고,0,1,0,0,차대사람 - 횡단중,보행자보호의무위반,건조,맑음,단일로 - 기타,승용,여,39세,상해없음,보행자,남,65세,중상
2012012900100255,2012년 1월 29일 15시,일요일,전라남도 순천시 해룡면,경상사고,0,0,1,0,차대차 - 측면직각충돌,안전운전불이행,건조,맑음,교차로 - 교차로부근,승용,남,27세,상해없음,승용,남,44세,상해없음
2012012900100256,2012년 1월 29일 15시,일요일,전라남도 영광군 군서면,경상사고,0,0,2,0,차대차 - 측면직각충돌,직진우회전진행방해,건조,맑음,교차로 - 교차로안,승용,남,26세,상해없음,승용,남,63세,경상
2012012900100325,2012년 1월 29일 18시,일요일,전라남도 여수시 봉강동,경상사고,0,0,1,0,차대차 - 측면직각충돌,신호위반,건조,맑음,교차로 - 교차로안,승용,여,36세,상해없음,승용,여,27세,경상
2012012900100350,2012년 1월 29일 19시,일요일,전라남도 여수시 서교동,경상사고,0,0,2,0,차대차 - 측면직각충돌,안전거리미확보,건조,맑음,단일로 - 기타,승용,남,33세,상해없음,이륜,남,55세,경상
2012012900100399,2012년 1월 29일 21시,일요일,전라남도 여수시 신기동,경상사고,0,0,3,0,차대차 - 측면직각충돌,안전운전불이행,건조,맑음,단일로 - 기타,승용,남,49세,상해없음,승용,남,48세,경상
2012012900100400,2012년 1월 29일 21시,일요일,전라남도 여수시 화양면,경상사고,0,0,1,0,차대사람 - 횡단중,안전운전불이행,건조,맑음,단일로 - 기타,승용,남,48세,상해없음,보행자,남,70세,경상
2012012900100401,2012년 1월 29일 21시,일요일,전라남도 광양시 광양읍,경상사고,0,0,1,0,차대차 - 추돌 - 주정차중,안전운전불이행,건조,맑음,교차로 - 교차로안,승용,남,43세,상해없음,승용,남,31세,경상
2012012900100432,2012년 1월 29일 23시,일요일,전라남도 목포시 산정동,경상사고,0,0,1,0,차대차 - 측면직각충돌,안전운전불이행,건조,맑음,교차로 - 교차로부근,화물,남,37세,상해없음,승용,여,54세,경상
2012013000100034,2012년 1월 30일 04시,월요일,전라남도 장성군 삼계면,부상신고사고,0,0,0,1,차량단독 - 전도전복,안전운전불이행,건조,맑음,단일로 - 기타,화물,남,32세,부상신고,,,,
2012013000100049,2012년 1월 30일 06시,월요일,전라남도 순천시 해룡면,경상사고,0,0,2,0,차대차 - 측면직각충돌,교차로운행방법위반,건조,맑음,교차로 - 교차로안,승용,여,59세,경상,승용,여,42세,경상
2012013000100090,2012년 1월 30일 08시,월요일,전라남도 화순군 화순읍,경상사고,0,0,2,0,차대차 - 측면직각충돌,신호위반,건조,맑음,교차로 - 교차로안,승용,남,44세,상해없음,승용,여,39세,경상
2012013000100126,2012년 1월 30일 09시,월요일,전라남도 화순군 이양면,중상사고,0,1,1,0,차대차 - 정면충돌,중앙선침범,건조,맑음,단일로 - 터널,농기계,남,69세,중상,승용,남,74세,경상
2012013000100142,2012년 1월 30일 10시,월요일,전라남도 순천시 연향동,경상사고,0,0,1,0,차대차 - 기타,차로위반,건조,맑음,단일로 - 기타,승용,남,63세,상해없음,승용,남,30세,경상
2012013000100143,2012년 1월 30일 10시,월요일,전라남도 화순군 화순읍,경상사고,0,0,1,0,차대사람 - 길가장자리구역통행중,안전운전불이행,건조,맑음,단일로 - 기타,승용,남,83세,상해없음,보행자,여,53세,경상
2012013000100165,2012년 1월 30일 11시,월요일,전라남도 목포시 옥암동,중상사고,0,1,0,0,차대차 - 기타,신호위반,건조,맑음,단일로 - 횡단보도상,화물,남,80세,상해없음,자전거,여,56세,중상
2012013000100189,2012년 1월 30일 12시,월요일,전라남도 영암군 도포면,경상사고,0,0,1,0,차량단독 - 공작물충돌,안전운전불이행,건조,맑음,단일로 - 기타,승용,여,67세,경상,,,,
2012013000100269,2012년 1월 30일 15시,월요일,전라남도 순천시 주암면,경상사고,0,0,2,0,차량단독 - 전도전복,안전운전불이행,건조,맑음,단일로 - 기타,화물,남,80세,경상,,,,
2012013000100270,2012년 1월 30일 15시,월요일,전라남도 해남군 마산면,경상사고,0,0,1,0,차대차 - 추돌 - 진행중,기타,건조,맑음,교차로 - 교차로안,기타불명,기타불명,기타불명,기타불명,화물,여,51세,경상
2012013000100271,2012년 1월 30일 15시,월요일,전라남도 보성군 벌교읍,경상사고,0,0,3,0,차대차 - 측면직각충돌,안전운전불이행,건조,맑음,교차로 - 교차로안,승용,남,25세,경상,화물,남,63세,경상
2012013000100272,2012년 1월 30일 15시,월요일,전라남도 영광군 영광읍,중상사고,0,1,0,0,차대차 - 기타,안전운전불이행,건조,맑음,교차로 - 교차로부근,승용,여,32세,상해없음,이륜,남,52세,중상
2012013000100293,2012년 1월 30일 16시,월요일,전라남도 여수시 화장동,경상사고,0,0,2,0,차대차 - 추돌 - 진행중,안전운전불이행,건조,맑음,단일로 - 기타,승용,남,59세,상해없음,승용,남,51세,경상
2012013000100294,2012년 1월 30일 16시,월요일,전라남도 여수시 문수동,경상사고,0,0,1,1,차대차 - 측면직각충돌,신호위반,건조,맑음,교차로 - 교차로안,원동기,남,15세,부상신고,승용,여,43세,상해없음
2012013000100295,2012년 1월 30일 16시,월요일,전라남도 순천시 풍덕동,경상사고,0,0,2,0,차대차 - 측면직각충돌,기타,건조,맑음,교차로 - 교차로안,승용,남,45세,경상,승용,여,45세,경상
2012013000100328,2012년 1월 30일 17시,월요일,전라남도 여수시 여서동,경상사고,0,0,1,0,차대사람 - 기타,안전운전불이행,건조,맑음,교차로 - 교차로안,승용,여,48세,기타불명,보행자,여,28세,경상
2012013000100329,2012년 1월 30일 17시,월요일,전라남도 순천시 서면,중상사고,0,1,0,0,차량단독 - 도로외이탈 - 추락,안전운전불이행,건조,맑음,교차로 - 교차로안,화물,남,59세,중상,,,,
2012013000100395,2012년 1월 30일 19시,월요일,전라남도 해남군 송지면,경상사고,0,0,1,0,차대차 - 측면직각충돌,중앙선침범,건조,맑음,단일로 - 기타,승용,남,44세,상해없음,승용,여,56세,경상
2012013000100396,2012년 1월 30일 19시,월요일,전라남도 무안군 해제면,중상사고,0,1,0,0,차량단독 - 전도전복,안전운전불이행,건조,맑음,단일로 - 기타,이륜,남,70세,중상,,,,
2012013000100451,2012년 1월 30일 21시,월요일,전라남도 여수시 신기동,경상사고,0,0,1,0,차대차 - 추돌 - 진행중,신호위반,건조,맑음,단일로 - 횡단보도상,승용,남,30세,상해없음,승용,남,49세,경상
2012013000100506,2012년 1월 30일 23시,월요일,전라남도 해남군 산이면,중상사고,0,1,0,0,차대차 - 정면충돌,중앙선침범,건조,흐림,기타 - 기타,승용,남,49세,상해없음,승용,남,54세,중상
2012013100100046,2012년 1월 31일 02시,화요일,전라남도 강진군 강진읍,경상사고,0,0,1,0,차대차 - 기타,안전운전불이행,건조,맑음,단일로 - 기타,승용,남,39세,경상,승용,남,43세,기타불명
2012013100100070,2012년 1월 31일 05시,화요일,전라남도 목포시 용해동,경상사고,0,0,3,0,차대차 - 측면직각충돌,신호위반,건조,흐림,교차로 - 교차로안,승용,남,19세,경상,승용,남,32세,경상
2012013100100080,2012년 1월 31일 06시,화요일,전라남도 순천시 연향동,중상사고,0,2,1,0,차대차 - 측면직각충돌,직진우회전진행방해,건조,맑음,교차로 - 교차로안,승용,여,55세,중상,승용,여,57세,경상
2012013100100097,2012년 1월 31일 07시,화요일,전라남도 순천시 용당동,중상사고,0,1,0,0,차대차 - 측면직각충돌,안전운전불이행,건조,맑음,교차로 - 교차로안,승용,여,43세,상해없음,원동기,남,73세,중상
2012013100100120,2012년 1월 31일 08시,화요일,전라남도 여수시 미평동,경상사고,0,0,1,0,차대사람 - 보도통행중,신호위반,건조,맑음,단일로 - 횡단보도상,승용,남,21세,상해없음,보행자,남,16세,경상
2012013100100137,2012년 1월 31일 09시,화요일,전라남도 목포시 상동,경상사고,0,0,4,0,차대차 - 추돌 - 주정차중,안전운전불이행,건조,맑음,단일로 - 기타,승용,남,22세,경상,화물,남,32세,경상
2012013100100138,2012년 1월 31일 09시,화요일,전라남도 여수시 여천동,경상사고,0,0,3,0,차대차 - 측면직각충돌,교차로운행방법위반,건조,맑음,단일로 - 기타,승용,남,18세,상해없음,승용,여,38세,경상
2012013100100139,2012년 1월 31일 09시,화요일,전라남도 순천시 동외동,경상사고,0,0,1,0,차대차 - 측면직각충돌,신호위반,건조,맑음,교차로 - 교차로안,승용,남,53세,상해없음,원동기,남,74세,경상
2012013100100140,2012년 1월 31일 09시,화요일,전라남도 보성군 노동면,경상사고,0,0,1,0,차량단독 - 도로외이탈 - 기타,안전운전불이행,건조,맑음,단일로 - 기타,이륜,남,53세,경상,,,,
2012013100100158,2012년 1월 31일 10시,화요일,전라남도 순천시 조곡동,중상사고,0,1,0,0,차대차 - 추돌 - 진행중,안전운전불이행,건조,맑음,단일로 - 터널,화물,남,71세,상해없음,원동기,남,76세,중상
2012013100100159,2012년 1월 31일 10시,화요일,전라남도 영광군 영광읍,중상사고,0,1,0,0,차대차 - 기타,직진우회전진행방해,건조,맑음,교차로 - 교차로안,승용,남,69세,상해없음,이륜,남,71세,중상
2012013100100182,2012년 1월 31일 11시,화요일,전라남도 무안군 현경면,경상사고,0,0,1,0,차대차 - 기타,안전운전불이행,건조,맑음,교차로 - 교차로부근,화물,남,70세,상해없음,이륜,남,70세,경상
2012013100100244,2012년 1월 31일 14시,화요일,전라남도 목포시 대안동,경상사고,0,0,2,0,차대차 - 추돌 - 주정차중,안전거리미확보,습기,비,단일로 - 기타,승합,남,59세,경상,화물,남,63세,상해없음
2012013100100372,2012년 1월 31일 17시,화요일,전라남도 목포시 연산동,경상사고,0,0,7,0,차대차 - 정면충돌,교차로운행방법위반,습기,비,단일로 - 기타,화물,남,55세,경상,승용,남,39세,경상
2012013100100373,2012년 1월 31일 17시,화요일,전라남도 해남군 화산면,경상사고,0,0,2,0,차대차 - 측면직각충돌,교차로운행방법위반,습기,비,교차로 - 교차로안,승용,남,64세,경상,화물,남,46세,경상
2012013100100374,2012년 1월 31일 17시,화요일,전라남도 담양군 고서면,경상사고,0,0,4,0,차대차 - 측면직각충돌,신호위반,습기,비,교차로 - 교차로안,승용,여,63세,경상,승합,여,41세,경상
2012013100100413,2012년 1월 31일 18시,화요일,전라남도 순천시 장천동,경상사고,0,0,2,0,차대사람 - 횡단중,보행자보호의무위반,건조,맑음,단일로 - 횡단보도상,승용,남,40세,상해없음,보행자,남,53세,경상