사고번호,사고일시,요일,시군구,사고내용,사망자수,중상자수,경상자수,부상신고자수,사고유형,법규위반,노면상태,기상상태,도로형태,가해운전자 차종,가해운전자 성별,가해운전자 연령,가해운전자 상해정도,피해운전자 차종,피해운전자 성별,피해운전자 연령,피해운전자 상해정도
2012020600100293,2012년 2월 6일 14시,월요일,전라남도 장흥군 장흥읍,경상사고,0,0,1,0,차량단독 - 기타,안전운전불이행,습기,비,단일로 - 기타,화물,남,49세,경상,,,,
2012020600100294,2012년 2월 6일 14시,월요일,전라남도 함평군 학교면,중상사고,0,1,0,0,차대차 - 추돌 - 주정차중,안전운전불이행,습기,비,교차로 - 교차로부근,화물,남,59세,상해없음,화물,남,41세,중상
2012020600100295,2012년 2월 6일 14시,월요일,전라남도 완도군 완도읍,경상사고,0,0,2,0,차대차 - 측면직각충돌,안전운전불이행,습기,비,교차로 - 교차로안,승용,남,45세,상해없음,승용,여,39세,경상
2012020600100296,2012년 2월 6일 14시,월요일,전라남도 광양시 광양읍,중상사고,0,1,0,0,차대차 - 측면직각충돌,교차로운행방법위반,습기,비,교차로 - 교차로안,승용,남,72세,상해없음,화물,남,41세,중상
2012020600100326,2012년 2월 6일 15시,월요일,전라남도 영암군 시종면,경상사고,0,0,5,0,차대차 - 측면직각충돌,중앙선침범,습기,비,단일로 - 기타,승용,남,52세,경상,화물,남,35세,경상
2012020600100380,2012년 2월 6일 17시,월요일,전라남도 여수시 신기동,경상사고,0,0,3,0,차대차 - 추돌 - 주정차중,안전운전불이행,습기,비,단일로 - 기타,승용,남,29세,상해없음,승용,남,37세,경상
2012020600100381,2012년 2월 6일 17시,월요일,전라남도 장흥군 용산면,경상사고,0,0,1,0,차대차 - 측면직각충돌,안전운전불이행,습기,비,단일로 - 기타,화물,남,57세,상해없음,승용,여,57세,경상
2012020600100382,2012년 2월 6일 17시,월요일,전라남도 해남군 북평면,경상사고,0,0,6,0,차대차 - 측면직각충돌,신호위반,습기,비,교차로 - 교차로안,승용,남,49세,경상,승용,남,35세,경상
2012020600100423,2012년 2월 6일 18시,월요일,전라남도 나주시 동강면,사망사고,1,0,0,0,차대사람 - 길가장자리구역통행중,안전운전불이행,습기,비,단일로 - 기타,화물,남,40세,상해없음,보행자,여,87세,사망
2012020600100424,2012년 2월 6일 18시,월요일,전라남도 고흥군 대서면,경상사고,0,0,1,0,차대차 - 측면직각충돌,안전운전불이행,습기,비,단일로 - 기타,승용,남,36세,상해없음,승용,여,42세,경상
2012020600100425,2012년 2월 6일 18시,월요일,전라남도 영암군 삼호읍,경상사고,0,0,1,0,차대차 - 측면직각충돌,신호위반,습기,비,교차로 - 교차로안,화물,남,53세,상해없음,화물,남,56세,경상
2012020600100426,2012년 2월 6일 18시,월요일,전라남도 광양시 광양읍,경상사고,0,0,1,0,차대차 - 기타,안전운전불이행,건조,맑음,기타 - 기타,승합,남,25세,상해없음,승용,여,53세,경상
2012020600100479,2012년 2월 6일 19시,월요일,전라남도 광양시 광양읍,중상사고,0,1,0,0,차대차 - 측면직각충돌,신호위반,건조,맑음,교차로 - 교차로안,승용,남,43세,상해없음,승용,남,29세,중상
2012020600100561,2012년 2월 6일 21시,월요일,전라남도 여수시 선원동,경상사고,0,0,1,0,차대사람 - 횡단중,안전운전불이행,습기,비,단일로 - 횡단보도상,승용,남,40세,상해없음,보행자,남,51세,경상
2012020600100562,2012년 2월 6일 21시,월요일,전라남도 고흥군 도양읍,중상사고,0,1,0,0,차대사람 - 기타,안전운전불이행,습기,비,단일로 - 기타,승용,남,62세,상해없음,보행자,남,57세,중상
2012020600100603,2012년 2월 6일 22시,월요일,전라남도 순천시 연향동,중상사고,0,1,0,0,차대차 - 기타,신호위반,습기,비,교차로 - 교차로안,원동기,남,44세,중상,승용,남,30세,상해없음
2012020600100604,2012년 2월 6일 22시,월요일,전라남도 강진군 신전면,중상사고,0,1,0,1,차대차 - 추돌 - 주정차중,안전운전불이행,습기,비,단일로 - 기타,승용,남,45세,부상신고,화물,남,65세,기타불명
2012020600100605,2012년 2월 6일 22시,월요일,전라남도 광양시 금호동,경상사고,0,0,1,0,차대사람 - 횡단중,안전운전불이행,습기,비,교차로 - 교차로안,승용,여,43세,상해없음,보행자,여,18세,경상
2012020600100639,2012년 2월 6일 23시,월요일,전라남도 순천시 장천동,경상사고,0,0,2,0,차대차 - 기타,안전거리미확보,습기,흐림,단일로 - 기타,승용,남,54세,상해없음,화물,여,48세,경상
2012020700100019,2012년 2월 7일 00시,화요일,전라남도 목포시 산정동,사망사고,1,0,0,0,차대사람 - 횡단중,보행자보호의무위반,습기,흐림,단일로 - 횡단보도상,화물,남,29세,상해없음,보행자,남,55세,사망
2012020700100020,2012년 2월 7일 00시,화요일,전라남도 순천시 가곡동,경상사고,0,0,1,0,차대차 - 기타,안전운전불이행,습기,비,단일로 - 기타,승용,남,29세,상해없음,원동기,남,19세,경상
2012020700100045,2012년 2월 7일 01시,화요일,전라남도 여수시 소라면,중상사고,0,1,0,0,차량단독 - 공작물충돌,안전운전불이행,습기,흐림,단일로 - 기타,승합,남,44세,중상,,,,
2012020700100093,2012년 2월 7일 05시,화요일,전라남도 여수시 학동,경상사고,0,0,1,0,차대차 - 측면직각충돌,신호위반,건조,맑음,교차로 - 교차로안,화물,남,56세,상해없음,승용,여,42세,경상
2012020700100137,2012년 2월 7일 07시,화요일,전라남도 순천시 왕지동,중상사고,0,1,0,0,차량단독 - 공작물충돌,안전운전불이행,건조,맑음,단일로 - 기타,화물,남,47세,중상,,,,
2012020700100184,2012년 2월 7일 09시,화요일,전라남도 광양시 광양읍,경상사고,0,0,1,0,차대차 - 정면충돌,중앙선침범,건조,맑음,교차로 - 교차로부근,자전거,남,68세,경상,승용,여,31세,상해없음
2012020700100233,2012년 2월 7일 11시,화요일,전라남도 여수시 소호동,경상사고,0,0,1,0,차대차 - 측면직각충돌,안전거리미확보,건조,맑음,단일로 - 기타,승용,남,24세,상해없음,승용,남,68세,상해없음
2012020700100234,2012년 2월 7일 11시,화요일,전라남도 순천시 조례동,경상사고,0,0,1,0,차대사람 - 횡단중,안전운전불이행,건조,맑음,교차로 - 교차로부근,승합,여,36세,상해없음,보행자,여,23세,경상
2012020700100303,2012년 2월 7일 14시,화요일,전라남도 장성군 황룡면,중상사고,0,1,0,0,차대차 - 정면충돌,중앙선침범,건조,흐림,단일로 - 기타,화물,남,43세,상해없음,원동기,남,77세,중상
2012020700100304,2012년 2월 7일 14시,화요일,전라남도 강진군 강진읍,중상사고,0,1,0,0,차대차 - 측면직각충돌,안전운전불이행,건조,맑음,교차로 - 교차로안,화물,남,44세,상해없음,자전거,남,10세,중상
2012020700100323,2012년 2월 7일 15시,화요일,전라남도 여수시 공화동,중상사고,0,1,0,0,차대사람 - 기타,안전운전불이행,건조,맑음,단일로 - 기타,승합,남,30세,상해없음,보행자,남,38세,중상
2012020700100345,2012년 2월 7일 16시,화요일,전라남도 진도군 의신면,경상사고,0,0,3,0,차대차 - 정면충돌,중앙선침범,결빙,눈,단일로 - 기타,승용,여,51세,경상,화물,남,64세,경상
2012020700100373,2012년 2월 7일 17시,화요일,전라남도 목포시 연산동,경상사고,0,0,3,0,차대차 - 측면직각충돌,안전운전불이행,결빙,눈,단일로 - 기타,승용,남,35세,경상,승용,남,31세,경상
2012020700100374,2012년 2월 7일 17시,화요일,전라남도 순천시 조례동,중상사고,0,2,0,0,차대차 - 기타,기타,건조,맑음,단일로 - 기타,승용,여,40세,상해없음,승용,남,24세,중상
2012020700100375,2012년 2월 7일 17시,화요일,전라남도 해남군 화산면,경상사고,0,0,1,0,차대차 - 기타,불법유턴,건조,흐림,단일로 - 기타,화물,남,44세,상해없음,승합,여,41세,경상
2012020700100376,2012년 2월 7일 17시,화요일,전라남도 광양시 태인동,경상사고,0,0,1,0,차대차 - 기타,안전운전불이행,건조,맑음,기타 - 기타,원동기,남,40세,상해없음,승합,남,59세,상해없음
2012020700100445,2012년 2월 7일 19시,화요일,전라남도 여수시 미평동,경상사고,0,0,1,0,차대차 - 측면직각충돌,신호위반,건조,맑음,교차로 - 교차로안,승용,여,36세,상해없음,승용,남,28세,경상
2012020700100446,2012년 2월 7일 19시,화요일,전라남도 영암군 삼호읍,경상사고,0,0,1,0,차대차 - 추돌 - 진행중,안전운전불이행,적설,눈,단일로 - 기타,승용,남,35세,상해없음,승용,남,39세,경상
2012020700100476,2012년 2월 7일 20시,화요일,전라남도 해남군 황산면,경상사고,0,0,1,0,차대차 - 측면직각충돌,안전운전불이행,결빙,눈,단일로 - 기타,승용,남,51세,상해없음,승용,남,51세,경상
2012020700100508,2012년 2월 7일 21시,화요일,전라남도 목포시 상동,경상사고,0,0,5,0,차대차 - 측면직각충돌,차로위반,결빙,눈,단일로 - 기타,승용,여,34세,경상,승용,여,23세,경상
2012020700100561,2012년 2월 7일 23시,화요일,전라남도 여수시 서교동,경상사고,0,0,1,0,차대차 - 추돌 - 주정차중,안전운전불이행,건조,맑음,단일로 - 기타,기타불명,기타불명,기타불명,기타불명,승용,남,29세,경상
2012020700100562,2012년 2월 7일 23시,화요일,전라남도 순천시 장천동,경상사고,0,0,1,0,차대사람 - 횡단중,안전운전불이행,건조,맑음,교차로 - 교차로안,승용,남,46세,상해없음,보행자,남,37세,경상
2012020800100010,2012년 2월 8일 00시,수요일,전라남도 나주시 교동,경상사고,0,0,1,0,차량단독 - 공작물충돌,안전운전불이행,결빙,눈,단일로 - 기타,승용,남,50세,경상,,,,
2012020800100034,2012년 2월 8일 02시,수요일,전라남도 여수시 학동,경상사고,0,0,1,0,차대차 - 측면직각충돌,불법유턴,건조,맑음,단일로 - 기타,승용,남,28세,기타불명,승용,남,52세,경상
2012020800100107,2012년 2월 8일 08시,수요일,전라남도 영암군 신북면,경상사고,0,0,2,0,차대차 - 측면직각충돌,안전운전불이행,결빙,눈,교차로 - 교차로안,승용,여,53세,경상,화물,남,57세,경상
2012020800100134,2012년 2월 8일 09시,수요일,전라남도 광양시 태인동,중상사고,0,1,1,0,차대차 - 기타,안전운전불이행,건조,맑음,교차로 - 교차로안,승용,남,27세,상해없음,승용,남,43세,경상
2012020800100157,2012년 2월 8일 10시,수요일,전라남도 장성군 장성읍,중상사고,0,1,0,0,차대사람 - 횡단중,안전운전불이행,적설,맑음,교차로 - 교차로안,승용,여,48세,상해없음,보행자,여,78세,중상
2012020800100190,2012년 2월 8일 11시,수요일,전라남도 목포시 산정동,경상사고,0,0,2,0,차대차 - 기타,교차로운행방법위반,기타,눈,교차로 - 교차로안,승용,남,31세,경상,화물,남,42세,경상
2012020800100191,2012년 2월 8일 11시,수요일,전라남도 순천시 생목동,경상사고,0,0,5,0,차대차 - 추돌 - 진행중,안전거리미확보,건조,맑음,단일로 - 기타,화물,여,46세,경상,승용,여,22세,상해없음
2012020800100192,2012년 2월 8일 11시,수요일,전라남도 장흥군 장흥읍,경상사고,0,0,1,0,차대차 - 측면직각충돌,교차로운행방법위반,건조,맑음,교차로 - 교차로안,원동기,남,75세,경상,승용,남,25세,상해없음
2012020800100193,2012년 2월 8일 11시,수요일,전라남도 영암군 영암읍,경상사고,0,0,2,0,차대차 - 측면직각충돌,신호위반,습기,맑음,교차로 - 교차로안,화물,남,45세,상해없음,승용,남,71세,경상
2012020800100219,2012년 2월 8일 12시,수요일,전라남도 여수시 광무동,중상사고,0,1,0,0,차대사람 - 기타,안전운전불이행,건조,맑음,단일로 - 기타,승용,여,51세,상해없음,보행자,남,78세,중상
2012020800100220,2012년 2월 8일 12시,수요일,전라남도 강진군 성전면,경상사고,0,0,3,0,차대차 - 추돌 - 진행중,안전거리미확보,습기,맑음,단일로 - 기타,승용,남,45세,상해없음,승용,남,63세,경상
2012020800100242,2012년 2월 8일 13시,수요일,전라남도 목포시 상동,경상사고,0,0,2,0,차대차 - 추돌 - 주정차중,안전운전불이행,건조,맑음,단일로 - 기타,승용,남,45세,상해없음,승용,여,34세,경상
2012020800100243,2012년 2월 8일 13시,수요일,전라남도 고흥군 점암면,경상사고,0,0,1,0,차대차 - 기타,중앙선침범,건조,맑음,단일로 - 기타,화물,남,61세,상해없음,승용,남,36세,경상
2012020800100278,2012년 2월 8일 14시,수요일,전라남도 여수시 미평동,경상사고,0,0,1,0,차대사람 - 기타,안전운전불이행,건조,맑음,단일로 - 기타,승용,남,38세,상해없음,보행자,여,8세,경상
2012020800100279,2012년 2월 8일 14시,수요일,전라남도 순천시 조례동,중상사고,0,1,0,0,차대차 - 측면직각충돌,안전운전불이행,건조,맑음,교차로 - 교차로안,승용,여,50세,상해없음,승용,남,28세,중상
2012020800100301,2012년 2월 8일 15시,수요일,전라남도 광양시 광양읍,부상신고사고,0,0,0,1,차대사람 - 기타,안전운전불이행,건조,맑음,단일로 - 기타,승용,기타불명,기타불명,기타불명,보행자,여,16세,부상신고
2012020800100302,2012년 2월 8일 15시,수요일,전라남도 장성군 장성읍,중상사고,0,1,2,0,차대차 - 추돌 - 진행중,안전운전불이행,적설,눈,단일로 - 기타,화물,남,51세,상해없음,승합,남,37세,경상
2012020800100334,2012년 2월 8일 16시,수요일,전라남도 화순군 화순읍,중상사고,0,1,0,0,차대차 - 추돌 - 진행중,안전거리미확보,건조,맑음,단일로 - 터널,승용,남,36세,상해없음,승용,남,46세,상해없음
2012020800100370,2012년 2월 8일 17시,수요일,전라남도 여수시 만흥동,경상사고,0,0,1,0,차대차 - 기타,차로위반,건조,맑음,단일로 - 터널,기타불명,기타불명,기타불명,기타불명,승용,남,36세,경상
2012020800100371,2012년 2월 8일 17시,수요일,전라남도 광양시 광양읍,경상사고,0,0,2,0,차대차 - 추돌 - 주정차중,안전운전불이행,건조,맑음,단일로 - 기타,승용,남,53세,상해없음,승용,남,44세,경상
2012020800100415,2012년 2월 8일 18시,수요일,전라남도 목포시 상동,경상사고,0,0,1,0,차대차 - 기타,안전운전불이행,적설,눈,단일로 - 기타,자전거,남,21세,경상,승용,남,39세,상해없음
2012020800100416,2012년 2월 8일 18시,수요일,전라남도 순천시 덕월동,중상사고,0,1,2,0,차대차 - 측면직각충돌,안전운전불이행,건조,맑음,교차로 - 교차로안,화물,여,45세,경상,승용,남,48세,중상
2012020800100417,2012년 2월 8일 18시,수요일,전라남도 나주시 송월동,경상사고,0,0,1,0,차대차 - 측면직각충돌,안전운전불이행,결빙,눈,단일로 - 기타,화물,남,45세,상해없음,승용,남,25세,상해없음
2012020800100418,2012년 2월 8일 18시,수요일,전라남도 영광군 영광읍,중상사고,0,2,2,0,차대차 - 측면직각충돌,중앙선침범,결빙,맑음,단일로 - 기타,승용,남,70세,상해없음,화물,남,56세,중상
2012020800100511,2012년 2월 8일 20시,수요일,전라남도 여수시 화장동,경상사고,0,0,1,0,차대차 - 기타,교차로운행방법위반,건조,맑음,교차로 - 교차로부근,화물,남,50세,기타불명,원동기,남,45세,경상
2012020800100512,2012년 2월 8일 20시,수요일,전라남도 나주시 송월동,경상사고,0,0,1,0,차대차 - 추돌 - 주정차중,안전운전불이행,적설,눈,교차로 - 교차로부근,승용,기타불명,기타불명,기타불명,승용,여,40세,경상
2012020800100513,2012년 2월 8일 20시,수요일,전라남도 영광군 묘량면,경상사고,0,0,2,0,차량단독 - 공작물충돌,안전운전불이행,적설,눈,단일로 - 기타,화물,남,29세,상해없음,,,,
2012020800100541,2012년 2월 8일 21시,수요일,전라남도 목포시 산정동,경상사고,0,0,6,0,차대차 - 기타,교차로운행방법위반,결빙,눈,교차로 - 교차로안,승용,남,53세,상해없음,승용,남,27세,경상
2012020800100614,2012년 2월 8일 23시,수요일,전라남도 순천시 중앙동,경상사고,0,0,1,0,차대차 - 기타,기타,건조,맑음,교차로 - 교차로안,승합,남,42세,상해없음,승용,남,27세,경상
2012020900100119,2012년 2월 9일 07시,목요일,전라남도 영암군 삼호읍,경상사고,0,0,3,0,차대차 - 측면직각충돌,직진우회전진행방해,결빙,눈,교차로 - 교차로안,승용,남,44세,경상,화물,남,68세,경상
2012020900100158,2012년 2월 9일 08시,목요일,전라남도 화순군 화순읍,경상사고,0,0,2,0,차대차 - 측면직각충돌,안전운전불이행,결빙,눈,단일로 - 기타,승용,남,22세,상해없음,승용,남,30세,경상
2012020900100159,2012년 2월 9일 08시,목요일,전라남도 무안군 청계면,경상사고,0,0,1,0,차대차 - 측면직각충돌,안전운전불이행,결빙,눈,교차로 - 교차로부근,화물,남,34세,상해없음,승용,남,54세,상해없음
2012020900100160,2012년 2월 9일 08시,목요일,전라남도 광양시 광양읍,중상사고,0,1,0,0,차대차 - 측면직각충돌,직진우회전진행방해,건조,맑음,교차로 - 교차로안,건설기계,남,33세,상해없음,승용,남,64세,중상
2012020900100197,2012년 2월 9일 09시,목요일,전라남도 여수시 광무동,경상사고,0,0,1,0,차대차 - 측면직각충돌,안전거리미확보,건조,맑음,단일로 - 기타,승용,남,50세,상해없음,승용,여,49세,경상
2012020900100198,2012년 2월 9일 09시,목요일,전라남도 순천시 연향동,경상사고,0,0,1,0,차대차 - 기타,안전운전불이행,건조,맑음,단일로 - 횡단보도상,화물,남,60세,상해없음,자전거,남,64세,경상
2012020900100226,2012년 2월 9일 10시,목요일,전라남도 목포시 산정동,경상사고,0,0,3,0,차대차 - 측면직각충돌,안전운전불이행,건조,맑음,교차로 - 교차로부근,승용,남,27세,경상,승용,남,54세,경상
2012020900100227,2012년 2월 9일 10시,목요일,전라남도 장성군 장성읍,경상사고,0,0,2,0,차대차 - 측면직각충돌,교차로운행방법위반,적설,흐림,교차로 - 교차로안,승용,여,45세,상해없음,승용,남,63세,경상
2012020900100228,2012년 2월 9일 10시,목요일,전라남도 강진군 도암면,부상신고사고,0,0,0,1,차량단독 - 공작물충돌,안전운전불이행,습기,맑음,단일로 - 기타,승용,남,22세,부상신고,,,,
2012020900100229,2012년 2월 9일 10시,목요일,전라남도 광양시 광양읍,중상사고,0,4,0,0,차대차 - 측면직각충돌,신호위반,건조,맑음,교차로 - 교차로안,승용,남,43세,중상,화물,남,37세,중상
2012020900100250,2012년 2월 9일 11시,목요일,전라남도 여수시 신기동,중상사고,0,1,0,0,차대차 - 측면직각충돌,교차로운행방법위반,건조,맑음,교차로 - 교차로안,승용,남,55세,상해없음,승합,남,47세,상해없음
2012020900100251,2012년 2월 9일 11시,목요일,전라남도 나주시 남내동,경상사고,0,0,1,0,차대사람 - 기타,안전운전불이행,적설,눈,단일로 - 기타,승용,남,19세,상해없음,보행자,여,14세,경상
2012020900100318,2012년 2월 9일 13시,목요일,전라남도 영암군 학산면,중상사고,0,2,0,0,차대차 - 추돌 - 진행중,안전운전불이행,건조,맑음,단일로 - 기타,승용,여,35세,중상,화물,남,68세,중상
2012020900100350,2012년 2월 9일 14시,목요일,전라남도 담양군 담양읍,경상사고,0,0,1,0,차대차 - 측면직각충돌,교차로운행방법위반,습기,맑음,교차로 - 교차로부근,화물,남,40세,상해없음,승용,남,41세,경상
2012020900100351,2012년 2월 9일 14시,목요일,전라남도 광양시 광양읍,경상사고,0,0,2,0,차대차 - 측면직각충돌,신호위반,건조,맑음,교차로 - 교차로안,승용,남,51세,상해없음,승용,여,44세,경상
2012020900100374,2012년 2월 9일 15시,목요일,전라남도 목포시 옥암동,경상사고,0,0,2,0,차대차 - 추돌 - 주정차중,안전운전불이행,건조,맑음,교차로 - 교차로부근,승용,여,24세,상해없음,승용,남,75세,경상
2012020900100400,2012년 2월 9일 16시,목요일,전라남도 신안군 지도읍,경상사고,0,0,2,0,차대차 - 측면직각충돌,중앙선침범,건조,맑음,교차로 - 교차로부근,승용,남,64세,경상,승용,남,42세,경상
2012020900100401,2012년 2월 9일 16시,목요일,전라남도 목포시 남교동,경상사고,0,0,1,0,차대차 - 추돌 - 주정차중,안전운전불이행,건조,맑음,교차로 - 교차로부근,화물,남,18세,상해없음,승용,남,29세,경상
2012020900100402,2012년 2월 9일 16시,목요일,전라남도 해남군 해남읍,중상사고,0,1,0,0,차대차 - 측면직각충돌,교차로운행방법위반,습기,맑음,교차로 - 교차로안,승용,여,48세,상해없음,이륜,남,52세,중상
2012020900100433,2012년 2월 9일 17시,목요일,전라남도 순천시 연향동,경상사고,0,0,1,0,차대차 - 추돌 - 주정차중,안전운전불이행,건조,맑음,단일로 - 기타,원동기,남,26세,경상,승용,남,34세,상해없음
2012020900100472,2012년 2월 9일 18시,목요일,전라남도 여수시 국동,중상사고,0,1,0,0,차대사람 - 횡단중,신호위반,건조,맑음,단일로 - 횡단보도상,승용,여,45세,상해없음,보행자,여,70세,중상
2012020900100473,2012년 2월 9일 18시,목요일,전라남도 여수시 학동,경상사고,0,0,1,0,차대차 - 추돌 - 진행중,안전운전불이행,건조,맑음,교차로 - 교차로부근,승용,남,47세,상해없음,승합,여,43세,경상
2012020900100540,2012년 2월 9일 20시,목요일,전라남도 순천시 해룡면,사망사고,1,0,0,0,차대사람 - 횡단중,안전운전불이행,건조,맑음,교차로 - 교차로부근,승용,남,40세,상해없음,보행자,남,49세,사망
2012020900100580,2012년 2월 9일 21시,목요일,전라남도 목포시 용당동,중상사고,0,1,0,0,차대사람 - 횡단중,신호위반,건조,맑음,교차로 - 교차로부근,승용,남,50세,상해없음,보행자,남,64세,중상
2012020900100581,2012년 2월 9일 21시,목요일,전라남도 나주시 남평읍,중상사고,0,1,0,0,차대사람 - 기타,안전운전불이행,건조,맑음,교차로 - 교차로부근,승용,남,61세,상해없음,보행자,남,53세,중상
2012020900100624,2012년 2월 9일 22시,목요일,전라남도 목포시 산정동,중상사고,0,1,2,0,차대차 - 기타,신호위반,습기,맑음,단일로 - 기타,기타불명,기타불명,기타불명,기타불명,승용,남,24세,경상
2012020900100625,2012년 2월 9일 22시,목요일,전라남도 순천시 조례동,경상사고,0,0,1,0,차대차 - 추돌 - 진행중,안전거리미확보,건조,맑음,교차로 - 교차로부근,승용,남,38세,상해없음,원동기,남,17세,경상
2012020900100662,2012년 2월 9일 23시,목요일,전라남도 영광군 영광읍,경상사고,0,0,1,0,차량단독 - 도로외이탈 - 기타,안전운전불이행,결빙,흐림,단일로 - 기타,승용,남,57세,경상,,,,
2012020900100663,2012년 2월 9일 23시,목요일,전라남도 광양시 마동,중상사고,0,3,2,0,차대차 - 정면충돌,중앙선침범,건조,맑음,단일로 - 기타,승용,남,27세,중상,승용,여,56세,중상
2012021000100036,2012년 2월 10일 01시,금요일,전라남도 목포시 연산동,중상사고,0,1,2,0,차대차 - 측면직각충돌,신호위반,건조,맑음,교차로 - 교차로안,승용,남,32세,경상,승용,남,42세,경상
2012021000100037,2012년 2월 10일 01시,금요일,전라남도 목포시 용해동,중상사고,0,1,2,0,차대차 - 측면직각충돌,신호위반,건조,맑음,교차로 - 교차로안,승용,남,55세,경상,승용,남,45세,경상
2012021000100038,2012년 2월 10일 01시,금요일,전라남도 장흥군 장흥읍,경상사고,0,0,1,0,차대차 - 기타,안전운전불이행,건조,맑음,교차로 - 교차로안,승용,여,47세,상해없음,화물,남,54세,경상
2012021000100053,2012년 2월 10일 02시,금요일,전라남도 목포시 산정동,경상사고,0,0,3,0,차대차 - 측면직각충돌,교차로운행방법위반,건조,맑음,교차로 - 교차로부근,승용,남,40세,경상,승용,남,52세,경상
2012021000100069,2012년 2월 10일 04시,금요일,전라남도 여수시 신기동,중상사고,0,1,0,0,차대사람 - 기타,안전운전불이행,건조,맑음,단일로 - 기타,승용,남,27세,상해없음,보행자,여,54세,중상
2012021000100099,2012년 2월 10일 06시,금요일,전라남도 광양시 광양읍,중상사고,0,1,0,0,차대차 - 측면직각충돌,신호위반,건조,맑음,교차로 - 교차로안,승용,남,40세,상해없음,승용,남,52세,중상
2012021000100122,2012년 2월 10일 07시,금요일,전라남도 고흥군 고흥읍,경상사고,0,0,1,0,차대차 - 기타,중앙선침범,건조,맑음,단일로 - 기타,이륜,남,59세,경상,화물,남,61세,상해없음
2012021000100123,2012년 2월 10일 07시,금요일,전라남도 영암군 삼호읍,경상사고,0,0,1,0,차대차 - 측면직각충돌,신호위반,건조,맑음,교차로 - 교차로안,승합,남,46세,상해없음,승용,남,51세,경상
2012021000100124,2012년 2월 10일 07시,금요일,전라남도 영암군 삼호읍,경상사고,0,0,10,0,차대차 - 추돌 - 주정차중,안전운전불이행,건조,맑음,단일로 - 기타,화물,남,60세,상해없음,승합,남,20세,경상
2012021000100159,2012년 2월 10일 08시,금요일,전라남도 나주시 삼도동,경상사고,0,0,1,0,차대차 - 측면직각충돌,안전운전불이행,건조,맑음,단일로 - 기타,화물,남,42세,상해없음,승용,남,28세,경상
2012021000100160,2012년 2월 10일 08시,금요일,전라남도 화순군 화순읍,부상신고사고,0,0,0,1,차대차 - 기타,안전운전불이행,건조,맑음,단일로 - 기타,승용,남,26세,부상신고,승용,남,29세,상해없음
2012021000100161,2012년 2월 10일 08시,금요일,전라남도 곡성군 곡성읍,중상사고,0,1,0,0,차대차 - 측면직각충돌,신호위반,건조,맑음,교차로 - 교차로안,승합,여,49세,상해없음,승용,여,39세,중상
2012021000100192,2012년 2월 10일 09시,금요일,전라남도 목포시 용해동,경상사고,0,0,3,0,차대차 - 측면직각충돌,신호위반,건조,맑음,단일로 - 기타,승용,남,65세,경상,승용,남,52세,경상
2012021000100216,2012년 2월 10일 10시,금요일,전라남도 목포시 상동,경상사고,0,0,1,0,차대사람 - 기타,안전운전불이행,건조,맑음,단일로 - 기타,승용,남,60세,상해없음,보행자,남,25세,경상
2012021000100217,2012년 2월 10일 10시,금요일,전라남도 여수시 신월동,경상사고,0,0,1,0,차대차 - 측면직각충돌,중앙선침범,건조,맑음,단일로 - 기타,화물,남,53세,상해없음,승용,여,53세,경상
2012021000100264,2012년 2월 10일 12시,금요일,전라남도 여수시 화양면,중상사고,0,1,0,0,차대차 - 추돌 - 진행중,기타,건조,맑음,단일로 - 기타,승합,남,55세,상해없음,원동기,남,68세,중상
2012021000100265,2012년 2월 10일 12시,금요일,전라남도 담양군 봉산면,중상사고,0,1,1,0,차량단독 - 공작물충돌,안전운전불이행,건조,맑음,단일로 - 기타,승용,남,61세,경상,,,,
2012021000100293,2012년 2월 10일 13시,금요일,전라남도 순천시 가곡동,경상사고,0,0,1,0,차대차 - 정면충돌,신호위반,건조,맑음,교차로 - 교차로부근,승용,남,55세,상해없음,승용,남,58세,경상
2012021000100329,2012년 2월 10일 14시,금요일,전라남도 화순군 화순읍,경상사고,0,0,2,0,차대차 - 측면직각충돌,중앙선침범,건조,맑음,교차로 - 교차로부근,승용,남,59세,상해없음,승용,여,32세,경상
2012021000100401,2012년 2월 10일 16시,금요일,전라남도 목포시 북교동,경상사고,0,0,1,0,차대사람 - 기타,안전운전불이행,건조,맑음,단일로 - 기타,승용,남,49세,상해없음,보행자,미분류,12세,경상
2012021000100429,2012년 2월 10일 17시,금요일,전라남도 목포시 산정동,경상사고,0,0,2,0,차대차 - 기타,안전운전불이행,건조,맑음,단일로 - 기타,원동기,남,54세,경상,승합,남,31세,경상
2012021000100430,2012년 2월 10일 17시,금요일,전라남도 영암군 미암면,중상사고,0,1,0,0,차량단독 - 공작물충돌,안전운전불이행,건조,맑음,단일로 - 기타,승용,남,34세,중상,,,,
2012021000100467,2012년 2월 10일 18시,금요일,전라남도 여수시 주삼동,경상사고,0,0,1,0,차대차 - 기타,안전거리미확보,건조,맑음,기타 - 기타,건설기계,남,45세,상해없음,승용,남,35세,경상
2012021000100468,2012년 2월 10일 18시,금요일,전라남도 순천시 풍덕동,경상사고,0,0,2,0,차대차 - 측면직각충돌,안전운전불이행,건조,맑음,단일로 - 기타,승용,남,57세,상해없음,승용,남,40세,경상