사고번호,사고일시,요일,시군구,사고내용,사망자수,중상자수,경상자수,부상신고자수,사고유형,법규위반,노면상태,기상상태,도로형태,가해운전자 차종,가해운전자 성별,가해운전자 연령,가해운전자 상해정도,피해운전자 차종,피해운전자 성별,피해운전자 연령,피해운전자 상해정도
2012021600100243,2012년 2월 16일 13시,목요일,전라남도 순천시 조례동,경상사고,0,0,1,0,차대차 - 기타,신호위반,건조,맑음,교차로 - 교차로안,승용,남,84세,상해없음,승용,남,37세,경상
2012021600100244,2012년 2월 16일 13시,목요일,전라남도 보성군 벌교읍,중상사고,0,1,0,0,차대차 - 측면직각충돌,안전운전불이행,건조,맑음,교차로 - 교차로안,이륜,남,61세,중상,화물,여,61세,상해없음
2012021600100261,2012년 2월 16일 14시,목요일,전라남도 순천시 조례동,경상사고,0,0,3,0,차대차 - 기타,안전운전불이행,건조,맑음,단일로 - 기타,승용,여,37세,상해없음,승용,여,41세,경상
2012021600100262,2012년 2월 16일 14시,목요일,전라남도 나주시 금천면,중상사고,0,1,0,0,차대차 - 측면직각충돌,안전운전불이행,건조,맑음,교차로 - 교차로부근,자전거,남,71세,중상,승합,남,42세,상해없음
2012021600100263,2012년 2월 16일 14시,목요일,전라남도 곡성군 곡성읍,경상사고,0,0,1,0,차대차 - 기타,안전운전불이행,건조,맑음,단일로 - 기타,승용,남,65세,상해없음,승용,남,54세,경상
2012021600100284,2012년 2월 16일 15시,목요일,전라남도 순천시 연향동,중상사고,0,1,0,0,차대차 - 측면직각충돌,안전운전불이행,건조,맑음,교차로 - 교차로부근,승용,기타불명,기타불명,기타불명,자전거,남,75세,중상
2012021600100285,2012년 2월 16일 15시,목요일,전라남도 순천시 매곡동,경상사고,0,0,1,0,차대차 - 측면직각충돌,신호위반,건조,맑음,교차로 - 교차로안,승합,남,49세,상해없음,승용,여,59세,경상
2012021600100286,2012년 2월 16일 15시,목요일,전라남도 구례군 토지면,중상사고,0,2,0,0,차량단독 - 도로외이탈 - 추락,안전운전불이행,건조,맑음,단일로 - 기타,승용,여,50세,상해없음,,,,
2012021600100308,2012년 2월 16일 16시,목요일,전라남도 목포시 상동,경상사고,0,0,1,0,차대사람 - 횡단중,보행자보호의무위반,건조,흐림,단일로 - 횡단보도상,승용,남,70세,상해없음,보행자,여,5세,경상
2012021600100335,2012년 2월 16일 17시,목요일,전라남도 해남군 산이면,경상사고,0,0,1,0,차대차 - 기타,안전운전불이행,건조,맑음,단일로 - 기타,화물,남,70세,상해없음,승용,여,56세,경상
2012021600100371,2012년 2월 16일 18시,목요일,전라남도 완도군 생일면,경상사고,0,0,1,0,차대사람 - 기타,안전운전불이행,건조,맑음,단일로 - 기타,화물,남,48세,상해없음,보행자,여,48세,경상
2012021600100372,2012년 2월 16일 18시,목요일,전라남도 무안군 일로읍,경상사고,0,0,1,0,차대차 - 기타,안전운전불이행,건조,맑음,단일로 - 기타,승용,남,44세,경상,화물,남,54세,상해없음
2012021600100406,2012년 2월 16일 19시,목요일,전라남도 여수시 문수동,경상사고,0,0,1,0,차대차 - 측면직각충돌,교차로운행방법위반,건조,맑음,교차로 - 교차로안,승용,남,36세,상해없음,이륜,남,19세,경상
2012021600100407,2012년 2월 16일 19시,목요일,전라남도 강진군 강진읍,경상사고,0,0,3,0,차대차 - 측면직각충돌,직진우회전진행방해,건조,맑음,교차로 - 교차로안,승용,남,20세,상해없음,화물,남,58세,경상
2012021600100408,2012년 2월 16일 19시,목요일,전라남도 담양군 담양읍,경상사고,0,0,2,0,차대차 - 측면직각충돌,안전운전불이행,건조,맑음,단일로 - 기타,승용,여,38세,상해없음,승용,남,62세,경상
2012021600100409,2012년 2월 16일 19시,목요일,전라남도 광양시 도이동,경상사고,0,0,1,0,차대차 - 기타,직진우회전진행방해,건조,맑음,교차로 - 교차로부근,특수,남,41세,상해없음,이륜,남,41세,경상
2012021600100410,2012년 2월 16일 19시,목요일,전라남도 구례군 구례읍,경상사고,0,0,2,0,차대차 - 측면직각충돌,교차로운행방법위반,건조,맑음,교차로 - 교차로안,승용,남,44세,상해없음,승용,여,43세,경상
2012021600100507,2012년 2월 16일 22시,목요일,전라남도 여수시 미평동,경상사고,0,0,1,0,차대차 - 추돌 - 주정차중,안전운전불이행,건조,맑음,교차로 - 교차로안,승용,남,33세,상해없음,승용,여,37세,경상
2012021700100031,2012년 2월 17일 01시,금요일,전라남도 순천시 조례동,경상사고,0,0,1,0,차대차 - 측면직각충돌,신호위반,건조,맑음,교차로 - 교차로안,승용,남,58세,상해없음,승용,여,40세,경상
2012021700100090,2012년 2월 17일 06시,금요일,전라남도 목포시 연산동,경상사고,0,0,1,0,차대차 - 측면직각충돌,중앙선침범,적설,눈,단일로 - 기타,화물,남,60세,상해없음,화물,남,53세,경상
2012021700100102,2012년 2월 17일 07시,금요일,전라남도 영암군 삼호읍,경상사고,0,0,1,0,차대차 - 측면직각충돌,안전운전불이행,습기,흐림,단일로 - 기타,화물,남,41세,상해없음,승용,남,29세,경상
2012021700100103,2012년 2월 17일 07시,금요일,전라남도 무안군 일로읍,경상사고,0,0,1,0,차량단독 - 기타,안전운전불이행,적설,눈,단일로 - 기타,승용,남,27세,경상,,,,
2012021700100128,2012년 2월 17일 08시,금요일,전라남도 목포시 옥암동,경상사고,0,0,4,0,차대차 - 추돌 - 주정차중,안전운전불이행,결빙,흐림,교차로 - 교차로부근,승용,남,50세,경상,승용,여,25세,경상
2012021700100129,2012년 2월 17일 08시,금요일,전라남도 영암군 군서면,중상사고,0,1,0,0,차대사람 - 길가장자리구역통행중,중앙선침범,결빙,눈,단일로 - 기타,승용,여,29세,상해없음,보행자,남,64세,중상
2012021700100130,2012년 2월 17일 08시,금요일,전라남도 장성군 장성읍,경상사고,0,0,2,0,차대차 - 측면직각충돌,중앙선침범,결빙,맑음,단일로 - 기타,승용,여,38세,경상,승용,남,52세,경상
2012021700100131,2012년 2월 17일 08시,금요일,전라남도 장성군 장성읍,경상사고,0,0,1,0,차대차 - 추돌 - 주정차중,안전운전불이행,결빙,맑음,단일로 - 기타,화물,남,30세,상해없음,승용,남,59세,경상
2012021700100132,2012년 2월 17일 08시,금요일,전라남도 곡성군 석곡면,중상사고,0,3,2,0,차대차 - 정면충돌,중앙선침범,적설,눈,기타 - 기타,승용,남,46세,경상,승용,남,42세,중상
2012021700100149,2012년 2월 17일 09시,금요일,전라남도 목포시 용해동,경상사고,0,0,1,0,차대차 - 측면직각충돌,중앙선침범,습기,흐림,단일로 - 기타,승용,남,42세,상해없음,승용,여,40세,경상
2012021700100150,2012년 2월 17일 09시,금요일,전라남도 강진군 성전면,중상사고,0,1,0,0,차대차 - 기타,안전운전불이행,결빙,눈,단일로 - 기타,승합,여,33세,상해없음,승용,남,47세,중상
2012021700100176,2012년 2월 17일 10시,금요일,전라남도 영암군 삼호읍,중상사고,0,1,0,0,차대차 - 측면직각충돌,신호위반,건조,흐림,교차로 - 교차로안,화물,남,46세,상해없음,화물,남,50세,중상
2012021700100205,2012년 2월 17일 12시,금요일,전라남도 진도군 군내면,사망사고,1,0,0,0,차량단독 - 기타,안전운전불이행,건조,흐림,단일로 - 기타,이륜,남,63세,사망,,,,
2012021700100206,2012년 2월 17일 12시,금요일,전라남도 광양시 태인동,경상사고,0,0,5,0,차대차 - 측면직각충돌,안전운전불이행,건조,맑음,단일로 - 교량,건설기계,남,38세,상해없음,승용,남,43세,경상
2012021700100229,2012년 2월 17일 13시,금요일,전라남도 담양군 용면,경상사고,0,0,1,0,차대차 - 정면충돌,중앙선침범,건조,맑음,단일로 - 기타,승용,남,18세,상해없음,승용,남,44세,경상
2012021700100251,2012년 2월 17일 14시,금요일,전라남도 순천시 석현동,중상사고,0,1,0,0,차대사람 - 길가장자리구역통행중,안전운전불이행,건조,맑음,단일로 - 기타,승용,기타불명,기타불명,기타불명,보행자,남,15세,중상
2012021700100277,2012년 2월 17일 15시,금요일,전라남도 순천시 연향동,경상사고,0,0,1,0,차대사람 - 기타,안전운전불이행,건조,맑음,단일로 - 기타,승합,남,42세,상해없음,보행자,남,66세,경상
2012021700100278,2012년 2월 17일 15시,금요일,전라남도 화순군 동복면,중상사고,0,1,1,0,차대차 - 기타,교차로운행방법위반,건조,맑음,교차로 - 교차로안,승용,남,23세,상해없음,원동기,남,43세,중상
2012021700100279,2012년 2월 17일 15시,금요일,전라남도 광양시 광양읍,중상사고,0,1,0,0,차대차 - 측면직각충돌,신호위반,건조,맑음,교차로 - 교차로안,승용,여,43세,상해없음,승용,여,64세,중상
2012021700100307,2012년 2월 17일 16시,금요일,전라남도 해남군 해남읍,경상사고,0,0,2,0,차대차 - 기타,중앙선침범,건조,맑음,단일로 - 기타,승합,남,33세,상해없음,승용,남,55세,경상
2012021700100328,2012년 2월 17일 17시,금요일,전라남도 해남군 마산면,중상사고,0,1,2,0,차대차 - 기타,안전운전불이행,건조,맑음,단일로 - 기타,화물,여,43세,중상,화물,남,32세,경상
2012021700100329,2012년 2월 17일 17시,금요일,전라남도 영광군 대마면,경상사고,0,0,1,0,차대차 - 정면충돌,중앙선침범,건조,맑음,단일로 - 기타,승용,남,28세,상해없음,승용,남,56세,경상
2012021700100387,2012년 2월 17일 19시,금요일,전라남도 여수시 봉강동,경상사고,0,0,2,0,차대차 - 추돌 - 주정차중,안전운전불이행,건조,맑음,교차로 - 교차로부근,승합,남,55세,상해없음,승합,남,28세,상해없음
2012021700100388,2012년 2월 17일 19시,금요일,전라남도 장흥군 부산면,중상사고,0,1,0,0,차대사람 - 횡단중,안전운전불이행,건조,맑음,교차로 - 교차로안,승용,남,59세,상해없음,보행자,여,81세,중상
2012021700100389,2012년 2월 17일 19시,금요일,전라남도 광양시 광영동,경상사고,0,0,1,0,차대차 - 추돌 - 진행중,안전운전불이행,건조,맑음,단일로 - 기타,승합,남,56세,상해없음,승용,여,32세,경상
2012021700100413,2012년 2월 17일 20시,금요일,전라남도 순천시 풍덕동,중상사고,0,1,1,0,차대사람 - 횡단중,보행자보호의무위반,건조,맑음,단일로 - 기타,승용,남,56세,상해없음,보행자,남,62세,중상
2012021700100464,2012년 2월 17일 22시,금요일,전라남도 목포시 산정동,부상신고사고,0,0,0,1,차대사람 - 기타,안전운전불이행,결빙,눈,단일로 - 기타,기타불명,기타불명,기타불명,기타불명,보행자,남,53세,부상신고
2012021700100465,2012년 2월 17일 22시,금요일,전라남도 여수시 문수동,경상사고,0,0,1,0,차대차 - 추돌 - 진행중,안전운전불이행,건조,맑음,단일로 - 기타,승용,남,36세,상해없음,승용,남,34세,경상
2012021700100466,2012년 2월 17일 22시,금요일,전라남도 영암군 삼호읍,경상사고,0,0,2,0,차대차 - 측면직각충돌,안전운전불이행,결빙,흐림,단일로 - 기타,화물,남,52세,상해없음,승용,남,25세,상해없음
2012021700100502,2012년 2월 17일 23시,금요일,전라남도 목포시 영해동1가,경상사고,0,0,5,0,차대차 - 정면충돌,중앙선침범,결빙,눈,교차로 - 교차로부근,승용,남,31세,경상,승용,남,54세,경상
2012021700100503,2012년 2월 17일 23시,금요일,전라남도 순천시 동외동,부상신고사고,0,0,0,1,차대차 - 기타,직진우회전진행방해,건조,맑음,교차로 - 교차로안,승용,남,26세,상해없음,승용,남,52세,부상신고
2012021700100504,2012년 2월 17일 23시,금요일,전라남도 광양시 중동,경상사고,0,0,1,0,차대사람 - 기타,안전운전불이행,건조,맑음,단일로 - 기타,화물,남,43세,상해없음,보행자,남,37세,경상
2012021800100021,2012년 2월 18일 00시,토요일,전라남도 강진군 칠량면,중상사고,0,1,1,0,차대차 - 정면충돌,안전운전불이행,기타,기타,단일로 - 기타,화물,남,38세,상해없음,승용,남,70세,경상
2012021800100052,2012년 2월 18일 01시,토요일,전라남도 영광군 영광읍,부상신고사고,0,0,0,1,차량단독 - 공작물충돌,안전운전불이행,적설,맑음,단일로 - 기타,승용,여,39세,부상신고,,,,
2012021800100053,2012년 2월 18일 01시,토요일,전라남도 무안군 청계면,중상사고,0,1,0,0,차량단독 - 공작물충돌,안전운전불이행,적설,눈,단일로 - 기타,승용,여,39세,중상,,,,
2012021800100114,2012년 2월 18일 05시,토요일,전라남도 목포시 상동,경상사고,0,0,1,0,차대차 - 측면직각충돌,신호위반,결빙,흐림,교차로 - 교차로안,화물,남,51세,상해없음,승용,남,29세,경상
2012021800100160,2012년 2월 18일 08시,토요일,전라남도 담양군 담양읍,경상사고,0,0,2,0,차대차 - 측면직각충돌,신호위반,결빙,눈,교차로 - 교차로안,화물,남,45세,상해없음,승용,여,39세,경상
2012021800100181,2012년 2월 18일 09시,토요일,전라남도 장성군 삼서면,부상신고사고,0,0,0,1,차대차 - 측면직각충돌,안전운전불이행,적설,눈,교차로 - 교차로부근,화물,남,47세,상해없음,승용,남,35세,부상신고
2012021800100194,2012년 2월 18일 10시,토요일,전라남도 여수시 충무동,경상사고,0,0,1,0,차대사람 - 기타,안전운전불이행,건조,맑음,교차로 - 교차로부근,화물,여,46세,상해없음,보행자,남,71세,경상
2012021800100224,2012년 2월 18일 11시,토요일,전라남도 순천시 연향동,경상사고,0,0,1,0,차대사람 - 횡단중,안전운전불이행,건조,맑음,기타 - 기타,승용,남,25세,상해없음,보행자,남,50세,경상
2012021800100225,2012년 2월 18일 11시,토요일,전라남도 나주시 다시면,중상사고,0,1,3,0,차대차 - 측면직각충돌,직진우회전진행방해,건조,맑음,교차로 - 교차로안,승용,남,37세,경상,승용,남,45세,경상
2012021800100226,2012년 2월 18일 11시,토요일,전라남도 나주시 성북동,경상사고,0,0,3,0,차대차 - 추돌 - 주정차중,안전거리미확보,건조,맑음,교차로 - 교차로부근,승합,남,26세,상해없음,승용,여,50세,경상
2012021800100248,2012년 2월 18일 12시,토요일,전라남도 여수시 교동,중상사고,0,1,0,0,차대차 - 기타,보행자보호의무위반,건조,맑음,단일로 - 횡단보도상,승용,여,56세,상해없음,승용,남,48세,상해없음
2012021800100249,2012년 2월 18일 12시,토요일,전라남도 해남군 황산면,경상사고,0,0,2,0,차대차 - 기타,직진우회전진행방해,건조,맑음,교차로 - 교차로안,승용,여,45세,경상,승합,남,69세,경상
2012021800100272,2012년 2월 18일 13시,토요일,전라남도 진도군 군내면,중상사고,0,5,0,0,차대차 - 정면충돌,중앙선침범,습기,맑음,단일로 - 기타,승용,남,49세,상해없음,승용,여,30세,중상
2012021800100273,2012년 2월 18일 13시,토요일,전라남도 진도군 군내면,중상사고,0,1,1,0,차대차 - 기타,안전운전불이행,결빙,맑음,단일로 - 터널,화물,남,53세,경상,승용,남,43세,상해없음
2012021800100299,2012년 2월 18일 14시,토요일,전라남도 영암군 덕진면,중상사고,0,1,4,0,차대차 - 추돌 - 진행중,안전운전불이행,건조,맑음,단일로 - 기타,화물,남,46세,경상,승용,남,54세,경상
2012021800100324,2012년 2월 18일 15시,토요일,전라남도 무안군 해제면,중상사고,0,2,1,0,차대차 - 기타,중앙선침범,결빙,맑음,단일로 - 기타,화물,여,37세,경상,화물,남,53세,중상
2012021800100384,2012년 2월 18일 17시,토요일,전라남도 여수시 화장동,경상사고,0,0,1,0,차대사람 - 길가장자리구역통행중,안전운전불이행,건조,맑음,단일로 - 기타,기타불명,기타불명,기타불명,기타불명,보행자,남,12세,경상
2012021800100417,2012년 2월 18일 18시,토요일,전라남도 목포시 용당동,경상사고,0,0,1,0,차대차 - 측면직각충돌,안전거리미확보,적설,흐림,단일로 - 기타,승용,남,55세,상해없음,승용,남,29세,경상
2012021800100418,2012년 2월 18일 18시,토요일,전라남도 영암군 영암읍,경상사고,0,0,4,0,차대차 - 측면직각충돌,중앙선침범,건조,맑음,단일로 - 기타,승용,남,52세,상해없음,승용,남,40세,경상
2012021800100419,2012년 2월 18일 18시,토요일,전라남도 영암군 학산면,중상사고,0,1,0,0,차대사람 - 길가장자리구역통행중,안전운전불이행,건조,맑음,교차로 - 교차로부근,화물,남,37세,상해없음,보행자,여,62세,중상
2012021800100494,2012년 2월 18일 20시,토요일,전라남도 여수시 율촌면,중상사고,0,2,2,0,차대차 - 기타,안전운전불이행,건조,맑음,단일로 - 기타,승용,남,51세,중상,승용,여,40세,기타불명
2012021800100523,2012년 2월 18일 21시,토요일,전라남도 여수시 신기동,경상사고,0,0,1,0,차대차 - 기타,안전거리미확보,건조,맑음,단일로 - 기타,승용,남,39세,상해없음,원동기,남,16세,상해없음
2012021800100524,2012년 2월 18일 21시,토요일,전라남도 여수시 소호동,경상사고,0,0,1,0,차대사람 - 기타,안전운전불이행,건조,맑음,단일로 - 기타,승용,남,63세,상해없음,보행자,남,17세,경상
2012021800100525,2012년 2월 18일 21시,토요일,전라남도 여수시 문수동,경상사고,0,0,1,0,차대차 - 측면직각충돌,교차로운행방법위반,건조,맑음,교차로 - 교차로안,승용,남,51세,상해없음,이륜,남,44세,경상
2012021900100015,2012년 2월 19일 00시,일요일,전라남도 여수시 둔덕동,중상사고,0,1,1,0,차대차 - 기타,신호위반,건조,맑음,교차로 - 교차로안,승용,남,18세,중상,승용,남,43세,경상
2012021900100044,2012년 2월 19일 01시,일요일,전라남도 여수시 율촌면,경상사고,0,0,1,0,차량단독 - 기타,안전운전불이행,건조,맑음,단일로 - 기타,승용,여,31세,경상,,,,
2012021900100063,2012년 2월 19일 02시,일요일,전라남도 여수시 웅천동,중상사고,0,1,0,0,차량단독 - 공작물충돌,안전운전불이행,건조,맑음,단일로 - 기타,승용,남,50세,중상,,,,
2012021900100085,2012년 2월 19일 04시,일요일,전라남도 순천시 해룡면,경상사고,0,0,1,0,차량단독 - 전도전복,안전운전불이행,건조,맑음,교차로 - 교차로부근,승용,남,20세,경상,,,,
2012021900100094,2012년 2월 19일 05시,일요일,전라남도 목포시 상동,경상사고,0,0,4,0,차대차 - 추돌 - 진행중,안전운전불이행,적설,눈,단일로 - 기타,승용,남,29세,상해없음,승용,남,50세,경상
2012021900100111,2012년 2월 19일 07시,일요일,전라남도 곡성군 목사동면,중상사고,0,1,0,0,차량단독 - 기타,안전운전불이행,기타,맑음,단일로 - 기타,승용,남,53세,상해없음,,,,
2012021900100125,2012년 2월 19일 08시,일요일,전라남도 나주시 대기동,경상사고,0,0,1,0,차대차 - 정면충돌,안전운전불이행,결빙,눈,기타 - 기타,승용,남,37세,경상,승합,남,60세,상해없음
2012021900100126,2012년 2월 19일 08시,일요일,전라남도 무안군 청계면,경상사고,0,0,1,0,차대차 - 정면충돌,안전운전불이행,적설,맑음,단일로 - 기타,승용,남,30세,상해없음,화물,남,58세,경상
2012021900100174,2012년 2월 19일 11시,일요일,전라남도 고흥군 금산면,중상사고,0,1,2,0,차대차 - 측면직각충돌,교차로운행방법위반,건조,맑음,교차로 - 교차로안,승용,남,68세,상해없음,승용,남,37세,경상
2012021900100205,2012년 2월 19일 13시,일요일,전라남도 영암군 학산면,경상사고,0,0,1,1,차대차 - 측면직각충돌,안전운전불이행,건조,맑음,단일로 - 기타,원동기,남,80세,경상,승용,남,34세,상해없음
2012021900100251,2012년 2월 19일 15시,일요일,전라남도 장성군 북일면,중상사고,0,1,0,1,차량단독 - 기타,안전운전불이행,건조,맑음,단일로 - 기타,화물,남,58세,부상신고,,,,
2012021900100278,2012년 2월 19일 16시,일요일,전라남도 광양시 중동,경상사고,0,0,1,0,차대차 - 측면직각충돌,중앙선침범,건조,맑음,단일로 - 기타,승용,남,43세,상해없음,승용,여,39세,경상
2012021900100309,2012년 2월 19일 17시,일요일,전라남도 장성군 북이면,경상사고,0,0,1,0,차대차 - 측면직각충돌,교차로운행방법위반,건조,맑음,교차로 - 교차로안,승용,남,50세,상해없음,원동기,남,73세,경상
2012021900100357,2012년 2월 19일 19시,일요일,전라남도 순천시 조례동,경상사고,0,0,1,0,차대차 - 기타,직진우회전진행방해,건조,맑음,교차로 - 교차로안,승용,남,52세,상해없음,원동기,남,16세,경상
2012021900100388,2012년 2월 19일 20시,일요일,전라남도 목포시 상동,경상사고,0,0,1,0,차량단독 - 전도전복,안전운전불이행,건조,맑음,단일로 - 기타,승용,남,51세,상해없음,,,,
2012021900100389,2012년 2월 19일 20시,일요일,전라남도 여수시 화장동,중상사고,0,1,0,0,차대사람 - 횡단중,신호위반,건조,맑음,교차로 - 교차로안,승용,남,18세,상해없음,보행자,여,39세,중상
2012021900100390,2012년 2월 19일 20시,일요일,전라남도 장흥군 대덕읍,중상사고,0,1,0,0,차대사람 - 길가장자리구역통행중,안전운전불이행,건조,맑음,단일로 - 교량,승용,남,51세,상해없음,보행자,여,66세,중상
2012021900100426,2012년 2월 19일 21시,일요일,전라남도 여수시 돌산읍,경상사고,0,0,3,0,차대차 - 추돌 - 진행중,안전운전불이행,건조,맑음,단일로 - 기타,승합,남,49세,상해없음,승용,남,31세,경상
2012021900100427,2012년 2월 19일 21시,일요일,전라남도 순천시 덕월동,중상사고,0,1,0,0,차대사람 - 차도통행중,안전운전불이행,건조,맑음,단일로 - 기타,승용,남,49세,상해없음,보행자,여,64세,중상
2012021900100450,2012년 2월 19일 22시,일요일,전라남도 영암군 삼호읍,경상사고,0,0,1,0,차량단독 - 공작물충돌,안전운전불이행,건조,맑음,단일로 - 기타,승용,남,25세,경상,,,,
2012021900100480,2012년 2월 19일 23시,일요일,전라남도 광양시 광양읍,중상사고,0,1,0,0,차대차 - 측면직각충돌,안전운전불이행,건조,맑음,단일로 - 기타,원동기,남,30세,중상,화물,남,39세,기타불명
2012021900100481,2012년 2월 19일 23시,일요일,전라남도 광양시 금호동,경상사고,0,0,1,0,차대차 - 측면직각충돌,직진우회전진행방해,건조,맑음,교차로 - 교차로안,승용,여,37세,상해없음,승용,남,26세,경상
2012022000100086,2012년 2월 20일 07시,월요일,전라남도 완도군 완도읍,중상사고,0,1,0,0,차대차 - 추돌 - 진행중,안전운전불이행,건조,맑음,교차로 - 교차로안,이륜,남,66세,중상,승용,남,70세,상해없음
2012022000100120,2012년 2월 20일 08시,월요일,전라남도 순천시 왕지동,중상사고,0,1,0,0,차대차 - 기타,안전운전불이행,건조,맑음,교차로 - 교차로안,승용,여,34세,상해없음,자전거,남,75세,중상
2012022000100121,2012년 2월 20일 08시,월요일,전라남도 해남군 해남읍,중상사고,0,1,0,0,차대차 - 측면직각충돌,교차로운행방법위반,건조,맑음,교차로 - 교차로안,승용,남,37세,상해없음,승용,여,31세,중상
2012022000100122,2012년 2월 20일 08시,월요일,전라남도 광양시 마동,중상사고,0,1,0,0,차대차 - 측면직각충돌,신호위반,건조,맑음,교차로 - 교차로안,승합,남,40세,상해없음,원동기,미분류,기타불명,기타불명
2012022000100176,2012년 2월 20일 10시,월요일,전라남도 담양군 담양읍,경상사고,0,0,2,0,차대차 - 측면직각충돌,안전운전불이행,건조,맑음,교차로 - 교차로안,승용,남,59세,상해없음,승용,여,55세,경상
2012022000100204,2012년 2월 20일 11시,월요일,전라남도 순천시 연향동,경상사고,0,0,1,0,차대차 - 추돌 - 진행중,안전운전불이행,건조,맑음,단일로 - 횡단보도부근,승용,여,40세,상해없음,승용,남,32세,경상
2012022000100205,2012년 2월 20일 11시,월요일,전라남도 무안군 삼향읍,경상사고,0,0,1,0,차대사람 - 기타,안전운전불이행,건조,맑음,단일로 - 기타,화물,남,25세,상해없음,보행자,남,38세,경상
2012022000100227,2012년 2월 20일 12시,월요일,전라남도 목포시 산정동,중상사고,0,1,0,0,차대사람 - 기타,안전운전불이행,건조,맑음,단일로 - 기타,승용,남,32세,상해없음,보행자,남,64세,중상
2012022000100228,2012년 2월 20일 12시,월요일,전라남도 고흥군 풍양면,경상사고,0,0,1,0,차대차 - 추돌 - 진행중,안전운전불이행,건조,맑음,기타 - 기타,화물,남,59세,상해없음,농기계,남,40세,상해없음
2012022000100229,2012년 2월 20일 12시,월요일,전라남도 장성군 장성읍,경상사고,0,0,1,0,차대차 - 측면직각충돌,교차로운행방법위반,건조,맑음,교차로 - 교차로안,승용,남,47세,상해없음,화물,남,44세,경상
2012022000100254,2012년 2월 20일 13시,월요일,전라남도 나주시 용산동,중상사고,0,1,0,0,차대사람 - 횡단중,안전운전불이행,건조,맑음,단일로 - 기타,승용,남,45세,상해없음,보행자,여,77세,중상
2012022000100280,2012년 2월 20일 14시,월요일,전라남도 나주시 남평읍,경상사고,0,0,1,0,차대차 - 측면직각충돌,직진우회전진행방해,건조,맑음,교차로 - 교차로안,승용,남,56세,상해없음,자전거,남,52세,경상
2012022000100312,2012년 2월 20일 15시,월요일,전라남도 목포시 상동,경상사고,0,0,1,0,차대차 - 기타,안전운전불이행,건조,맑음,단일로 - 기타,승용,여,49세,상해없음,승용,남,44세,경상
2012022000100313,2012년 2월 20일 15시,월요일,전라남도 강진군 신전면,경상사고,0,0,2,0,차량단독 - 도로외이탈 - 추락,안전운전불이행,건조,맑음,단일로 - 기타,화물,남,72세,경상,,,,
2012022000100342,2012년 2월 20일 16시,월요일,전라남도 목포시 연산동,중상사고,0,1,1,0,차대사람 - 횡단중,보행자보호의무위반,건조,맑음,단일로 - 횡단보도상,승용,남,48세,상해없음,보행자,여,16세,중상
2012022000100343,2012년 2월 20일 16시,월요일,전라남도 영암군 도포면,경상사고,0,0,1,0,차대사람 - 길가장자리구역통행중,안전운전불이행,건조,맑음,단일로 - 기타,승합,남,41세,상해없음,보행자,여,61세,경상
2012022000100369,2012년 2월 20일 17시,월요일,전라남도 순천시 연향동,경상사고,0,0,1,0,차대차 - 측면직각충돌,안전운전불이행,건조,맑음,단일로 - 기타,승용,여,33세,상해없음,이륜,남,17세,경상
2012022000100370,2012년 2월 20일 17시,월요일,전라남도 화순군 화순읍,경상사고,0,0,2,0,차대사람 - 길가장자리구역통행중,안전운전불이행,건조,맑음,기타 - 기타,승용,여,50세,상해없음,보행자,여,55세,경상
2012022000100399,2012년 2월 20일 18시,월요일,전라남도 영암군 삼호읍,경상사고,0,0,1,0,차대차 - 정면충돌,신호위반,건조,맑음,교차로 - 교차로안,승용,남,23세,상해없음,화물,남,56세,경상
2012022000100400,2012년 2월 20일 18시,월요일,전라남도 담양군 대전면,경상사고,0,0,1,0,차대사람 - 차도통행중,안전운전불이행,건조,맑음,단일로 - 기타,승용,남,43세,상해없음,보행자,남,66세,경상
2012022000100443,2012년 2월 20일 19시,월요일,전라남도 여수시 충무동,중상사고,0,1,0,0,차대사람 - 횡단중,보행자보호의무위반,건조,맑음,단일로 - 횡단보도상,승용,남,39세,상해없음,보행자,여,57세,중상
2012022000100444,2012년 2월 20일 19시,월요일,전라남도 함평군 엄다면,사망사고,1,0,0,0,차대차 - 추돌 - 진행중,안전운전불이행,건조,맑음,단일로 - 기타,특수,남,21세,상해없음,자전거,남,78세,사망
2012022000100482,2012년 2월 20일 20시,월요일,전라남도 영암군 삼호읍,부상신고사고,0,0,0,1,차대차 - 측면직각충돌,교차로운행방법위반,건조,맑음,교차로 - 교차로안,승용,남,27세,상해없음,승합,남,53세,부상신고
2012022000100483,2012년 2월 20일 20시,월요일,전라남도 장성군 삼계면,경상사고,0,0,1,0,차대차 - 추돌 - 주정차중,기타,건조,맑음,단일로 - 기타,승용,남,50세,상해없음,승용,남,56세,경상
2012022000100525,2012년 2월 20일 21시,월요일,전라남도 여수시 봉계동,경상사고,0,0,2,0,차대차 - 추돌 - 진행중,안전운전불이행,건조,맑음,단일로 - 기타,승용,남,31세,상해없음,화물,남,31세,경상
2012022000100571,2012년 2월 20일 22시,월요일,전라남도 장흥군 장흥읍,중상사고,0,1,3,0,차대차 - 측면직각충돌,안전운전불이행,건조,맑음,교차로 - 교차로부근,화물,남,31세,상해없음,원동기,남,17세,경상
2012022100100046,2012년 2월 21일 01시,화요일,전라남도 광양시 옥룡면,사망사고,1,1,0,0,차량단독 - 공작물충돌,안전운전불이행,건조,맑음,단일로 - 기타,화물,남,68세,중상,,,,