사고번호,사고일시,요일,시군구,사고내용,사망자수,중상자수,경상자수,부상신고자수,사고유형,법규위반,노면상태,기상상태,도로형태,가해운전자 차종,가해운전자 성별,가해운전자 연령,가해운전자 상해정도,피해운전자 차종,피해운전자 성별,피해운전자 연령,피해운전자 상해정도
2012022600100255,2012년 2월 26일 17시,일요일,전라남도 광양시 광양읍,경상사고,0,0,2,0,차대차 - 추돌 - 주정차중,안전거리미확보,건조,맑음,교차로 - 교차로부근,건설기계,남,43세,상해없음,승용,여,24세,경상
2012022600100279,2012년 2월 26일 18시,일요일,전라남도 순천시 조례동,중상사고,0,1,0,0,차대차 - 측면직각충돌,안전운전불이행,건조,맑음,교차로 - 교차로안,이륜,남,16세,중상,승용,여,47세,상해없음
2012022700100065,2012년 2월 27일 06시,월요일,전라남도 목포시 용당동,경상사고,0,0,1,0,차대차 - 추돌 - 주정차중,안전운전불이행,건조,맑음,교차로 - 교차로부근,승용,남,52세,상해없음,승용,남,50세,경상
2012022700100066,2012년 2월 27일 06시,월요일,전라남도 목포시 상동,중상사고,0,1,2,0,차대차 - 측면직각충돌,신호위반,건조,맑음,교차로 - 교차로안,승용,남,22세,경상,승용,남,42세,중상
2012022700100067,2012년 2월 27일 06시,월요일,전라남도 여수시 소라면,중상사고,0,1,0,0,차대차 - 측면직각충돌,안전거리미확보,건조,맑음,단일로 - 기타,승용,남,34세,상해없음,승용,남,59세,중상
2012022700100080,2012년 2월 27일 07시,월요일,전라남도 무안군 무안읍,중상사고,0,1,0,0,차대차 - 기타,직진우회전진행방해,건조,맑음,교차로 - 교차로안,승용,남,64세,상해없음,원동기,남,38세,중상
2012022700100180,2012년 2월 27일 11시,월요일,전라남도 나주시 동수동,경상사고,0,0,2,0,차대차 - 측면직각충돌,안전거리미확보,건조,맑음,단일로 - 기타,화물,남,37세,상해없음,승용,여,25세,경상
2012022700100204,2012년 2월 27일 12시,월요일,전라남도 여수시 여서동,경상사고,0,0,1,0,차대차 - 측면직각충돌,안전거리미확보,건조,맑음,단일로 - 기타,화물,남,57세,상해없음,승용,남,39세,경상
2012022700100205,2012년 2월 27일 12시,월요일,전라남도 영암군 영암읍,경상사고,0,0,1,0,차대사람 - 차도통행중,안전운전불이행,건조,맑음,교차로 - 교차로안,승용,여,54세,상해없음,보행자,남,65세,경상
2012022700100239,2012년 2월 27일 13시,월요일,전라남도 여수시 학동,경상사고,0,0,2,0,차대차 - 측면직각충돌,신호위반,건조,맑음,교차로 - 교차로안,승용,남,64세,상해없음,승용,여,51세,경상
2012022700100261,2012년 2월 27일 14시,월요일,전라남도 고흥군 남양면,경상사고,0,0,2,0,차대차 - 측면직각충돌,안전운전불이행,건조,맑음,단일로 - 기타,화물,여,40세,상해없음,화물,남,52세,경상
2012022700100262,2012년 2월 27일 14시,월요일,전라남도 고흥군 남양면,경상사고,0,0,1,0,차대차 - 측면직각충돌,중앙선침범,건조,맑음,단일로 - 기타,화물,남,68세,상해없음,이륜,남,74세,경상
2012022700100290,2012년 2월 27일 15시,월요일,전라남도 목포시 동명동,중상사고,0,1,0,0,차대사람 - 횡단중,안전운전불이행,건조,맑음,교차로 - 교차로안,승용,남,50세,상해없음,보행자,여,61세,중상
2012022700100291,2012년 2월 27일 15시,월요일,전라남도 여수시 여서동,중상사고,0,1,0,0,차대차 - 추돌 - 주정차중,안전운전불이행,건조,맑음,단일로 - 기타,화물,남,69세,상해없음,승용,여,52세,중상
2012022700100292,2012년 2월 27일 15시,월요일,전라남도 여수시 덕충동,경상사고,0,0,1,0,차량단독 - 기타,안전운전불이행,건조,맑음,단일로 - 기타,승합,남,47세,상해없음,,,,
2012022700100293,2012년 2월 27일 15시,월요일,전라남도 강진군 군동면,중상사고,0,1,0,0,차대차 - 측면직각충돌,안전운전불이행,건조,맑음,단일로 - 기타,승용,남,28세,상해없음,자전거,여,60세,중상
2012022700100294,2012년 2월 27일 15시,월요일,전라남도 담양군 고서면,중상사고,0,1,0,0,차량단독 - 전도전복,안전운전불이행,건조,맑음,단일로 - 기타,원동기,남,53세,중상,,,,
2012022700100295,2012년 2월 27일 15시,월요일,전라남도 광양시 중동,경상사고,0,0,1,1,차대차 - 측면직각충돌,직진우회전진행방해,건조,맑음,단일로 - 기타,승용,여,37세,부상신고,승용,남,26세,경상
2012022700100326,2012년 2월 27일 16시,월요일,전라남도 강진군 강진읍,경상사고,0,0,1,0,차대차 - 측면직각충돌,신호위반,건조,맑음,단일로 - 기타,이륜,남,75세,경상,승용,여,36세,상해없음
2012022700100356,2012년 2월 27일 17시,월요일,전라남도 무안군 운남면,경상사고,0,0,1,0,차대차 - 추돌 - 진행중,안전운전불이행,건조,맑음,교차로 - 교차로안,승합,남,40세,상해없음,승용,남,51세,경상
2012022700100390,2012년 2월 27일 18시,월요일,전라남도 영광군 군남면,중상사고,0,1,0,0,차대차 - 정면충돌,안전운전불이행,건조,맑음,교차로 - 교차로안,승용,여,52세,상해없음,원동기,남,45세,중상
2012022700100391,2012년 2월 27일 18시,월요일,전라남도 함평군 나산면,중상사고,0,1,0,0,차량단독 - 공작물충돌,안전운전불이행,건조,맑음,단일로 - 기타,승용,남,50세,중상,,,,
2012022700100422,2012년 2월 27일 19시,월요일,전라남도 목포시 용당동,경상사고,0,0,1,0,차대차 - 측면직각충돌,안전운전불이행,건조,맑음,단일로 - 기타,승용,남,59세,상해없음,이륜,남,17세,경상
2012022700100423,2012년 2월 27일 19시,월요일,전라남도 광양시 금호동,중상사고,0,1,0,0,차대사람 - 기타,안전운전불이행,건조,맑음,단일로 - 기타,승용,남,45세,상해없음,보행자,여,44세,중상
2012022700100464,2012년 2월 27일 20시,월요일,전라남도 여수시 선원동,경상사고,0,0,4,0,차대차 - 측면직각충돌,신호위반,건조,맑음,교차로 - 교차로안,승용,여,34세,경상,승용,남,32세,경상
2012022700100522,2012년 2월 27일 22시,월요일,전라남도 목포시 상동,경상사고,0,0,1,0,차대차 - 측면직각충돌,신호위반,건조,맑음,교차로 - 교차로안,승용,남,27세,상해없음,원동기,남,16세,경상
2012022700100523,2012년 2월 27일 22시,월요일,전라남도 여수시 학동,경상사고,0,0,2,0,차대차 - 측면직각충돌,신호위반,건조,맑음,교차로 - 교차로안,승용,남,43세,상해없음,승용,남,35세,경상
2012022700100546,2012년 2월 27일 23시,월요일,전라남도 목포시 상동,경상사고,0,0,4,0,차대차 - 정면충돌,교차로운행방법위반,건조,맑음,교차로 - 교차로부근,승용,여,52세,경상,승용,남,30세,경상
2012022700100547,2012년 2월 27일 23시,월요일,전라남도 장흥군 관산읍,경상사고,0,0,1,0,차량단독 - 공작물충돌,안전운전불이행,건조,맑음,단일로 - 기타,승용,남,36세,경상,,,,
2012022800100015,2012년 2월 28일 00시,화요일,전라남도 해남군 현산면,경상사고,0,0,1,0,차량단독 - 전도전복,안전운전불이행,건조,맑음,단일로 - 기타,승용,남,46세,경상,,,,
2012022800100030,2012년 2월 28일 01시,화요일,전라남도 여수시 화장동,중상사고,0,1,0,0,차대사람 - 기타,안전운전불이행,건조,맑음,기타 - 기타,승용,남,50세,기타불명,보행자,남,46세,중상
2012022800100068,2012년 2월 28일 05시,화요일,전라남도 여수시 신기동,중상사고,0,1,0,0,차대사람 - 보도통행중,보행자보호의무위반,건조,맑음,단일로 - 기타,화물,남,30세,상해없음,보행자,여,70세,중상
2012022800100077,2012년 2월 28일 06시,화요일,전라남도 영암군 영암읍,중상사고,0,1,0,0,차대차 - 측면직각충돌,직진우회전진행방해,건조,맑음,교차로 - 교차로안,원동기,남,55세,중상,승합,남,58세,상해없음
2012022800100130,2012년 2월 28일 09시,화요일,전라남도 순천시 연향동,경상사고,0,0,1,0,차대차 - 측면직각충돌,안전운전불이행,건조,맑음,단일로 - 기타,승용,여,43세,상해없음,승용,여,55세,경상
2012022800100150,2012년 2월 28일 10시,화요일,전라남도 함평군 대동면,중상사고,0,1,0,0,차대차 - 측면직각충돌,교차로운행방법위반,건조,맑음,교차로 - 교차로부근,이륜,남,79세,중상,화물,남,52세,상해없음
2012022800100195,2012년 2월 28일 12시,화요일,전라남도 순천시 황전면,경상사고,0,0,1,0,차대차 - 기타,안전운전불이행,건조,맑음,교차로 - 교차로부근,화물,남,50세,상해없음,승용,남,48세,경상
2012022800100196,2012년 2월 28일 12시,화요일,전라남도 보성군 벌교읍,경상사고,0,0,2,0,차대차 - 측면직각충돌,안전운전불이행,건조,맑음,교차로 - 교차로안,화물,남,57세,경상,승용,남,36세,경상
2012022800100219,2012년 2월 28일 13시,화요일,전라남도 순천시 연향동,경상사고,0,0,1,0,차대차 - 기타,안전운전불이행,건조,맑음,교차로 - 교차로안,승용,여,54세,상해없음,이륜,남,44세,경상
2012022800100235,2012년 2월 28일 14시,화요일,전라남도 진도군 군내면,경상사고,0,0,1,0,차대차 - 측면직각충돌,안전운전불이행,건조,맑음,단일로 - 기타,화물,남,50세,상해없음,원동기,남,75세,경상
2012022800100252,2012년 2월 28일 15시,화요일,전라남도 장성군 북하면,경상사고,0,0,1,0,차대차 - 기타,안전운전불이행,건조,맑음,교차로 - 교차로안,승용,여,39세,기타불명,자전거,남,72세,경상
2012022800100275,2012년 2월 28일 16시,화요일,전라남도 광양시 중동,경상사고,0,0,1,0,차대사람 - 횡단중,안전운전불이행,습기,비,단일로 - 기타,승용,남,60세,상해없음,보행자,남,14세,경상
2012022800100324,2012년 2월 28일 18시,화요일,전라남도 순천시 연향동,경상사고,0,0,2,0,차대차 - 추돌 - 주정차중,안전운전불이행,건조,맑음,단일로 - 기타,기타불명,기타불명,기타불명,기타불명,승용,남,19세,경상
2012022800100325,2012년 2월 28일 18시,화요일,전라남도 담양군 담양읍,경상사고,0,0,1,0,차량단독 - 공작물충돌,안전운전불이행,건조,맑음,교차로 - 교차로부근,승용,남,33세,경상,,,,
2012022800100360,2012년 2월 28일 19시,화요일,전라남도 목포시 연산동,경상사고,0,0,1,0,차대차 - 측면직각충돌,안전운전불이행,습기,흐림,교차로 - 교차로부근,화물,남,46세,상해없음,승용,여,57세,상해없음
2012022800100361,2012년 2월 28일 19시,화요일,전라남도 목포시 산정동,경상사고,0,0,2,0,차대차 - 측면직각충돌,직진우회전진행방해,습기,비,교차로 - 교차로안,승용,남,48세,상해없음,승용,남,59세,경상
2012022800100393,2012년 2월 28일 20시,화요일,전라남도 목포시 연산동,경상사고,0,0,1,0,차대사람 - 기타,안전운전불이행,습기,흐림,단일로 - 기타,승용,여,34세,상해없음,보행자,남,53세,경상
2012022800100394,2012년 2월 28일 20시,화요일,전라남도 여수시 소호동,경상사고,0,0,2,0,차대차 - 기타,교차로운행방법위반,건조,맑음,교차로 - 교차로안,승용,남,57세,상해없음,승용,여,41세,경상
2012022800100429,2012년 2월 28일 21시,화요일,전라남도 순천시 해룡면,경상사고,0,0,1,0,차대사람 - 기타,안전운전불이행,습기,비,단일로 - 횡단보도상,이륜,남,18세,상해없음,보행자,여,40세,경상
2012022800100452,2012년 2월 28일 22시,화요일,전라남도 여수시 학동,경상사고,0,0,3,0,차대차 - 정면충돌,중앙선침범,습기,흐림,단일로 - 기타,승용,남,27세,상해없음,승용,남,48세,경상
2012022800100485,2012년 2월 28일 23시,화요일,전라남도 여수시 돌산읍,경상사고,0,0,1,0,차대차 - 기타,안전운전불이행,습기,비,교차로 - 교차로안,승용,남,48세,상해없음,승용,여,32세,경상
2012022900100017,2012년 2월 29일 00시,수요일,전라남도 여수시 학동,경상사고,0,0,4,0,차대차 - 기타,중앙선침범,습기,흐림,교차로 - 교차로안,승용,남,60세,상해없음,승용,남,45세,경상
2012022900100018,2012년 2월 29일 00시,수요일,전라남도 보성군 미력면,경상사고,0,0,1,0,차대차 - 추돌 - 진행중,안전운전불이행,습기,안개,단일로 - 기타,승용,남,37세,상해없음,화물,남,53세,상해없음
2012022900100072,2012년 2월 29일 04시,수요일,전라남도 목포시 상동,경상사고,0,0,2,0,차대차 - 측면직각충돌,안전운전불이행,습기,흐림,단일로 - 기타,승용,남,28세,상해없음,승용,남,34세,상해없음
2012022900100084,2012년 2월 29일 05시,수요일,전라남도 여수시 신기동,경상사고,0,0,1,0,차대차 - 추돌 - 주정차중,안전운전불이행,건조,맑음,단일로 - 기타,승합,남,58세,상해없음,승용,여,41세,경상
2012022900100097,2012년 2월 29일 06시,수요일,전라남도 순천시 조례동,중상사고,0,1,0,0,차대차 - 기타,안전운전불이행,결빙,흐림,단일로 - 기타,승합,남,39세,중상,화물,남,54세,기타불명
2012022900100098,2012년 2월 29일 06시,수요일,전라남도 광양시 광양읍,경상사고,0,0,1,0,차대차 - 측면직각충돌,신호위반,건조,맑음,교차로 - 교차로안,승용,남,25세,상해없음,승용,남,29세,경상
2012022900100112,2012년 2월 29일 07시,수요일,전라남도 순천시 조례동,중상사고,0,1,0,0,차대사람 - 횡단중,안전운전불이행,건조,맑음,교차로 - 교차로부근,승용,남,39세,상해없음,보행자,여,43세,중상
2012022900100113,2012년 2월 29일 07시,수요일,전라남도 해남군 화원면,경상사고,0,0,1,0,차대사람 - 기타,안전운전불이행,결빙,맑음,기타 - 기타,승용,남,40세,상해없음,보행자,남,38세,경상
2012022900100114,2012년 2월 29일 07시,수요일,전라남도 보성군 벌교읍,경상사고,0,0,1,0,차대차 - 측면직각충돌,안전운전불이행,습기,흐림,교차로 - 교차로안,승용,남,36세,경상,화물,남,43세,상해없음
2012022900100115,2012년 2월 29일 07시,수요일,전라남도 영암군 학산면,중상사고,0,1,3,0,차량단독 - 공작물충돌,안전운전불이행,결빙,눈,단일로 - 기타,화물,남,58세,상해없음,,,,
2012022900100140,2012년 2월 29일 08시,수요일,전라남도 목포시 옥암동,경상사고,0,0,2,0,차대차 - 기타,교차로운행방법위반,습기,맑음,교차로 - 교차로안,승용,여,26세,경상,화물,여,53세,경상
2012022900100141,2012년 2월 29일 08시,수요일,전라남도 장흥군 장흥읍,경상사고,0,0,2,0,차대차 - 측면직각충돌,교차로운행방법위반,건조,맑음,교차로 - 교차로안,승용,여,30세,상해없음,승용,남,54세,경상
2012022900100160,2012년 2월 29일 09시,수요일,전라남도 순천시 풍덕동,경상사고,0,0,1,0,차대차 - 측면직각충돌,불법유턴,건조,맑음,단일로 - 기타,승용,남,59세,상해없음,이륜,남,70세,경상
2012022900100161,2012년 2월 29일 09시,수요일,전라남도 광양시 광양읍,중상사고,0,1,0,0,차대차 - 측면직각충돌,신호위반,건조,맑음,교차로 - 교차로안,승용,남,70세,상해없음,승용,여,51세,중상
2012022900100187,2012년 2월 29일 10시,수요일,전라남도 영광군 불갑면,경상사고,0,0,2,0,차대차 - 기타,기타,건조,맑음,교차로 - 교차로안,승용,여,66세,경상,승용,여,40세,경상
2012022900100209,2012년 2월 29일 11시,수요일,전라남도 나주시 남평읍,경상사고,0,0,1,0,차대차 - 측면직각충돌,직진우회전진행방해,건조,맑음,교차로 - 교차로안,승합,여,42세,경상,승용,남,57세,상해없음
2012022900100210,2012년 2월 29일 11시,수요일,전라남도 무안군 삼향읍,경상사고,0,0,7,0,차대차 - 기타,안전운전불이행,건조,맑음,기타 - 기타,승용,여,50세,기타불명,승합,남,67세,기타불명
2012022900100298,2012년 2월 29일 14시,수요일,전라남도 목포시 호남동,중상사고,0,1,0,0,차대차 - 측면직각충돌,차로위반,건조,맑음,단일로 - 기타,자전거,여,67세,중상,승용,남,52세,상해없음
2012022900100299,2012년 2월 29일 14시,수요일,전라남도 목포시 상동,경상사고,0,0,4,0,차대차 - 측면직각충돌,교차로운행방법위반,건조,맑음,교차로 - 교차로안,화물,남,43세,경상,승용,남,39세,경상
2012022900100324,2012년 2월 29일 15시,수요일,전라남도 보성군 미력면,경상사고,0,0,2,0,차대차 - 측면직각충돌,안전운전불이행,건조,맑음,단일로 - 기타,화물,남,62세,경상,승용,여,35세,경상
2012022900100356,2012년 2월 29일 16시,수요일,전라남도 순천시 조례동,경상사고,0,0,3,0,차대차 - 측면직각충돌,교차로운행방법위반,건조,맑음,교차로 - 교차로안,승용,여,51세,경상,승용,남,55세,경상
2012022900100386,2012년 2월 29일 17시,수요일,전라남도 목포시 옥암동,중상사고,0,1,0,0,차대사람 - 횡단중,안전운전불이행,건조,맑음,단일로 - 기타,승용,여,45세,상해없음,보행자,남,8세,중상
2012022900100387,2012년 2월 29일 17시,수요일,전라남도 고흥군 금산면,중상사고,0,1,1,0,차대차 - 기타,교차로운행방법위반,건조,맑음,교차로 - 교차로안,화물,남,38세,상해없음,원동기,남,51세,중상
2012022900100422,2012년 2월 29일 18시,수요일,전라남도 나주시 다시면,경상사고,0,0,1,0,차대차 - 측면직각충돌,신호위반,건조,맑음,교차로 - 교차로안,승용,남,50세,상해없음,승용,남,36세,경상
2012022900100459,2012년 2월 29일 19시,수요일,전라남도 순천시 서면,경상사고,0,0,2,0,차대차 - 기타,차로위반,건조,맑음,단일로 - 기타,승용,여,46세,경상,승용,남,33세,경상
2012022900100560,2012년 2월 29일 22시,수요일,전라남도 여수시 돌산읍,사망사고,1,0,0,0,차량단독 - 전도전복,안전운전불이행,건조,맑음,단일로 - 기타,승용,남,33세,사망,,,,
2012022900100561,2012년 2월 29일 22시,수요일,전라남도 순천시 조례동,중상사고,0,1,0,0,차대사람 - 기타,안전운전불이행,건조,맑음,단일로 - 기타,승용,여,45세,상해없음,보행자,남,40세,중상
2012022900100562,2012년 2월 29일 22시,수요일,전라남도 영암군 삼호읍,경상사고,0,0,1,0,차대차 - 추돌 - 주정차중,안전거리미확보,건조,맑음,교차로 - 교차로부근,승용,여,46세,상해없음,승용,여,51세,경상
2012030100100018,2012년 3월 1일 00시,목요일,전라남도 여수시 여서동,경상사고,0,0,2,0,차대차 - 측면직각충돌,안전운전불이행,건조,맑음,교차로 - 교차로안,승용,남,43세,상해없음,승용,남,56세,경상
2012030100100133,2012년 3월 1일 07시,목요일,전라남도 순천시 해룡면,경상사고,0,0,1,0,차대차 - 측면직각충돌,신호위반,건조,맑음,교차로 - 교차로안,승합,남,48세,상해없음,화물,남,40세,경상
2012030100100163,2012년 3월 1일 09시,목요일,전라남도 강진군 강진읍,사망사고,1,0,0,0,차량단독 - 도로외이탈 - 추락,안전운전불이행,건조,맑음,단일로 - 교량,승용,남,72세,사망,,,,
2012030100100177,2012년 3월 1일 10시,목요일,전라남도 순천시 덕암동,경상사고,0,0,2,0,차대차 - 정면충돌,교차로운행방법위반,건조,맑음,교차로 - 교차로안,승합,남,63세,경상,화물,남,37세,경상
2012030100100201,2012년 3월 1일 11시,목요일,전라남도 목포시 옥암동,경상사고,0,0,3,0,차대차 - 측면직각충돌,교차로운행방법위반,건조,맑음,단일로 - 기타,승용,남,51세,상해없음,승용,남,53세,경상
2012030100100202,2012년 3월 1일 11시,목요일,전라남도 완도군 고금면,중상사고,0,3,0,0,차대차 - 추돌 - 진행중,중앙선침범,건조,맑음,단일로 - 기타,화물,남,49세,상해없음,승용,남,42세,상해없음
2012030100100226,2012년 3월 1일 12시,목요일,전라남도 나주시 다도면,중상사고,0,1,0,0,차대차 - 측면직각충돌,직진우회전진행방해,건조,맑음,교차로 - 교차로안,화물,남,38세,상해없음,승용,여,55세,중상
2012030100100227,2012년 3월 1일 12시,목요일,전라남도 강진군 강진읍,경상사고,0,0,1,0,차대차 - 정면충돌,중앙선침범,건조,맑음,단일로 - 기타,승용,남,54세,상해없음,승용,여,37세,경상
2012030100100228,2012년 3월 1일 12시,목요일,전라남도 담양군 금성면,경상사고,0,0,3,0,차대차 - 측면직각충돌,안전운전불이행,건조,맑음,교차로 - 교차로안,승용,남,26세,상해없음,화물,남,53세,경상
2012030100100229,2012년 3월 1일 12시,목요일,전라남도 무안군 현경면,경상사고,0,0,1,0,차대차 - 기타,안전운전불이행,건조,맑음,단일로 - 기타,건설기계,남,53세,상해없음,화물,남,29세,경상
2012030100100242,2012년 3월 1일 13시,목요일,전라남도 보성군 득량면,경상사고,0,0,1,0,차량단독 - 기타,안전운전불이행,건조,맑음,단일로 - 기타,승용,남,55세,경상,,,,
2012030100100258,2012년 3월 1일 14시,목요일,전라남도 나주시 봉황면,경상사고,0,0,2,0,차대차 - 추돌 - 진행중,기타,건조,맑음,단일로 - 기타,승용,남,66세,상해없음,화물,남,55세,경상
2012030100100259,2012년 3월 1일 14시,목요일,전라남도 담양군 담양읍,경상사고,0,0,1,0,차대차 - 추돌 - 진행중,안전운전불이행,건조,맑음,교차로 - 교차로부근,이륜,남,65세,경상,승용,여,41세,상해없음
2012030100100284,2012년 3월 1일 15시,목요일,전라남도 완도군 보길면,경상사고,0,0,1,0,차대사람 - 횡단중,안전운전불이행,건조,맑음,단일로 - 기타,화물,남,46세,상해없음,보행자,남,38세,경상
2012030100100308,2012년 3월 1일 16시,목요일,전라남도 고흥군 동강면,경상사고,0,0,3,0,차량단독 - 전도전복,안전운전불이행,건조,맑음,단일로 - 기타,화물,남,70세,상해없음,,,,
2012030100100326,2012년 3월 1일 17시,목요일,전라남도 화순군 북면,중상사고,0,1,0,1,차대차 - 측면직각충돌,안전운전불이행,건조,맑음,단일로 - 기타,이륜,남,34세,중상,승용,남,20세,부상신고
2012030100100385,2012년 3월 1일 19시,목요일,전라남도 순천시 남정동,중상사고,0,1,0,0,차대사람 - 횡단중,안전운전불이행,건조,맑음,교차로 - 교차로부근,승용,여,32세,상해없음,보행자,여,55세,중상
2012030100100386,2012년 3월 1일 19시,목요일,전라남도 화순군 화순읍,경상사고,0,0,1,0,차대차 - 추돌 - 주정차중,안전운전불이행,건조,맑음,단일로 - 기타,승용,남,20세,상해없음,승합,남,71세,상해없음
2012030100100431,2012년 3월 1일 21시,목요일,전라남도 여수시 율촌면,경상사고,0,0,1,0,차대차 - 추돌 - 진행중,중앙선침범,건조,맑음,단일로 - 기타,승용,여,55세,상해없음,승용,남,25세,경상
2012030100100449,2012년 3월 1일 22시,목요일,전라남도 화순군 동면,중상사고,0,1,0,1,차대차 - 기타,중앙선침범,건조,흐림,단일로 - 기타,승용,남,42세,상해없음,자전거,남,16세,부상신고
2012030200100018,2012년 3월 2일 01시,금요일,전라남도 나주시 경현동,경상사고,0,0,1,0,차량단독 - 공작물충돌,안전운전불이행,습기,비,단일로 - 기타,승용,남,36세,경상,,,,
2012030200100076,2012년 3월 2일 06시,금요일,전라남도 순천시 연향동,중상사고,0,1,1,0,차대차 - 추돌 - 진행중,신호위반,건조,맑음,교차로 - 교차로안,승용,남,58세,상해없음,건설기계,남,56세,경상
2012030200100126,2012년 3월 2일 08시,금요일,전라남도 목포시 상동,경상사고,0,0,2,0,차대차 - 기타,교차로운행방법위반,건조,맑음,단일로 - 기타,승용,여,49세,경상,승용,여,37세,경상
2012030200100127,2012년 3월 2일 08시,금요일,전라남도 해남군 산이면,중상사고,0,3,0,0,차대차 - 정면충돌,중앙선침범,습기,비,단일로 - 기타,승용,남,66세,중상,특수,남,34세,중상
2012030200100223,2012년 3월 2일 11시,금요일,전라남도 광양시 광양읍,중상사고,0,2,2,0,차대차 - 측면직각충돌,중앙선침범,습기,비,단일로 - 기타,승용,남,21세,상해없음,화물,남,51세,경상
2012030200100252,2012년 3월 2일 12시,금요일,전라남도 영암군 삼호읍,중상사고,0,1,0,0,차대차 - 측면직각충돌,직진우회전진행방해,습기,비,교차로 - 교차로안,승용,남,29세,상해없음,승용,남,39세,중상
2012030200100281,2012년 3월 2일 13시,금요일,전라남도 나주시 공산면,사망사고,1,0,0,0,차량단독 - 공작물충돌,안전운전불이행,습기,비,단일로 - 기타,승용,남,42세,사망,,,,
2012030200100313,2012년 3월 2일 14시,금요일,전라남도 해남군 산이면,중상사고,0,1,2,0,차대차 - 정면충돌,중앙선침범,습기,비,단일로 - 기타,승합,여,59세,중상,화물,남,44세,경상
2012030200100314,2012년 3월 2일 14시,금요일,전라남도 무안군 무안읍,경상사고,0,0,1,0,차대차 - 측면직각충돌,안전운전불이행,건조,흐림,교차로 - 교차로안,화물,남,33세,상해없음,승용,남,58세,상해없음
2012030200100338,2012년 3월 2일 15시,금요일,전라남도 순천시 연향동,경상사고,0,0,3,0,차대차 - 측면직각충돌,직진우회전진행방해,습기,흐림,교차로 - 교차로안,승용,남,73세,상해없음,화물,남,40세,경상
2012030200100339,2012년 3월 2일 15시,금요일,전라남도 순천시 연향동,중상사고,0,1,0,0,차대차 - 측면직각충돌,교차로운행방법위반,건조,맑음,교차로 - 교차로안,화물,남,41세,상해없음,자전거,남,18세,중상
2012030200100340,2012년 3월 2일 15시,금요일,전라남도 영광군 군서면,사망사고,1,0,1,0,차대차 - 추돌 - 주정차중,안전운전불이행,습기,비,교차로 - 교차로안,승합,여,47세,상해없음,승용,여,42세,경상
2012030200100373,2012년 3월 2일 16시,금요일,전라남도 목포시 상동,경상사고,0,0,3,0,차대차 - 측면직각충돌,직진우회전진행방해,습기,흐림,교차로 - 교차로안,승용,남,19세,경상,화물,남,28세,경상
2012030200100374,2012년 3월 2일 16시,금요일,전라남도 목포시 옥암동,경상사고,0,0,1,0,차대차 - 추돌 - 진행중,교차로운행방법위반,건조,흐림,교차로 - 교차로안,승용,남,68세,상해없음,승용,남,49세,경상
2012030200100375,2012년 3월 2일 16시,금요일,전라남도 여수시 만흥동,경상사고,0,0,1,0,차대차 - 정면충돌,중앙선침범,건조,맑음,단일로 - 기타,건설기계,남,62세,상해없음,승용,남,66세,경상
2012030200100397,2012년 3월 2일 17시,금요일,전라남도 나주시 금천면,경상사고,0,0,1,0,차대차 - 측면직각충돌,안전운전불이행,건조,흐림,단일로 - 기타,화물,남,48세,상해없음,화물,여,45세,경상
2012030200100398,2012년 3월 2일 17시,금요일,전라남도 구례군 산동면,경상사고,0,0,2,0,차대차 - 측면직각충돌,안전운전불이행,건조,흐림,교차로 - 교차로안,승용,남,49세,상해없음,승용,남,30세,상해없음
2012030200100435,2012년 3월 2일 18시,금요일,전라남도 광양시 중동,경상사고,0,0,1,0,차대차 - 측면직각충돌,직진우회전진행방해,건조,맑음,교차로 - 교차로안,승용,남,51세,상해없음,원동기,남,19세,경상
2012030200100532,2012년 3월 2일 20시,금요일,전라남도 해남군 해남읍,경상사고,0,0,3,0,차대차 - 기타,교차로운행방법위반,습기,비,교차로 - 교차로안,승용,여,37세,상해없음,승용,남,63세,경상
2012030200100533,2012년 3월 2일 20시,금요일,전라남도 영암군 삼호읍,경상사고,0,0,4,0,차대차 - 측면직각충돌,안전운전불이행,건조,맑음,단일로 - 기타,승용,남,46세,경상,화물,여,46세,경상
2012030300100020,2012년 3월 3일 00시,토요일,전라남도 광양시 광영동,중상사고,0,1,0,0,차량단독 - 공작물충돌,안전운전불이행,습기,흐림,교차로 - 교차로안,승용,남,35세,중상,,,,
2012030300100049,2012년 3월 3일 01시,토요일,전라남도 목포시 산정동,중상사고,0,1,2,0,차대차 - 측면직각충돌,신호위반,습기,흐림,교차로 - 교차로안,승용,남,35세,상해없음,승용,남,56세,중상
2012030300100068,2012년 3월 3일 02시,토요일,전라남도 영암군 삼호읍,중상사고,0,1,0,0,차량단독 - 공작물충돌,안전운전불이행,건조,맑음,단일로 - 기타,승용,남,37세,중상,,,,
2012030300100119,2012년 3월 3일 06시,토요일,전라남도 목포시 석현동,경상사고,0,0,1,0,차대차 - 측면직각충돌,신호위반,건조,맑음,교차로 - 교차로안,승용,남,62세,상해없음,승용,남,69세,경상
2012030300100136,2012년 3월 3일 07시,토요일,전라남도 광양시 옥곡면,부상신고사고,0,0,0,1,차대차 - 측면직각충돌,신호위반,건조,맑음,교차로 - 교차로안,승용,남,59세,부상신고,승용,여,52세,상해없음
2012030300100169,2012년 3월 3일 09시,토요일,전라남도 나주시 봉황면,경상사고,0,0,3,1,차대차 - 측면직각충돌,교차로운행방법위반,건조,흐림,교차로 - 교차로부근,승용,여,61세,부상신고,승용,여,37세,경상