사고번호,사고일시,요일,시군구,사고내용,사망자수,중상자수,경상자수,부상신고자수,사고유형,법규위반,노면상태,기상상태,도로형태,가해운전자 차종,가해운전자 성별,가해운전자 연령,가해운전자 상해정도,피해운전자 차종,피해운전자 성별,피해운전자 연령,피해운전자 상해정도
2012030300100170,2012년 3월 3일 09시,토요일,전라남도 영광군 홍농읍,중상사고,0,2,1,0,차대차 - 정면충돌,중앙선침범,습기,맑음,단일로 - 기타,화물,남,53세,중상,승합,남,41세,경상
2012030300100171,2012년 3월 3일 09시,토요일,전라남도 영암군 금정면,중상사고,0,1,0,0,차량단독 - 공작물충돌,안전운전불이행,건조,맑음,교차로 - 교차로부근,승용,여,33세,중상,,,,
2012030300100196,2012년 3월 3일 10시,토요일,전라남도 강진군 작천면,중상사고,0,1,0,0,차대차 - 측면직각충돌,기타,건조,맑음,교차로 - 교차로안,승용,남,48세,상해없음,원동기,남,79세,중상
2012030300100220,2012년 3월 3일 11시,토요일,전라남도 여수시 돌산읍,경상사고,0,0,1,0,차대차 - 측면직각충돌,안전운전불이행,건조,맑음,단일로 - 기타,승용,여,35세,상해없음,이륜,남,46세,경상
2012030300100232,2012년 3월 3일 12시,토요일,전라남도 광양시 마동,중상사고,0,1,2,0,차대차 - 측면직각충돌,중앙선침범,건조,맑음,교차로 - 교차로부근,승용,남,66세,상해없음,승용,남,54세,중상
2012030300100251,2012년 3월 3일 13시,토요일,전라남도 목포시 산정동,경상사고,0,0,1,0,차대차 - 측면직각충돌,안전운전불이행,건조,맑음,단일로 - 기타,승용,남,67세,상해없음,원동기,남,36세,경상
2012030300100274,2012년 3월 3일 14시,토요일,전라남도 순천시 풍덕동,경상사고,0,0,1,0,차대차 - 측면직각충돌,안전운전불이행,건조,흐림,단일로 - 기타,승용,남,53세,상해없음,승용,남,27세,경상
2012030300100300,2012년 3월 3일 15시,토요일,전라남도 순천시 낙안면,경상사고,0,0,1,0,차대차 - 정면충돌,중앙선침범,건조,맑음,단일로 - 기타,승용,여,22세,상해없음,승합,남,41세,상해없음
2012030300100301,2012년 3월 3일 15시,토요일,전라남도 장성군 동화면,중상사고,0,4,3,0,차대차 - 기타,차로위반,건조,맑음,단일로 - 기타,승용,여,46세,경상,승용,남,53세,중상
2012030300100329,2012년 3월 3일 16시,토요일,전라남도 목포시 용당동,중상사고,0,1,0,0,차대차 - 측면직각충돌,안전운전불이행,건조,흐림,단일로 - 기타,화물,남,54세,상해없음,원동기,남,62세,중상
2012030300100330,2012년 3월 3일 16시,토요일,전라남도 해남군 해남읍,경상사고,0,0,2,0,차대차 - 측면직각충돌,신호위반,건조,맑음,교차로 - 교차로안,승용,남,73세,경상,승용,남,41세,경상
2012030300100386,2012년 3월 3일 18시,토요일,전라남도 목포시 옥암동,경상사고,0,0,4,0,차대차 - 측면직각충돌,교차로운행방법위반,건조,흐림,교차로 - 교차로안,승용,남,22세,경상,승용,남,23세,경상
2012030300100418,2012년 3월 3일 19시,토요일,전라남도 나주시 세지면,중상사고,0,1,3,0,차대차 - 추돌 - 주정차중,안전거리미확보,건조,맑음,교차로 - 교차로부근,승용,여,60세,중상,승용,남,40세,경상
2012030300100446,2012년 3월 3일 20시,토요일,전라남도 순천시 연향동,중상사고,0,1,4,0,차대차 - 기타,신호위반,건조,맑음,교차로 - 교차로안,승용,남,60세,상해없음,승용,남,37세,경상
2012030300100496,2012년 3월 3일 22시,토요일,전라남도 담양군 담양읍,경상사고,0,0,2,0,차대차 - 측면직각충돌,안전운전불이행,건조,맑음,교차로 - 교차로부근,화물,남,41세,상해없음,승용,여,49세,경상
2012030300100497,2012년 3월 3일 22시,토요일,전라남도 광양시 광양읍,경상사고,0,0,2,0,차대차 - 추돌 - 주정차중,안전운전불이행,건조,맑음,교차로 - 교차로부근,승용,여,39세,상해없음,승용,남,32세,경상
2012030300100525,2012년 3월 3일 23시,토요일,전라남도 여수시 봉산동,경상사고,0,0,1,0,차대차 - 추돌 - 진행중,안전운전불이행,건조,맑음,단일로 - 기타,승용,남,33세,상해없음,승용,남,26세,경상
2012030400100010,2012년 3월 4일 00시,일요일,전라남도 목포시 유달동,중상사고,0,1,0,0,차대사람 - 보도통행중,안전운전불이행,건조,맑음,단일로 - 기타,승용,남,35세,상해없음,보행자,여,67세,중상
2012030400100102,2012년 3월 4일 07시,일요일,전라남도 목포시 상동,중상사고,0,1,0,0,차대사람 - 기타,안전운전불이행,건조,흐림,교차로 - 교차로안,승합,여,50세,상해없음,보행자,여,44세,중상
2012030400100150,2012년 3월 4일 12시,일요일,전라남도 목포시 상동,경상사고,0,0,3,0,차대차 - 측면직각충돌,신호위반,습기,비,교차로 - 교차로부근,원동기,남,17세,경상,승용,여,48세,경상
2012030400100151,2012년 3월 4일 12시,일요일,전라남도 여수시 웅천동,경상사고,0,0,1,0,차량단독 - 기타,안전운전불이행,건조,맑음,단일로 - 기타,승용,남,57세,상해없음,,,,
2012030400100152,2012년 3월 4일 12시,일요일,전라남도 장흥군 회진면,중상사고,0,1,0,0,차대차 - 측면직각충돌,교차로운행방법위반,습기,비,교차로 - 교차로안,승용,남,51세,상해없음,승용,여,41세,중상
2012030400100153,2012년 3월 4일 12시,일요일,전라남도 고흥군 금산면,경상사고,0,0,1,0,차대차 - 측면직각충돌,안전운전불이행,습기,비,단일로 - 기타,승용,남,51세,상해없음,승용,여,52세,경상
2012030400100154,2012년 3월 4일 12시,일요일,전라남도 해남군 북평면,경상사고,0,0,2,0,차대차 - 기타,안전운전불이행,건조,맑음,단일로 - 기타,화물,남,46세,상해없음,승용,남,23세,상해없음
2012030400100155,2012년 3월 4일 12시,일요일,전라남도 화순군 이양면,중상사고,0,3,5,0,차대차 - 추돌 - 진행중,안전운전불이행,건조,맑음,단일로 - 기타,승용,남,41세,상해없음,화물,남,53세,중상
2012030400100156,2012년 3월 4일 12시,일요일,전라남도 화순군 이양면,경상사고,0,0,2,0,차대차 - 측면직각충돌,안전운전불이행,건조,맑음,교차로 - 교차로부근,화물,남,53세,상해없음,승합,남,43세,경상
2012030400100157,2012년 3월 4일 12시,일요일,전라남도 진도군 지산면,경상사고,0,0,1,0,차대차 - 추돌 - 진행중,안전운전불이행,습기,비,단일로 - 기타,승용,여,44세,상해없음,이륜,남,71세,경상
2012030400100176,2012년 3월 4일 13시,일요일,전라남도 장흥군 장동면,중상사고,0,2,1,0,차대차 - 정면충돌,안전운전불이행,습기,비,교차로 - 교차로안,승용,남,61세,상해없음,화물,남,49세,경상
2012030400100177,2012년 3월 4일 13시,일요일,전라남도 보성군 벌교읍,경상사고,0,0,1,0,차대사람 - 기타,안전운전불이행,습기,비,단일로 - 기타,승용,남,62세,상해없음,보행자,여,23세,경상
2012030400100226,2012년 3월 4일 15시,일요일,전라남도 여수시 오림동,경상사고,0,0,1,0,차대차 - 측면직각충돌,차로위반,습기,비,단일로 - 기타,화물,남,54세,상해없음,승용,여,53세,경상
2012030400100253,2012년 3월 4일 16시,일요일,전라남도 해남군 북평면,경상사고,0,0,3,0,차대차 - 기타,신호위반,습기,비,교차로 - 교차로안,승용,남,63세,경상,화물,남,47세,경상
2012030400100254,2012년 3월 4일 16시,일요일,전라남도 해남군 화산면,경상사고,0,0,2,0,차대차 - 기타,안전운전불이행,습기,흐림,단일로 - 기타,화물,남,52세,상해없음,승용,남,29세,경상
2012030400100255,2012년 3월 4일 16시,일요일,전라남도 영암군 삼호읍,경상사고,0,0,3,0,차대차 - 추돌 - 주정차중,안전거리미확보,습기,비,단일로 - 기타,화물,남,52세,상해없음,승용,남,40세,경상
2012030400100263,2012년 3월 4일 17시,일요일,전라남도 구례군 구례읍,부상신고사고,0,0,0,1,차대사람 - 기타,안전운전불이행,기타,비,단일로 - 기타,승용,남,51세,상해없음,보행자,남,11세,부상신고
2012030400100284,2012년 3월 4일 18시,일요일,전라남도 화순군 화순읍,경상사고,0,0,2,0,차대차 - 추돌 - 주정차중,안전운전불이행,습기,비,교차로 - 교차로부근,승용,남,53세,상해없음,승용,남,28세,경상
2012030400100328,2012년 3월 4일 19시,일요일,전라남도 목포시 상동,경상사고,0,0,3,0,차대차 - 추돌 - 주정차중,안전운전불이행,습기,비,단일로 - 기타,승용,남,25세,상해없음,승용,여,30세,경상
2012030400100329,2012년 3월 4일 19시,일요일,전라남도 장성군 황룡면,경상사고,0,0,1,0,차대차 - 측면직각충돌,신호위반,습기,비,교차로 - 교차로안,화물,남,49세,상해없음,승용,남,54세,경상
2012030500100007,2012년 3월 5일 00시,월요일,전라남도 목포시 상동,경상사고,0,0,1,0,차대사람 - 횡단중,보행자보호의무위반,습기,비,단일로 - 횡단보도상,승용,남,53세,상해없음,보행자,여,26세,경상
2012030500100022,2012년 3월 5일 01시,월요일,전라남도 순천시 조례동,경상사고,0,0,1,0,차대차 - 측면직각충돌,안전운전불이행,습기,비,단일로 - 기타,승용,남,29세,상해없음,승용,남,48세,경상
2012030500100037,2012년 3월 5일 02시,월요일,전라남도 여수시 문수동,경상사고,0,0,2,0,차대차 - 측면직각충돌,교차로운행방법위반,건조,맑음,단일로 - 기타,승용,남,23세,상해없음,승용,남,35세,경상
2012030500100038,2012년 3월 5일 02시,월요일,전라남도 완도군 완도읍,중상사고,0,1,0,0,차대차 - 추돌 - 진행중,안전운전불이행,습기,비,단일로 - 기타,승용,남,45세,상해없음,원동기,여,52세,중상
2012030500100091,2012년 3월 5일 06시,월요일,전라남도 여수시 학동,경상사고,0,0,1,0,차대차 - 기타,신호위반,습기,비,교차로 - 교차로안,승용,남,42세,상해없음,승용,남,33세,경상
2012030500100118,2012년 3월 5일 07시,월요일,전라남도 무안군 일로읍,경상사고,0,0,3,0,차대차 - 추돌 - 진행중,안전운전불이행,건조,맑음,단일로 - 기타,승용,남,50세,기타불명,승용,남,24세,경상
2012030500100119,2012년 3월 5일 07시,월요일,전라남도 보성군 득량면,경상사고,0,0,1,0,차대차 - 정면충돌,중앙선침범,습기,비,단일로 - 기타,승용,남,51세,상해없음,승용,여,40세,경상
2012030500100166,2012년 3월 5일 09시,월요일,전라남도 장성군 동화면,경상사고,0,0,1,0,차대차 - 측면직각충돌,중앙선침범,습기,비,단일로 - 기타,승용,남,69세,상해없음,화물,여,51세,경상
2012030500100167,2012년 3월 5일 09시,월요일,전라남도 무안군 현경면,중상사고,0,1,0,0,차대차 - 추돌 - 진행중,기타,건조,맑음,교차로 - 교차로안,화물,남,52세,상해없음,승용,여,62세,중상
2012030500100168,2012년 3월 5일 09시,월요일,전라남도 광양시 광양읍,사망사고,1,0,0,0,차대차 - 측면직각충돌,교차로운행방법위반,습기,비,교차로 - 교차로안,화물,남,35세,상해없음,자전거,여,77세,사망
2012030500100169,2012년 3월 5일 09시,월요일,전라남도 광양시 광양읍,경상사고,0,0,2,1,차대차 - 추돌 - 주정차중,안전거리미확보,습기,비,교차로 - 교차로부근,화물,남,45세,부상신고,승합,남,43세,상해없음
2012030500100185,2012년 3월 5일 10시,월요일,전라남도 진도군 진도읍,중상사고,0,1,0,0,차대사람 - 기타,안전운전불이행,습기,비,교차로 - 교차로부근,화물,남,34세,상해없음,보행자,여,72세,중상
2012030500100211,2012년 3월 5일 11시,월요일,전라남도 목포시 용해동,경상사고,0,0,1,0,차대차 - 측면직각충돌,차로위반,건조,맑음,단일로 - 기타,승용,여,53세,상해없음,승용,남,47세,경상
2012030500100212,2012년 3월 5일 11시,월요일,전라남도 무안군 몽탄면,경상사고,0,0,2,0,차량단독 - 도로외이탈 - 추락,안전운전불이행,습기,비,기타 - 기타,승합,남,36세,경상,,,,
2012030500100225,2012년 3월 5일 12시,월요일,전라남도 나주시 남평읍,중상사고,0,1,0,0,차대차 - 측면직각충돌,직진우회전진행방해,습기,비,교차로 - 교차로안,화물,남,29세,상해없음,원동기,남,62세,중상
2012030500100226,2012년 3월 5일 12시,월요일,전라남도 장성군 장성읍,중상사고,0,1,0,0,차대차 - 기타,교차로운행방법위반,습기,비,교차로 - 교차로안,승용,기타불명,기타불명,기타불명,원동기,남,76세,중상
2012030500100273,2012년 3월 5일 14시,월요일,전라남도 순천시 해룡면,경상사고,0,0,2,0,차대차 - 추돌 - 주정차중,안전거리미확보,습기,비,단일로 - 기타,화물,남,49세,상해없음,승용,여,48세,경상
2012030500100304,2012년 3월 5일 15시,월요일,전라남도 고흥군 도덕면,중상사고,0,1,1,0,차대차 - 정면충돌,중앙선침범,습기,비,단일로 - 기타,승용,남,40세,중상,승합,남,37세,경상
2012030500100328,2012년 3월 5일 16시,월요일,전라남도 목포시 용당동,중상사고,0,1,1,0,차대사람 - 기타,안전운전불이행,건조,맑음,단일로 - 기타,승용,남,54세,상해없음,보행자,남,14세,경상
2012030500100329,2012년 3월 5일 16시,월요일,전라남도 장흥군 장흥읍,경상사고,0,0,1,0,차대차 - 기타,교차로운행방법위반,건조,흐림,교차로 - 교차로안,화물,남,33세,상해없음,자전거,여,61세,경상
2012030500100357,2012년 3월 5일 17시,월요일,전라남도 목포시 용해동,경상사고,0,0,1,0,차대차 - 측면직각충돌,안전운전불이행,습기,맑음,단일로 - 기타,승용,여,57세,상해없음,승합,남,33세,경상
2012030500100390,2012년 3월 5일 18시,월요일,전라남도 영암군 영암읍,경상사고,0,0,2,0,차대차 - 측면직각충돌,직진우회전진행방해,습기,비,교차로 - 교차로안,승용,여,48세,상해없음,화물,남,38세,경상
2012030500100437,2012년 3월 5일 19시,월요일,전라남도 순천시 덕월동,중상사고,0,1,1,0,차대차 - 측면직각충돌,신호위반,습기,비,교차로 - 교차로안,승용,남,30세,경상,승용,남,56세,중상
2012030500100438,2012년 3월 5일 19시,월요일,전라남도 광양시 광영동,경상사고,0,0,1,0,차대차 - 측면직각충돌,중앙선침범,습기,비,단일로 - 기타,화물,남,40세,상해없음,화물,남,53세,경상
2012030500100510,2012년 3월 5일 20시,월요일,전라남도 영광군 법성면,경상사고,0,0,3,0,차대차 - 추돌 - 진행중,직진우회전진행방해,건조,맑음,교차로 - 교차로안,승용,여,48세,경상,승용,여,59세,경상
2012030500100578,2012년 3월 5일 21시,월요일,전라남도 목포시 동명동,경상사고,0,0,2,0,차대차 - 추돌 - 진행중,안전운전불이행,건조,맑음,단일로 - 기타,승용,남,51세,상해없음,승용,남,47세,경상
2012030500100579,2012년 3월 5일 21시,월요일,전라남도 목포시 상동,경상사고,0,0,4,0,차대차 - 추돌 - 주정차중,안전운전불이행,건조,맑음,단일로 - 기타,승용,남,29세,경상,승용,여,33세,경상
2012030500100580,2012년 3월 5일 21시,월요일,전라남도 순천시 남정동,경상사고,0,0,1,0,차대차 - 추돌 - 주정차중,안전운전불이행,습기,비,교차로 - 교차로부근,승용,남,40세,상해없음,승용,남,28세,경상
2012030500100697,2012년 3월 5일 23시,월요일,전라남도 순천시 남내동,경상사고,0,0,1,0,차대차 - 측면직각충돌,신호위반,습기,비,단일로 - 기타,승용,남,35세,상해없음,승용,남,29세,경상
2012030500100698,2012년 3월 5일 23시,월요일,전라남도 순천시 풍덕동,경상사고,0,0,1,0,차대사람 - 기타,안전운전불이행,습기,비,교차로 - 교차로안,승용,남,54세,상해없음,보행자,남,21세,경상
2012030500100699,2012년 3월 5일 23시,월요일,전라남도 영광군 영광읍,경상사고,0,0,1,0,차대차 - 기타,중앙선침범,습기,비,단일로 - 횡단보도부근,승용,남,25세,상해없음,승용,남,65세,경상
2012030500100700,2012년 3월 5일 23시,월요일,전라남도 함평군 학교면,경상사고,0,0,2,0,차대차 - 측면직각충돌,안전운전불이행,습기,비,미분류 - 미분류,승용,남,60세,경상,승용,남,43세,경상
2012030500100701,2012년 3월 5일 23시,월요일,전라남도 광양시 광양읍,중상사고,0,1,0,0,차대차 - 기타,안전운전불이행,습기,비,단일로 - 기타,승용,남,52세,상해없음,자전거,남,28세,중상
2012030600100076,2012년 3월 6일 01시,화요일,전라남도 순천시 조례동,경상사고,0,0,2,0,차대차 - 기타,안전운전불이행,습기,비,교차로 - 교차로안,승용,남,23세,상해없음,승용,남,45세,경상
2012030600100181,2012년 3월 6일 07시,화요일,전라남도 영암군 학산면,경상사고,0,0,1,0,차대차 - 측면직각충돌,중앙선침범,습기,비,단일로 - 기타,화물,남,71세,상해없음,승용,남,51세,경상
2012030600100269,2012년 3월 6일 10시,화요일,전라남도 목포시 산정동,경상사고,0,0,1,0,차대차 - 기타,직진우회전진행방해,건조,맑음,교차로 - 교차로안,승용,여,37세,상해없음,자전거,여,59세,경상
2012030600100270,2012년 3월 6일 10시,화요일,전라남도 여수시 서교동,경상사고,0,0,1,0,차대차 - 측면직각충돌,안전거리미확보,건조,맑음,단일로 - 기타,건설기계,남,51세,상해없음,승용,남,55세,경상
2012030600100271,2012년 3월 6일 10시,화요일,전라남도 무안군 삼향읍,중상사고,0,2,0,0,차대차 - 기타,중앙선침범,건조,맑음,단일로 - 기타,승용,여,28세,중상,화물,남,40세,중상
2012030600100285,2012년 3월 6일 11시,화요일,전라남도 순천시 동외동,중상사고,0,2,1,0,차대차 - 측면직각충돌,교차로운행방법위반,건조,맑음,교차로 - 교차로안,승용,남,60세,상해없음,승용,남,23세,중상
2012030600100296,2012년 3월 6일 12시,화요일,전라남도 보성군 벌교읍,경상사고,0,0,1,0,차대차 - 측면직각충돌,교차로운행방법위반,건조,맑음,교차로 - 교차로안,이륜,남,81세,경상,화물,남,81세,상해없음
2012030600100349,2012년 3월 6일 14시,화요일,전라남도 영광군 법성면,중상사고,0,1,0,0,차대차 - 기타,안전운전불이행,건조,맑음,교차로 - 교차로안,화물,남,38세,상해없음,이륜,남,71세,중상
2012030600100350,2012년 3월 6일 14시,화요일,전라남도 화순군 화순읍,중상사고,0,1,0,0,차대차 - 측면직각충돌,안전운전불이행,건조,맑음,교차로 - 교차로부근,화물,남,69세,상해없음,원동기,여,63세,중상
2012030600100369,2012년 3월 6일 15시,화요일,전라남도 여수시 선원동,경상사고,0,0,1,0,차대차 - 추돌 - 주정차중,안전운전불이행,건조,맑음,교차로 - 교차로부근,화물,남,42세,상해없음,화물,남,34세,경상
2012030600100370,2012년 3월 6일 15시,화요일,전라남도 해남군 화산면,중상사고,0,1,0,0,차대차 - 측면직각충돌,교차로운행방법위반,건조,맑음,교차로 - 교차로안,화물,남,49세,상해없음,화물,남,78세,중상
2012030600100387,2012년 3월 6일 16시,화요일,전라남도 목포시 옥암동,중상사고,0,1,0,0,차대차 - 추돌 - 진행중,안전거리미확보,건조,맑음,단일로 - 기타,승용,남,50세,상해없음,승용,여,35세,중상
2012030600100388,2012년 3월 6일 16시,화요일,전라남도 순천시 저전동,중상사고,0,1,0,1,차대사람 - 보도통행중,보행자보호의무위반,건조,맑음,단일로 - 기타,이륜,남,16세,부상신고,보행자,남,12세,중상
2012030600100415,2012년 3월 6일 17시,화요일,전라남도 목포시 석현동,경상사고,0,0,2,0,차대차 - 기타,안전운전불이행,건조,맑음,단일로 - 기타,승용,기타불명,기타불명,기타불명,승용,남,30세,경상
2012030600100416,2012년 3월 6일 17시,화요일,전라남도 영암군 학산면,경상사고,0,0,3,0,차대차 - 측면직각충돌,안전운전불이행,건조,맑음,기타 - 기타,화물,남,42세,상해없음,승용,남,37세,경상
2012030600100449,2012년 3월 6일 18시,화요일,전라남도 여수시 공화동,경상사고,0,0,1,0,차대차 - 측면직각충돌,교차로운행방법위반,건조,맑음,교차로 - 교차로안,승용,남,34세,상해없음,승용,남,33세,경상
2012030600100450,2012년 3월 6일 18시,화요일,전라남도 영암군 삼호읍,중상사고,0,1,0,0,차대차 - 측면직각충돌,직진우회전진행방해,건조,맑음,교차로 - 교차로안,승용,여,41세,상해없음,이륜,남,37세,중상
2012030600100496,2012년 3월 6일 19시,화요일,전라남도 광양시 광양읍,중상사고,0,1,0,0,차대차 - 측면직각충돌,불법유턴,건조,맑음,단일로 - 기타,승합,남,32세,상해없음,원동기,남,65세,중상
2012030600100526,2012년 3월 6일 20시,화요일,전라남도 나주시 성북동,중상사고,0,1,2,0,차대차 - 측면직각충돌,신호위반,건조,맑음,교차로 - 교차로안,승용,여,34세,경상,승용,여,27세,경상
2012030600100527,2012년 3월 6일 20시,화요일,전라남도 영암군 삼호읍,경상사고,0,0,3,0,차대차 - 측면직각충돌,직진우회전진행방해,건조,맑음,교차로 - 교차로안,승용,남,28세,경상,승합,남,30세,경상
2012030600100572,2012년 3월 6일 22시,화요일,전라남도 목포시 대양동,중상사고,0,1,0,0,차대차 - 기타,안전거리미확보,건조,맑음,단일로 - 기타,화물,남,51세,상해없음,승용,남,41세,상해없음
2012030600100596,2012년 3월 6일 23시,화요일,전라남도 목포시 산정동,경상사고,0,0,2,0,차대차 - 측면직각충돌,안전운전불이행,건조,맑음,단일로 - 기타,승용,남,44세,상해없음,승용,남,27세,경상
2012030700100012,2012년 3월 7일 00시,수요일,전라남도 순천시 해룡면,사망사고,1,0,0,0,차량단독 - 공작물충돌,안전운전불이행,건조,맑음,단일로 - 기타,승용,남,35세,사망,,,,
2012030700100040,2012년 3월 7일 02시,수요일,전라남도 여수시 소라면,중상사고,0,2,0,0,차대차 - 측면직각충돌,교차로운행방법위반,건조,맑음,교차로 - 교차로안,승용,여,34세,상해없음,승용,남,31세,중상
2012030700100056,2012년 3월 7일 05시,수요일,전라남도 여수시 여서동,사망사고,1,0,0,0,차대사람 - 횡단중,안전운전불이행,건조,맑음,교차로 - 교차로부근,화물,남,68세,상해없음,보행자,남,65세,사망
2012030700100123,2012년 3월 7일 08시,수요일,전라남도 곡성군 오산면,경상사고,0,0,1,0,차대차 - 추돌 - 진행중,안전거리미확보,건조,맑음,단일로 - 기타,승용,여,49세,상해없음,화물,남,57세,경상
2012030700100124,2012년 3월 7일 08시,수요일,전라남도 진도군 임회면,경상사고,0,0,1,0,차대차 - 추돌 - 진행중,안전운전불이행,건조,맑음,단일로 - 기타,화물,남,64세,상해없음,이륜,남,75세,경상
2012030700100156,2012년 3월 7일 09시,수요일,전라남도 순천시 장천동,중상사고,0,1,0,0,차량단독 - 기타,기타,건조,맑음,단일로 - 기타,승합,남,45세,상해없음,,,,
2012030700100186,2012년 3월 7일 10시,수요일,전라남도 무안군 일로읍,경상사고,0,0,3,0,차대차 - 기타,안전운전불이행,건조,맑음,교차로 - 교차로안,승용,남,33세,경상,승용,남,65세,경상
2012030700100280,2012년 3월 7일 14시,수요일,전라남도 순천시 대룡동,경상사고,0,0,1,0,차대차 - 추돌 - 진행중,안전거리미확보,건조,맑음,교차로 - 교차로부근,승용,여,58세,경상,화물,남,47세,상해없음
2012030700100281,2012년 3월 7일 14시,수요일,전라남도 영광군 영광읍,부상신고사고,0,0,0,1,차대차 - 기타,안전거리미확보,건조,맑음,단일로 - 기타,이륜,남,59세,부상신고,승용,남,24세,상해없음
2012030700100297,2012년 3월 7일 15시,수요일,전라남도 장성군 장성읍,경상사고,0,0,1,0,차대사람 - 차도통행중,안전운전불이행,건조,맑음,단일로 - 기타,승용,남,31세,상해없음,보행자,남,7세,경상
2012030700100298,2012년 3월 7일 15시,수요일,전라남도 완도군 보길면,중상사고,0,1,0,0,차대사람 - 기타,안전운전불이행,건조,맑음,단일로 - 기타,화물,남,31세,상해없음,보행자,남,3세,중상
2012030700100323,2012년 3월 7일 16시,수요일,전라남도 영광군 영광읍,부상신고사고,0,0,0,1,차대차 - 추돌 - 진행중,안전운전불이행,건조,맑음,교차로 - 교차로안,이륜,남,65세,부상신고,승용,남,30세,상해없음
2012030700100324,2012년 3월 7일 16시,수요일,전라남도 광양시 광양읍,중상사고,0,2,0,0,차대차 - 추돌 - 주정차중,안전거리미확보,건조,맑음,교차로 - 교차로부근,승합,남,54세,상해없음,승용,여,60세,중상
2012030700100361,2012년 3월 7일 17시,수요일,전라남도 목포시 복만동,경상사고,0,0,4,0,차대차 - 측면직각충돌,안전운전불이행,건조,맑음,단일로 - 기타,승용,남,43세,경상,승용,남,22세,경상
2012030700100362,2012년 3월 7일 17시,수요일,전라남도 해남군 해남읍,경상사고,0,0,1,0,차대차 - 측면직각충돌,신호위반,건조,맑음,교차로 - 교차로안,승용,남,23세,상해없음,승용,여,30세,상해없음
2012030700100401,2012년 3월 7일 18시,수요일,전라남도 광양시 금호동,경상사고,0,0,2,0,차대차 - 추돌 - 진행중,안전운전불이행,건조,맑음,단일로 - 기타,승용,남,46세,경상,화물,남,37세,경상
2012030700100436,2012년 3월 7일 19시,수요일,전라남도 여수시 안산동,중상사고,0,4,0,0,차대차 - 기타,안전운전불이행,건조,맑음,교차로 - 교차로부근,화물,남,29세,중상,승합,여,54세,중상
2012030700100437,2012년 3월 7일 19시,수요일,전라남도 순천시 덕암동,경상사고,0,0,2,0,차대차 - 추돌 - 주정차중,안전거리미확보,건조,맑음,단일로 - 기타,화물,남,58세,상해없음,승용,남,44세,경상
2012030700100438,2012년 3월 7일 19시,수요일,전라남도 나주시 금성동,경상사고,0,0,1,0,차대사람 - 차도통행중,안전운전불이행,건조,맑음,단일로 - 기타,승용,남,44세,상해없음,보행자,남,49세,경상
2012030700100470,2012년 3월 7일 20시,수요일,전라남도 여수시 둔덕동,중상사고,0,2,1,0,차대차 - 측면직각충돌,중앙선침범,건조,맑음,단일로 - 기타,화물,남,35세,상해없음,승용,남,55세,경상
2012030700100471,2012년 3월 7일 20시,수요일,전라남도 나주시 과원동,경상사고,0,0,3,0,차대차 - 측면직각충돌,안전운전불이행,건조,맑음,교차로 - 교차로안,승용,남,31세,경상,승용,남,24세,경상
2012030700100472,2012년 3월 7일 20시,수요일,전라남도 화순군 화순읍,중상사고,0,1,0,0,차대사람 - 횡단중,보행자보호의무위반,건조,맑음,단일로 - 횡단보도상,원동기,남,17세,상해없음,보행자,남,61세,중상
2012030700100508,2012년 3월 7일 21시,수요일,전라남도 목포시 산정동,경상사고,0,0,1,0,차대차 - 기타,교차로운행방법위반,건조,맑음,교차로 - 교차로안,승용,남,31세,상해없음,자전거,여,39세,경상
2012030700100542,2012년 3월 7일 22시,수요일,전라남도 여수시 신기동,경상사고,0,0,2,0,차대차 - 추돌 - 주정차중,안전운전불이행,건조,맑음,교차로 - 교차로부근,승용,남,36세,상해없음,승용,남,38세,경상
2012030700100543,2012년 3월 7일 22시,수요일,전라남도 순천시 영동,중상사고,0,1,0,0,차대차 - 기타,신호위반,건조,맑음,교차로 - 교차로안,원동기,남,35세,상해없음,원동기,남,16세,중상
2012030800100010,2012년 3월 8일 00시,목요일,전라남도 순천시 조례동,경상사고,0,0,3,0,차대차 - 기타,안전운전불이행,건조,맑음,단일로 - 기타,승용,남,31세,상해없음,승용,여,28세,경상
2012030800100107,2012년 3월 8일 07시,목요일,전라남도 완도군 완도읍,중상사고,0,1,3,0,차대차 - 측면직각충돌,직진우회전진행방해,건조,맑음,교차로 - 교차로안,승용,남,40세,상해없음,승용,남,45세,경상
2012030800100133,2012년 3월 8일 08시,목요일,전라남도 여수시 학동,중상사고,0,1,0,0,차대차 - 측면직각충돌,안전운전불이행,건조,맑음,단일로 - 기타,승용,여,30세,상해없음,자전거,남,69세,중상
2012030800100134,2012년 3월 8일 08시,목요일,전라남도 나주시 송월동,중상사고,0,1,0,0,차대차 - 측면직각충돌,직진우회전진행방해,건조,맑음,교차로 - 교차로안,승용,남,49세,상해없음,자전거,여,60세,중상
2012030800100135,2012년 3월 8일 08시,목요일,전라남도 광양시 도이동,경상사고,0,0,1,0,차대차 - 측면직각충돌,교차로운행방법위반,건조,맑음,교차로 - 교차로안,승용,남,52세,상해없음,승용,남,34세,경상
2012030800100184,2012년 3월 8일 10시,목요일,전라남도 목포시 옥암동,중상사고,0,2,2,0,차대차 - 측면직각충돌,안전운전불이행,건조,맑음,단일로 - 기타,승용,남,44세,경상,승용,여,54세,경상