사고번호,사고일시,요일,시군구,사고내용,사망자수,중상자수,경상자수,부상신고자수,사고유형,법규위반,노면상태,기상상태,도로형태,가해운전자 차종,가해운전자 성별,가해운전자 연령,가해운전자 상해정도,피해운전자 차종,피해운전자 성별,피해운전자 연령,피해운전자 상해정도
2012031800100410,2012년 3월 18일 20시,일요일,전라남도 순천시 조례동,경상사고,0,0,1,0,차대차 - 측면직각충돌,안전운전불이행,건조,맑음,단일로 - 기타,승용,남,48세,상해없음,승용,남,39세,경상
2012031800100422,2012년 3월 18일 21시,일요일,전라남도 나주시 중앙동,중상사고,0,1,0,0,차대사람 - 횡단중,안전운전불이행,건조,기타,단일로 - 기타,승용,남,48세,상해없음,보행자,남,53세,중상
2012031900100006,2012년 3월 19일 00시,월요일,전라남도 목포시 산정동,경상사고,0,0,1,0,차대차 - 측면직각충돌,교차로운행방법위반,건조,맑음,교차로 - 교차로안,화물,남,29세,상해없음,승용,여,46세,경상
2012031900100018,2012년 3월 19일 01시,월요일,전라남도 광양시 광양읍,중상사고,0,1,0,0,차량단독 - 공작물충돌,안전운전불이행,건조,맑음,단일로 - 기타,승용,남,27세,상해없음,,,,
2012031900100055,2012년 3월 19일 06시,월요일,전라남도 순천시 조례동,경상사고,0,0,2,0,차대차 - 측면직각충돌,신호위반,건조,맑음,교차로 - 교차로안,승용,여,20세,경상,승합,남,42세,상해없음
2012031900100073,2012년 3월 19일 07시,월요일,전라남도 나주시 다시면,중상사고,0,2,1,1,차량단독 - 공작물충돌,안전운전불이행,건조,맑음,단일로 - 기타,승용,남,46세,부상신고,,,,
2012031900100175,2012년 3월 19일 10시,월요일,전라남도 화순군 화순읍,중상사고,0,1,0,0,차대사람 - 기타,안전운전불이행,건조,맑음,기타 - 기타,승용,여,61세,상해없음,보행자,여,68세,중상
2012031900100250,2012년 3월 19일 13시,월요일,전라남도 광양시 진상면,중상사고,0,1,0,0,차대차 - 측면직각충돌,안전거리미확보,건조,맑음,교차로 - 교차로부근,승합,남,43세,상해없음,승용,여,46세,중상
2012031900100282,2012년 3월 19일 14시,월요일,전라남도 목포시 산정동,중상사고,0,1,0,0,차대차 - 측면직각충돌,교차로운행방법위반,건조,맑음,교차로 - 교차로안,승용,남,67세,상해없음,원동기,여,69세,중상
2012031900100303,2012년 3월 19일 15시,월요일,전라남도 순천시 해룡면,중상사고,0,1,0,0,차량단독 - 공작물충돌,안전운전불이행,건조,맑음,단일로 - 기타,화물,남,49세,중상,,,,
2012031900100363,2012년 3월 19일 17시,월요일,전라남도 목포시 산정동,경상사고,0,0,3,0,차대차 - 측면직각충돌,신호위반,건조,맑음,교차로 - 교차로안,승용,남,68세,경상,승용,남,32세,경상
2012031900100393,2012년 3월 19일 18시,월요일,전라남도 무안군 현경면,중상사고,0,1,0,0,차대사람 - 기타,안전운전불이행,건조,맑음,단일로 - 기타,화물,남,37세,상해없음,보행자,남,16세,중상
2012031900100425,2012년 3월 19일 19시,월요일,전라남도 순천시 덕암동,중상사고,0,1,0,0,차대차 - 기타,안전운전불이행,건조,맑음,교차로 - 교차로안,승용,여,38세,상해없음,이륜,남,38세,중상
2012031900100462,2012년 3월 19일 20시,월요일,전라남도 신안군 지도읍,중상사고,0,2,0,0,차대사람 - 기타,안전운전불이행,건조,맑음,단일로 - 기타,원동기,남,64세,중상,보행자,여,81세,중상
2012031900100527,2012년 3월 19일 22시,월요일,전라남도 여수시 서교동,중상사고,0,1,0,0,차대사람 - 기타,안전운전불이행,건조,맑음,단일로 - 기타,승용,여,43세,상해없음,보행자,남,62세,중상
2012031900100553,2012년 3월 19일 23시,월요일,전라남도 순천시 석현동,경상사고,0,0,1,0,차대사람 - 기타,안전운전불이행,건조,맑음,단일로 - 기타,승용,남,60세,상해없음,보행자,여,22세,경상
2012031900100554,2012년 3월 19일 23시,월요일,전라남도 장흥군 부산면,중상사고,0,2,0,0,차량단독 - 공작물충돌,안전운전불이행,건조,맑음,단일로 - 기타,승용,남,27세,중상,,,,
2012031900100555,2012년 3월 19일 23시,월요일,전라남도 광양시 중동,경상사고,0,0,2,0,차대차 - 기타,안전운전불이행,건조,맑음,교차로 - 교차로안,승용,남,54세,상해없음,승용,남,41세,경상
2012032000100062,2012년 3월 20일 03시,화요일,전라남도 나주시 경현동,사망사고,1,1,0,0,차대사람 - 기타,안전운전불이행,건조,맑음,단일로 - 기타,화물,남,40세,상해없음,보행자,남,48세,사망
2012032000100081,2012년 3월 20일 05시,화요일,전라남도 순천시 조례동,중상사고,0,1,0,0,차대사람 - 기타,안전운전불이행,건조,맑음,교차로 - 교차로부근,승용,남,54세,상해없음,보행자,남,37세,중상
2012032000100096,2012년 3월 20일 06시,화요일,전라남도 고흥군 도화면,중상사고,0,1,0,0,차량단독 - 기타,안전운전불이행,건조,맑음,단일로 - 기타,승용,여,21세,중상,,,,
2012032000100113,2012년 3월 20일 07시,화요일,전라남도 함평군 월야면,경상사고,0,0,1,0,차대차 - 측면직각충돌,안전운전불이행,건조,맑음,단일로 - 기타,승용,남,70세,상해없음,승용,남,41세,상해없음
2012032000100146,2012년 3월 20일 08시,화요일,전라남도 순천시 풍덕동,경상사고,0,0,2,0,차대차 - 측면직각충돌,안전운전불이행,건조,맑음,교차로 - 교차로안,승용,남,32세,경상,화물,남,48세,경상
2012032000100147,2012년 3월 20일 08시,화요일,전라남도 강진군 강진읍,경상사고,0,0,1,0,차대차 - 기타,기타,건조,맑음,단일로 - 기타,승용,남,69세,상해없음,자전거,남,13세,경상
2012032000100184,2012년 3월 20일 09시,화요일,전라남도 여수시 신기동,중상사고,0,1,0,0,차량단독 - 공작물충돌,안전운전불이행,건조,맑음,교차로 - 교차로부근,승용,여,60세,중상,,,,
2012032000100209,2012년 3월 20일 10시,화요일,전라남도 담양군 대덕면,중상사고,0,1,0,0,차대차 - 기타,직진우회전진행방해,건조,맑음,교차로 - 교차로안,화물,남,45세,상해없음,농기계,남,76세,중상
2012032000100237,2012년 3월 20일 11시,화요일,전라남도 나주시 남평읍,경상사고,0,0,1,0,차대차 - 측면직각충돌,직진우회전진행방해,건조,맑음,교차로 - 교차로안,승용,여,42세,상해없음,자전거,남,72세,경상
2012032000100238,2012년 3월 20일 11시,화요일,전라남도 담양군 담양읍,중상사고,0,1,0,0,차대차 - 기타,불법유턴,건조,맑음,단일로 - 기타,자전거,여,68세,중상,승용,남,37세,상해없음
2012032000100256,2012년 3월 20일 12시,화요일,전라남도 여수시 오림동,경상사고,0,0,2,0,차대차 - 기타,안전운전불이행,건조,맑음,단일로 - 기타,승용,남,30세,상해없음,승합,남,53세,상해없음
2012032000100284,2012년 3월 20일 13시,화요일,전라남도 진도군 진도읍,중상사고,0,1,1,0,차대차 - 측면직각충돌,교차로운행방법위반,건조,맑음,교차로 - 교차로안,승용,여,57세,중상,특수,남,36세,경상
2012032000100330,2012년 3월 20일 15시,화요일,전라남도 목포시 용해동,경상사고,0,0,1,0,차대사람 - 횡단중,안전운전불이행,건조,맑음,단일로 - 기타,승용,남,63세,상해없음,보행자,남,7세,경상
2012032000100331,2012년 3월 20일 15시,화요일,전라남도 여수시 주삼동,중상사고,0,1,2,0,차대차 - 측면직각충돌,직진우회전진행방해,건조,맑음,단일로 - 기타,승용,여,47세,중상,승용,남,50세,경상
2012032000100390,2012년 3월 20일 17시,화요일,전라남도 순천시 해룡면,경상사고,0,0,1,0,차대차 - 측면직각충돌,안전운전불이행,건조,맑음,단일로 - 기타,화물,남,45세,상해없음,특수,남,50세,경상
2012032000100391,2012년 3월 20일 17시,화요일,전라남도 영광군 불갑면,경상사고,0,0,2,0,차대차 - 측면직각충돌,직진우회전진행방해,건조,맑음,교차로 - 교차로안,승합,남,43세,상해없음,화물,남,46세,경상
2012032000100392,2012년 3월 20일 17시,화요일,전라남도 광양시 중동,경상사고,0,0,3,0,차대차 - 측면직각충돌,신호위반,건조,맑음,교차로 - 교차로안,승용,여,50세,경상,승용,여,44세,경상
2012032000100429,2012년 3월 20일 18시,화요일,전라남도 장성군 장성읍,경상사고,0,0,1,0,차대차 - 측면직각충돌,교차로운행방법위반,건조,맑음,교차로 - 교차로안,승용,남,56세,상해없음,승용,남,30세,상해없음
2012032000100430,2012년 3월 20일 18시,화요일,전라남도 무안군 삼향읍,경상사고,0,0,1,0,차대차 - 측면직각충돌,신호위반,건조,맑음,교차로 - 교차로안,승용,남,58세,상해없음,승용,여,29세,경상
2012032000100431,2012년 3월 20일 18시,화요일,전라남도 광양시 광영동,경상사고,0,0,1,0,차대차 - 측면직각충돌,안전운전불이행,건조,맑음,단일로 - 기타,승용,남,50세,상해없음,이륜,남,56세,경상
2012032000100508,2012년 3월 20일 20시,화요일,전라남도 여수시 안산동,경상사고,0,0,1,0,차대차 - 추돌 - 진행중,안전운전불이행,건조,맑음,단일로 - 기타,승용,남,62세,상해없음,승용,남,46세,경상
2012032000100509,2012년 3월 20일 20시,화요일,전라남도 순천시 석현동,경상사고,0,0,1,0,차대차 - 추돌 - 진행중,안전운전불이행,건조,맑음,교차로 - 교차로부근,승용,기타불명,기타불명,기타불명,승용,남,34세,경상
2012032000100574,2012년 3월 20일 22시,화요일,전라남도 순천시 주암면,중상사고,0,1,0,0,차량단독 - 공작물충돌,안전운전불이행,건조,맑음,교차로 - 교차로부근,승용,남,50세,중상,,,,
2012032000100606,2012년 3월 20일 23시,화요일,전라남도 여수시 국동,경상사고,0,0,1,0,차대차 - 기타,안전운전불이행,건조,맑음,단일로 - 기타,승용,남,41세,상해없음,승합,남,18세,경상
2012032000100607,2012년 3월 20일 23시,화요일,전라남도 순천시 서면,경상사고,0,0,2,0,차대차 - 추돌 - 진행중,안전운전불이행,건조,맑음,단일로 - 기타,승용,남,24세,상해없음,승용,남,46세,경상
2012032100100028,2012년 3월 21일 01시,수요일,전라남도 여수시 학동,중상사고,0,2,0,0,차대차 - 추돌 - 주정차중,안전운전불이행,건조,맑음,단일로 - 기타,승용,남,37세,기타불명,승합,미분류,기타불명,기타불명
2012032100100063,2012년 3월 21일 05시,수요일,전라남도 목포시 옥암동,중상사고,0,1,1,0,차대차 - 측면직각충돌,신호위반,건조,맑음,교차로 - 교차로안,승용,남,26세,경상,승용,남,38세,중상
2012032100100064,2012년 3월 21일 05시,수요일,전라남도 여수시 광무동,사망사고,1,0,0,0,차대사람 - 기타,안전운전불이행,건조,맑음,교차로 - 교차로안,승용,남,48세,상해없음,보행자,여,65세,사망
2012032100100065,2012년 3월 21일 05시,수요일,전라남도 여수시 돌산읍,사망사고,1,0,0,0,차대사람 - 횡단중,안전운전불이행,건조,맑음,단일로 - 기타,승용,남,31세,상해없음,보행자,남,66세,사망
2012032100100066,2012년 3월 21일 05시,수요일,전라남도 나주시 노안면,경상사고,0,0,1,0,차대차 - 추돌 - 진행중,안전운전불이행,건조,맑음,단일로 - 기타,승용,남,42세,상해없음,승용,남,57세,경상
2012032100100080,2012년 3월 21일 06시,수요일,전라남도 목포시 용해동,경상사고,0,0,2,0,차대차 - 측면직각충돌,안전거리미확보,건조,맑음,단일로 - 기타,승용,남,52세,상해없음,승용,남,41세,경상
2012032100100081,2012년 3월 21일 06시,수요일,전라남도 여수시 미평동,중상사고,0,1,0,0,차대사람 - 횡단중,안전운전불이행,건조,맑음,단일로 - 기타,화물,남,32세,상해없음,보행자,남,69세,중상
2012032100100082,2012년 3월 21일 06시,수요일,전라남도 곡성군 곡성읍,경상사고,0,0,1,0,차대차 - 기타,교차로운행방법위반,건조,맑음,교차로 - 교차로안,이륜,남,68세,경상,화물,남,67세,상해없음
2012032100100083,2012년 3월 21일 06시,수요일,전라남도 광양시 광양읍,중상사고,0,1,0,0,차대사람 - 기타,안전운전불이행,건조,맑음,기타 - 기타,화물,남,46세,상해없음,보행자,여,77세,중상
2012032100100105,2012년 3월 21일 07시,수요일,전라남도 순천시 조례동,경상사고,0,0,3,0,차대차 - 측면직각충돌,교차로운행방법위반,건조,맑음,교차로 - 교차로안,승용,여,48세,경상,승용,남,39세,경상
2012032100100129,2012년 3월 21일 08시,수요일,전라남도 순천시 인제동,경상사고,0,0,1,0,차대차 - 측면직각충돌,안전운전불이행,건조,맑음,단일로 - 기타,승용,여,27세,상해없음,승용,남,57세,상해없음
2012032100100130,2012년 3월 21일 08시,수요일,전라남도 순천시 동외동,경상사고,0,0,1,0,차대차 - 측면직각충돌,안전거리미확보,건조,맑음,단일로 - 기타,승용,남,47세,상해없음,승용,여,49세,경상
2012032100100131,2012년 3월 21일 08시,수요일,전라남도 광양시 중동,경상사고,0,0,1,0,차대차 - 측면직각충돌,직진우회전진행방해,건조,맑음,교차로 - 교차로안,화물,남,72세,상해없음,승용,남,33세,경상
2012032100100162,2012년 3월 21일 09시,수요일,전라남도 고흥군 동강면,사망사고,1,0,0,0,차대차 - 추돌 - 진행중,안전운전불이행,건조,맑음,단일로 - 기타,화물,남,68세,상해없음,자전거,남,81세,사망
2012032100100180,2012년 3월 21일 10시,수요일,전라남도 순천시 해룡면,경상사고,0,0,1,0,차대차 - 정면충돌,안전운전불이행,건조,맑음,단일로 - 기타,원동기,남,87세,경상,화물,남,60세,상해없음
2012032100100181,2012년 3월 21일 10시,수요일,전라남도 화순군 도곡면,중상사고,0,1,0,0,차대차 - 추돌 - 진행중,안전운전불이행,건조,맑음,단일로 - 기타,화물,남,65세,상해없음,자전거,여,59세,중상
2012032100100182,2012년 3월 21일 10시,수요일,전라남도 강진군 강진읍,중상사고,0,1,0,0,차대차 - 측면직각충돌,중앙선침범,건조,맑음,단일로 - 기타,승용,여,25세,상해없음,이륜,남,73세,중상
2012032100100183,2012년 3월 21일 10시,수요일,전라남도 광양시 중동,중상사고,0,1,0,0,차대차 - 측면직각충돌,직진우회전진행방해,건조,맑음,교차로 - 교차로안,화물,남,57세,상해없음,이륜,남,72세,중상
2012032100100228,2012년 3월 21일 12시,수요일,전라남도 해남군 문내면,경상사고,0,0,1,0,차대사람 - 기타,안전운전불이행,건조,맑음,단일로 - 기타,화물,남,63세,상해없음,보행자,여,75세,경상
2012032100100229,2012년 3월 21일 12시,수요일,전라남도 무안군 해제면,중상사고,0,1,0,0,차대차 - 기타,안전운전불이행,건조,맑음,기타 - 기타,승용,남,71세,상해없음,이륜,남,70세,중상
2012032100100258,2012년 3월 21일 13시,수요일,전라남도 순천시 연향동,경상사고,0,0,1,0,차대사람 - 횡단중,보행자보호의무위반,건조,맑음,단일로 - 횡단보도상,승용,남,57세,상해없음,보행자,여,52세,경상
2012032100100259,2012년 3월 21일 13시,수요일,전라남도 영광군 영광읍,중상사고,0,1,0,0,차대차 - 기타,안전운전불이행,건조,맑음,단일로 - 기타,화물,남,24세,상해없음,승용,남,37세,중상
2012032100100309,2012년 3월 21일 15시,수요일,전라남도 순천시 조곡동,경상사고,0,0,1,0,차대사람 - 차도통행중,안전운전불이행,건조,맑음,단일로 - 기타,승용,남,42세,상해없음,보행자,남,28세,경상
2012032100100331,2012년 3월 21일 16시,수요일,전라남도 여수시 해산동,경상사고,0,0,1,0,차대사람 - 기타,안전운전불이행,건조,맑음,단일로 - 기타,승용,남,70세,상해없음,보행자,여,58세,경상
2012032100100363,2012년 3월 21일 17시,수요일,전라남도 목포시 대안동,경상사고,0,0,1,0,차대사람 - 기타,안전운전불이행,건조,맑음,교차로 - 교차로부근,화물,남,38세,상해없음,보행자,여,51세,경상
2012032100100364,2012년 3월 21일 17시,수요일,전라남도 여수시 호명동,사망사고,1,0,0,0,차대사람 - 횡단중,보행자보호의무위반,건조,맑음,교차로 - 교차로안,화물,남,50세,상해없음,보행자,여,75세,사망
2012032100100365,2012년 3월 21일 17시,수요일,전라남도 함평군 손불면,경상사고,0,0,3,0,차대차 - 추돌 - 주정차중,안전운전불이행,건조,맑음,단일로 - 기타,화물,남,53세,경상,승합,남,58세,상해없음
2012032100100402,2012년 3월 21일 18시,수요일,전라남도 목포시 용해동,중상사고,0,2,4,0,차대차 - 추돌 - 주정차중,안전운전불이행,건조,맑음,단일로 - 터널,승용,남,30세,상해없음,승용,남,41세,경상
2012032100100403,2012년 3월 21일 18시,수요일,전라남도 곡성군 겸면,경상사고,0,0,1,0,차량단독 - 공작물충돌,안전운전불이행,건조,맑음,단일로 - 기타,승용,남,53세,경상,,,,
2012032100100404,2012년 3월 21일 18시,수요일,전라남도 광양시 광양읍,중상사고,0,1,0,0,차대차 - 측면직각충돌,교차로운행방법위반,건조,맑음,교차로 - 교차로안,화물,여,51세,상해없음,이륜,남,62세,중상
2012032100100431,2012년 3월 21일 19시,수요일,전라남도 장흥군 유치면,경상사고,0,0,2,0,차대차 - 기타,안전운전불이행,건조,맑음,단일로 - 기타,승용,남,76세,경상,특수,남,36세,경상
2012032100100463,2012년 3월 21일 20시,수요일,전라남도 진도군 진도읍,경상사고,0,0,1,0,차대차 - 추돌 - 주정차중,안전거리미확보,건조,맑음,교차로 - 교차로부근,승용,여,42세,상해없음,승용,남,72세,상해없음
2012032100100496,2012년 3월 21일 21시,수요일,전라남도 여수시 국동,경상사고,0,0,1,0,차대차 - 추돌 - 주정차중,안전운전불이행,건조,맑음,교차로 - 교차로부근,승용,남,21세,상해없음,승합,남,43세,경상
2012032100100497,2012년 3월 21일 21시,수요일,전라남도 곡성군 오산면,중상사고,0,1,3,0,차대차 - 측면직각충돌,신호위반,건조,맑음,교차로 - 교차로안,승용,여,41세,상해없음,승용,여,32세,경상
2012032100100526,2012년 3월 21일 22시,수요일,전라남도 목포시 상동,경상사고,0,0,1,0,차대차 - 측면직각충돌,기타,건조,맑음,교차로 - 교차로부근,기타불명,기타불명,기타불명,기타불명,승용,남,29세,경상
2012032100100527,2012년 3월 21일 22시,수요일,전라남도 순천시 생목동,중상사고,0,1,0,0,차대차 - 측면직각충돌,안전운전불이행,건조,맑음,교차로 - 교차로안,승합,남,22세,상해없음,이륜,남,20세,중상
2012032100100561,2012년 3월 21일 23시,수요일,전라남도 여수시 율촌면,사망사고,1,0,0,0,차대사람 - 횡단중,안전운전불이행,건조,맑음,단일로 - 기타,화물,남,53세,상해없음,보행자,여,82세,사망
2012032100100562,2012년 3월 21일 23시,수요일,전라남도 해남군 화산면,사망사고,1,0,1,0,차량단독 - 공작물충돌,안전운전불이행,건조,맑음,단일로 - 기타,화물,남,54세,경상,,,,
2012032200100019,2012년 3월 22일 00시,목요일,전라남도 순천시 동외동,경상사고,0,0,1,0,차대차 - 측면직각충돌,직진우회전진행방해,건조,맑음,교차로 - 교차로안,승용,남,35세,상해없음,승용,남,36세,경상
2012032200100020,2012년 3월 22일 00시,목요일,전라남도 순천시 연향동,경상사고,0,0,1,0,차대사람 - 보도통행중,안전운전불이행,건조,맑음,교차로 - 교차로부근,승합,남,41세,상해없음,보행자,남,23세,경상
2012032200100021,2012년 3월 22일 00시,목요일,전라남도 완도군 약산면,경상사고,0,0,1,0,차대차 - 추돌 - 주정차중,안전운전불이행,건조,기타,단일로 - 기타,승용,여,34세,기타불명,농기계,남,29세,경상
2012032200100043,2012년 3월 22일 02시,목요일,전라남도 광양시 중동,경상사고,0,0,1,0,차대차 - 측면직각충돌,직진우회전진행방해,습기,비,교차로 - 교차로안,승용,남,51세,상해없음,승용,남,35세,경상
2012032200100075,2012년 3월 22일 06시,목요일,전라남도 무안군 삼향읍,경상사고,0,0,1,0,차대차 - 기타,신호위반,습기,흐림,교차로 - 교차로안,승용,여,42세,상해없음,승용,여,50세,경상
2012032200100091,2012년 3월 22일 07시,목요일,전라남도 함평군 함평읍,경상사고,0,0,1,0,차대차 - 측면직각충돌,신호위반,건조,흐림,교차로 - 교차로안,승용,남,63세,상해없음,화물,남,55세,경상
2012032200100116,2012년 3월 22일 08시,목요일,전라남도 순천시 조례동,경상사고,0,0,1,0,차대차 - 기타,안전운전불이행,건조,흐림,교차로 - 교차로부근,승용,여,39세,상해없음,승용,여,27세,경상
2012032200100117,2012년 3월 22일 08시,목요일,전라남도 순천시 연향동,경상사고,0,0,1,0,차대차 - 추돌 - 진행중,안전거리미확보,건조,맑음,단일로 - 기타,승용,남,51세,상해없음,승용,여,43세,경상
2012032200100118,2012년 3월 22일 08시,목요일,전라남도 나주시 남평읍,경상사고,0,0,2,0,차대차 - 측면직각충돌,신호위반,습기,비,단일로 - 횡단보도상,승용,남,31세,경상,승용,남,43세,경상
2012032200100119,2012년 3월 22일 08시,목요일,전라남도 화순군 화순읍,중상사고,0,1,0,0,차량단독 - 공작물충돌,안전운전불이행,건조,맑음,단일로 - 기타,승용,남,38세,중상,,,,
2012032200100168,2012년 3월 22일 10시,목요일,전라남도 보성군 보성읍,경상사고,0,0,1,0,차대차 - 측면직각충돌,안전운전불이행,건조,흐림,단일로 - 기타,이륜,여,41세,상해없음,이륜,남,69세,경상
2012032200100185,2012년 3월 22일 11시,목요일,전라남도 목포시 상동,경상사고,0,0,3,0,차대차 - 추돌 - 주정차중,안전운전불이행,습기,비,단일로 - 기타,화물,남,42세,상해없음,승용,남,31세,경상
2012032200100207,2012년 3월 22일 12시,목요일,전라남도 장성군 장성읍,경상사고,0,0,2,0,차대차 - 측면직각충돌,교차로운행방법위반,습기,비,교차로 - 교차로안,화물,남,54세,경상,승용,남,21세,경상
2012032200100226,2012년 3월 22일 13시,목요일,전라남도 여수시 학동,경상사고,0,0,2,0,차대차 - 측면직각충돌,교차로운행방법위반,습기,흐림,교차로 - 교차로안,승용,여,45세,경상,화물,남,25세,경상
2012032200100227,2012년 3월 22일 13시,목요일,전라남도 진도군 군내면,경상사고,0,0,2,0,차대차 - 측면직각충돌,중앙선침범,습기,비,단일로 - 기타,화물,남,38세,경상,승용,남,74세,경상
2012032200100253,2012년 3월 22일 14시,목요일,전라남도 담양군 담양읍,경상사고,0,0,1,0,차대차 - 기타,직진우회전진행방해,습기,비,교차로 - 교차로안,승합,남,48세,상해없음,승용,남,31세,경상
2012032200100254,2012년 3월 22일 14시,목요일,전라남도 진도군 진도읍,중상사고,0,1,0,0,차대사람 - 기타,안전운전불이행,건조,맑음,교차로 - 교차로부근,승용,남,45세,상해없음,보행자,여,74세,중상
2012032200100255,2012년 3월 22일 14시,목요일,전라남도 광양시 광양읍,경상사고,0,0,1,0,차대사람 - 기타,안전운전불이행,습기,비,단일로 - 기타,승용,여,51세,상해없음,보행자,여,7세,경상
2012032200100313,2012년 3월 22일 16시,목요일,전라남도 목포시 산정동,경상사고,0,0,1,0,차대차 - 측면직각충돌,중앙선침범,건조,맑음,교차로 - 교차로부근,승용,남,43세,상해없음,승용,남,48세,경상
2012032200100314,2012년 3월 22일 16시,목요일,전라남도 무안군 무안읍,경상사고,0,0,1,0,차대차 - 기타,직진우회전진행방해,습기,비,교차로 - 교차로안,승용,여,48세,상해없음,화물,남,36세,상해없음
2012032200100347,2012년 3월 22일 17시,목요일,전라남도 여수시 화양면,경상사고,0,0,1,0,차대차 - 정면충돌,중앙선침범,습기,비,단일로 - 기타,승용,남,31세,상해없음,승용,남,42세,경상
2012032200100348,2012년 3월 22일 17시,목요일,전라남도 여수시 화양면,경상사고,0,0,1,1,차대차 - 추돌 - 진행중,안전운전불이행,건조,맑음,교차로 - 교차로부근,화물,남,41세,상해없음,승용,여,45세,경상
2012032200100349,2012년 3월 22일 17시,목요일,전라남도 순천시 별량면,중상사고,0,1,0,0,차대사람 - 횡단중,안전운전불이행,습기,비,단일로 - 기타,승용,여,51세,상해없음,보행자,여,83세,중상
2012032200100350,2012년 3월 22일 17시,목요일,전라남도 고흥군 남양면,경상사고,0,0,1,0,차량단독 - 기타,안전운전불이행,건조,맑음,단일로 - 기타,승용,남,45세,경상,,,,
2012032200100351,2012년 3월 22일 17시,목요일,전라남도 해남군 송지면,중상사고,0,7,0,0,차대차 - 기타,중앙선침범,습기,비,단일로 - 기타,화물,남,57세,중상,화물,남,59세,중상
2012032200100382,2012년 3월 22일 18시,목요일,전라남도 곡성군 곡성읍,사망사고,1,0,0,0,차대사람 - 횡단중,안전운전불이행,습기,비,단일로 - 기타,화물,남,34세,상해없음,보행자,여,73세,사망
2012032200100383,2012년 3월 22일 18시,목요일,전라남도 광양시 진월면,부상신고사고,0,0,0,1,차대차 - 측면직각충돌,안전거리미확보,습기,비,단일로 - 기타,승합,남,40세,부상신고,승합,남,38세,상해없음
2012032200100384,2012년 3월 22일 18시,목요일,전라남도 광양시 옥곡면,경상사고,0,0,1,0,차대차 - 측면직각충돌,중앙선침범,습기,비,단일로 - 기타,승용,남,39세,상해없음,승용,남,46세,경상
2012032200100457,2012년 3월 22일 20시,목요일,전라남도 순천시 조례동,경상사고,0,0,1,0,차대차 - 측면직각충돌,기타,습기,비,단일로 - 기타,승용,남,53세,상해없음,이륜,남,47세,경상
2012032200100458,2012년 3월 22일 20시,목요일,전라남도 순천시 남정동,경상사고,0,0,1,0,차대차 - 측면직각충돌,불법유턴,습기,비,단일로 - 기타,승용,남,55세,상해없음,이륜,여,52세,경상
2012032200100505,2012년 3월 22일 21시,목요일,전라남도 순천시 장천동,중상사고,0,1,0,0,차대사람 - 횡단중,안전운전불이행,습기,비,단일로 - 기타,이륜,남,17세,상해없음,보행자,여,56세,중상
2012032200100506,2012년 3월 22일 21시,목요일,전라남도 영광군 대마면,경상사고,0,0,2,2,차대차 - 기타,중앙선침범,습기,비,단일로 - 기타,승용,남,31세,경상,화물,남,46세,경상
2012032200100549,2012년 3월 22일 22시,목요일,전라남도 순천시 연향동,중상사고,0,1,1,0,차대차 - 측면직각충돌,안전운전불이행,습기,비,교차로 - 교차로안,승용,남,43세,상해없음,승용,남,51세,경상
2012032300100047,2012년 3월 23일 01시,금요일,전라남도 화순군 화순읍,경상사고,0,0,1,0,차대차 - 추돌 - 진행중,안전거리미확보,습기,비,단일로 - 기타,승용,남,52세,상해없음,승용,남,69세,상해없음
2012032300100048,2012년 3월 23일 01시,금요일,전라남도 영암군 신북면,경상사고,0,0,1,0,차량단독 - 공작물충돌,안전운전불이행,습기,비,교차로 - 교차로부근,승용,남,37세,경상,,,,
2012032300100083,2012년 3월 23일 03시,금요일,전라남도 광양시 중동,경상사고,0,0,1,0,차대차 - 추돌 - 주정차중,안전운전불이행,습기,비,단일로 - 기타,승용,남,41세,경상,특수,남,30세,기타불명
2012032300100173,2012년 3월 23일 08시,금요일,전라남도 나주시 남평읍,경상사고,0,0,1,1,차대차 - 측면직각충돌,안전운전불이행,습기,비,단일로 - 기타,승용,남,72세,부상신고,승용,남,40세,경상
2012032300100174,2012년 3월 23일 08시,금요일,전라남도 영광군 영광읍,경상사고,0,0,1,0,차대차 - 추돌 - 주정차중,안전운전불이행,건조,흐림,단일로 - 기타,승용,남,69세,상해없음,승용,남,40세,경상
2012032300100175,2012년 3월 23일 08시,금요일,전라남도 무안군 삼향읍,중상사고,0,1,0,0,차대차 - 기타,신호위반,습기,비,교차로 - 교차로안,원동기,남,60세,중상,승용,여,48세,상해없음
2012032300100192,2012년 3월 23일 09시,금요일,전라남도 고흥군 동강면,중상사고,0,1,0,0,차대사람 - 기타,안전운전불이행,습기,비,기타 - 기타,화물,남,49세,상해없음,보행자,남,56세,중상
2012032300100222,2012년 3월 23일 10시,금요일,전라남도 신안군 지도읍,중상사고,0,3,0,0,차대차 - 기타,안전운전불이행,습기,비,단일로 - 기타,승용,여,35세,중상,승용,남,49세,중상
2012032300100223,2012년 3월 23일 10시,금요일,전라남도 완도군 약산면,중상사고,0,1,2,0,차대차 - 기타,중앙선침범,습기,비,단일로 - 기타,화물,여,59세,경상,화물,남,47세,경상