사고번호,사고일시,요일,시군구,사고내용,사망자수,중상자수,경상자수,부상신고자수,사고유형,법규위반,노면상태,기상상태,도로형태,가해운전자 차종,가해운전자 성별,가해운전자 연령,가해운전자 상해정도,피해운전자 차종,피해운전자 성별,피해운전자 연령,피해운전자 상해정도
2012032300100224,2012년 3월 23일 10시,금요일,전라남도 광양시 광양읍,경상사고,0,0,1,0,차대사람 - 횡단중,안전운전불이행,습기,비,단일로 - 횡단보도부근,화물,남,39세,상해없음,보행자,남,95세,경상
2012032300100255,2012년 3월 23일 11시,금요일,전라남도 목포시 석현동,중상사고,0,2,0,0,차대차 - 추돌 - 진행중,안전운전불이행,습기,비,단일로 - 기타,화물,남,33세,상해없음,화물,남,56세,중상
2012032300100256,2012년 3월 23일 11시,금요일,전라남도 목포시 상동,경상사고,0,0,2,0,차대차 - 추돌 - 주정차중,안전운전불이행,건조,맑음,단일로 - 기타,승용,남,25세,상해없음,승용,남,31세,경상
2012032300100257,2012년 3월 23일 11시,금요일,전라남도 순천시 가곡동,경상사고,0,0,1,0,차대차 - 측면직각충돌,차로위반,건조,맑음,교차로 - 교차로안,승용,여,35세,경상,승합,남,53세,상해없음
2012032300100325,2012년 3월 23일 13시,금요일,전라남도 여수시 화장동,경상사고,0,0,6,0,차대차 - 추돌 - 진행중,안전거리미확보,습기,비,단일로 - 기타,특수,남,33세,상해없음,승용,여,54세,경상
2012032300100326,2012년 3월 23일 13시,금요일,전라남도 여수시 화장동,경상사고,0,0,1,0,차대차 - 추돌 - 주정차중,중앙선침범,건조,맑음,단일로 - 기타,승용,남,42세,기타불명,승용,남,30세,경상
2012032300100357,2012년 3월 23일 14시,금요일,전라남도 영광군 법성면,경상사고,0,0,2,0,차대차 - 기타,직진우회전진행방해,건조,맑음,교차로 - 교차로안,승용,여,47세,경상,승용,남,41세,경상
2012032300100387,2012년 3월 23일 15시,금요일,전라남도 나주시 남평읍,경상사고,0,0,1,0,차대차 - 추돌 - 주정차중,안전거리미확보,습기,흐림,단일로 - 교량,승용,남,22세,상해없음,승용,남,34세,경상
2012032300100388,2012년 3월 23일 15시,금요일,전라남도 광양시 중동,중상사고,0,1,0,0,차대차 - 측면직각충돌,안전거리미확보,습기,비,단일로 - 기타,화물,남,53세,상해없음,화물,남,30세,상해없음
2012032300100421,2012년 3월 23일 16시,금요일,전라남도 화순군 동면,경상사고,0,0,2,0,차대차 - 정면충돌,중앙선침범,습기,비,단일로 - 기타,승용,남,54세,상해없음,승용,남,48세,경상
2012032300100422,2012년 3월 23일 16시,금요일,전라남도 광양시 광영동,경상사고,0,0,3,0,차대차 - 추돌 - 주정차중,안전운전불이행,습기,비,교차로 - 교차로부근,승용,남,45세,상해없음,승용,남,32세,경상
2012032300100450,2012년 3월 23일 17시,금요일,전라남도 구례군 산동면,부상신고사고,0,0,0,1,차대차 - 측면직각충돌,안전운전불이행,습기,흐림,단일로 - 기타,원동기,여,70세,부상신고,승용,남,27세,상해없음
2012032300100632,2012년 3월 23일 20시,금요일,전라남도 목포시 상동,경상사고,0,0,1,0,차대사람 - 차도통행중,안전운전불이행,건조,맑음,단일로 - 기타,승용,남,37세,상해없음,보행자,여,29세,경상
2012032300100633,2012년 3월 23일 20시,금요일,전라남도 순천시 서면,중상사고,0,1,0,0,차대차 - 측면직각충돌,안전운전불이행,건조,맑음,교차로 - 교차로안,승용,남,52세,상해없음,이륜,남,57세,중상
2012032300100697,2012년 3월 23일 21시,금요일,전라남도 여수시 여서동,부상신고사고,0,0,0,1,차대사람 - 횡단중,안전운전불이행,건조,맑음,단일로 - 기타,승용,남,35세,상해없음,보행자,남,29세,부상신고
2012032300100698,2012년 3월 23일 21시,금요일,전라남도 광양시 중동,경상사고,0,0,2,0,차대차 - 추돌 - 진행중,안전운전불이행,건조,맑음,단일로 - 기타,승용,남,54세,상해없음,승용,남,21세,경상
2012032400100027,2012년 3월 24일 00시,토요일,전라남도 목포시 연산동,경상사고,0,0,1,0,차대차 - 추돌 - 진행중,안전운전불이행,건조,맑음,단일로 - 기타,이륜,남,15세,경상,승용,남,42세,상해없음
2012032400100028,2012년 3월 24일 00시,토요일,전라남도 목포시 상동,경상사고,0,0,1,0,차대차 - 측면직각충돌,안전운전불이행,습기,비,단일로 - 기타,화물,남,45세,상해없음,이륜,남,16세,경상
2012032400100029,2012년 3월 24일 00시,토요일,전라남도 광양시 광양읍,경상사고,0,0,1,1,차대차 - 측면직각충돌,중앙선침범,습기,비,단일로 - 기타,승용,남,25세,부상신고,승용,남,28세,경상
2012032400100076,2012년 3월 24일 01시,토요일,전라남도 순천시 왕지동,경상사고,0,0,2,0,차대차 - 정면충돌,안전운전불이행,건조,맑음,교차로 - 교차로부근,승용,여,44세,상해없음,승용,여,38세,경상
2012032400100077,2012년 3월 24일 01시,토요일,전라남도 광양시 광양읍,중상사고,0,1,0,0,차대차 - 기타,안전운전불이행,건조,맑음,단일로 - 기타,승용,남,24세,기타불명,승용,여,39세,중상
2012032400100118,2012년 3월 24일 02시,토요일,전라남도 여수시 여서동,경상사고,0,0,1,0,차대사람 - 기타,안전운전불이행,건조,흐림,교차로 - 교차로안,승용,남,28세,상해없음,보행자,남,37세,경상
2012032400100119,2012년 3월 24일 02시,토요일,전라남도 광양시 광양읍,중상사고,0,1,1,0,차대사람 - 기타,신호위반,습기,비,교차로 - 교차로안,승용,남,47세,상해없음,보행자,남,26세,경상
2012032400100141,2012년 3월 24일 03시,토요일,전라남도 나주시 삼영동,중상사고,0,1,0,0,차량단독 - 공작물충돌,안전운전불이행,습기,맑음,미분류 - 미분류,승용,남,28세,중상,,,,
2012032400100219,2012년 3월 24일 07시,토요일,전라남도 순천시 해룡면,부상신고사고,0,0,0,1,차대차 - 측면직각충돌,차로위반,습기,흐림,단일로 - 기타,승용,남,30세,부상신고,화물,남,29세,상해없음
2012032400100220,2012년 3월 24일 07시,토요일,전라남도 해남군 마산면,경상사고,0,0,1,0,차량단독 - 전도전복,안전운전불이행,건조,맑음,단일로 - 기타,이륜,남,73세,상해없음,,,,
2012032400100266,2012년 3월 24일 09시,토요일,전라남도 순천시 조례동,중상사고,0,1,0,0,차대차 - 측면직각충돌,안전운전불이행,건조,맑음,교차로 - 교차로부근,승용,남,63세,상해없음,승용,남,77세,상해없음
2012032400100292,2012년 3월 24일 10시,토요일,전라남도 순천시 덕월동,경상사고,0,0,3,0,차대차 - 측면직각충돌,안전거리미확보,건조,맑음,단일로 - 기타,승용,남,33세,상해없음,승용,남,27세,상해없음
2012032400100293,2012년 3월 24일 10시,토요일,전라남도 순천시 덕암동,중상사고,0,1,6,1,차대차 - 추돌 - 주정차중,안전운전불이행,건조,맑음,단일로 - 기타,승용,여,38세,부상신고,승용,남,53세,경상
2012032400100321,2012년 3월 24일 11시,토요일,전라남도 순천시 남정동,중상사고,0,1,2,0,차대차 - 측면직각충돌,신호위반,건조,맑음,교차로 - 교차로안,승용,남,54세,중상,승용,남,62세,경상
2012032400100388,2012년 3월 24일 13시,토요일,전라남도 목포시 산정동,중상사고,0,1,0,0,차대사람 - 횡단중,신호위반,건조,기타,단일로 - 횡단보도상,승용,여,46세,상해없음,보행자,여,27세,중상
2012032400100389,2012년 3월 24일 13시,토요일,전라남도 고흥군 동강면,중상사고,0,1,0,0,차대차 - 측면직각충돌,교차로운행방법위반,건조,맑음,교차로 - 교차로부근,승용,남,61세,상해없음,원동기,남,83세,중상
2012032400100390,2012년 3월 24일 13시,토요일,전라남도 영광군 군서면,경상사고,0,0,1,0,차량단독 - 도로외이탈 - 추락,안전운전불이행,건조,맑음,단일로 - 기타,화물,남,47세,경상,,,,
2012032400100391,2012년 3월 24일 13시,토요일,전라남도 진도군 군내면,중상사고,0,1,0,0,차량단독 - 전도전복,안전운전불이행,건조,맑음,교차로 - 교차로부근,이륜,남,58세,중상,,,,
2012032400100428,2012년 3월 24일 14시,토요일,전라남도 여수시 학동,경상사고,0,0,1,0,차대차 - 추돌 - 진행중,안전운전불이행,건조,맑음,단일로 - 기타,승합,남,47세,상해없음,승용,여,40세,경상
2012032400100429,2012년 3월 24일 14시,토요일,전라남도 여수시 신기동,경상사고,0,0,1,0,차대차 - 기타,기타,건조,맑음,교차로 - 교차로부근,승용,여,49세,상해없음,원동기,남,14세,경상
2012032400100430,2012년 3월 24일 14시,토요일,전라남도 나주시 송월동,중상사고,0,1,0,0,차대차 - 기타,안전운전불이행,건조,맑음,교차로 - 교차로부근,승합,남,56세,상해없음,자전거,남,10세,중상
2012032400100431,2012년 3월 24일 14시,토요일,전라남도 무안군 무안읍,경상사고,0,0,1,0,차대사람 - 횡단중,안전운전불이행,건조,맑음,기타 - 기타,승용,남,49세,상해없음,보행자,남,6세,경상
2012032400100432,2012년 3월 24일 14시,토요일,전라남도 진도군 의신면,중상사고,0,1,1,0,차대차 - 측면직각충돌,교차로운행방법위반,건조,맑음,교차로 - 교차로안,승용,여,49세,상해없음,농기계,남,75세,중상
2012032400100473,2012년 3월 24일 15시,토요일,전라남도 순천시 중앙동,중상사고,0,1,0,0,차량단독 - 기타,기타,건조,맑음,단일로 - 기타,승합,남,31세,상해없음,,,,
2012032400100509,2012년 3월 24일 16시,토요일,전라남도 여수시 학동,경상사고,0,0,2,0,차대차 - 추돌 - 주정차중,안전운전불이행,건조,맑음,교차로 - 교차로부근,승용,남,28세,경상,승합,남,49세,상해없음
2012032400100510,2012년 3월 24일 16시,토요일,전라남도 순천시 덕암동,경상사고,0,0,2,0,차대차 - 추돌 - 주정차중,안전운전불이행,건조,맑음,단일로 - 기타,승용,남,54세,상해없음,승용,남,59세,경상
2012032400100511,2012년 3월 24일 16시,토요일,전라남도 해남군 화산면,경상사고,0,0,1,0,차대차 - 기타,중앙선침범,건조,맑음,단일로 - 기타,승용,남,25세,상해없음,승용,남,29세,상해없음
2012032400100512,2012년 3월 24일 16시,토요일,전라남도 영암군 삼호읍,중상사고,0,1,0,0,차대차 - 측면직각충돌,직진우회전진행방해,건조,맑음,교차로 - 교차로안,승용,남,55세,상해없음,원동기,남,44세,중상
2012032400100513,2012년 3월 24일 16시,토요일,전라남도 담양군 담양읍,경상사고,0,0,1,1,차대차 - 기타,신호위반,건조,맑음,교차로 - 교차로안,승합,남,28세,상해없음,화물,남,71세,부상신고
2012032400100514,2012년 3월 24일 16시,토요일,전라남도 담양군 금성면,경상사고,0,0,2,0,차대차 - 기타,중앙선침범,건조,맑음,단일로 - 기타,승용,남,51세,상해없음,승용,여,33세,경상
2012032400100551,2012년 3월 24일 17시,토요일,전라남도 화순군 이양면,경상사고,0,0,1,0,차량단독 - 공작물충돌,안전운전불이행,건조,맑음,단일로 - 기타,승용,남,25세,상해없음,,,,
2012032400100552,2012년 3월 24일 17시,토요일,전라남도 영암군 삼호읍,경상사고,0,0,4,0,차대차 - 기타,안전운전불이행,건조,맑음,교차로 - 교차로안,승용,여,43세,경상,건설기계,남,64세,상해없음
2012032400100553,2012년 3월 24일 17시,토요일,전라남도 광양시 다압면,경상사고,0,0,3,0,차대차 - 추돌 - 주정차중,안전운전불이행,건조,맑음,단일로 - 기타,승용,남,46세,상해없음,승용,남,55세,경상
2012032400100630,2012년 3월 24일 19시,토요일,전라남도 영암군 영암읍,중상사고,0,2,0,0,차대차 - 측면직각충돌,신호위반,건조,맑음,교차로 - 교차로안,승용,남,41세,상해없음,승용,남,56세,중상
2012032400100663,2012년 3월 24일 20시,토요일,전라남도 목포시 상동,중상사고,0,1,2,0,차대차 - 기타,중앙선침범,건조,맑음,단일로 - 기타,승용,남,36세,상해없음,승용,여,52세,중상
2012032400100664,2012년 3월 24일 20시,토요일,전라남도 진도군 진도읍,경상사고,0,0,1,0,차대차 - 추돌 - 주정차중,안전거리미확보,건조,맑음,교차로 - 교차로부근,화물,남,20세,상해없음,승용,남,51세,상해없음
2012032400100694,2012년 3월 24일 21시,토요일,전라남도 여수시 봉산동,중상사고,0,1,0,0,차대사람 - 횡단중,안전운전불이행,건조,맑음,단일로 - 기타,승용,남,61세,상해없음,보행자,남,76세,중상
2012032400100695,2012년 3월 24일 21시,토요일,전라남도 순천시 석현동,경상사고,0,0,1,0,차대차 - 측면직각충돌,중앙선침범,건조,맑음,단일로 - 기타,승용,여,51세,상해없음,승용,여,44세,경상
2012032400100696,2012년 3월 24일 21시,토요일,전라남도 나주시 남내동,경상사고,0,0,2,0,차대차 - 기타,직진우회전진행방해,건조,맑음,교차로 - 교차로안,승용,남,35세,상해없음,승용,남,46세,상해없음
2012032400100720,2012년 3월 24일 22시,토요일,전라남도 여수시 여서동,중상사고,0,1,0,0,차대사람 - 횡단중,보행자보호의무위반,건조,맑음,단일로 - 횡단보도상,승용,남,32세,상해없음,보행자,남,61세,중상
2012032400100721,2012년 3월 24일 22시,토요일,전라남도 영암군 삼호읍,중상사고,0,2,2,0,차대차 - 측면직각충돌,신호위반,건조,맑음,교차로 - 교차로안,승용,남,26세,중상,승용,남,62세,경상
2012032500100017,2012년 3월 25일 00시,일요일,전라남도 고흥군 고흥읍,중상사고,0,1,0,0,차대차 - 기타,안전운전불이행,건조,맑음,기타 - 기타,이륜,남,15세,중상,이륜,남,15세,상해없음
2012032500100038,2012년 3월 25일 01시,일요일,전라남도 순천시 연향동,경상사고,0,0,2,0,차대차 - 기타,안전운전불이행,건조,맑음,교차로 - 교차로안,승용,남,25세,상해없음,승용,남,47세,경상
2012032500100068,2012년 3월 25일 03시,일요일,전라남도 여수시 율촌면,중상사고,0,1,0,1,차량단독 - 공작물충돌,안전운전불이행,건조,맑음,단일로 - 기타,승용,남,25세,중상,,,,
2012032500100069,2012년 3월 25일 03시,일요일,전라남도 영암군 삼호읍,경상사고,0,0,1,0,차대차 - 기타,안전운전불이행,건조,맑음,교차로 - 교차로부근,승용,남,28세,경상,화물,남,47세,기타불명
2012032500100094,2012년 3월 25일 05시,일요일,전라남도 목포시 옥암동,경상사고,0,0,1,0,차대차 - 측면직각충돌,신호위반,건조,맑음,교차로 - 교차로안,기타불명,기타불명,기타불명,기타불명,승용,남,62세,경상
2012032500100109,2012년 3월 25일 06시,일요일,전라남도 목포시 석현동,경상사고,0,0,1,0,차대차 - 기타,차로위반,건조,맑음,단일로 - 기타,화물,남,53세,상해없음,승용,남,45세,경상
2012032500100132,2012년 3월 25일 08시,일요일,전라남도 장흥군 용산면,경상사고,0,0,1,0,차량단독 - 기타,안전운전불이행,건조,맑음,단일로 - 기타,승용,여,43세,경상,,,,
2012032500100175,2012년 3월 25일 12시,일요일,전라남도 여수시 수정동,경상사고,0,0,1,0,차대사람 - 보도통행중,안전운전불이행,건조,맑음,기타 - 기타,승용,남,32세,상해없음,보행자,남,52세,경상
2012032500100195,2012년 3월 25일 13시,일요일,전라남도 목포시 옥암동,경상사고,0,0,1,0,차대차 - 측면직각충돌,교차로운행방법위반,건조,맑음,교차로 - 교차로안,승용,남,37세,상해없음,원동기,남,17세,경상
2012032500100196,2012년 3월 25일 13시,일요일,전라남도 나주시 노안면,중상사고,0,1,0,0,차량단독 - 도로외이탈 - 추락,안전운전불이행,건조,맑음,단일로 - 기타,화물,남,57세,중상,,,,
2012032500100215,2012년 3월 25일 14시,일요일,전라남도 순천시 조례동,경상사고,0,0,1,0,차대차 - 추돌 - 주정차중,안전거리미확보,건조,맑음,교차로 - 교차로부근,승용,여,59세,상해없음,승용,남,30세,상해없음
2012032500100246,2012년 3월 25일 15시,일요일,전라남도 목포시 산정동,경상사고,0,0,3,0,차대차 - 측면직각충돌,교차로운행방법위반,건조,맑음,교차로 - 교차로안,승합,여,53세,경상,승용,남,31세,경상
2012032500100247,2012년 3월 25일 15시,일요일,전라남도 목포시 옥암동,경상사고,0,0,3,0,차대차 - 측면직각충돌,신호위반,건조,맑음,교차로 - 교차로안,승용,남,65세,경상,승용,남,40세,경상
2012032500100248,2012년 3월 25일 15시,일요일,전라남도 목포시 석현동,경상사고,0,0,1,0,차대사람 - 길가장자리구역통행중,안전운전불이행,건조,맑음,단일로 - 기타,승용,남,34세,상해없음,보행자,여,53세,경상
2012032500100271,2012년 3월 25일 16시,일요일,전라남도 순천시 장천동,경상사고,0,0,2,0,차대차 - 추돌 - 진행중,안전운전불이행,건조,맑음,단일로 - 교량,승용,남,51세,상해없음,승용,남,49세,상해없음
2012032500100272,2012년 3월 25일 16시,일요일,전라남도 고흥군 고흥읍,경상사고,0,0,1,0,차대사람 - 기타,안전운전불이행,건조,맑음,단일로 - 기타,원동기,남,19세,상해없음,보행자,남,5세,경상
2012032500100273,2012년 3월 25일 16시,일요일,전라남도 영암군 삼호읍,중상사고,0,1,0,0,차대사람 - 차도통행중,안전운전불이행,건조,맑음,단일로 - 기타,승용,남,38세,상해없음,보행자,여,47세,중상
2012032500100293,2012년 3월 25일 17시,일요일,전라남도 여수시 문수동,경상사고,0,0,1,0,차대사람 - 기타,안전운전불이행,건조,맑음,단일로 - 기타,승용,남,53세,상해없음,보행자,여,52세,경상
2012032500100315,2012년 3월 25일 18시,일요일,전라남도 목포시 산정동,경상사고,0,0,2,0,차대차 - 측면직각충돌,교차로운행방법위반,건조,맑음,교차로 - 교차로안,화물,남,48세,상해없음,승용,남,65세,경상
2012032500100342,2012년 3월 25일 19시,일요일,전라남도 광양시 중동,경상사고,0,0,1,0,차대차 - 추돌 - 주정차중,안전운전불이행,건조,맑음,교차로 - 교차로부근,화물,남,32세,상해없음,승용,남,54세,상해없음
2012032500100371,2012년 3월 25일 20시,일요일,전라남도 여수시 해산동,중상사고,0,1,1,0,차대차 - 정면충돌,중앙선침범,건조,맑음,단일로 - 기타,승용,남,41세,상해없음,화물,남,41세,경상
2012032500100372,2012년 3월 25일 20시,일요일,전라남도 보성군 벌교읍,중상사고,0,1,1,0,차대차 - 정면충돌,중앙선침범,건조,맑음,단일로 - 기타,승용,남,39세,상해없음,승용,남,67세,경상
2012032500100373,2012년 3월 25일 20시,일요일,전라남도 영암군 삼호읍,경상사고,0,0,2,0,차대차 - 측면직각충돌,안전거리미확보,건조,흐림,단일로 - 기타,승용,남,39세,상해없음,승합,여,27세,경상
2012032500100391,2012년 3월 25일 21시,일요일,전라남도 목포시 용해동,중상사고,0,1,2,0,차대차 - 측면직각충돌,차로위반,건조,맑음,단일로 - 기타,승용,남,29세,경상,화물,남,37세,중상
2012032500100392,2012년 3월 25일 21시,일요일,전라남도 순천시 연향동,경상사고,0,0,2,0,차대차 - 추돌 - 진행중,안전운전불이행,건조,맑음,교차로 - 교차로안,승용,남,52세,상해없음,승용,여,44세,경상
2012032600100030,2012년 3월 26일 02시,월요일,전라남도 영광군 묘량면,부상신고사고,0,0,0,1,차량단독 - 공작물충돌,안전운전불이행,건조,맑음,단일로 - 기타,승용,남,45세,부상신고,,,,
2012032600100049,2012년 3월 26일 05시,월요일,전라남도 여수시 신기동,중상사고,0,2,3,0,차대차 - 기타,안전운전불이행,건조,맑음,교차로 - 교차로부근,승용,남,19세,중상,승용,남,29세,경상
2012032600100050,2012년 3월 26일 05시,월요일,전라남도 영광군 홍농읍,사망사고,1,0,0,0,차량단독 - 공작물충돌,안전운전불이행,건조,맑음,단일로 - 기타,원동기,여,70세,사망,,,,
2012032600100221,2012년 3월 26일 12시,월요일,전라남도 목포시 옥암동,경상사고,0,0,4,0,차대차 - 측면직각충돌,신호위반,건조,맑음,교차로 - 교차로안,승용,남,54세,경상,승용,여,43세,경상
2012032600100222,2012년 3월 26일 12시,월요일,전라남도 나주시 산정동,사망사고,1,1,1,0,차대차 - 측면직각충돌,신호위반,건조,맑음,교차로 - 교차로안,승용,남,63세,경상,특수,남,25세,중상
2012032600100223,2012년 3월 26일 12시,월요일,전라남도 완도군 완도읍,경상사고,0,0,1,0,차대차 - 기타,안전운전불이행,건조,맑음,단일로 - 기타,화물,남,40세,상해없음,자전거,남,52세,경상
2012032600100248,2012년 3월 26일 13시,월요일,전라남도 구례군 구례읍,중상사고,0,1,0,0,차대차 - 측면직각충돌,교차로운행방법위반,건조,맑음,교차로 - 교차로안,승용,남,53세,상해없음,이륜,남,69세,중상
2012032600100273,2012년 3월 26일 14시,월요일,전라남도 목포시 연산동,경상사고,0,0,2,0,차대사람 - 횡단중,보행자보호의무위반,건조,맑음,단일로 - 기타,승용,남,34세,상해없음,보행자,남,68세,경상
2012032600100274,2012년 3월 26일 14시,월요일,전라남도 장흥군 장흥읍,경상사고,0,0,2,0,차대차 - 기타,안전운전불이행,건조,맑음,단일로 - 기타,화물,여,51세,상해없음,승용,남,29세,경상
2012032600100327,2012년 3월 26일 16시,월요일,전라남도 강진군 강진읍,중상사고,0,1,0,0,차대사람 - 보도통행중,안전운전불이행,건조,맑음,교차로 - 교차로부근,화물,남,53세,상해없음,보행자,여,17세,중상
2012032600100361,2012년 3월 26일 17시,월요일,전라남도 목포시 산정동,경상사고,0,0,2,0,차대차 - 측면직각충돌,안전운전불이행,건조,맑음,단일로 - 기타,원동기,남,17세,경상,화물,남,29세,상해없음
2012032600100362,2012년 3월 26일 17시,월요일,전라남도 순천시 연향동,중상사고,0,1,4,0,차대차 - 측면직각충돌,안전운전불이행,건조,맑음,단일로 - 기타,승용,남,25세,상해없음,승용,남,28세,경상
2012032600100387,2012년 3월 26일 18시,월요일,전라남도 목포시 석현동,경상사고,0,0,1,0,차대차 - 기타,안전운전불이행,건조,맑음,단일로 - 기타,화물,남,41세,상해없음,승용,남,39세,경상
2012032600100388,2012년 3월 26일 18시,월요일,전라남도 광양시 금호동,경상사고,0,0,1,0,차대차 - 추돌 - 주정차중,안전운전불이행,건조,맑음,단일로 - 기타,승용,남,50세,상해없음,승용,여,31세,경상
2012032600100449,2012년 3월 26일 20시,월요일,전라남도 여수시 선원동,경상사고,0,0,2,0,차대차 - 기타,교차로운행방법위반,건조,맑음,교차로 - 교차로안,승용,여,39세,상해없음,승용,남,65세,경상
2012032600100481,2012년 3월 26일 21시,월요일,전라남도 나주시 송월동,경상사고,0,0,5,0,차대차 - 측면직각충돌,신호위반,건조,맑음,교차로 - 교차로안,승용,여,48세,상해없음,승합,남,46세,경상
2012032600100524,2012년 3월 26일 23시,월요일,전라남도 순천시 조례동,경상사고,0,0,3,0,차대차 - 측면직각충돌,안전운전불이행,건조,맑음,교차로 - 교차로부근,승용,남,35세,상해없음,승용,남,48세,경상
2012032600100525,2012년 3월 26일 23시,월요일,전라남도 순천시 연향동,중상사고,0,1,0,0,차대차 - 측면직각충돌,안전운전불이행,건조,맑음,교차로 - 교차로안,화물,남,47세,상해없음,이륜,남,53세,중상
2012032700100026,2012년 3월 27일 01시,화요일,전라남도 목포시 석현동,경상사고,0,0,2,0,차대차 - 측면직각충돌,안전운전불이행,건조,맑음,교차로 - 교차로안,원동기,남,17세,경상,승용,남,49세,상해없음
2012032700100084,2012년 3월 27일 07시,화요일,전라남도 여수시 중흥동,경상사고,0,0,2,0,차대차 - 측면직각충돌,교차로운행방법위반,건조,맑음,교차로 - 교차로안,승용,남,51세,경상,승용,남,37세,경상
2012032700100085,2012년 3월 27일 07시,화요일,전라남도 순천시 덕암동,중상사고,0,1,0,0,차대차 - 측면직각충돌,신호위반,건조,맑음,교차로 - 교차로안,자전거,여,67세,중상,승용,여,44세,상해없음
2012032700100118,2012년 3월 27일 08시,화요일,전라남도 여수시 월내동,중상사고,0,2,0,0,차대차 - 정면충돌,교차로운행방법위반,건조,맑음,교차로 - 교차로안,화물,남,41세,상해없음,화물,남,29세,중상
2012032700100119,2012년 3월 27일 08시,화요일,전라남도 화순군 화순읍,경상사고,0,0,5,0,차대차 - 정면충돌,안전운전불이행,건조,맑음,단일로 - 기타,승용,여,40세,상해없음,승용,남,31세,경상
2012032700100181,2012년 3월 27일 11시,화요일,전라남도 순천시 남정동,경상사고,0,0,1,0,차량단독 - 공작물충돌,안전운전불이행,건조,맑음,단일로 - 기타,승용,남,74세,경상,,,,
2012032700100182,2012년 3월 27일 11시,화요일,전라남도 순천시 덕월동,중상사고,0,1,0,0,차대차 - 추돌 - 진행중,안전운전불이행,건조,맑음,단일로 - 기타,승용,여,58세,중상,승용,여,45세,상해없음
2012032700100183,2012년 3월 27일 11시,화요일,전라남도 진도군 진도읍,경상사고,0,0,1,0,차대사람 - 기타,안전운전불이행,건조,맑음,교차로 - 교차로부근,화물,남,73세,상해없음,보행자,여,36세,경상
2012032700100204,2012년 3월 27일 12시,화요일,전라남도 해남군 화원면,경상사고,0,0,2,0,차대차 - 측면직각충돌,신호위반,건조,맑음,교차로 - 교차로안,승합,남,21세,상해없음,승용,여,34세,경상
2012032700100283,2012년 3월 27일 15시,화요일,전라남도 장성군 서삼면,중상사고,0,1,0,0,차량단독 - 공작물충돌,교차로운행방법위반,건조,맑음,교차로 - 교차로부근,화물,남,43세,중상,,,,
2012032700100284,2012년 3월 27일 15시,화요일,전라남도 광양시 중동,경상사고,0,0,3,0,차대차 - 측면직각충돌,중앙선침범,건조,맑음,단일로 - 기타,승용,남,52세,상해없음,승용,여,29세,경상
2012032700100336,2012년 3월 27일 17시,화요일,전라남도 나주시 다도면,경상사고,0,0,1,0,차대차 - 추돌 - 진행중,안전운전불이행,건조,맑음,교차로 - 교차로안,건설기계,남,33세,상해없음,화물,남,51세,경상
2012032700100363,2012년 3월 27일 18시,화요일,전라남도 여수시 중앙동,경상사고,0,0,2,0,차대사람 - 기타,안전운전불이행,건조,맑음,단일로 - 기타,승용,여,46세,상해없음,보행자,여,18세,경상
2012032700100364,2012년 3월 27일 18시,화요일,전라남도 영암군 학산면,경상사고,0,0,2,0,차량단독 - 전도전복,안전운전불이행,건조,맑음,단일로 - 기타,화물,남,44세,경상,,,,
2012032700100408,2012년 3월 27일 19시,화요일,전라남도 영암군 학산면,중상사고,0,1,0,0,차대차 - 측면직각충돌,신호위반,건조,맑음,교차로 - 교차로안,농기계,남,72세,중상,화물,남,39세,상해없음
2012032700100409,2012년 3월 27일 19시,화요일,전라남도 광양시 중동,경상사고,0,0,1,0,차대차 - 추돌 - 주정차중,안전운전불이행,건조,맑음,교차로 - 교차로부근,화물,남,54세,상해없음,승용,남,34세,경상
2012032700100446,2012년 3월 27일 20시,화요일,전라남도 목포시 석현동,경상사고,0,0,1,0,차대차 - 측면직각충돌,기타,건조,맑음,단일로 - 기타,기타불명,기타불명,기타불명,기타불명,승용,남,33세,경상
2012032700100447,2012년 3월 27일 20시,화요일,전라남도 나주시 이창동,경상사고,0,0,1,0,차대차 - 측면직각충돌,안전운전불이행,건조,맑음,단일로 - 기타,승용,남,49세,상해없음,승용,여,45세,경상
2012032700100448,2012년 3월 27일 20시,화요일,전라남도 광양시 광양읍,사망사고,1,0,0,0,차대사람 - 보도통행중,안전운전불이행,건조,맑음,단일로 - 교량,승용,남,21세,상해없음,보행자,여,68세,사망
2012032700100472,2012년 3월 27일 21시,화요일,전라남도 목포시 용해동,경상사고,0,0,4,0,차대차 - 측면직각충돌,신호위반,건조,맑음,교차로 - 교차로안,승용,여,61세,경상,승용,남,46세,경상
2012032700100500,2012년 3월 27일 22시,화요일,전라남도 순천시 해룡면,경상사고,0,0,1,0,차대차 - 추돌 - 진행중,안전운전불이행,건조,맑음,교차로 - 교차로부근,승용,남,43세,상해없음,승용,남,32세,경상
2012032800100013,2012년 3월 28일 00시,수요일,전라남도 무안군 삼향읍,중상사고,0,1,0,0,차량단독 - 공작물충돌,안전운전불이행,건조,맑음,단일로 - 횡단보도상,승용,남,35세,중상,,,,
2012032800100060,2012년 3월 28일 05시,수요일,전라남도 여수시 광무동,중상사고,0,1,0,0,차대사람 - 횡단중,안전운전불이행,건조,맑음,단일로 - 기타,승용,남,32세,상해없음,보행자,남,59세,중상