사고번호,사고일시,요일,시군구,사고내용,사망자수,중상자수,경상자수,부상신고자수,사고유형,법규위반,노면상태,기상상태,도로형태,가해운전자 차종,가해운전자 성별,가해운전자 연령,가해운전자 상해정도,피해운전자 차종,피해운전자 성별,피해운전자 연령,피해운전자 상해정도
2012032800100073,2012년 3월 28일 06시,수요일,전라남도 해남군 산이면,경상사고,0,0,2,0,차대차 - 기타,중앙선침범,건조,맑음,단일로 - 기타,승용,남,30세,상해없음,화물,남,65세,경상
2012032800100128,2012년 3월 28일 08시,수요일,전라남도 목포시 옥암동,경상사고,0,0,3,0,차대차 - 측면직각충돌,신호위반,건조,맑음,교차로 - 교차로안,승용,남,34세,경상,승용,남,46세,경상
2012032800100129,2012년 3월 28일 08시,수요일,전라남도 해남군 황산면,중상사고,0,1,0,0,차대차 - 추돌 - 진행중,안전운전불이행,건조,맑음,단일로 - 기타,화물,남,51세,상해없음,이륜,남,62세,중상
2012032800100130,2012년 3월 28일 08시,수요일,전라남도 강진군 칠량면,경상사고,0,0,11,0,차대차 - 측면직각충돌,직진우회전진행방해,건조,맑음,교차로 - 교차로안,화물,남,48세,경상,승합,남,44세,경상
2012032800100131,2012년 3월 28일 08시,수요일,전라남도 무안군 무안읍,중상사고,0,1,0,0,차대차 - 기타,안전운전불이행,건조,맑음,단일로 - 기타,원동기,여,68세,중상,승합,남,43세,상해없음
2012032800100132,2012년 3월 28일 08시,수요일,전라남도 광양시 도이동,중상사고,0,1,2,0,차대차 - 측면직각충돌,교차로운행방법위반,건조,맑음,교차로 - 교차로안,승용,남,41세,경상,승용,여,42세,경상
2012032800100133,2012년 3월 28일 08시,수요일,전라남도 광양시 광영동,경상사고,0,0,1,0,차대차 - 측면직각충돌,안전운전불이행,건조,맑음,교차로 - 교차로부근,승용,여,40세,상해없음,승용,여,47세,경상
2012032800100205,2012년 3월 28일 11시,수요일,전라남도 무안군 청계면,중상사고,0,1,1,0,차대차 - 기타,안전운전불이행,건조,맑음,단일로 - 기타,승용,여,24세,경상,화물,남,72세,중상
2012032800100229,2012년 3월 28일 12시,수요일,전라남도 함평군 나산면,경상사고,0,0,3,0,차대차 - 측면직각충돌,중앙선침범,건조,맑음,단일로 - 기타,승용,남,64세,경상,승용,남,69세,경상
2012032800100248,2012년 3월 28일 13시,수요일,전라남도 해남군 화산면,경상사고,0,0,1,0,차대차 - 정면충돌,안전운전불이행,건조,맑음,단일로 - 기타,자전거,남,75세,경상,농기계,남,63세,상해없음
2012032800100249,2012년 3월 28일 13시,수요일,전라남도 무안군 현경면,경상사고,0,0,1,0,차대사람 - 기타,안전운전불이행,건조,맑음,단일로 - 기타,기타불명,기타불명,기타불명,기타불명,보행자,남,81세,경상
2012032800100278,2012년 3월 28일 14시,수요일,전라남도 신안군 지도읍,중상사고,0,1,0,0,차대차 - 측면직각충돌,중앙선침범,건조,맑음,단일로 - 기타,화물,남,49세,상해없음,이륜,남,56세,중상
2012032800100279,2012년 3월 28일 14시,수요일,전라남도 광양시 진상면,경상사고,0,0,1,0,차대차 - 측면직각충돌,신호위반,건조,맑음,교차로 - 교차로안,이륜,남,62세,경상,건설기계,남,49세,상해없음
2012032800100309,2012년 3월 28일 15시,수요일,전라남도 진도군 임회면,경상사고,0,0,1,0,차대차 - 추돌 - 진행중,안전운전불이행,건조,맑음,단일로 - 기타,화물,남,32세,상해없음,화물,여,48세,경상
2012032800100375,2012년 3월 28일 17시,수요일,전라남도 순천시 연향동,경상사고,0,0,1,0,차대사람 - 횡단중,안전운전불이행,건조,맑음,단일로 - 기타,이륜,남,20세,상해없음,보행자,여,7세,경상
2012032800100376,2012년 3월 28일 17시,수요일,전라남도 순천시 장천동,경상사고,0,0,3,0,차대차 - 추돌 - 주정차중,안전운전불이행,건조,맑음,단일로 - 기타,승용,남,65세,경상,승용,남,28세,경상
2012032800100417,2012년 3월 28일 18시,수요일,전라남도 영광군 묘량면,경상사고,0,0,1,0,차대차 - 측면직각충돌,중앙선침범,건조,맑음,단일로 - 기타,화물,남,55세,상해없음,화물,남,58세,경상
2012032800100418,2012년 3월 28일 18시,수요일,전라남도 광양시 광양읍,경상사고,0,0,2,0,차대차 - 측면직각충돌,교차로운행방법위반,건조,맑음,교차로 - 교차로안,이륜,여,63세,경상,승용,남,50세,경상
2012032800100445,2012년 3월 28일 19시,수요일,전라남도 순천시 연향동,중상사고,0,1,0,0,차대사람 - 기타,안전운전불이행,건조,맑음,교차로 - 교차로부근,화물,남,49세,상해없음,보행자,여,69세,중상
2012032800100446,2012년 3월 28일 19시,수요일,전라남도 광양시 광양읍,중상사고,0,1,0,0,차대차 - 추돌 - 주정차중,안전운전불이행,건조,맑음,교차로 - 교차로부근,승용,남,41세,중상,승합,남,61세,상해없음
2012032800100447,2012년 3월 28일 19시,수요일,전라남도 광양시 광양읍,경상사고,0,0,2,0,차대차 - 측면직각충돌,교차로운행방법위반,건조,맑음,교차로 - 교차로안,승용,여,49세,경상,승용,남,42세,경상
2012032800100484,2012년 3월 28일 20시,수요일,전라남도 광양시 중동,중상사고,0,1,0,0,차대차 - 측면직각충돌,안전운전불이행,건조,맑음,단일로 - 기타,승용,남,25세,상해없음,이륜,남,21세,중상
2012032800100518,2012년 3월 28일 21시,수요일,전라남도 장흥군 장흥읍,경상사고,0,0,2,0,차대차 - 추돌 - 주정차중,안전운전불이행,건조,맑음,교차로 - 교차로부근,승합,남,32세,상해없음,승용,여,43세,경상
2012032800100519,2012년 3월 28일 21시,수요일,전라남도 해남군 황산면,경상사고,0,0,1,0,차대차 - 측면직각충돌,중앙선침범,건조,맑음,단일로 - 기타,승용,남,53세,상해없음,화물,남,55세,경상
2012032800100553,2012년 3월 28일 22시,수요일,전라남도 여수시 선원동,중상사고,0,1,0,0,차대사람 - 횡단중,신호위반,기타,맑음,단일로 - 횡단보도상,승용,남,30세,상해없음,보행자,남,59세,중상
2012032800100554,2012년 3월 28일 22시,수요일,전라남도 순천시 남정동,중상사고,0,1,0,0,차대사람 - 길가장자리구역통행중,안전운전불이행,건조,맑음,교차로 - 교차로부근,승용,여,20세,상해없음,보행자,남,48세,중상
2012032800100555,2012년 3월 28일 22시,수요일,전라남도 장성군 장성읍,경상사고,0,0,2,0,차대차 - 측면직각충돌,신호위반,건조,맑음,교차로 - 교차로안,승용,남,43세,상해없음,승용,남,37세,경상
2012032800100556,2012년 3월 28일 22시,수요일,전라남도 광양시 중동,경상사고,0,0,1,0,차대사람 - 횡단중,보행자보호의무위반,건조,맑음,단일로 - 횡단보도상,승용,남,55세,상해없음,보행자,남,43세,경상
2012032800100590,2012년 3월 28일 23시,수요일,전라남도 광양시 광영동,경상사고,0,0,1,0,차대차 - 기타,안전운전불이행,건조,맑음,단일로 - 기타,승용,남,34세,경상,화물,남,46세,기타불명
2012032900100051,2012년 3월 29일 03시,목요일,전라남도 여수시 둔덕동,사망사고,1,0,0,0,차대사람 - 횡단중,안전운전불이행,건조,맑음,단일로 - 기타,승용,남,44세,상해없음,보행자,여,70세,사망
2012032900100080,2012년 3월 29일 06시,목요일,전라남도 강진군 성전면,중상사고,0,1,0,0,차대차 - 기타,안전거리미확보,건조,맑음,교차로 - 교차로부근,승용,남,71세,상해없음,화물,남,31세,중상
2012032900100104,2012년 3월 29일 07시,목요일,전라남도 목포시 해안동1가,경상사고,0,0,1,0,차대차 - 기타,안전운전불이행,습기,흐림,교차로 - 교차로안,화물,남,28세,상해없음,승합,남,42세,경상
2012032900100135,2012년 3월 29일 08시,목요일,전라남도 나주시 이창동,중상사고,0,1,0,0,차대차 - 측면직각충돌,안전거리미확보,건조,맑음,기타 - 기타,승용,남,61세,상해없음,원동기,남,64세,중상
2012032900100167,2012년 3월 29일 09시,목요일,전라남도 함평군 엄다면,사망사고,1,0,0,0,차대사람 - 길가장자리구역통행중,안전운전불이행,건조,흐림,단일로 - 기타,화물,남,65세,상해없음,보행자,여,62세,사망
2012032900100189,2012년 3월 29일 10시,목요일,전라남도 화순군 화순읍,경상사고,0,0,6,0,차대차 - 추돌 - 진행중,안전운전불이행,건조,맑음,단일로 - 기타,화물,남,66세,상해없음,승용,남,49세,경상
2012032900100216,2012년 3월 29일 11시,목요일,전라남도 목포시 용당동,경상사고,0,0,1,0,차대차 - 추돌 - 진행중,교차로운행방법위반,건조,맑음,교차로 - 교차로안,승용,여,37세,상해없음,원동기,남,27세,경상
2012032900100241,2012년 3월 29일 12시,목요일,전라남도 해남군 계곡면,중상사고,0,1,0,0,차대사람 - 기타,안전운전불이행,건조,맑음,단일로 - 기타,승용,여,60세,상해없음,보행자,여,14세,중상
2012032900100269,2012년 3월 29일 13시,목요일,전라남도 장흥군 장흥읍,경상사고,0,0,1,0,차대차 - 측면직각충돌,안전운전불이행,건조,맑음,교차로 - 교차로안,승용,남,34세,상해없음,자전거,여,48세,경상
2012032900100289,2012년 3월 29일 14시,목요일,전라남도 영광군 법성면,중상사고,0,1,2,0,차대차 - 측면직각충돌,안전거리미확보,건조,맑음,단일로 - 기타,승용,남,42세,상해없음,승용,여,47세,경상
2012032900100290,2012년 3월 29일 14시,목요일,전라남도 담양군 봉산면,경상사고,0,0,1,1,차대차 - 측면직각충돌,안전운전불이행,건조,맑음,교차로 - 교차로안,승용,여,38세,부상신고,승용,남,44세,경상
2012032900100319,2012년 3월 29일 15시,목요일,전라남도 함평군 함평읍,중상사고,0,1,0,0,차대차 - 측면직각충돌,직진우회전진행방해,건조,흐림,교차로 - 교차로안,승용,남,64세,상해없음,이륜,남,65세,중상
2012032900100354,2012년 3월 29일 16시,목요일,전라남도 순천시 조례동,경상사고,0,0,3,0,차대차 - 기타,직진우회전진행방해,건조,맑음,교차로 - 교차로안,이륜,남,78세,경상,승용,여,48세,경상
2012032900100355,2012년 3월 29일 16시,목요일,전라남도 나주시 문평면,부상신고사고,0,0,0,1,차대차 - 정면충돌,기타,건조,맑음,단일로 - 기타,원동기,남,73세,부상신고,화물,남,71세,상해없음
2012032900100356,2012년 3월 29일 16시,목요일,전라남도 화순군 화순읍,중상사고,0,1,0,0,차대사람 - 기타,안전운전불이행,건조,흐림,단일로 - 기타,승용,남,40세,상해없음,보행자,남,83세,중상
2012032900100384,2012년 3월 29일 17시,목요일,전라남도 여수시 화장동,경상사고,0,0,1,0,차대차 - 기타,안전운전불이행,건조,맑음,단일로 - 기타,승합,남,62세,상해없음,승용,남,55세,경상
2012032900100385,2012년 3월 29일 17시,목요일,전라남도 여수시 율촌면,중상사고,0,1,0,0,차대차 - 추돌 - 진행중,안전운전불이행,건조,맑음,기타 - 기타,승용,남,42세,상해없음,승용,남,55세,중상
2012032900100386,2012년 3월 29일 17시,목요일,전라남도 영광군 영광읍,중상사고,0,1,0,0,차대사람 - 횡단중,보행자보호의무위반,건조,맑음,교차로 - 교차로부근,승용,여,41세,상해없음,보행자,여,64세,중상
2012032900100419,2012년 3월 29일 18시,목요일,전라남도 목포시 옥암동,경상사고,0,0,1,0,차대차 - 기타,안전운전불이행,건조,맑음,단일로 - 기타,승용,남,52세,상해없음,승용,남,41세,경상
2012032900100420,2012년 3월 29일 18시,목요일,전라남도 목포시 산정동,경상사고,0,0,1,0,차대차 - 기타,신호위반,건조,맑음,교차로 - 교차로안,승합,남,59세,상해없음,원동기,남,20세,경상
2012032900100421,2012년 3월 29일 18시,목요일,전라남도 보성군 보성읍,중상사고,0,1,0,0,차량단독 - 기타,안전운전불이행,건조,흐림,단일로 - 기타,자전거,남,71세,중상,,,,
2012032900100422,2012년 3월 29일 18시,목요일,전라남도 영광군 불갑면,중상사고,0,1,2,0,차대차 - 측면직각충돌,중앙선침범,건조,맑음,교차로 - 교차로부근,이륜,남,61세,중상,승용,남,68세,경상
2012032900100423,2012년 3월 29일 18시,목요일,전라남도 광양시 옥곡면,중상사고,0,1,0,0,차대사람 - 기타,안전운전불이행,건조,맑음,기타 - 기타,화물,남,63세,상해없음,보행자,남,73세,중상
2012032900100594,2012년 3월 29일 22시,목요일,전라남도 목포시 대양동,경상사고,0,0,1,0,차대차 - 기타,안전운전불이행,건조,흐림,단일로 - 기타,승용,남,49세,상해없음,승합,남,50세,경상
2012032900100632,2012년 3월 29일 23시,목요일,전라남도 목포시 옥암동,경상사고,0,0,2,0,차대차 - 기타,안전운전불이행,습기,흐림,단일로 - 기타,승용,남,24세,상해없음,승용,남,36세,경상
2012032900100633,2012년 3월 29일 23시,목요일,전라남도 순천시 인제동,경상사고,0,0,1,0,차대차 - 측면직각충돌,안전운전불이행,건조,맑음,교차로 - 교차로부근,승용,남,27세,상해없음,승용,남,50세,상해없음
2012033000100015,2012년 3월 30일 00시,금요일,전라남도 고흥군 도화면,경상사고,0,0,1,0,차대차 - 추돌 - 주정차중,안전운전불이행,건조,흐림,단일로 - 기타,화물,남,27세,상해없음,승용,미분류,기타불명,기타불명
2012033000100056,2012년 3월 30일 02시,금요일,전라남도 순천시 연향동,경상사고,0,0,1,0,차대사람 - 횡단중,안전운전불이행,습기,비,교차로 - 교차로안,승용,여,27세,상해없음,보행자,남,45세,경상
2012033000100125,2012년 3월 30일 06시,금요일,전라남도 순천시 야흥동,경상사고,0,0,1,0,차량단독 - 기타,안전운전불이행,건조,맑음,교차로 - 교차로안,승용,여,33세,경상,,,,
2012033000100126,2012년 3월 30일 06시,금요일,전라남도 광양시 마동,경상사고,0,0,1,0,차량단독 - 공작물충돌,안전운전불이행,습기,비,교차로 - 교차로부근,승용,남,32세,경상,,,,
2012033000100142,2012년 3월 30일 07시,금요일,전라남도 여수시 주삼동,경상사고,0,0,1,0,차대차 - 측면직각충돌,안전거리미확보,습기,비,단일로 - 기타,화물,남,58세,상해없음,승용,여,27세,경상
2012033000100143,2012년 3월 30일 07시,금요일,전라남도 무안군 현경면,경상사고,0,0,3,0,차대차 - 기타,안전운전불이행,건조,맑음,단일로 - 기타,화물,남,62세,경상,승용,남,35세,경상
2012033000100176,2012년 3월 30일 08시,금요일,전라남도 장성군 장성읍,경상사고,0,0,1,0,차대차 - 측면직각충돌,신호위반,건조,흐림,교차로 - 교차로안,승용,여,54세,상해없음,승용,여,43세,경상
2012033000100220,2012년 3월 30일 10시,금요일,전라남도 곡성군 삼기면,중상사고,0,5,0,0,차량단독 - 공작물충돌,안전운전불이행,습기,비,단일로 - 기타,승합,남,44세,상해없음,,,,
2012033000100239,2012년 3월 30일 11시,금요일,전라남도 함평군 월야면,중상사고,0,1,0,0,차량단독 - 기타,안전운전불이행,건조,흐림,교차로 - 교차로부근,승합,남,56세,상해없음,,,,
2012033000100263,2012년 3월 30일 12시,금요일,전라남도 순천시 연향동,경상사고,0,0,1,0,차대차 - 정면충돌,중앙선침범,습기,비,교차로 - 교차로부근,승용,남,53세,상해없음,이륜,남,43세,경상
2012033000100264,2012년 3월 30일 12시,금요일,전라남도 순천시 연향동,경상사고,0,0,4,0,차대차 - 추돌 - 주정차중,안전운전불이행,습기,비,교차로 - 교차로부근,승용,여,34세,경상,승용,남,45세,경상
2012033000100265,2012년 3월 30일 12시,금요일,전라남도 영암군 시종면,경상사고,0,0,1,0,차량단독 - 도로외이탈 - 추락,안전운전불이행,습기,비,단일로 - 기타,화물,남,44세,경상,,,,
2012033000100266,2012년 3월 30일 12시,금요일,전라남도 강진군 성전면,중상사고,0,1,0,0,차대차 - 측면직각충돌,안전거리미확보,습기,비,교차로 - 교차로안,원동기,남,79세,중상,승용,남,49세,상해없음
2012033000100290,2012년 3월 30일 13시,금요일,전라남도 순천시 풍덕동,경상사고,0,0,1,0,차대차 - 기타,안전거리미확보,습기,비,단일로 - 기타,승용,여,59세,상해없음,승용,남,44세,경상
2012033000100323,2012년 3월 30일 14시,금요일,전라남도 광양시 황금동,중상사고,0,1,0,0,차대차 - 기타,직진우회전진행방해,습기,비,교차로 - 교차로안,화물,남,34세,중상,특수,남,41세,상해없음
2012033000100350,2012년 3월 30일 15시,금요일,전라남도 영암군 삼호읍,경상사고,0,0,2,0,차대차 - 측면직각충돌,중앙선침범,습기,비,교차로 - 교차로부근,승합,남,36세,경상,승용,남,50세,경상
2012033000100351,2012년 3월 30일 15시,금요일,전라남도 영암군 삼호읍,중상사고,0,1,1,0,차대차 - 측면직각충돌,신호위반,습기,비,교차로 - 교차로안,승용,남,52세,경상,승용,여,46세,중상
2012033000100384,2012년 3월 30일 16시,금요일,전라남도 목포시 상동,경상사고,0,0,2,0,차대차 - 측면직각충돌,직진우회전진행방해,습기,비,교차로 - 교차로안,승용,남,27세,상해없음,승용,남,39세,경상
2012033000100413,2012년 3월 30일 17시,금요일,전라남도 목포시 온금동,경상사고,0,0,1,0,차대차 - 측면직각충돌,신호위반,건조,맑음,교차로 - 교차로안,화물,남,43세,상해없음,승합,남,22세,경상
2012033000100450,2012년 3월 30일 18시,금요일,전라남도 고흥군 고흥읍,경상사고,0,0,1,0,차대사람 - 횡단중,안전운전불이행,습기,비,단일로 - 기타,이륜,남,21세,상해없음,보행자,남,13세,경상
2012033000100451,2012년 3월 30일 18시,금요일,전라남도 해남군 해남읍,중상사고,0,1,0,0,차대차 - 추돌 - 진행중,안전운전불이행,습기,비,단일로 - 기타,화물,남,64세,상해없음,승용,남,40세,중상
2012033000100502,2012년 3월 30일 19시,금요일,전라남도 여수시 봉산동,경상사고,0,0,1,0,차대차 - 추돌 - 주정차중,중앙선침범,습기,비,단일로 - 교량,승용,남,55세,기타불명,승용,남,32세,경상
2012033000100503,2012년 3월 30일 19시,금요일,전라남도 순천시 장천동,중상사고,0,1,0,0,차대사람 - 횡단중,안전운전불이행,습기,비,교차로 - 교차로부근,승합,남,48세,상해없음,보행자,남,37세,중상
2012033000100504,2012년 3월 30일 19시,금요일,전라남도 순천시 별량면,중상사고,0,1,0,0,차대차 - 기타,안전운전불이행,습기,비,단일로 - 기타,기타불명,기타불명,기타불명,기타불명,승용,남,42세,중상
2012033000100505,2012년 3월 30일 19시,금요일,전라남도 진도군 진도읍,경상사고,0,0,1,0,차대사람 - 길가장자리구역통행중,안전운전불이행,습기,비,교차로 - 교차로부근,화물,남,39세,상해없음,보행자,여,17세,경상
2012033000100555,2012년 3월 30일 20시,금요일,전라남도 나주시 대호동,경상사고,0,0,2,0,차대차 - 추돌 - 진행중,안전운전불이행,건조,맑음,교차로 - 교차로부근,승용,기타불명,기타불명,기타불명,승용,여,30세,경상
2012033000100611,2012년 3월 30일 21시,금요일,전라남도 여수시 안산동,경상사고,0,0,1,0,차대차 - 추돌 - 주정차중,안전운전불이행,습기,비,단일로 - 기타,승용,남,27세,상해없음,승용,남,20세,경상
2012033000100612,2012년 3월 30일 21시,금요일,전라남도 순천시 조례동,경상사고,0,0,4,0,차대차 - 측면직각충돌,직진우회전진행방해,습기,비,교차로 - 교차로안,승용,여,42세,상해없음,승용,남,42세,경상
2012033000100613,2012년 3월 30일 21시,금요일,전라남도 장성군 장성읍,중상사고,0,1,0,0,차대차 - 기타,안전운전불이행,건조,맑음,기타 - 기타,승용,남,51세,상해없음,승용,남,29세,상해없음
2012033000100658,2012년 3월 30일 22시,금요일,전라남도 목포시 산정동,중상사고,0,1,0,0,차대사람 - 횡단중,안전운전불이행,건조,맑음,단일로 - 기타,승용,남,28세,상해없음,보행자,여,69세,중상
2012033100100054,2012년 3월 31일 01시,토요일,전라남도 여수시 화장동,경상사고,0,0,1,0,차대차 - 기타,기타,습기,흐림,교차로 - 교차로안,승용,남,32세,상해없음,이륜,남,16세,경상
2012033100100076,2012년 3월 31일 02시,토요일,전라남도 여수시 국동,경상사고,0,0,1,0,차대차 - 추돌 - 주정차중,안전운전불이행,건조,맑음,단일로 - 기타,승용,여,59세,상해없음,승용,미분류,기타불명,기타불명
2012033100100091,2012년 3월 31일 03시,토요일,전라남도 순천시 조례동,중상사고,0,1,3,0,차량단독 - 공작물충돌,안전운전불이행,습기,비,단일로 - 기타,승용,여,27세,경상,,,,
2012033100100127,2012년 3월 31일 05시,토요일,전라남도 목포시 상동,중상사고,0,1,0,0,차량단독 - 공작물충돌,안전운전불이행,건조,맑음,단일로 - 기타,승용,남,31세,중상,,,,
2012033100100149,2012년 3월 31일 07시,토요일,전라남도 목포시 산정동,경상사고,0,0,1,0,차대차 - 기타,신호위반,건조,맑음,교차로 - 교차로안,승용,여,57세,상해없음,승용,남,55세,경상
2012033100100168,2012년 3월 31일 08시,토요일,전라남도 목포시 산정동,경상사고,0,0,3,0,차대차 - 추돌 - 진행중,안전운전불이행,건조,맑음,단일로 - 기타,승용,남,53세,경상,화물,남,36세,경상
2012033100100235,2012년 3월 31일 11시,토요일,전라남도 순천시 주암면,경상사고,0,0,1,0,차대사람 - 기타,안전운전불이행,건조,맑음,단일로 - 기타,화물,남,53세,상해없음,보행자,여,71세,경상
2012033100100261,2012년 3월 31일 12시,토요일,전라남도 목포시 산정동,경상사고,0,0,1,0,차대사람 - 기타,안전운전불이행,건조,맑음,단일로 - 기타,화물,남,69세,상해없음,보행자,여,78세,경상
2012033100100262,2012년 3월 31일 12시,토요일,전라남도 목포시 용당동,경상사고,0,0,1,0,차대차 - 정면충돌,교차로운행방법위반,습기,흐림,교차로 - 교차로안,승용,남,61세,상해없음,승용,남,49세,경상
2012033100100263,2012년 3월 31일 12시,토요일,전라남도 해남군 옥천면,중상사고,0,1,0,0,차대사람 - 기타,안전운전불이행,건조,맑음,단일로 - 기타,승합,남,70세,상해없음,보행자,남,49세,중상
2012033100100264,2012년 3월 31일 12시,토요일,전라남도 화순군 화순읍,경상사고,0,0,1,1,차대차 - 측면직각충돌,안전운전불이행,건조,맑음,단일로 - 기타,승용,남,64세,부상신고,화물,남,27세,경상
2012033100100292,2012년 3월 31일 13시,토요일,전라남도 순천시 홍내동,중상사고,0,1,3,0,차대차 - 측면직각충돌,직진우회전진행방해,건조,맑음,교차로 - 교차로안,승용,여,53세,상해없음,승용,남,48세,중상
2012033100100293,2012년 3월 31일 13시,토요일,전라남도 담양군 담양읍,경상사고,0,0,1,0,차대차 - 기타,안전거리미확보,건조,맑음,교차로 - 교차로부근,승용,남,18세,상해없음,승용,여,31세,상해없음
2012033100100294,2012년 3월 31일 13시,토요일,전라남도 진도군 군내면,사망사고,1,0,0,0,차량단독 - 도로외이탈 - 추락,안전운전불이행,건조,맑음,단일로 - 기타,이륜,남,73세,사망,,,,
2012033100100296,2012년 3월 31일 13시,토요일,전라남도 광양시 광양읍,경상사고,0,0,1,0,차대차 - 측면직각충돌,신호위반,건조,맑음,교차로 - 교차로안,승용,남,21세,상해없음,승용,남,45세,경상
2012033100100329,2012년 3월 31일 14시,토요일,전라남도 곡성군 고달면,사망사고,1,0,0,0,차량단독 - 전도전복,안전운전불이행,건조,맑음,단일로 - 기타,건설기계,남,52세,사망,,,,
2012033100100365,2012년 3월 31일 15시,토요일,전라남도 순천시 별량면,경상사고,0,0,1,0,차대차 - 기타,기타,건조,맑음,교차로 - 교차로안,화물,남,49세,상해없음,화물,남,26세,상해없음
2012033100100400,2012년 3월 31일 16시,토요일,전라남도 여수시 수정동,경상사고,0,0,1,0,차대차 - 측면직각충돌,교차로운행방법위반,건조,맑음,교차로 - 교차로안,승합,남,57세,상해없음,승용,남,28세,상해없음
2012033100100439,2012년 3월 31일 17시,토요일,전라남도 목포시 상동,경상사고,0,0,1,0,차대차 - 추돌 - 진행중,안전거리미확보,건조,맑음,단일로 - 기타,승용,남,36세,상해없음,승용,남,29세,경상
2012033100100440,2012년 3월 31일 17시,토요일,전라남도 순천시 조례동,중상사고,0,1,0,0,차대사람 - 기타,안전운전불이행,건조,맑음,단일로 - 기타,승용,남,39세,상해없음,보행자,여,2세,중상
2012033100100441,2012년 3월 31일 17시,토요일,전라남도 나주시 다시면,경상사고,0,0,1,0,차대차 - 측면직각충돌,신호위반,건조,맑음,교차로 - 교차로안,화물,남,60세,상해없음,승용,남,28세,경상
2012033100100442,2012년 3월 31일 17시,토요일,전라남도 해남군 화산면,중상사고,0,1,2,0,차대차 - 기타,안전운전불이행,건조,맑음,단일로 - 기타,화물,남,52세,상해없음,화물,남,44세,경상
2012033100100467,2012년 3월 31일 18시,토요일,전라남도 무안군 삼향읍,경상사고,0,0,1,0,차대사람 - 기타,안전운전불이행,건조,맑음,단일로 - 횡단보도상,화물,남,30세,상해없음,보행자,남,23세,경상
2012033100100498,2012년 3월 31일 19시,토요일,전라남도 순천시 조례동,중상사고,0,1,0,0,차대사람 - 횡단중,안전운전불이행,건조,맑음,단일로 - 기타,승용,남,26세,상해없음,보행자,남,51세,중상
2012033100100499,2012년 3월 31일 19시,토요일,전라남도 영암군 삼호읍,경상사고,0,0,4,0,차대차 - 측면직각충돌,직진우회전진행방해,건조,맑음,교차로 - 교차로안,승용,남,57세,경상,승용,남,31세,경상
2012033100100541,2012년 3월 31일 20시,토요일,전라남도 여수시 국동,중상사고,0,1,0,0,차량단독 - 전도전복,안전운전불이행,기타,맑음,단일로 - 기타,원동기,남,58세,중상,,,,
2012033100100542,2012년 3월 31일 20시,토요일,전라남도 순천시 해룡면,경상사고,0,0,2,0,차대차 - 측면직각충돌,신호위반,건조,맑음,교차로 - 교차로안,화물,남,62세,상해없음,승용,남,20세,경상
2012033100100543,2012년 3월 31일 20시,토요일,전라남도 해남군 문내면,경상사고,0,0,2,0,차대차 - 측면직각충돌,신호위반,건조,맑음,교차로 - 교차로안,승합,여,46세,경상,승용,남,52세,경상
2012033100100587,2012년 3월 31일 21시,토요일,전라남도 해남군 해남읍,경상사고,0,0,1,0,차대차 - 정면충돌,중앙선침범,건조,맑음,단일로 - 기타,승용,남,42세,상해없음,원동기,남,30세,경상
2012033100100618,2012년 3월 31일 22시,토요일,전라남도 목포시 상동,경상사고,0,0,1,0,차대차 - 측면직각충돌,기타,건조,맑음,단일로 - 기타,기타불명,기타불명,기타불명,기타불명,승용,남,31세,경상
2012033100100619,2012년 3월 31일 22시,토요일,전라남도 나주시 금천면,사망사고,1,2,11,0,차대차 - 측면직각충돌,직진우회전진행방해,건조,맑음,교차로 - 교차로안,승용,여,56세,사망,승합,남,43세,상해없음
2012040100100076,2012년 4월 1일 02시,일요일,전라남도 순천시 조곡동,중상사고,0,4,0,0,차량단독 - 공작물충돌,안전운전불이행,건조,맑음,단일로 - 기타,승용,남,22세,중상,,,,
2012040100100096,2012년 4월 1일 03시,일요일,전라남도 여수시 여서동,경상사고,0,0,1,0,차대사람 - 기타,안전운전불이행,건조,맑음,교차로 - 교차로안,승용,남,34세,상해없음,보행자,남,22세,경상
2012040100100130,2012년 4월 1일 06시,일요일,전라남도 여수시 웅천동,중상사고,0,1,0,0,차량단독 - 전도전복,안전운전불이행,건조,맑음,단일로 - 횡단보도상,승용,여,25세,중상,,,,
2012040100100142,2012년 4월 1일 07시,일요일,전라남도 여수시 낙포동,부상신고사고,0,0,0,3,차대차 - 정면충돌,중앙선침범,건조,맑음,교차로 - 교차로안,승용,남,42세,상해없음,승합,남,53세,부상신고
2012040100100158,2012년 4월 1일 08시,일요일,전라남도 신안군 임자면,경상사고,0,0,1,0,차대차 - 기타,안전운전불이행,건조,맑음,단일로 - 기타,화물,여,37세,상해없음,원동기,여,46세,경상
2012040100100159,2012년 4월 1일 08시,일요일,전라남도 순천시 서면,중상사고,0,3,0,0,차대차 - 측면직각충돌,중앙선침범,건조,맑음,단일로 - 기타,화물,남,62세,중상,화물,남,46세,중상
2012040100100176,2012년 4월 1일 09시,일요일,전라남도 영광군 염산면,경상사고,0,0,2,0,차대차 - 기타,안전운전불이행,건조,맑음,단일로 - 기타,승합,남,42세,상해없음,자전거,남,43세,경상