사고번호,사고일시,요일,시군구,사고내용,사망자수,중상자수,경상자수,부상신고자수,사고유형,법규위반,노면상태,기상상태,도로형태,가해운전자 차종,가해운전자 성별,가해운전자 연령,가해운전자 상해정도,피해운전자 차종,피해운전자 성별,피해운전자 연령,피해운전자 상해정도
2012041000100033,2012년 4월 10일 01시,화요일,전라남도 순천시 상사면,경상사고,0,0,1,0,차량단독 - 기타,기타,건조,맑음,단일로 - 기타,승용,남,39세,경상,,,,
2012041000100054,2012년 4월 10일 03시,화요일,전라남도 광양시 태인동,경상사고,0,0,1,0,차대차 - 추돌 - 주정차중,안전운전불이행,건조,맑음,단일로 - 기타,화물,남,47세,경상,특수,남,50세,기타불명
2012041000100100,2012년 4월 10일 07시,화요일,전라남도 목포시 산정동,경상사고,0,0,1,0,차대차 - 측면직각충돌,안전운전불이행,습기,비,교차로 - 교차로안,화물,남,52세,상해없음,승용,여,43세,상해없음
2012041000100101,2012년 4월 10일 07시,화요일,전라남도 여수시 교동,경상사고,0,0,2,0,차대차 - 측면직각충돌,교차로운행방법위반,건조,맑음,교차로 - 교차로안,승용,남,51세,상해없음,승용,남,39세,경상
2012041000100102,2012년 4월 10일 07시,화요일,전라남도 영암군 삼호읍,경상사고,0,0,2,0,차대차 - 정면충돌,안전운전불이행,습기,비,단일로 - 기타,승용,남,42세,상해없음,승용,여,37세,경상
2012041000100133,2012년 4월 10일 08시,화요일,전라남도 해남군 해남읍,경상사고,0,0,1,0,차대사람 - 기타,안전운전불이행,습기,비,교차로 - 교차로안,승용,여,44세,상해없음,보행자,남,45세,경상
2012041000100134,2012년 4월 10일 08시,화요일,전라남도 화순군 화순읍,경상사고,0,0,1,0,차대차 - 측면직각충돌,직진우회전진행방해,습기,비,교차로 - 교차로안,승용,여,46세,경상,화물,여,35세,상해없음
2012041000100135,2012년 4월 10일 08시,화요일,전라남도 영암군 도포면,경상사고,0,0,1,0,차대차 - 추돌 - 주정차중,안전운전불이행,습기,비,단일로 - 기타,자전거,여,13세,경상,화물,남,45세,상해없음
2012041000100136,2012년 4월 10일 08시,화요일,전라남도 강진군 강진읍,경상사고,0,0,1,0,차대차 - 측면직각충돌,신호위반,습기,비,교차로 - 교차로안,승용,여,28세,상해없음,승용,남,30세,경상
2012041000100229,2012년 4월 10일 11시,화요일,전라남도 목포시 상동,경상사고,0,0,2,0,차대차 - 추돌 - 주정차중,안전운전불이행,건조,맑음,교차로 - 교차로부근,원동기,남,64세,상해없음,승용,남,38세,경상
2012041000100255,2012년 4월 10일 12시,화요일,전라남도 목포시 옥암동,경상사고,0,0,1,0,차대차 - 측면직각충돌,안전운전불이행,건조,맑음,단일로 - 기타,승용,남,48세,상해없음,원동기,남,37세,경상
2012041000100256,2012년 4월 10일 12시,화요일,전라남도 보성군 미력면,경상사고,0,0,1,1,차량단독 - 기타,안전운전불이행,습기,비,단일로 - 기타,승용,남,25세,부상신고,,,,
2012041000100257,2012년 4월 10일 12시,화요일,전라남도 광양시 광양읍,경상사고,0,0,1,0,차대차 - 추돌 - 진행중,안전운전불이행,습기,비,교차로 - 교차로안,승용,남,47세,상해없음,화물,남,62세,경상
2012041000100282,2012년 4월 10일 13시,화요일,전라남도 순천시 조곡동,경상사고,0,0,3,0,차대차 - 추돌 - 진행중,차로위반,습기,비,교차로 - 교차로부근,승용,여,46세,상해없음,승용,여,48세,경상
2012041000100283,2012년 4월 10일 13시,화요일,전라남도 고흥군 도양읍,부상신고사고,0,0,0,1,차대차 - 기타,불법유턴,건조,맑음,단일로 - 기타,승용,남,41세,상해없음,이륜,남,76세,부상신고
2012041000100284,2012년 4월 10일 13시,화요일,전라남도 곡성군 곡성읍,경상사고,0,0,1,0,차대차 - 기타,교차로운행방법위반,건조,흐림,교차로 - 교차로안,화물,남,61세,상해없음,자전거,남,72세,경상
2012041000100312,2012년 4월 10일 14시,화요일,전라남도 목포시 상동,경상사고,0,0,2,0,차대차 - 추돌 - 진행중,안전운전불이행,습기,흐림,단일로 - 기타,승용,남,52세,상해없음,승용,남,51세,경상
2012041000100313,2012년 4월 10일 14시,화요일,전라남도 완도군 군외면,경상사고,0,0,1,0,차대차 - 기타,안전운전불이행,습기,비,단일로 - 기타,승합,남,62세,상해없음,이륜,남,73세,경상
2012041000100343,2012년 4월 10일 15시,화요일,전라남도 목포시 호남동,경상사고,0,0,1,0,차대차 - 기타,안전운전불이행,건조,맑음,단일로 - 기타,승용,남,57세,상해없음,승용,여,50세,경상
2012041000100344,2012년 4월 10일 15시,화요일,전라남도 순천시 인월동,경상사고,0,0,4,0,차대차 - 추돌 - 진행중,안전거리미확보,습기,비,단일로 - 기타,화물,남,70세,상해없음,승용,남,28세,경상
2012041000100345,2012년 4월 10일 15시,화요일,전라남도 해남군 현산면,경상사고,0,0,1,0,차대차 - 측면직각충돌,교차로운행방법위반,습기,비,교차로 - 교차로안,승용,여,47세,상해없음,승용,남,51세,경상
2012041000100371,2012년 4월 10일 16시,화요일,전라남도 보성군 벌교읍,중상사고,0,1,0,0,차량단독 - 기타,안전운전불이행,습기,비,단일로 - 기타,화물,남,29세,상해없음,,,,
2012041000100404,2012년 4월 10일 17시,화요일,전라남도 여수시 율촌면,경상사고,0,0,2,0,차대차 - 측면직각충돌,안전거리미확보,습기,비,단일로 - 기타,화물,남,45세,상해없음,승용,남,22세,경상
2012041000100405,2012년 4월 10일 17시,화요일,전라남도 순천시 동외동,중상사고,0,2,0,0,차대차 - 측면직각충돌,직진우회전진행방해,습기,비,교차로 - 교차로안,화물,남,56세,상해없음,승용,남,37세,중상
2012041000100450,2012년 4월 10일 18시,화요일,전라남도 목포시 연산동,중상사고,0,1,0,0,차대사람 - 차도통행중,안전운전불이행,건조,맑음,기타 - 기타,승용,남,42세,상해없음,보행자,남,8세,중상
2012041000100451,2012년 4월 10일 18시,화요일,전라남도 순천시 황전면,경상사고,0,0,2,0,차대차 - 측면직각충돌,안전운전불이행,습기,비,교차로 - 교차로안,승용,남,60세,상해없음,승용,남,46세,경상
2012041000100452,2012년 4월 10일 18시,화요일,전라남도 강진군 강진읍,경상사고,0,0,1,0,차대차 - 측면직각충돌,교차로운행방법위반,습기,비,교차로 - 교차로안,승용,남,33세,상해없음,원동기,남,16세,경상
2012041000100453,2012년 4월 10일 18시,화요일,전라남도 광양시 금호동,부상신고사고,0,0,0,1,차대차 - 기타,안전운전불이행,습기,비,단일로 - 기타,승용,여,40세,부상신고,승용,남,35세,상해없음
2012041000100489,2012년 4월 10일 19시,화요일,전라남도 장성군 장성읍,경상사고,0,0,1,0,차대차 - 추돌 - 주정차중,안전거리미확보,습기,비,단일로 - 기타,화물,남,58세,상해없음,승용,여,37세,경상
2012041000100542,2012년 4월 10일 20시,화요일,전라남도 여수시 월하동,경상사고,0,0,1,0,차대차 - 추돌 - 진행중,안전운전불이행,건조,맑음,단일로 - 기타,승용,남,33세,상해없음,승용,여,51세,경상
2012041000100543,2012년 4월 10일 20시,화요일,전라남도 무안군 해제면,중상사고,0,1,0,0,차대사람 - 기타,안전운전불이행,습기,비,단일로 - 기타,승용,남,38세,상해없음,보행자,여,44세,중상
2012041000100597,2012년 4월 10일 21시,화요일,전라남도 목포시 상동,경상사고,0,0,4,0,차대차 - 측면직각충돌,안전운전불이행,건조,맑음,교차로 - 교차로부근,승합,남,57세,경상,승용,남,53세,경상
2012041000100598,2012년 4월 10일 21시,화요일,전라남도 무안군 삼향읍,중상사고,0,1,0,0,차대차 - 기타,안전운전불이행,건조,맑음,단일로 - 기타,승용,남,37세,상해없음,승용,여,24세,중상
2012041000100599,2012년 4월 10일 21시,화요일,전라남도 광양시 광양읍,경상사고,0,0,1,0,차대차 - 추돌 - 주정차중,안전운전불이행,습기,비,교차로 - 교차로부근,승용,남,43세,상해없음,승용,남,48세,경상
2012041000100655,2012년 4월 10일 22시,화요일,전라남도 영암군 삼호읍,중상사고,0,1,0,0,차량단독 - 공작물충돌,안전운전불이행,건조,흐림,단일로 - 기타,승용,남,36세,중상,,,,
2012041000100733,2012년 4월 10일 23시,화요일,전라남도 순천시 해룡면,경상사고,0,0,1,0,차대차 - 추돌 - 진행중,안전운전불이행,습기,비,교차로 - 교차로부근,승용,남,43세,상해없음,승용,여,52세,경상
2012041000100734,2012년 4월 10일 23시,화요일,전라남도 나주시 송월동,경상사고,0,0,1,0,차대차 - 측면직각충돌,신호위반,건조,맑음,교차로 - 교차로안,승용,남,38세,상해없음,화물,남,52세,경상
2012041000100735,2012년 4월 10일 23시,화요일,전라남도 광양시 광양읍,경상사고,0,0,2,0,차대차 - 정면충돌,안전운전불이행,습기,비,교차로 - 교차로안,승용,남,42세,상해없음,승용,남,33세,경상
2012041100100034,2012년 4월 11일 00시,수요일,전라남도 여수시 소라면,경상사고,0,0,1,2,차대차 - 추돌 - 진행중,안전운전불이행,건조,맑음,단일로 - 기타,승용,남,42세,상해없음,승용,남,42세,경상
2012041100100035,2012년 4월 11일 00시,수요일,전라남도 여수시 봉산동,중상사고,0,1,0,0,차대사람 - 횡단중,안전운전불이행,습기,비,교차로 - 교차로부근,승용,남,43세,상해없음,보행자,남,51세,중상
2012041100100036,2012년 4월 11일 00시,수요일,전라남도 구례군 간전면,경상사고,0,0,3,0,차대차 - 정면충돌,중앙선침범,건조,맑음,교차로 - 교차로부근,승용,여,48세,경상,승용,여,53세,경상
2012041100100068,2012년 4월 11일 01시,수요일,전라남도 순천시 풍덕동,경상사고,0,0,1,0,차대차 - 측면직각충돌,안전운전불이행,습기,비,교차로 - 교차로부근,승용,여,28세,상해없음,승용,남,52세,경상
2012041100100128,2012년 4월 11일 03시,수요일,전라남도 순천시 연향동,경상사고,0,0,1,0,차대사람 - 기타,안전운전불이행,습기,비,교차로 - 교차로부근,승용,남,26세,상해없음,보행자,남,32세,경상
2012041100100191,2012년 4월 11일 06시,수요일,전라남도 여수시 봉산동,경상사고,0,0,2,0,차대차 - 측면직각충돌,신호위반,습기,비,교차로 - 교차로부근,화물,남,42세,상해없음,승용,남,49세,경상
2012041100100198,2012년 4월 11일 07시,수요일,전라남도 구례군 광의면,경상사고,0,0,1,0,차대사람 - 기타,안전운전불이행,습기,흐림,단일로 - 기타,승합,남,68세,상해없음,보행자,여,78세,경상
2012041100100218,2012년 4월 11일 08시,수요일,전라남도 담양군 남면,중상사고,0,1,0,0,차대차 - 추돌 - 주정차중,안전운전불이행,습기,비,단일로 - 기타,화물,남,72세,상해없음,원동기,남,71세,상해없음
2012041100100245,2012년 4월 11일 09시,수요일,전라남도 고흥군 남양면,중상사고,0,1,0,0,차량단독 - 공작물충돌,안전운전불이행,습기,비,단일로 - 기타,승용,남,26세,상해없음,,,,
2012041100100246,2012년 4월 11일 09시,수요일,전라남도 해남군 해남읍,경상사고,0,0,2,0,차대차 - 측면직각충돌,안전운전불이행,기타,비,교차로 - 교차로안,승합,남,44세,상해없음,화물,남,57세,경상
2012041100100270,2012년 4월 11일 10시,수요일,전라남도 장흥군 관산읍,중상사고,0,2,2,0,차대차 - 측면직각충돌,교차로운행방법위반,건조,맑음,교차로 - 교차로안,승용,여,59세,경상,승용,여,45세,경상
2012041100100325,2012년 4월 11일 12시,수요일,전라남도 장성군 삼계면,중상사고,0,1,1,0,차대차 - 측면직각충돌,안전운전불이행,습기,흐림,단일로 - 기타,승용,남,49세,상해없음,승합,남,21세,경상
2012041100100326,2012년 4월 11일 12시,수요일,전라남도 광양시 중동,경상사고,0,0,1,0,차대차 - 측면직각충돌,직진우회전진행방해,건조,맑음,교차로 - 교차로안,승용,남,57세,상해없음,이륜,남,33세,경상
2012041100100390,2012년 4월 11일 14시,수요일,전라남도 순천시 동외동,경상사고,0,0,2,0,차대차 - 측면직각충돌,교차로운행방법위반,건조,맑음,교차로 - 교차로안,이륜,남,18세,경상,승용,여,42세,경상
2012041100100391,2012년 4월 11일 14시,수요일,전라남도 구례군 구례읍,중상사고,0,1,0,0,차대차 - 기타,교차로운행방법위반,건조,맑음,교차로 - 교차로안,특수,남,69세,상해없음,이륜,남,63세,중상
2012041100100428,2012년 4월 11일 15시,수요일,전라남도 여수시 교동,경상사고,0,0,1,0,차대차 - 추돌 - 진행중,안전운전불이행,건조,맑음,단일로 - 기타,승용,여,64세,상해없음,승용,남,28세,경상
2012041100100429,2012년 4월 11일 15시,수요일,전라남도 순천시 연향동,경상사고,0,0,1,0,차대차 - 측면직각충돌,안전운전불이행,건조,맑음,교차로 - 교차로안,자전거,남,13세,경상,승용,남,39세,상해없음
2012041100100430,2012년 4월 11일 15시,수요일,전라남도 화순군 화순읍,경상사고,0,0,2,0,차대차 - 측면직각충돌,교차로운행방법위반,건조,맑음,교차로 - 교차로안,승용,남,46세,상해없음,승용,여,43세,경상
2012041100100431,2012년 4월 11일 15시,수요일,전라남도 진도군 군내면,경상사고,0,0,1,0,차대차 - 측면직각충돌,안전운전불이행,건조,맑음,단일로 - 기타,화물,남,38세,상해없음,이륜,남,71세,경상
2012041100100454,2012년 4월 11일 16시,수요일,전라남도 완도군 노화읍,경상사고,0,0,1,0,차대차 - 측면직각충돌,안전운전불이행,건조,맑음,교차로 - 교차로안,화물,남,60세,상해없음,화물,남,23세,상해없음
2012041100100484,2012년 4월 11일 17시,수요일,전라남도 여수시 화양면,경상사고,0,0,3,0,차대차 - 측면직각충돌,중앙선침범,건조,맑음,단일로 - 기타,승용,남,24세,상해없음,승용,남,44세,경상
2012041100100485,2012년 4월 11일 17시,수요일,전라남도 강진군 칠량면,경상사고,0,0,1,0,차대사람 - 횡단중,안전운전불이행,건조,맑음,단일로 - 기타,승용,남,34세,상해없음,보행자,남,5세,경상
2012041100100519,2012년 4월 11일 18시,수요일,전라남도 신안군 팔금면,경상사고,0,0,3,0,차대차 - 정면충돌,중앙선침범,건조,흐림,단일로 - 기타,화물,남,62세,경상,승용,여,39세,경상
2012041100100520,2012년 4월 11일 18시,수요일,전라남도 순천시 장천동,경상사고,0,0,1,0,차대사람 - 횡단중,보행자보호의무위반,건조,맑음,교차로 - 교차로안,승용,여,44세,상해없음,보행자,남,26세,경상
2012041100100521,2012년 4월 11일 18시,수요일,전라남도 화순군 북면,중상사고,0,1,0,0,차량단독 - 공작물충돌,안전운전불이행,건조,맑음,단일로 - 기타,승용,남,55세,상해없음,,,,
2012041100100553,2012년 4월 11일 19시,수요일,전라남도 순천시 덕월동,중상사고,0,1,0,0,차대사람 - 횡단중,안전운전불이행,건조,맑음,단일로 - 기타,승용,여,42세,상해없음,보행자,남,75세,중상
2012041100100554,2012년 4월 11일 19시,수요일,전라남도 구례군 산동면,중상사고,0,1,0,0,차대사람 - 기타,안전운전불이행,건조,맑음,기타 - 기타,승합,남,61세,상해없음,보행자,여,79세,중상
2012041100100588,2012년 4월 11일 20시,수요일,전라남도 나주시 송월동,중상사고,0,1,0,0,차대차 - 추돌 - 주정차중,안전운전불이행,건조,맑음,교차로 - 교차로부근,승용,남,40세,상해없음,승용,남,58세,중상
2012041100100589,2012년 4월 11일 20시,수요일,전라남도 영암군 미암면,경상사고,0,0,1,0,차대차 - 추돌 - 진행중,안전운전불이행,건조,맑음,단일로 - 기타,화물,남,53세,상해없음,화물,남,35세,경상
2012041100100590,2012년 4월 11일 20시,수요일,전라남도 진도군 진도읍,중상사고,0,1,1,0,차대차 - 추돌 - 진행중,안전운전불이행,건조,맑음,단일로 - 기타,승용,남,49세,중상,승용,남,49세,상해없음
2012041100100591,2012년 4월 11일 20시,수요일,전라남도 진도군 진도읍,중상사고,0,1,4,0,차대차 - 추돌 - 주정차중,안전운전불이행,건조,맑음,교차로 - 교차로부근,승용,남,49세,중상,승용,남,30세,경상
2012041100100620,2012년 4월 11일 21시,수요일,전라남도 여수시 여서동,경상사고,0,0,1,0,차대사람 - 기타,안전운전불이행,건조,맑음,기타 - 기타,화물,남,27세,기타불명,보행자,남,14세,경상
2012041100100621,2012년 4월 11일 21시,수요일,전라남도 광양시 진월면,경상사고,0,0,1,0,차량단독 - 공작물충돌,안전운전불이행,건조,맑음,단일로 - 기타,이륜,남,34세,경상,,,,
2012041100100647,2012년 4월 11일 22시,수요일,전라남도 목포시 석현동,중상사고,0,1,2,0,차대차 - 측면직각충돌,신호위반,건조,흐림,교차로 - 교차로안,승용,남,62세,중상,승용,남,63세,경상
2012041100100648,2012년 4월 11일 22시,수요일,전라남도 순천시 덕암동,경상사고,0,0,1,0,차대차 - 측면직각충돌,안전운전불이행,건조,맑음,교차로 - 교차로안,자전거,여,52세,경상,승용,여,46세,상해없음
2012041100100649,2012년 4월 11일 22시,수요일,전라남도 순천시 저전동,경상사고,0,0,1,0,차대차 - 측면직각충돌,교차로운행방법위반,건조,맑음,교차로 - 교차로안,승용,남,33세,상해없음,이륜,남,17세,경상
2012041200100026,2012년 4월 12일 02시,목요일,전라남도 광양시 중동,경상사고,0,0,3,0,차대차 - 측면직각충돌,안전운전불이행,건조,맑음,단일로 - 기타,승용,남,24세,상해없음,승용,남,57세,경상
2012041200100033,2012년 4월 12일 03시,목요일,전라남도 여수시 공화동,경상사고,0,0,1,0,차대차 - 추돌 - 진행중,안전운전불이행,건조,맑음,교차로 - 교차로안,승용,남,29세,상해없음,승용,남,22세,경상
2012041200100067,2012년 4월 12일 06시,목요일,전라남도 여수시 화장동,부상신고사고,0,0,0,2,차대차 - 측면직각충돌,신호위반,건조,맑음,교차로 - 교차로안,화물,남,29세,부상신고,승용,남,43세,부상신고
2012041200100086,2012년 4월 12일 07시,목요일,전라남도 여수시 수정동,경상사고,0,0,1,0,차대사람 - 횡단중,안전운전불이행,건조,맑음,교차로 - 교차로안,승용,남,61세,상해없음,보행자,여,56세,경상
2012041200100087,2012년 4월 12일 07시,목요일,전라남도 무안군 운남면,경상사고,0,0,1,0,차대차 - 기타,과속,건조,맑음,교차로 - 교차로안,화물,남,44세,상해없음,승용,남,44세,경상
2012041200100126,2012년 4월 12일 08시,목요일,전라남도 장흥군 장흥읍,경상사고,0,0,1,0,차대차 - 기타,안전운전불이행,건조,맑음,단일로 - 기타,이륜,남,80세,상해없음,자전거,남,82세,경상
2012041200100127,2012년 4월 12일 08시,목요일,전라남도 강진군 신전면,중상사고,0,1,0,0,차대사람 - 길가장자리구역통행중,기타,건조,맑음,교차로 - 교차로부근,화물,남,44세,상해없음,보행자,여,76세,중상
2012041200100128,2012년 4월 12일 08시,목요일,전라남도 광양시 중동,경상사고,0,0,1,0,차대차 - 측면직각충돌,안전운전불이행,건조,맑음,교차로 - 교차로부근,승용,남,25세,상해없음,승용,남,36세,경상
2012041200100158,2012년 4월 12일 09시,목요일,전라남도 목포시 산정동,부상신고사고,0,0,0,1,차대차 - 측면직각충돌,안전운전불이행,건조,맑음,단일로 - 기타,자전거,여,33세,부상신고,승합,남,70세,상해없음
2012041200100190,2012년 4월 12일 10시,목요일,전라남도 여수시 학동,경상사고,0,0,1,0,차대차 - 측면직각충돌,안전운전불이행,건조,맑음,단일로 - 기타,화물,남,28세,상해없음,이륜,남,52세,경상
2012041200100191,2012년 4월 12일 10시,목요일,전라남도 여수시 율촌면,사망사고,1,0,0,0,차대사람 - 횡단중,안전운전불이행,건조,맑음,교차로 - 교차로안,승용,남,65세,상해없음,보행자,여,75세,사망
2012041200100192,2012년 4월 12일 10시,목요일,전라남도 나주시 남평읍,경상사고,0,0,1,0,차대차 - 기타,중앙선침범,건조,맑음,단일로 - 기타,승용,기타불명,기타불명,기타불명,승용,여,50세,경상
2012041200100193,2012년 4월 12일 10시,목요일,전라남도 무안군 현경면,중상사고,0,2,0,0,차대사람 - 기타,안전운전불이행,건조,맑음,단일로 - 기타,이륜,남,74세,중상,보행자,여,73세,중상
2012041200100229,2012년 4월 12일 11시,목요일,전라남도 광양시 마동,중상사고,0,1,2,0,차대차 - 측면직각충돌,안전운전불이행,건조,맑음,교차로 - 교차로부근,건설기계,남,65세,상해없음,승용,여,43세,경상
2012041200100252,2012년 4월 12일 12시,목요일,전라남도 신안군 임자면,중상사고,0,2,3,0,차대차 - 측면직각충돌,직진우회전진행방해,건조,맑음,교차로 - 교차로안,승합,남,58세,상해없음,화물,남,56세,경상
2012041200100253,2012년 4월 12일 12시,목요일,전라남도 순천시 영동,중상사고,0,1,0,0,차대차 - 측면직각충돌,안전운전불이행,습기,비,단일로 - 횡단보도상,승용,여,41세,상해없음,자전거,남,76세,중상
2012041200100254,2012년 4월 12일 12시,목요일,전라남도 장흥군 대덕읍,중상사고,0,1,0,0,차대사람 - 기타,안전운전불이행,건조,맑음,단일로 - 기타,화물,남,38세,상해없음,보행자,여,71세,중상
2012041200100255,2012년 4월 12일 12시,목요일,전라남도 광양시 광양읍,중상사고,0,1,1,0,차대차 - 측면직각충돌,교차로운행방법위반,건조,맑음,교차로 - 교차로안,승용,남,27세,중상,화물,남,49세,경상
2012041200100298,2012년 4월 12일 13시,목요일,전라남도 순천시 서면,중상사고,0,1,0,0,차량단독 - 기타,안전운전불이행,건조,맑음,단일로 - 기타,승합,기타불명,기타불명,기타불명,,,,
2012041200100299,2012년 4월 12일 13시,목요일,전라남도 보성군 벌교읍,중상사고,0,1,0,0,차대사람 - 횡단중,보행자보호의무위반,건조,맑음,교차로 - 교차로안,화물,여,48세,상해없음,보행자,남,74세,중상
2012041200100326,2012년 4월 12일 14시,목요일,전라남도 순천시 황전면,중상사고,0,1,1,0,차대차 - 추돌 - 진행중,안전운전불이행,건조,맑음,단일로 - 기타,승용,남,57세,중상,승용,남,43세,경상
2012041200100358,2012년 4월 12일 15시,목요일,전라남도 순천시 덕월동,경상사고,0,0,1,0,차대사람 - 횡단중,안전운전불이행,건조,맑음,교차로 - 교차로부근,화물,여,30세,상해없음,보행자,남,39세,경상
2012041200100388,2012년 4월 12일 16시,목요일,전라남도 영광군 묘량면,부상신고사고,0,0,0,1,차량단독 - 전도전복,안전운전불이행,건조,맑음,단일로 - 기타,이륜,남,60세,부상신고,,,,
2012041200100417,2012년 4월 12일 17시,목요일,전라남도 여수시 웅천동,경상사고,0,0,2,0,차대차 - 측면직각충돌,안전거리미확보,건조,맑음,단일로 - 기타,승합,남,56세,상해없음,승합,남,54세,상해없음
2012041200100418,2012년 4월 12일 17시,목요일,전라남도 장흥군 장동면,중상사고,0,1,0,0,차대차 - 기타,안전운전불이행,건조,맑음,단일로 - 기타,화물,남,70세,중상,승용,여,42세,상해없음
2012041200100456,2012년 4월 12일 18시,목요일,전라남도 순천시 인제동,중상사고,0,1,0,0,차대차 - 측면직각충돌,안전운전불이행,건조,맑음,교차로 - 교차로안,승용,남,57세,상해없음,승합,남,62세,상해없음
2012041200100457,2012년 4월 12일 18시,목요일,전라남도 나주시 대호동,경상사고,0,0,1,0,차대차 - 측면직각충돌,안전운전불이행,건조,기타,단일로 - 기타,건설기계,남,37세,상해없음,화물,남,27세,경상
2012041200100458,2012년 4월 12일 18시,목요일,전라남도 곡성군 겸면,경상사고,0,0,2,0,차대차 - 측면직각충돌,안전운전불이행,건조,맑음,교차로 - 교차로안,화물,남,52세,상해없음,승용,남,52세,경상
2012041200100507,2012년 4월 12일 19시,목요일,전라남도 나주시 다도면,경상사고,0,0,1,0,차량단독 - 공작물충돌,안전운전불이행,건조,맑음,기타 - 기타,승용,남,25세,경상,,,,
2012041200100537,2012년 4월 12일 20시,목요일,전라남도 함평군 월야면,경상사고,0,0,1,0,차량단독 - 공작물충돌,안전운전불이행,건조,맑음,단일로 - 기타,승용,남,34세,경상,,,,
2012041200100567,2012년 4월 12일 21시,목요일,전라남도 장흥군 장흥읍,중상사고,0,1,1,0,차대사람 - 횡단중,안전운전불이행,건조,맑음,교차로 - 교차로안,승용,남,35세,상해없음,보행자,남,61세,중상
2012041200100568,2012년 4월 12일 21시,목요일,전라남도 화순군 화순읍,경상사고,0,0,2,0,차대차 - 추돌 - 진행중,안전운전불이행,습기,흐림,단일로 - 기타,승용,남,39세,경상,화물,남,45세,경상
2012041200100569,2012년 4월 12일 21시,목요일,전라남도 무안군 삼향읍,경상사고,0,0,3,0,차대차 - 측면직각충돌,직진우회전진행방해,건조,맑음,교차로 - 교차로안,승용,여,47세,경상,승용,남,36세,경상
2012041200100570,2012년 4월 12일 21시,목요일,전라남도 광양시 중군동,경상사고,0,0,1,0,차대차 - 추돌 - 진행중,안전운전불이행,건조,맑음,단일로 - 기타,승용,남,40세,경상,화물,남,44세,상해없음
2012041200100622,2012년 4월 12일 23시,목요일,전라남도 목포시 상동,경상사고,0,0,1,0,차대사람 - 횡단중,신호위반,건조,맑음,단일로 - 횡단보도상,승용,남,58세,상해없음,보행자,남,44세,경상
2012041200100623,2012년 4월 12일 23시,목요일,전라남도 광양시 중동,경상사고,0,0,1,0,차대차 - 측면직각충돌,교차로운행방법위반,건조,맑음,교차로 - 교차로안,승용,남,41세,상해없음,이륜,남,15세,경상
2012041300100029,2012년 4월 13일 01시,금요일,전라남도 목포시 상동,중상사고,0,1,0,0,차대차 - 측면직각충돌,교차로운행방법위반,건조,맑음,교차로 - 교차로부근,승용,남,48세,상해없음,이륜,남,38세,중상
2012041300100079,2012년 4월 13일 05시,금요일,전라남도 목포시 산정동,경상사고,0,0,1,0,차대사람 - 횡단중,안전운전불이행,습기,흐림,교차로 - 교차로안,화물,남,36세,상해없음,보행자,남,68세,경상
2012041300100080,2012년 4월 13일 05시,금요일,전라남도 순천시 조례동,경상사고,0,0,1,0,차대사람 - 횡단중,보행자보호의무위반,건조,맑음,단일로 - 횡단보도상,승용,남,68세,상해없음,보행자,남,23세,경상
2012041300100092,2012년 4월 13일 06시,금요일,전라남도 목포시 옥암동,중상사고,0,1,0,0,차대차 - 정면충돌,안전운전불이행,습기,비,교차로 - 교차로안,승용,남,24세,상해없음,승용,남,40세,중상
2012041300100111,2012년 4월 13일 07시,금요일,전라남도 여수시 수정동,중상사고,0,1,0,0,차대사람 - 기타,안전운전불이행,건조,맑음,단일로 - 기타,승용,남,53세,상해없음,보행자,남,51세,중상
2012041300100112,2012년 4월 13일 07시,금요일,전라남도 영암군 학산면,경상사고,0,0,1,0,차대차 - 측면직각충돌,직진우회전진행방해,습기,비,교차로 - 교차로안,화물,남,58세,상해없음,승용,남,54세,경상
2012041300100138,2012년 4월 13일 08시,금요일,전라남도 순천시 조례동,경상사고,0,0,1,0,차대사람 - 횡단중,안전운전불이행,건조,맑음,교차로 - 교차로안,승용,여,60세,상해없음,보행자,남,29세,경상
2012041300100139,2012년 4월 13일 08시,금요일,전라남도 순천시 별량면,경상사고,0,0,2,0,차대차 - 측면직각충돌,안전거리미확보,건조,맑음,단일로 - 기타,승용,남,28세,상해없음,승용,여,49세,상해없음
2012041300100140,2012년 4월 13일 08시,금요일,전라남도 영광군 불갑면,경상사고,0,0,2,0,차대차 - 정면충돌,중앙선침범,건조,맑음,단일로 - 기타,승용,여,34세,상해없음,승용,남,62세,경상
2012041300100141,2012년 4월 13일 08시,금요일,전라남도 무안군 현경면,중상사고,0,1,2,0,차대차 - 기타,직진우회전진행방해,습기,비,교차로 - 교차로안,승합,남,46세,상해없음,화물,여,42세,중상
2012041300100171,2012년 4월 13일 09시,금요일,전라남도 화순군 화순읍,경상사고,0,0,1,0,차대사람 - 기타,기타,습기,비,단일로 - 기타,승용,남,51세,상해없음,보행자,여,62세,경상
2012041300100191,2012년 4월 13일 10시,금요일,전라남도 영암군 삼호읍,중상사고,0,1,1,0,차대차 - 측면직각충돌,신호위반,습기,비,교차로 - 교차로안,건설기계,남,51세,중상,건설기계,남,32세,경상