사고번호,사고일시,요일,시군구,사고내용,사망자수,중상자수,경상자수,부상신고자수,사고유형,법규위반,노면상태,기상상태,도로형태,가해운전자 차종,가해운전자 성별,가해운전자 연령,가해운전자 상해정도,피해운전자 차종,피해운전자 성별,피해운전자 연령,피해운전자 상해정도
2012041300100236,2012년 4월 13일 12시,금요일,전라남도 영암군 도포면,중상사고,0,1,0,0,차대차 - 측면직각충돌,중앙선침범,건조,맑음,단일로 - 기타,승용,남,58세,상해없음,승용,남,59세,중상
2012041300100265,2012년 4월 13일 13시,금요일,전라남도 신안군 흑산면,중상사고,0,1,3,0,차량단독 - 공작물충돌,안전운전불이행,습기,비,기타 - 기타,승합,남,58세,상해없음,,,,
2012041300100266,2012년 4월 13일 13시,금요일,전라남도 순천시 석현동,중상사고,0,1,2,0,차대차 - 측면직각충돌,안전거리미확보,건조,맑음,단일로 - 기타,화물,남,38세,중상,승용,남,51세,경상
2012041300100267,2012년 4월 13일 13시,금요일,전라남도 장흥군 장흥읍,중상사고,0,1,0,0,차대차 - 측면직각충돌,중앙선침범,습기,비,단일로 - 기타,원동기,남,39세,중상,승합,남,54세,상해없음
2012041300100291,2012년 4월 13일 14시,금요일,전라남도 여수시 충무동,경상사고,0,0,1,0,차대차 - 측면직각충돌,교차로운행방법위반,건조,맑음,단일로 - 기타,원동기,남,30세,경상,승용,남,71세,상해없음
2012041300100292,2012년 4월 13일 14시,금요일,전라남도 나주시 금성동,경상사고,0,0,1,0,차대사람 - 횡단중,보행자보호의무위반,습기,흐림,교차로 - 교차로부근,화물,남,62세,기타불명,보행자,남,9세,경상
2012041300100318,2012년 4월 13일 15시,금요일,전라남도 곡성군 곡성읍,경상사고,0,0,1,0,차대차 - 측면직각충돌,안전운전불이행,습기,비,단일로 - 기타,원동기,남,71세,경상,승용,여,47세,상해없음
2012041300100319,2012년 4월 13일 15시,금요일,전라남도 광양시 중동,경상사고,0,0,1,0,차대차 - 측면직각충돌,직진우회전진행방해,건조,맑음,교차로 - 교차로안,승용,남,48세,상해없음,승용,남,22세,경상
2012041300100374,2012년 4월 13일 17시,금요일,전라남도 순천시 조례동,경상사고,0,0,1,0,차대차 - 측면직각충돌,안전운전불이행,건조,맑음,단일로 - 기타,승용,남,48세,상해없음,승용,여,34세,경상
2012041300100375,2012년 4월 13일 17시,금요일,전라남도 나주시 대호동,경상사고,0,0,2,0,차대차 - 측면직각충돌,직진우회전진행방해,건조,흐림,교차로 - 교차로안,승용,남,51세,상해없음,승합,남,30세,경상
2012041300100376,2012년 4월 13일 17시,금요일,전라남도 광양시 중동,경상사고,0,0,1,0,차대차 - 측면직각충돌,안전운전불이행,건조,맑음,단일로 - 기타,화물,남,45세,상해없음,승용,남,40세,경상
2012041300100413,2012년 4월 13일 18시,금요일,전라남도 영광군 영광읍,경상사고,0,0,3,0,차대차 - 기타,직진우회전진행방해,건조,맑음,교차로 - 교차로안,화물,남,62세,경상,승용,남,32세,경상
2012041300100450,2012년 4월 13일 19시,금요일,전라남도 여수시 율촌면,경상사고,0,0,1,0,차대차 - 측면직각충돌,차로위반,건조,맑음,단일로 - 기타,화물,남,59세,상해없음,승합,남,45세,경상
2012041300100451,2012년 4월 13일 19시,금요일,전라남도 순천시 조례동,경상사고,0,0,2,0,차대차 - 측면직각충돌,안전운전불이행,건조,맑음,교차로 - 교차로부근,승합,남,38세,상해없음,승용,여,30세,경상
2012041300100529,2012년 4월 13일 21시,금요일,전라남도 여수시 서교동,사망사고,1,0,0,0,차대사람 - 횡단중,안전운전불이행,건조,맑음,단일로 - 기타,승용,남,62세,상해없음,보행자,남,69세,사망
2012041300100530,2012년 4월 13일 21시,금요일,전라남도 광양시 성황동,경상사고,0,0,2,0,차대차 - 측면직각충돌,신호위반,건조,맑음,교차로 - 교차로안,화물,남,50세,상해없음,승용,남,45세,경상
2012041300100563,2012년 4월 13일 22시,금요일,전라남도 순천시 연향동,경상사고,0,0,2,0,차대차 - 측면직각충돌,안전운전불이행,건조,맑음,단일로 - 기타,승용,남,32세,상해없음,승용,여,41세,경상
2012041300100564,2012년 4월 13일 22시,금요일,전라남도 순천시 조례동,경상사고,0,0,5,0,차대차 - 측면직각충돌,안전운전불이행,건조,맑음,단일로 - 기타,승용,남,34세,상해없음,승용,여,43세,경상
2012041400100016,2012년 4월 14일 00시,토요일,전라남도 광양시 성황동,사망사고,1,1,0,0,차대사람 - 횡단중,보행자보호의무위반,건조,맑음,단일로 - 횡단보도상,승용,남,33세,상해없음,보행자,여,71세,사망
2012041400100051,2012년 4월 14일 02시,토요일,전라남도 여수시 연등동,경상사고,0,0,2,0,차대차 - 추돌 - 진행중,안전운전불이행,건조,맑음,단일로 - 기타,승용,남,41세,상해없음,승용,남,53세,상해없음
2012041400100107,2012년 4월 14일 05시,토요일,전라남도 순천시 해룡면,경상사고,0,0,1,0,차대차 - 측면직각충돌,직진우회전진행방해,건조,맑음,교차로 - 교차로안,화물,남,49세,상해없음,승용,남,51세,경상
2012041400100108,2012년 4월 14일 05시,토요일,전라남도 광양시 옥곡면,중상사고,0,1,1,0,차대차 - 정면충돌,안전운전불이행,건조,맑음,단일로 - 기타,이륜,남,65세,중상,화물,남,52세,경상
2012041400100137,2012년 4월 14일 07시,토요일,전라남도 순천시 해룡면,경상사고,0,0,2,0,차대차 - 측면직각충돌,신호위반,건조,맑음,교차로 - 교차로안,승용,남,58세,상해없음,승용,여,54세,경상
2012041400100157,2012년 4월 14일 08시,토요일,전라남도 보성군 보성읍,경상사고,0,0,2,0,차대차 - 측면직각충돌,중앙선침범,건조,맑음,단일로 - 기타,화물,남,56세,상해없음,승용,남,63세,경상
2012041400100158,2012년 4월 14일 08시,토요일,전라남도 구례군 토지면,중상사고,0,2,1,0,차대차 - 정면충돌,중앙선침범,건조,맑음,단일로 - 기타,승용,남,35세,상해없음,승용,남,43세,중상
2012041400100178,2012년 4월 14일 09시,토요일,전라남도 광양시 중동,경상사고,0,0,1,0,차대차 - 측면직각충돌,직진우회전진행방해,건조,맑음,교차로 - 교차로안,승용,남,27세,경상,건설기계,남,48세,상해없음
2012041400100202,2012년 4월 14일 10시,토요일,전라남도 장성군 삼계면,부상신고사고,0,0,0,1,차대차 - 추돌 - 주정차중,안전거리미확보,건조,맑음,교차로 - 교차로부근,이륜,남,70세,부상신고,승용,남,33세,상해없음
2012041400100332,2012년 4월 14일 13시,토요일,전라남도 목포시 옥암동,경상사고,0,0,1,0,차대차 - 측면직각충돌,기타,건조,맑음,교차로 - 교차로안,기타불명,기타불명,기타불명,기타불명,승용,남,56세,상해없음
2012041400100333,2012년 4월 14일 13시,토요일,전라남도 구례군 구례읍,중상사고,0,1,0,0,차대차 - 측면직각충돌,교차로운행방법위반,건조,맑음,교차로 - 교차로안,승용,여,29세,상해없음,자전거,여,50세,중상
2012041400100370,2012년 4월 14일 14시,토요일,전라남도 여수시 평여동,경상사고,0,0,4,0,차대차 - 기타,차로위반,건조,맑음,단일로 - 기타,승용,남,24세,경상,건설기계,남,32세,상해없음
2012041400100371,2012년 4월 14일 14시,토요일,전라남도 순천시 덕월동,경상사고,0,0,3,1,차대차 - 추돌 - 진행중,안전거리미확보,건조,맑음,단일로 - 기타,화물,남,56세,상해없음,승용,남,24세,부상신고
2012041400100372,2012년 4월 14일 14시,토요일,전라남도 보성군 노동면,경상사고,0,0,1,0,차량단독 - 기타,안전운전불이행,건조,맑음,단일로 - 기타,원동기,남,83세,경상,,,,
2012041400100373,2012년 4월 14일 14시,토요일,전라남도 보성군 미력면,경상사고,0,0,2,0,차량단독 - 도로외이탈 - 추락,안전운전불이행,건조,맑음,단일로 - 기타,승합,남,38세,경상,,,,
2012041400100374,2012년 4월 14일 14시,토요일,전라남도 장성군 장성읍,경상사고,0,0,1,0,차대사람 - 횡단중,보행자보호의무위반,건조,맑음,교차로 - 교차로부근,승용,남,42세,상해없음,보행자,남,5세,경상
2012041400100453,2012년 4월 14일 16시,토요일,전라남도 강진군 도암면,경상사고,0,0,2,0,차대차 - 추돌 - 진행중,안전운전불이행,건조,맑음,단일로 - 기타,승용,남,68세,상해없음,승용,남,69세,상해없음
2012041400100530,2012년 4월 14일 18시,토요일,전라남도 순천시 오천동,경상사고,0,0,6,0,차대차 - 측면직각충돌,안전운전불이행,건조,맑음,단일로 - 기타,승용,남,32세,경상,승용,남,39세,경상
2012041400100531,2012년 4월 14일 18시,토요일,전라남도 광양시 다압면,경상사고,0,0,2,0,차대차 - 추돌 - 진행중,안전운전불이행,건조,맑음,단일로 - 기타,승용,남,47세,상해없음,승용,여,28세,경상
2012041400100581,2012년 4월 14일 19시,토요일,전라남도 여수시 둔덕동,중상사고,0,2,4,0,차대차 - 정면충돌,중앙선침범,건조,맑음,단일로 - 기타,승용,남,39세,경상,승용,남,44세,중상
2012041400100582,2012년 4월 14일 19시,토요일,전라남도 순천시 조례동,경상사고,0,0,4,0,차대차 - 추돌 - 주정차중,안전거리미확보,건조,맑음,교차로 - 교차로부근,승용,남,30세,상해없음,승용,여,33세,경상
2012041400100583,2012년 4월 14일 19시,토요일,전라남도 순천시 주암면,사망사고,1,0,0,0,차대사람 - 횡단중,안전운전불이행,건조,맑음,단일로 - 기타,승용,남,51세,상해없음,보행자,여,74세,사망
2012041400100584,2012년 4월 14일 19시,토요일,전라남도 나주시 금천면,중상사고,0,1,0,0,차대차 - 측면직각충돌,중앙선침범,건조,맑음,교차로 - 교차로부근,화물,남,70세,상해없음,승용,남,44세,중상
2012041400100585,2012년 4월 14일 19시,토요일,전라남도 영암군 삼호읍,경상사고,0,0,1,0,차대사람 - 기타,안전운전불이행,건조,맑음,교차로 - 교차로부근,승용,남,45세,상해없음,보행자,남,36세,경상
2012041400100624,2012년 4월 14일 20시,토요일,전라남도 고흥군 포두면,경상사고,0,0,2,0,차대차 - 측면직각충돌,교차로운행방법위반,건조,맑음,교차로 - 교차로안,화물,남,52세,상해없음,화물,남,70세,경상
2012041400100625,2012년 4월 14일 20시,토요일,전라남도 장성군 남면,경상사고,0,0,4,0,차대차 - 추돌 - 주정차중,안전거리미확보,건조,맑음,교차로 - 교차로부근,화물,남,51세,상해없음,승용,남,48세,경상
2012041400100626,2012년 4월 14일 20시,토요일,전라남도 무안군 해제면,중상사고,0,2,0,0,차량단독 - 공작물충돌,안전운전불이행,습기,흐림,기타 - 기타,화물,남,65세,중상,,,,
2012041400100660,2012년 4월 14일 21시,토요일,전라남도 목포시 상동,경상사고,0,0,2,0,차대차 - 측면직각충돌,안전운전불이행,건조,맑음,단일로 - 기타,승용,여,48세,상해없음,승용,남,63세,경상
2012041500100047,2012년 4월 15일 01시,일요일,전라남도 영광군 백수읍,부상신고사고,0,0,0,1,차량단독 - 공작물충돌,안전운전불이행,건조,맑음,단일로 - 기타,승용,남,46세,부상신고,,,,
2012041500100094,2012년 4월 15일 03시,일요일,전라남도 장흥군 장흥읍,중상사고,0,1,0,0,차대차 - 기타,안전운전불이행,건조,맑음,단일로 - 기타,화물,남,49세,상해없음,승용,남,41세,중상
2012041500100105,2012년 4월 15일 04시,일요일,전라남도 여수시 여서동,중상사고,0,1,0,0,차대차 - 기타,교차로운행방법위반,건조,맑음,교차로 - 교차로안,승용,남,37세,상해없음,승용,여,63세,상해없음
2012041500100130,2012년 4월 15일 06시,일요일,전라남도 해남군 북일면,경상사고,0,0,1,0,차대차 - 측면직각충돌,안전운전불이행,건조,맑음,교차로 - 교차로안,승용,여,57세,상해없음,원동기,여,66세,경상
2012041500100131,2012년 4월 15일 06시,일요일,전라남도 영암군 신북면,중상사고,0,1,1,0,차대차 - 기타,안전거리미확보,건조,맑음,단일로 - 기타,화물,남,63세,경상,승용,남,31세,중상
2012041500100174,2012년 4월 15일 09시,일요일,전라남도 나주시 용산동,경상사고,0,0,2,0,차대차 - 측면직각충돌,직진우회전진행방해,건조,맑음,교차로 - 교차로안,승용,남,29세,경상,화물,남,29세,경상
2012041500100194,2012년 4월 15일 10시,일요일,전라남도 목포시 상동,경상사고,0,0,1,0,차대사람 - 기타,안전운전불이행,건조,맑음,단일로 - 기타,승용,여,51세,상해없음,보행자,여,9세,경상
2012041500100210,2012년 4월 15일 11시,일요일,전라남도 나주시 남평읍,경상사고,0,0,1,0,차대차 - 측면직각충돌,직진우회전진행방해,건조,맑음,교차로 - 교차로안,승용,남,72세,상해없음,승용,남,58세,경상
2012041500100239,2012년 4월 15일 12시,일요일,전라남도 여수시 돌산읍,경상사고,0,0,2,0,차대차 - 기타,중앙선침범,건조,맑음,단일로 - 기타,승용,여,55세,상해없음,승용,남,29세,상해없음
2012041500100266,2012년 4월 15일 13시,일요일,전라남도 순천시 가곡동,경상사고,0,0,1,0,차대사람 - 기타,안전운전불이행,건조,맑음,기타 - 기타,승용,남,51세,상해없음,보행자,남,42세,경상
2012041500100290,2012년 4월 15일 14시,일요일,전라남도 나주시 송월동,경상사고,0,0,1,0,차대차 - 추돌 - 주정차중,안전거리미확보,건조,맑음,교차로 - 교차로부근,승용,남,55세,상해없음,승용,여,40세,경상
2012041500100291,2012년 4월 15일 14시,일요일,전라남도 영광군 영광읍,경상사고,0,0,1,0,차대사람 - 기타,안전운전불이행,건조,맑음,단일로 - 기타,승용,남,33세,상해없음,보행자,남,70세,경상
2012041500100292,2012년 4월 15일 14시,일요일,전라남도 광양시 광양읍,경상사고,0,0,2,0,차대차 - 추돌 - 주정차중,안전거리미확보,건조,맑음,교차로 - 교차로부근,승용,남,41세,상해없음,승용,남,25세,경상
2012041500100324,2012년 4월 15일 15시,일요일,전라남도 여수시 웅천동,경상사고,0,0,6,1,차대차 - 추돌 - 진행중,안전운전불이행,건조,맑음,단일로 - 기타,승용,남,61세,부상신고,승용,남,29세,경상
2012041500100325,2012년 4월 15일 15시,일요일,전라남도 영암군 덕진면,경상사고,0,0,2,0,차대차 - 추돌 - 진행중,안전운전불이행,건조,맑음,단일로 - 기타,승용,여,35세,상해없음,승용,여,28세,경상
2012041500100357,2012년 4월 15일 16시,일요일,전라남도 구례군 간전면,부상신고사고,0,0,0,1,차대차 - 측면직각충돌,교차로운행방법위반,건조,맑음,교차로 - 교차로안,원동기,여,64세,부상신고,승용,남,29세,상해없음
2012041500100446,2012년 4월 15일 19시,일요일,전라남도 곡성군 옥과면,경상사고,0,0,1,0,차대차 - 측면직각충돌,신호위반,건조,맑음,교차로 - 교차로안,승용,남,40세,상해없음,화물,남,60세,경상
2012041500100447,2012년 4월 15일 19시,일요일,전라남도 광양시 광양읍,경상사고,0,0,1,0,차대차 - 측면직각충돌,안전운전불이행,건조,맑음,교차로 - 교차로부근,승용,남,66세,상해없음,원동기,여,45세,경상
2012041500100476,2012년 4월 15일 20시,일요일,전라남도 목포시 산정동,경상사고,0,0,1,0,차대차 - 추돌 - 진행중,안전운전불이행,건조,맑음,교차로 - 교차로안,원동기,남,23세,경상,원동기,남,18세,상해없음
2012041500100477,2012년 4월 15일 20시,일요일,전라남도 고흥군 영남면,경상사고,0,0,1,0,차대사람 - 횡단중,안전운전불이행,건조,기타,기타 - 기타,화물,남,27세,상해없음,보행자,여,77세,경상
2012041500100495,2012년 4월 15일 21시,일요일,전라남도 목포시 상동,경상사고,0,0,1,0,차대차 - 기타,신호위반,건조,맑음,교차로 - 교차로안,화물,남,45세,상해없음,승용,여,20세,경상
2012041500100496,2012년 4월 15일 21시,일요일,전라남도 장흥군 장흥읍,경상사고,0,0,1,0,차대차 - 측면직각충돌,중앙선침범,건조,맑음,단일로 - 기타,자전거,남,11세,경상,화물,남,49세,상해없음
2012041500100497,2012년 4월 15일 21시,일요일,전라남도 함평군 학교면,부상신고사고,0,0,0,1,차대차 - 추돌 - 주정차중,안전운전불이행,건조,맑음,단일로 - 교량,승용,남,54세,부상신고,승용,남,52세,기타불명
2012041500100523,2012년 4월 15일 22시,일요일,전라남도 여수시 미평동,경상사고,0,0,1,0,차대사람 - 기타,중앙선침범,건조,맑음,단일로 - 기타,승용,남,50세,상해없음,보행자,남,55세,경상
2012041500100551,2012년 4월 15일 23시,일요일,전라남도 여수시 문수동,경상사고,0,0,1,0,차대차 - 추돌 - 진행중,안전운전불이행,건조,맑음,단일로 - 기타,승용,남,51세,상해없음,승용,남,41세,상해없음
2012041600100074,2012년 4월 16일 07시,월요일,전라남도 여수시 해산동,경상사고,0,0,1,0,차대차 - 추돌 - 진행중,안전운전불이행,건조,맑음,단일로 - 기타,승용,남,53세,상해없음,승용,남,44세,경상
2012041600100075,2012년 4월 16일 07시,월요일,전라남도 보성군 벌교읍,경상사고,0,0,1,0,차대차 - 추돌 - 주정차중,안전운전불이행,건조,맑음,교차로 - 교차로부근,이륜,남,78세,경상,승용,남,47세,상해없음
2012041600100076,2012년 4월 16일 07시,월요일,전라남도 영암군 삼호읍,경상사고,0,0,2,0,차대차 - 측면직각충돌,불법유턴,건조,맑음,교차로 - 교차로부근,승용,남,29세,경상,승용,여,41세,경상
2012041600100139,2012년 4월 16일 09시,월요일,전라남도 나주시 남평읍,경상사고,0,0,1,0,차대차 - 기타,안전운전불이행,건조,맑음,기타 - 기타,화물,남,51세,상해없음,자전거,남,55세,경상
2012041600100140,2012년 4월 16일 09시,월요일,전라남도 나주시 영산동,경상사고,0,0,3,0,차대차 - 추돌 - 진행중,안전운전불이행,건조,맑음,단일로 - 교량,화물,남,53세,경상,승용,남,54세,상해없음
2012041600100168,2012년 4월 16일 10시,월요일,전라남도 목포시 연산동,경상사고,0,0,2,0,차대차 - 측면직각충돌,신호위반,건조,맑음,교차로 - 교차로안,승용,남,58세,상해없음,승용,남,53세,경상
2012041600100204,2012년 4월 16일 11시,월요일,전라남도 목포시 상동,경상사고,0,0,2,0,차대차 - 추돌 - 주정차중,안전운전불이행,건조,맑음,교차로 - 교차로부근,승용,남,48세,상해없음,화물,남,31세,경상
2012041600100235,2012년 4월 16일 12시,월요일,전라남도 영암군 삼호읍,경상사고,0,0,14,0,차대차 - 측면직각충돌,안전거리미확보,건조,맑음,단일로 - 기타,승용,여,37세,경상,승용,남,33세,경상
2012041600100260,2012년 4월 16일 13시,월요일,전라남도 순천시 인제동,경상사고,0,0,1,0,차대사람 - 횡단중,안전운전불이행,건조,맑음,단일로 - 기타,승용,여,49세,상해없음,보행자,여,7세,경상
2012041600100261,2012년 4월 16일 13시,월요일,전라남도 나주시 다시면,경상사고,0,0,1,0,차대차 - 측면직각충돌,안전운전불이행,건조,맑음,교차로 - 교차로안,승합,남,67세,상해없음,원동기,남,82세,경상
2012041600100262,2012년 4월 16일 13시,월요일,전라남도 보성군 벌교읍,중상사고,0,1,1,0,차대차 - 측면직각충돌,교차로운행방법위반,건조,맑음,교차로 - 교차로안,화물,남,65세,상해없음,이륜,남,80세,경상
2012041600100263,2012년 4월 16일 13시,월요일,전라남도 진도군 임회면,사망사고,2,1,0,0,차대차 - 정면충돌,안전운전불이행,기타,기타,기타 - 기타,화물,남,48세,사망,화물,남,50세,중상
2012041600100290,2012년 4월 16일 14시,월요일,전라남도 순천시 조례동,경상사고,0,0,1,0,차대차 - 측면직각충돌,안전운전불이행,건조,맑음,교차로 - 교차로부근,승용,남,59세,상해없음,승용,여,41세,경상
2012041600100324,2012년 4월 16일 15시,월요일,전라남도 목포시 산정동,경상사고,0,0,1,0,차대차 - 측면직각충돌,직진우회전진행방해,건조,맑음,교차로 - 교차로안,승용,여,66세,상해없음,승용,여,37세,경상
2012041600100325,2012년 4월 16일 15시,월요일,전라남도 영암군 도포면,경상사고,0,0,1,0,차대차 - 측면직각충돌,안전운전불이행,건조,맑음,단일로 - 기타,이륜,여,53세,경상,화물,남,53세,상해없음
2012041600100363,2012년 4월 16일 16시,월요일,전라남도 순천시 대룡동,사망사고,1,0,2,0,차대차 - 측면직각충돌,안전운전불이행,건조,맑음,교차로 - 교차로안,승용,여,63세,경상,화물,남,35세,경상
2012041600100364,2012년 4월 16일 16시,월요일,전라남도 나주시 남평읍,경상사고,0,0,1,0,차대사람 - 차도통행중,안전운전불이행,건조,맑음,단일로 - 기타,승용,여,47세,상해없음,보행자,여,81세,경상
2012041600100365,2012년 4월 16일 16시,월요일,전라남도 진도군 군내면,중상사고,0,2,0,0,차대차 - 측면직각충돌,중앙선침범,건조,맑음,단일로 - 교량,승용,남,29세,상해없음,승용,남,63세,중상
2012041600100429,2012년 4월 16일 18시,월요일,전라남도 순천시 연향동,경상사고,0,0,1,0,차대사람 - 기타,안전운전불이행,건조,맑음,단일로 - 기타,승용,남,44세,상해없음,보행자,남,9세,경상
2012041600100430,2012년 4월 16일 18시,월요일,전라남도 순천시 연향동,중상사고,0,1,0,0,차대사람 - 횡단중,안전운전불이행,건조,맑음,교차로 - 교차로부근,승용,남,29세,상해없음,보행자,남,18세,중상
2012041600100496,2012년 4월 16일 20시,월요일,전라남도 순천시 조례동,경상사고,0,0,1,0,차대차 - 추돌 - 주정차중,안전운전불이행,건조,맑음,단일로 - 기타,승용,남,40세,상해없음,승용,여,29세,경상
2012041600100497,2012년 4월 16일 20시,월요일,전라남도 고흥군 고흥읍,경상사고,0,0,1,0,차대차 - 기타,안전운전불이행,건조,맑음,기타 - 기타,승용,남,46세,상해없음,자전거,남,13세,경상
2012041600100532,2012년 4월 16일 21시,월요일,전라남도 나주시 남평읍,경상사고,0,0,4,0,차대차 - 측면직각충돌,교차로운행방법위반,건조,맑음,교차로 - 교차로안,승용,남,47세,경상,승용,여,43세,경상
2012041600100588,2012년 4월 16일 23시,월요일,전라남도 여수시 여서동,경상사고,0,0,1,0,차대사람 - 횡단중,안전운전불이행,건조,맑음,단일로 - 횡단보도부근,승용,남,28세,상해없음,보행자,남,55세,경상
2012041600100589,2012년 4월 16일 23시,월요일,전라남도 여수시 문수동,중상사고,0,1,0,0,차대사람 - 횡단중,안전운전불이행,건조,맑음,교차로 - 교차로안,승용,남,49세,상해없음,보행자,여,48세,중상
2012041600100590,2012년 4월 16일 23시,월요일,전라남도 여수시 소라면,경상사고,0,0,1,0,차량단독 - 전도전복,안전운전불이행,건조,맑음,단일로 - 터널,승용,남,40세,경상,,,,
2012041700100012,2012년 4월 17일 00시,화요일,전라남도 영암군 신북면,중상사고,0,1,2,0,차대차 - 기타,안전운전불이행,건조,맑음,교차로 - 교차로부근,승용,남,27세,경상,승용,남,63세,중상
2012041700100041,2012년 4월 17일 02시,화요일,전라남도 순천시 조례동,경상사고,0,0,1,0,차대차 - 추돌 - 진행중,안전운전불이행,건조,맑음,교차로 - 교차로부근,승용,남,47세,상해없음,승용,남,31세,경상
2012041700100042,2012년 4월 17일 02시,화요일,전라남도 광양시 광영동,중상사고,0,1,0,0,차대차 - 측면직각충돌,교차로운행방법위반,건조,맑음,교차로 - 교차로안,자전거,남,25세,중상,화물,남,34세,상해없음
2012041700100064,2012년 4월 17일 05시,화요일,전라남도 목포시 옥암동,중상사고,0,1,1,0,차대차 - 측면직각충돌,신호위반,건조,맑음,교차로 - 교차로안,화물,남,65세,중상,승용,남,39세,경상
2012041700100147,2012년 4월 17일 08시,화요일,전라남도 목포시 대양동,중상사고,0,1,0,0,차대사람 - 차도통행중,안전운전불이행,건조,맑음,단일로 - 기타,승용,여,49세,상해없음,보행자,여,76세,중상
2012041700100148,2012년 4월 17일 08시,화요일,전라남도 여수시 학동,경상사고,0,0,3,0,차대차 - 추돌 - 주정차중,중앙선침범,건조,맑음,교차로 - 교차로부근,승용,여,48세,경상,승용,남,28세,경상
2012041700100178,2012년 4월 17일 09시,화요일,전라남도 함평군 함평읍,중상사고,0,1,0,0,차대차 - 측면직각충돌,안전운전불이행,건조,맑음,교차로 - 교차로안,화물,남,52세,상해없음,건설기계,남,47세,상해없음
2012041700100236,2012년 4월 17일 11시,화요일,전라남도 순천시 덕월동,중상사고,0,1,0,0,차대사람 - 횡단중,안전운전불이행,건조,맑음,교차로 - 교차로부근,기타불명,기타불명,기타불명,기타불명,보행자,남,18세,중상
2012041700100258,2012년 4월 17일 12시,화요일,전라남도 화순군 이양면,중상사고,0,1,2,0,차대차 - 기타,안전운전불이행,건조,맑음,단일로 - 기타,승용,남,65세,경상,승용,여,49세,경상
2012041700100259,2012년 4월 17일 12시,화요일,전라남도 영암군 덕진면,사망사고,1,0,0,0,차대차 - 측면직각충돌,안전운전불이행,건조,맑음,단일로 - 기타,화물,남,42세,상해없음,농기계,남,56세,사망
2012041700100260,2012년 4월 17일 12시,화요일,전라남도 영암군 학산면,중상사고,0,1,0,0,차대차 - 측면직각충돌,중앙선침범,건조,맑음,단일로 - 기타,원동기,남,88세,중상,화물,남,31세,상해없음
2012041700100307,2012년 4월 17일 14시,화요일,전라남도 영광군 영광읍,중상사고,0,1,1,0,차대차 - 기타,안전운전불이행,건조,맑음,단일로 - 기타,원동기,남,66세,중상,화물,남,46세,상해없음
2012041700100336,2012년 4월 17일 15시,화요일,전라남도 목포시 옥암동,중상사고,0,1,0,0,차대사람 - 횡단중,안전운전불이행,건조,맑음,교차로 - 교차로부근,승용,남,66세,상해없음,보행자,남,11세,중상
2012041700100337,2012년 4월 17일 15시,화요일,전라남도 나주시 세지면,경상사고,0,0,1,0,차대차 - 측면직각충돌,안전운전불이행,건조,맑음,단일로 - 기타,승용,여,56세,상해없음,원동기,남,67세,경상
2012041700100378,2012년 4월 17일 16시,화요일,전라남도 무안군 청계면,부상신고사고,0,0,0,1,차대차 - 추돌 - 주정차중,안전운전불이행,건조,맑음,단일로 - 기타,승용,남,22세,부상신고,화물,남,34세,기타불명
2012041700100408,2012년 4월 17일 17시,화요일,전라남도 여수시 여서동,경상사고,0,0,1,0,차대사람 - 기타,안전운전불이행,건조,맑음,단일로 - 기타,승합,여,46세,상해없음,보행자,남,5세,경상
2012041700100409,2012년 4월 17일 17시,화요일,전라남도 광양시 광양읍,중상사고,0,3,2,0,차대차 - 추돌 - 주정차중,안전운전불이행,건조,맑음,교차로 - 교차로부근,화물,남,48세,상해없음,화물,남,52세,중상
2012041700100410,2012년 4월 17일 17시,화요일,전라남도 구례군 마산면,중상사고,0,2,0,0,차대차 - 정면충돌,중앙선침범,건조,맑음,단일로 - 기타,화물,남,46세,중상,승용,여,48세,중상
2012041700100475,2012년 4월 17일 19시,화요일,전라남도 여수시 선원동,경상사고,0,0,1,0,차대사람 - 기타,안전운전불이행,건조,맑음,단일로 - 기타,기타불명,기타불명,기타불명,기타불명,보행자,남,12세,경상
2012041700100476,2012년 4월 17일 19시,화요일,전라남도 무안군 망운면,사망사고,1,0,0,0,차대사람 - 횡단중,안전운전불이행,건조,맑음,교차로 - 교차로부근,화물,남,49세,상해없음,보행자,여,70세,사망
2012041700100477,2012년 4월 17일 19시,화요일,전라남도 광양시 광영동,경상사고,0,0,1,0,차대차 - 측면직각충돌,직진우회전진행방해,건조,맑음,교차로 - 교차로안,승용,남,46세,상해없음,승용,남,61세,상해없음
2012041700100504,2012년 4월 17일 20시,화요일,전라남도 영암군 삼호읍,중상사고,0,2,2,0,차대차 - 추돌 - 주정차중,안전거리미확보,건조,맑음,교차로 - 교차로부근,승용,남,64세,상해없음,승용,남,36세,경상
2012041700100530,2012년 4월 17일 21시,화요일,전라남도 순천시 풍덕동,사망사고,1,0,0,0,차대사람 - 횡단중,안전운전불이행,건조,맑음,교차로 - 교차로안,승용,남,42세,상해없음,보행자,남,63세,사망
2012041700100607,2012년 4월 17일 23시,화요일,전라남도 순천시 연향동,경상사고,0,0,1,0,차대차 - 기타,직진우회전진행방해,건조,맑음,교차로 - 교차로안,승용,남,25세,상해없음,원동기,남,52세,경상
2012041800100016,2012년 4월 18일 00시,수요일,전라남도 나주시 부덕동,경상사고,0,0,1,0,차량단독 - 공작물충돌,안전운전불이행,건조,맑음,단일로 - 기타,승용,남,39세,상해없음,,,,