사고번호,사고일시,요일,시군구,사고내용,사망자수,중상자수,경상자수,부상신고자수,사고유형,법규위반,노면상태,기상상태,도로형태,가해운전자 차종,가해운전자 성별,가해운전자 연령,가해운전자 상해정도,피해운전자 차종,피해운전자 성별,피해운전자 연령,피해운전자 상해정도
2012041800100017,2012년 4월 18일 00시,수요일,전라남도 해남군 송지면,사망사고,1,0,0,0,차대차 - 측면직각충돌,중앙선침범,건조,맑음,단일로 - 기타,화물,남,44세,상해없음,화물,남,34세,사망
2012041800100055,2012년 4월 18일 03시,수요일,전라남도 순천시 왕지동,중상사고,0,1,3,0,차대차 - 측면직각충돌,신호위반,건조,맑음,교차로 - 교차로안,승용,남,38세,경상,승용,남,37세,경상
2012041800100083,2012년 4월 18일 06시,수요일,전라남도 목포시 죽교동,중상사고,0,1,0,0,차대차 - 측면직각충돌,중앙선침범,건조,맑음,단일로 - 기타,화물,남,35세,상해없음,화물,남,41세,중상
2012041800100084,2012년 4월 18일 06시,수요일,전라남도 순천시 연향동,중상사고,0,1,0,0,차대차 - 기타,차로위반,건조,맑음,단일로 - 기타,승용,남,26세,상해없음,승용,남,39세,중상
2012041800100102,2012년 4월 18일 07시,수요일,전라남도 함평군 손불면,중상사고,0,1,0,0,차량단독 - 도로외이탈 - 추락,안전운전불이행,건조,맑음,단일로 - 기타,이륜,남,79세,중상,,,,
2012041800100103,2012년 4월 18일 07시,수요일,전라남도 영암군 삼호읍,중상사고,0,1,1,0,차대차 - 측면직각충돌,안전거리미확보,건조,맑음,단일로 - 기타,원동기,여,42세,중상,승용,남,48세,경상
2012041800100129,2012년 4월 18일 08시,수요일,전라남도 고흥군 고흥읍,부상신고사고,0,0,0,1,차대차 - 기타,안전운전불이행,건조,맑음,단일로 - 기타,승용,여,31세,상해없음,승용,남,36세,부상신고
2012041800100184,2012년 4월 18일 10시,수요일,전라남도 장성군 장성읍,사망사고,1,0,0,0,차량단독 - 공작물충돌,안전운전불이행,건조,맑음,교차로 - 교차로부근,승용,남,36세,사망,,,,
2012041800100206,2012년 4월 18일 11시,수요일,전라남도 해남군 해남읍,경상사고,0,0,1,0,차대차 - 측면직각충돌,신호위반,건조,맑음,교차로 - 교차로안,승용,남,75세,상해없음,이륜,남,30세,경상
2012041800100207,2012년 4월 18일 11시,수요일,전라남도 화순군 한천면,경상사고,0,0,1,0,차대차 - 정면충돌,안전운전불이행,건조,맑음,단일로 - 기타,승용,남,50세,상해없음,승용,여,51세,경상
2012041800100208,2012년 4월 18일 11시,수요일,전라남도 완도군 노화읍,중상사고,0,1,1,0,차대차 - 기타,직진우회전진행방해,건조,맑음,교차로 - 교차로안,화물,남,51세,상해없음,농기계,남,63세,경상
2012041800100243,2012년 4월 18일 12시,수요일,전라남도 순천시 서면,경상사고,0,0,5,0,차대차 - 추돌 - 주정차중,안전운전불이행,건조,맑음,단일로 - 기타,승용,여,47세,상해없음,승용,여,35세,경상
2012041800100244,2012년 4월 18일 12시,수요일,전라남도 고흥군 도덕면,중상사고,0,1,0,0,차대차 - 기타,안전운전불이행,건조,맑음,단일로 - 기타,화물,여,60세,상해없음,농기계,남,76세,중상
2012041800100245,2012년 4월 18일 12시,수요일,전라남도 함평군 학교면,경상사고,0,0,2,0,차대차 - 측면직각충돌,안전운전불이행,건조,맑음,단일로 - 기타,화물,남,56세,경상,승용,여,36세,경상
2012041800100246,2012년 4월 18일 12시,수요일,전라남도 영암군 미암면,경상사고,0,0,5,0,차대차 - 기타,중앙선침범,건조,맑음,단일로 - 기타,승용,남,54세,경상,승용,남,56세,경상
2012041800100273,2012년 4월 18일 13시,수요일,전라남도 목포시 죽동,중상사고,0,1,0,0,차대사람 - 횡단중,안전운전불이행,건조,맑음,단일로 - 기타,승용,남,43세,상해없음,보행자,남,2세,중상
2012041800100274,2012년 4월 18일 13시,수요일,전라남도 여수시 소라면,중상사고,0,2,6,0,차대차 - 추돌 - 주정차중,안전운전불이행,건조,맑음,단일로 - 기타,건설기계,남,33세,상해없음,승용,남,70세,경상
2012041800100305,2012년 4월 18일 14시,수요일,전라남도 광양시 중동,경상사고,0,0,1,0,차대사람 - 횡단중,안전운전불이행,건조,맑음,단일로 - 기타,승용,남,30세,상해없음,보행자,여,42세,경상
2012041800100340,2012년 4월 18일 15시,수요일,전라남도 나주시 다시면,중상사고,0,2,3,0,차대차 - 측면직각충돌,직진우회전진행방해,건조,맑음,교차로 - 교차로안,승용,남,39세,중상,승용,여,53세,경상
2012041800100366,2012년 4월 18일 16시,수요일,전라남도 여수시 둔덕동,경상사고,0,0,1,0,차대차 - 측면직각충돌,교차로운행방법위반,건조,맑음,교차로 - 교차로안,화물,남,51세,상해없음,승용,남,54세,상해없음
2012041800100394,2012년 4월 18일 17시,수요일,전라남도 순천시 해룡면,경상사고,0,0,5,0,차대차 - 측면직각충돌,안전운전불이행,건조,맑음,교차로 - 교차로부근,건설기계,남,58세,상해없음,승용,남,67세,경상
2012041800100430,2012년 4월 18일 18시,수요일,전라남도 목포시 상동,중상사고,0,1,1,0,차대사람 - 횡단중,보행자보호의무위반,건조,맑음,단일로 - 횡단보도상,승용,남,42세,경상,보행자,여,61세,중상
2012041800100431,2012년 4월 18일 18시,수요일,전라남도 목포시 상동,경상사고,0,0,1,0,차대차 - 측면직각충돌,교차로운행방법위반,건조,맑음,교차로 - 교차로안,승용,여,39세,상해없음,승용,남,64세,상해없음
2012041800100432,2012년 4월 18일 18시,수요일,전라남도 광양시 옥곡면,경상사고,0,0,1,0,차대차 - 측면직각충돌,안전운전불이행,건조,맑음,교차로 - 교차로부근,이륜,남,55세,경상,승용,여,33세,상해없음
2012041800100462,2012년 4월 18일 19시,수요일,전라남도 나주시 이창동,경상사고,0,0,2,0,차대차 - 측면직각충돌,직진우회전진행방해,건조,맑음,교차로 - 교차로안,승용,남,35세,경상,승용,여,41세,경상
2012041800100496,2012년 4월 18일 20시,수요일,전라남도 여수시 둔덕동,경상사고,0,0,1,0,차대사람 - 횡단중,신호위반,건조,맑음,단일로 - 횡단보도상,원동기,남,38세,상해없음,보행자,남,69세,경상
2012041800100497,2012년 4월 18일 20시,수요일,전라남도 고흥군 고흥읍,경상사고,0,0,2,0,차대차 - 측면직각충돌,중앙선침범,건조,맑음,교차로 - 교차로부근,승용,남,40세,기타불명,승용,여,60세,경상
2012041800100498,2012년 4월 18일 20시,수요일,전라남도 고흥군 동일면,경상사고,0,0,2,0,차대차 - 측면직각충돌,중앙선침범,건조,맑음,단일로 - 기타,승용,남,55세,상해없음,승용,여,27세,경상
2012041800100499,2012년 4월 18일 20시,수요일,전라남도 광양시 중동,경상사고,0,0,1,0,차대차 - 추돌 - 주정차중,안전운전불이행,건조,맑음,교차로 - 교차로부근,승용,여,48세,상해없음,승용,여,51세,경상
2012041800100569,2012년 4월 18일 22시,수요일,전라남도 순천시 덕암동,경상사고,0,0,1,0,차대사람 - 횡단중,신호위반,건조,맑음,단일로 - 횡단보도상,승용,남,60세,상해없음,보행자,남,15세,경상
2012041800100570,2012년 4월 18일 22시,수요일,전라남도 영암군 삼호읍,경상사고,0,0,1,0,차대차 - 추돌 - 주정차중,안전운전불이행,건조,흐림,단일로 - 기타,승용,남,27세,상해없음,승용,남,43세,기타불명
2012041900100018,2012년 4월 19일 00시,목요일,전라남도 여수시 학동,경상사고,0,0,1,0,차대차 - 추돌 - 주정차중,안전운전불이행,건조,맑음,교차로 - 교차로안,승용,남,49세,상해없음,승용,남,54세,경상
2012041900100043,2012년 4월 19일 01시,목요일,전라남도 광양시 중동,경상사고,0,0,1,0,차대차 - 측면직각충돌,안전운전불이행,건조,맑음,단일로 - 기타,승용,남,41세,경상,화물,남,38세,기타불명
2012041900100097,2012년 4월 19일 06시,목요일,전라남도 무안군 청계면,부상신고사고,0,0,0,3,차량단독 - 공작물충돌,안전운전불이행,건조,맑음,단일로 - 기타,승용,남,47세,부상신고,,,,
2012041900100115,2012년 4월 19일 07시,목요일,전라남도 순천시 조례동,중상사고,0,1,0,0,차대사람 - 기타,안전운전불이행,건조,맑음,단일로 - 기타,승합,남,49세,상해없음,보행자,남,41세,중상
2012041900100143,2012년 4월 19일 08시,목요일,전라남도 순천시 송광면,중상사고,0,1,0,0,차량단독 - 기타,안전운전불이행,건조,맑음,단일로 - 기타,승합,남,52세,상해없음,,,,
2012041900100194,2012년 4월 19일 10시,목요일,전라남도 나주시 중앙동,경상사고,0,0,2,0,차대차 - 측면직각충돌,직진우회전진행방해,습기,비,교차로 - 교차로안,화물,남,50세,경상,승용,남,65세,경상
2012041900100195,2012년 4월 19일 10시,목요일,전라남도 무안군 일로읍,경상사고,0,0,1,0,차대차 - 기타,교차로운행방법위반,건조,맑음,교차로 - 교차로안,승용,여,46세,상해없음,승용,여,39세,경상
2012041900100219,2012년 4월 19일 11시,목요일,전라남도 순천시 조곡동,경상사고,0,0,2,0,차대차 - 측면직각충돌,안전운전불이행,습기,비,단일로 - 기타,승용,남,60세,상해없음,승용,남,31세,경상
2012041900100220,2012년 4월 19일 11시,목요일,전라남도 영암군 덕진면,경상사고,0,0,4,0,차대차 - 측면직각충돌,교차로운행방법위반,습기,흐림,교차로 - 교차로안,화물,남,47세,상해없음,승용,여,37세,경상
2012041900100244,2012년 4월 19일 12시,목요일,전라남도 나주시 봉황면,경상사고,0,0,2,0,차대차 - 추돌 - 진행중,안전거리미확보,건조,맑음,단일로 - 기타,승용,남,38세,상해없음,승용,남,65세,경상
2012041900100245,2012년 4월 19일 12시,목요일,전라남도 광양시 광영동,중상사고,0,1,0,0,차대차 - 측면직각충돌,안전운전불이행,건조,흐림,교차로 - 교차로부근,승용,남,31세,상해없음,승용,여,42세,중상
2012041900100246,2012년 4월 19일 12시,목요일,전라남도 광양시 광양읍,경상사고,0,0,2,0,차대차 - 측면직각충돌,직진우회전진행방해,습기,비,교차로 - 교차로안,승용,여,30세,경상,승용,여,46세,경상
2012041900100277,2012년 4월 19일 13시,목요일,전라남도 보성군 문덕면,경상사고,0,0,1,0,차량단독 - 기타,안전운전불이행,습기,비,단일로 - 기타,화물,남,76세,경상,,,,
2012041900100300,2012년 4월 19일 14시,목요일,전라남도 나주시 남평읍,중상사고,0,1,0,0,차대차 - 측면직각충돌,교차로운행방법위반,습기,비,교차로 - 교차로부근,건설기계,남,47세,상해없음,원동기,남,74세,중상
2012041900100301,2012년 4월 19일 14시,목요일,전라남도 해남군 옥천면,경상사고,0,0,2,0,차대차 - 추돌 - 주정차중,안전거리미확보,습기,흐림,단일로 - 기타,화물,남,36세,상해없음,승합,남,50세,경상
2012041900100302,2012년 4월 19일 14시,목요일,전라남도 강진군 도암면,중상사고,0,1,1,0,차량단독 - 도로외이탈 - 기타,안전운전불이행,습기,비,단일로 - 기타,화물,남,65세,중상,,,,
2012041900100328,2012년 4월 19일 15시,목요일,전라남도 여수시 웅천동,경상사고,0,0,1,0,차대차 - 측면직각충돌,신호위반,습기,비,교차로 - 교차로안,건설기계,남,59세,상해없음,승용,남,42세,경상
2012041900100349,2012년 4월 19일 16시,목요일,전라남도 영광군 영광읍,경상사고,0,0,1,0,차대차 - 측면직각충돌,직진우회전진행방해,건조,맑음,교차로 - 교차로안,승용,남,21세,상해없음,승용,남,45세,상해없음
2012041900100350,2012년 4월 19일 16시,목요일,전라남도 담양군 남면,중상사고,0,1,0,0,차량단독 - 공작물충돌,안전운전불이행,습기,비,단일로 - 기타,승용,남,42세,상해없음,,,,
2012041900100381,2012년 4월 19일 17시,목요일,전라남도 목포시 상동,경상사고,0,0,1,0,차대차 - 추돌 - 주정차중,안전운전불이행,건조,맑음,단일로 - 기타,이륜,남,16세,경상,승합,남,59세,상해없음
2012041900100382,2012년 4월 19일 17시,목요일,전라남도 장흥군 장흥읍,중상사고,0,1,0,0,차대사람 - 기타,안전운전불이행,습기,비,단일로 - 기타,화물,남,59세,상해없음,보행자,남,30세,중상
2012041900100383,2012년 4월 19일 17시,목요일,전라남도 영암군 삼호읍,경상사고,0,0,1,0,차대차 - 측면직각충돌,신호위반,습기,비,교차로 - 교차로안,승용,남,31세,상해없음,승용,남,46세,경상
2012041900100461,2012년 4월 19일 19시,목요일,전라남도 순천시 조례동,경상사고,0,0,1,0,차대사람 - 기타,안전운전불이행,습기,비,단일로 - 기타,화물,남,48세,상해없음,보행자,남,57세,경상
2012041900100462,2012년 4월 19일 19시,목요일,전라남도 순천시 연향동,중상사고,0,1,0,0,차대사람 - 기타,신호위반,습기,비,교차로 - 교차로부근,승용,여,44세,상해없음,보행자,남,14세,중상
2012041900100463,2012년 4월 19일 19시,목요일,전라남도 영암군 군서면,중상사고,0,1,0,0,차량단독 - 도로외이탈 - 기타,안전운전불이행,건조,맑음,교차로 - 교차로부근,화물,남,69세,상해없음,,,,
2012041900100464,2012년 4월 19일 19시,목요일,전라남도 광양시 광양읍,경상사고,0,0,1,0,차대사람 - 보도통행중,보행자보호의무위반,습기,비,단일로 - 횡단보도상,승용,여,35세,상해없음,보행자,남,32세,경상
2012041900100525,2012년 4월 19일 21시,목요일,전라남도 강진군 강진읍,경상사고,0,0,1,0,차대사람 - 기타,안전운전불이행,습기,비,단일로 - 기타,승용,남,27세,상해없음,보행자,남,29세,경상
2012041900100526,2012년 4월 19일 21시,목요일,전라남도 담양군 담양읍,중상사고,0,2,0,0,차대차 - 측면직각충돌,안전운전불이행,습기,비,단일로 - 기타,승용,남,25세,중상,승용,남,33세,중상
2012041900100527,2012년 4월 19일 21시,목요일,전라남도 무안군 청계면,사망사고,1,0,0,0,차대사람 - 횡단중,안전운전불이행,습기,비,단일로 - 기타,승용,남,53세,상해없음,보행자,남,67세,사망
2012042000100013,2012년 4월 20일 00시,금요일,전라남도 목포시 산정동,경상사고,0,0,2,0,차대차 - 추돌 - 주정차중,안전운전불이행,습기,맑음,단일로 - 기타,승용,남,29세,상해없음,승용,남,47세,경상
2012042000100014,2012년 4월 20일 00시,금요일,전라남도 순천시 해룡면,중상사고,0,1,0,0,차대차 - 측면직각충돌,교차로운행방법위반,건조,맑음,교차로 - 교차로안,승용,남,51세,상해없음,화물,남,45세,중상
2012042000100037,2012년 4월 20일 01시,금요일,전라남도 순천시 동외동,중상사고,0,1,0,0,차량단독 - 공작물충돌,안전운전불이행,습기,비,단일로 - 기타,승용,남,62세,중상,,,,
2012042000100038,2012년 4월 20일 01시,금요일,전라남도 화순군 화순읍,경상사고,0,0,1,0,차량단독 - 공작물충돌,안전운전불이행,습기,비,교차로 - 교차로부근,승용,남,22세,경상,,,,
2012042000100073,2012년 4월 20일 03시,금요일,전라남도 순천시 조례동,중상사고,0,1,0,0,차대사람 - 횡단중,안전운전불이행,습기,비,단일로 - 기타,승용,남,53세,상해없음,보행자,남,18세,중상
2012042000100085,2012년 4월 20일 04시,금요일,전라남도 장흥군 장흥읍,경상사고,0,0,1,0,차량단독 - 기타,안전운전불이행,습기,비,단일로 - 기타,화물,남,41세,경상,,,,
2012042000100095,2012년 4월 20일 05시,금요일,전라남도 순천시 서면,경상사고,0,0,1,0,차량단독 - 공작물충돌,안전운전불이행,기타,맑음,단일로 - 기타,화물,남,26세,경상,,,,
2012042000100107,2012년 4월 20일 06시,금요일,전라남도 나주시 이창동,경상사고,0,0,5,0,차대차 - 측면직각충돌,안전운전불이행,건조,맑음,단일로 - 기타,승용,남,58세,상해없음,건설기계,남,49세,경상
2012042000100136,2012년 4월 20일 07시,금요일,전라남도 순천시 가곡동,경상사고,0,0,1,0,차대차 - 측면직각충돌,안전거리미확보,습기,비,단일로 - 기타,승용,남,55세,상해없음,승용,남,43세,경상
2012042000100217,2012년 4월 20일 09시,금요일,전라남도 여수시 신기동,경상사고,0,0,3,0,차대차 - 추돌 - 진행중,안전운전불이행,습기,흐림,교차로 - 교차로부근,승용,남,54세,상해없음,승용,여,41세,경상
2012042000100218,2012년 4월 20일 09시,금요일,전라남도 순천시 남정동,중상사고,0,1,0,0,차대차 - 측면직각충돌,교차로운행방법위반,습기,비,교차로 - 교차로안,화물,남,56세,상해없음,화물,남,62세,상해없음
2012042000100219,2012년 4월 20일 09시,금요일,전라남도 순천시 동외동,부상신고사고,0,0,0,1,차대차 - 측면직각충돌,안전운전불이행,습기,흐림,단일로 - 기타,이륜,남,75세,부상신고,이륜,남,28세,상해없음
2012042000100254,2012년 4월 20일 10시,금요일,전라남도 화순군 화순읍,경상사고,0,0,1,0,차대차 - 정면충돌,안전운전불이행,건조,맑음,교차로 - 교차로안,승용,남,45세,상해없음,승용,여,56세,경상
2012042000100255,2012년 4월 20일 10시,금요일,전라남도 진도군 임회면,경상사고,0,0,1,0,차대차 - 정면충돌,중앙선침범,건조,맑음,단일로 - 기타,승용,남,28세,상해없음,화물,남,40세,경상
2012042000100285,2012년 4월 20일 11시,금요일,전라남도 함평군 신광면,중상사고,0,1,0,0,차량단독 - 도로외이탈 - 추락,안전운전불이행,건조,맑음,단일로 - 기타,특수,남,49세,중상,,,,
2012042000100305,2012년 4월 20일 12시,금요일,전라남도 순천시 서면,중상사고,0,1,1,0,차대차 - 기타,안전운전불이행,습기,흐림,교차로 - 교차로안,승용,여,46세,상해없음,승용,여,25세,상해없음
2012042000100306,2012년 4월 20일 12시,금요일,전라남도 해남군 송지면,경상사고,0,0,2,0,차대차 - 추돌 - 진행중,안전거리미확보,건조,맑음,단일로 - 기타,화물,남,38세,상해없음,화물,남,59세,경상
2012042000100355,2012년 4월 20일 14시,금요일,전라남도 순천시 남정동,경상사고,0,0,1,0,차대사람 - 횡단중,안전운전불이행,건조,맑음,단일로 - 횡단보도상,승용,기타불명,기타불명,기타불명,보행자,여,10세,경상
2012042000100356,2012년 4월 20일 14시,금요일,전라남도 영암군 군서면,경상사고,0,0,3,0,차대차 - 기타,안전거리미확보,건조,맑음,교차로 - 교차로부근,승용,남,62세,상해없음,승용,여,58세,경상
2012042000100456,2012년 4월 20일 17시,금요일,전라남도 목포시 동명동,경상사고,0,0,1,0,차대차 - 기타,중앙선침범,건조,맑음,단일로 - 기타,원동기,남,72세,경상,승용,남,38세,상해없음
2012042000100457,2012년 4월 20일 17시,금요일,전라남도 나주시 남평읍,경상사고,0,0,3,0,차대차 - 정면충돌,중앙선침범,건조,맑음,교차로 - 교차로부근,승용,남,46세,상해없음,승용,남,53세,경상
2012042000100496,2012년 4월 20일 18시,금요일,전라남도 순천시 서면,경상사고,0,0,1,0,차대차 - 측면직각충돌,안전운전불이행,건조,흐림,단일로 - 기타,화물,남,54세,상해없음,화물,남,37세,경상
2012042000100536,2012년 4월 20일 19시,금요일,전라남도 고흥군 두원면,중상사고,0,1,1,0,차대차 - 기타,안전거리미확보,건조,맑음,단일로 - 기타,화물,남,58세,중상,승용,남,50세,경상
2012042000100537,2012년 4월 20일 19시,금요일,전라남도 구례군 산동면,부상신고사고,0,0,0,1,차량단독 - 공작물충돌,안전운전불이행,건조,맑음,단일로 - 기타,화물,남,38세,부상신고,,,,
2012042000100572,2012년 4월 20일 20시,금요일,전라남도 순천시 덕월동,경상사고,0,0,1,0,차대사람 - 횡단중,안전운전불이행,건조,맑음,단일로 - 기타,승용,남,45세,상해없음,보행자,남,39세,경상
2012042000100573,2012년 4월 20일 20시,금요일,전라남도 영암군 삼호읍,중상사고,0,1,1,0,차대차 - 측면직각충돌,신호위반,건조,맑음,교차로 - 교차로안,승용,여,57세,중상,승용,남,30세,경상
2012042000100616,2012년 4월 20일 21시,금요일,전라남도 완도군 완도읍,경상사고,0,0,1,0,차대사람 - 기타,안전운전불이행,습기,비,교차로 - 교차로부근,승합,남,45세,상해없음,보행자,여,51세,경상
2012042000100658,2012년 4월 20일 22시,금요일,전라남도 목포시 옥암동,경상사고,0,0,1,0,차대차 - 추돌 - 주정차중,안전운전불이행,건조,맑음,교차로 - 교차로부근,승용,남,38세,상해없음,승용,남,42세,경상
2012042000100659,2012년 4월 20일 22시,금요일,전라남도 여수시 연등동,중상사고,0,1,1,0,차대차 - 기타,중앙선침범,건조,맑음,단일로 - 기타,승용,남,31세,상해없음,승용,여,52세,중상
2012042100100069,2012년 4월 21일 02시,토요일,전라남도 목포시 산정동,경상사고,0,0,2,0,차대차 - 측면직각충돌,안전거리미확보,건조,맑음,단일로 - 기타,승용,남,22세,상해없음,승용,남,43세,경상
2012042100100173,2012년 4월 21일 07시,토요일,전라남도 장성군 장성읍,경상사고,0,0,1,1,차대차 - 측면직각충돌,안전운전불이행,습기,비,교차로 - 교차로부근,승용,남,45세,부상신고,승용,남,30세,경상
2012042100100196,2012년 4월 21일 08시,토요일,전라남도 영암군 삼호읍,사망사고,1,0,0,0,차량단독 - 공작물충돌,안전운전불이행,습기,비,단일로 - 기타,승합,남,44세,사망,,,,
2012042100100197,2012년 4월 21일 08시,토요일,전라남도 담양군 담양읍,경상사고,0,0,3,0,차대차 - 기타,안전운전불이행,습기,비,단일로 - 기타,화물,남,63세,경상,승용,남,43세,경상
2012042100100198,2012년 4월 21일 08시,토요일,전라남도 광양시 중동,경상사고,0,0,1,1,차대차 - 측면직각충돌,신호위반,습기,비,교차로 - 교차로안,승용,여,38세,부상신고,승용,남,27세,경상
2012042100100257,2012년 4월 21일 10시,토요일,전라남도 여수시 문수동,경상사고,0,0,3,0,차대차 - 기타,중앙선침범,습기,비,단일로 - 기타,승용,남,31세,기타불명,승용,남,38세,경상
2012042100100258,2012년 4월 21일 10시,토요일,전라남도 나주시 남평읍,경상사고,0,0,2,0,차대차 - 측면직각충돌,직진우회전진행방해,건조,맑음,교차로 - 교차로안,승합,남,53세,경상,화물,남,52세,상해없음
2012042100100290,2012년 4월 21일 11시,토요일,전라남도 나주시 대호동,경상사고,0,0,1,0,차대차 - 기타,중앙선침범,건조,맑음,기타 - 기타,승합,남,60세,상해없음,승용,남,21세,경상
2012042100100291,2012년 4월 21일 11시,토요일,전라남도 광양시 광양읍,경상사고,0,0,2,0,차대차 - 추돌 - 주정차중,안전운전불이행,습기,비,교차로 - 교차로부근,승용,남,37세,상해없음,승용,남,40세,경상
2012042100100333,2012년 4월 21일 12시,토요일,전라남도 화순군 화순읍,경상사고,0,0,1,0,차대차 - 측면직각충돌,안전운전불이행,습기,비,단일로 - 기타,승용,남,44세,상해없음,승용,여,49세,경상
2012042100100334,2012년 4월 21일 12시,토요일,전라남도 광양시 광양읍,중상사고,0,1,0,0,차대차 - 측면직각충돌,신호위반,습기,비,교차로 - 교차로안,승용,남,46세,상해없음,승용,남,46세,중상
2012042100100359,2012년 4월 21일 13시,토요일,전라남도 목포시 산정동,경상사고,0,0,1,0,차대차 - 측면직각충돌,안전운전불이행,습기,비,교차로 - 교차로안,이륜,남,33세,경상,승용,남,28세,상해없음
2012042100100360,2012년 4월 21일 13시,토요일,전라남도 완도군 보길면,경상사고,0,0,5,0,차량단독 - 기타,안전운전불이행,습기,비,단일로 - 기타,승합,남,29세,상해없음,,,,
2012042100100395,2012년 4월 21일 14시,토요일,전라남도 여수시 신기동,사망사고,1,0,0,0,차대사람 - 횡단중,안전운전불이행,습기,비,단일로 - 기타,승용,남,55세,상해없음,보행자,여,73세,사망
2012042100100396,2012년 4월 21일 14시,토요일,전라남도 영암군 학산면,중상사고,0,1,0,0,차량단독 - 공작물충돌,안전운전불이행,습기,비,교차로 - 교차로안,승용,남,42세,중상,,,,
2012042100100397,2012년 4월 21일 14시,토요일,전라남도 장성군 북하면,중상사고,0,2,0,0,차량단독 - 공작물충돌,안전운전불이행,습기,비,단일로 - 기타,승용,여,37세,중상,,,,
2012042100100398,2012년 4월 21일 14시,토요일,전라남도 광양시 중동,경상사고,0,0,1,0,차대차 - 기타,기타,습기,비,단일로 - 기타,승용,남,24세,상해없음,승용,남,49세,상해없음
2012042100100399,2012년 4월 21일 14시,토요일,전라남도 광양시 금호동,경상사고,0,0,1,0,차량단독 - 공작물충돌,안전운전불이행,습기,비,단일로 - 기타,승용,남,25세,경상,,,,
2012042100100438,2012년 4월 21일 15시,토요일,전라남도 목포시 용해동,경상사고,0,0,1,0,차대차 - 추돌 - 주정차중,안전운전불이행,습기,비,교차로 - 교차로부근,승용,남,42세,상해없음,승용,남,35세,경상
2012042100100439,2012년 4월 21일 15시,토요일,전라남도 여수시 신월동,경상사고,0,0,1,0,차대차 - 측면직각충돌,교차로운행방법위반,습기,비,교차로 - 교차로안,승용,남,58세,상해없음,승용,남,57세,상해없음
2012042100100440,2012년 4월 21일 15시,토요일,전라남도 해남군 옥천면,중상사고,0,2,0,0,차량단독 - 전도전복,안전운전불이행,기타,비,단일로 - 기타,승용,남,33세,중상,,,,
2012042100100441,2012년 4월 21일 15시,토요일,전라남도 영광군 영광읍,경상사고,0,0,5,0,차대차 - 측면직각충돌,직진우회전진행방해,습기,비,교차로 - 교차로안,승용,남,28세,경상,화물,남,60세,경상
2012042100100442,2012년 4월 21일 15시,토요일,전라남도 화순군 화순읍,경상사고,0,0,1,0,차대차 - 추돌 - 주정차중,안전운전불이행,습기,비,교차로 - 교차로부근,승용,남,28세,상해없음,승용,여,38세,경상
2012042100100479,2012년 4월 21일 16시,토요일,전라남도 화순군 이양면,중상사고,0,1,0,0,차량단독 - 공작물충돌,안전운전불이행,습기,비,단일로 - 기타,화물,남,42세,중상,,,,
2012042100100480,2012년 4월 21일 16시,토요일,전라남도 장성군 삼계면,경상사고,0,0,3,0,차량단독 - 공작물충돌,안전운전불이행,습기,비,교차로 - 교차로부근,화물,남,55세,경상,,,,
2012042100100520,2012년 4월 21일 17시,토요일,전라남도 순천시 석현동,경상사고,0,0,1,0,차대사람 - 횡단중,안전운전불이행,습기,비,단일로 - 기타,승용,여,42세,상해없음,보행자,여,19세,경상
2012042100100521,2012년 4월 21일 17시,토요일,전라남도 영암군 학산면,경상사고,0,0,4,0,차량단독 - 공작물충돌,안전운전불이행,습기,비,단일로 - 기타,승용,남,52세,경상,,,,
2012042100100568,2012년 4월 21일 18시,토요일,전라남도 순천시 야흥동,경상사고,0,0,1,0,차대차 - 추돌 - 진행중,신호위반,습기,비,교차로 - 교차로안,승용,남,41세,상해없음,화물,남,70세,상해없음
2012042100100569,2012년 4월 21일 18시,토요일,전라남도 나주시 산포면,경상사고,0,0,1,0,차대차 - 정면충돌,안전운전불이행,습기,비,기타 - 기타,화물,남,43세,상해없음,이륜,남,46세,경상
2012042100100570,2012년 4월 21일 18시,토요일,전라남도 영암군 삼호읍,사망사고,1,2,7,1,차대차 - 정면충돌,중앙선침범,습기,비,단일로 - 기타,승합,남,42세,경상,승합,남,50세,경상
2012042100100629,2012년 4월 21일 19시,토요일,전라남도 목포시 용당동,경상사고,0,0,4,0,차대차 - 측면직각충돌,안전운전불이행,습기,비,교차로 - 교차로부근,승용,남,34세,경상,승용,여,27세,상해없음
2012042100100630,2012년 4월 21일 19시,토요일,전라남도 여수시 봉산동,중상사고,0,2,5,0,차대차 - 추돌 - 주정차중,안전운전불이행,습기,비,단일로 - 기타,승용,남,40세,상해없음,승용,남,26세,경상
2012042100100631,2012년 4월 21일 19시,토요일,전라남도 강진군 강진읍,부상신고사고,0,0,0,1,차량단독 - 공작물충돌,안전운전불이행,습기,비,단일로 - 기타,승용,남,43세,부상신고,,,,
2012042100100694,2012년 4월 21일 20시,토요일,전라남도 여수시 국동,중상사고,0,1,0,0,차대사람 - 횡단중,보행자보호의무위반,습기,비,단일로 - 횡단보도상,승용,여,50세,상해없음,보행자,여,60세,중상
2012042100100695,2012년 4월 21일 20시,토요일,전라남도 순천시 풍덕동,중상사고,0,1,0,1,차대차 - 정면충돌,중앙선침범,습기,비,단일로 - 교량,화물,남,35세,부상신고,승용,남,47세,중상