사고번호,사고일시,요일,시군구,사고내용,사망자수,중상자수,경상자수,부상신고자수,사고유형,법규위반,노면상태,기상상태,도로형태,가해운전자 차종,가해운전자 성별,가해운전자 연령,가해운전자 상해정도,피해운전자 차종,피해운전자 성별,피해운전자 연령,피해운전자 상해정도
2012042100100696,2012년 4월 21일 20시,토요일,전라남도 순천시 중앙동,중상사고,0,1,0,0,차대사람 - 보도통행중,보행자보호의무위반,습기,비,단일로 - 횡단보도상,승용,남,41세,상해없음,보행자,여,18세,중상
2012042100100697,2012년 4월 21일 20시,토요일,전라남도 영암군 삼호읍,경상사고,0,0,3,0,차대차 - 측면직각충돌,신호위반,습기,비,교차로 - 교차로안,승용,여,45세,경상,승합,남,51세,경상
2012042100100763,2012년 4월 21일 21시,토요일,전라남도 목포시 상동,경상사고,0,0,8,0,차대차 - 측면직각충돌,중앙선침범,습기,비,교차로 - 교차로부근,승용,남,34세,상해없음,승용,남,32세,경상
2012042100100764,2012년 4월 21일 21시,토요일,전라남도 여수시 소호동,경상사고,0,0,1,0,차대차 - 추돌 - 주정차중,안전운전불이행,습기,비,교차로 - 교차로안,기타불명,기타불명,기타불명,기타불명,화물,여,50세,경상
2012042100100765,2012년 4월 21일 21시,토요일,전라남도 화순군 화순읍,경상사고,0,0,1,0,차대사람 - 길가장자리구역통행중,안전운전불이행,습기,비,단일로 - 기타,원동기,남,19세,상해없음,보행자,남,63세,경상
2012042100100834,2012년 4월 21일 22시,토요일,전라남도 목포시 산정동,경상사고,0,0,1,0,차대사람 - 기타,안전운전불이행,습기,비,교차로 - 교차로부근,승용,남,34세,상해없음,보행자,여,50세,경상
2012042100100835,2012년 4월 21일 22시,토요일,전라남도 광양시 중동,중상사고,0,1,1,0,차대사람 - 횡단중,신호위반,습기,비,교차로 - 교차로부근,이륜,남,31세,상해없음,보행자,여,18세,중상
2012042100100889,2012년 4월 21일 23시,토요일,전라남도 여수시 안산동,부상신고사고,0,0,0,2,차대차 - 기타,안전운전불이행,습기,비,교차로 - 교차로부근,승용,남,42세,기타불명,승용,남,44세,부상신고
2012042100100890,2012년 4월 21일 23시,토요일,전라남도 광양시 광영동,경상사고,0,0,1,0,차량단독 - 공작물충돌,안전운전불이행,습기,비,단일로 - 기타,승용,남,26세,경상,,,,
2012042200100032,2012년 4월 22일 00시,일요일,전라남도 목포시 상동,경상사고,0,0,4,0,차대차 - 기타,안전운전불이행,습기,흐림,교차로 - 교차로부근,승용,남,28세,상해없음,승용,여,29세,경상
2012042200100033,2012년 4월 22일 00시,일요일,전라남도 여수시 봉산동,경상사고,0,0,2,0,차대차 - 측면직각충돌,안전운전불이행,건조,맑음,교차로 - 교차로부근,승용,남,47세,상해없음,승용,여,43세,경상
2012042200100079,2012년 4월 22일 01시,일요일,전라남도 광양시 중동,경상사고,0,0,1,0,차대차 - 측면직각충돌,안전운전불이행,습기,비,교차로 - 교차로부근,화물,남,57세,상해없음,승용,남,48세,경상
2012042200100202,2012년 4월 22일 05시,일요일,전라남도 화순군 화순읍,경상사고,0,0,1,0,차대차 - 추돌 - 주정차중,안전운전불이행,습기,비,교차로 - 교차로부근,화물,남,77세,상해없음,화물,남,55세,경상
2012042200100213,2012년 4월 22일 06시,일요일,전라남도 여수시 여서동,중상사고,0,1,0,0,차대사람 - 길가장자리구역통행중,안전운전불이행,건조,맑음,단일로 - 기타,기타불명,기타불명,기타불명,기타불명,보행자,남,44세,중상
2012042200100223,2012년 4월 22일 07시,일요일,전라남도 순천시 조례동,경상사고,0,0,2,0,차대차 - 추돌 - 진행중,안전거리미확보,건조,맑음,교차로 - 교차로안,승용,남,24세,상해없음,승용,남,54세,경상
2012042200100236,2012년 4월 22일 08시,일요일,전라남도 목포시 동명동,경상사고,0,0,1,0,차대차 - 측면직각충돌,차로위반,습기,흐림,단일로 - 기타,화물,남,56세,상해없음,승용,남,61세,경상
2012042200100254,2012년 4월 22일 09시,일요일,전라남도 곡성군 죽곡면,중상사고,0,1,0,0,차량단독 - 전도전복,안전운전불이행,건조,맑음,단일로 - 교량,농기계,남,73세,중상,,,,
2012042200100287,2012년 4월 22일 11시,일요일,전라남도 순천시 해룡면,사망사고,1,0,0,0,차대차 - 추돌 - 주정차중,안전운전불이행,건조,맑음,단일로 - 기타,승용,남,47세,사망,특수,남,54세,기타불명
2012042200100288,2012년 4월 22일 11시,일요일,전라남도 고흥군 고흥읍,중상사고,0,1,0,0,차대차 - 기타,안전운전불이행,건조,맑음,단일로 - 기타,승합,남,23세,상해없음,자전거,남,1세,중상
2012042200100289,2012년 4월 22일 11시,일요일,전라남도 해남군 북평면,경상사고,0,0,2,0,차대차 - 추돌 - 진행중,안전거리미확보,건조,맑음,단일로 - 기타,승용,남,22세,상해없음,화물,남,64세,상해없음
2012042200100314,2012년 4월 22일 12시,일요일,전라남도 나주시 영산동,중상사고,0,1,0,0,차대사람 - 횡단중,보행자보호의무위반,건조,맑음,교차로 - 교차로안,원동기,남,57세,상해없음,보행자,여,52세,중상
2012042200100359,2012년 4월 22일 14시,일요일,전라남도 여수시 종화동,경상사고,0,0,1,0,차대사람 - 횡단중,보행자보호의무위반,건조,맑음,단일로 - 기타,승용,남,52세,상해없음,보행자,남,5세,경상
2012042200100360,2012년 4월 22일 14시,일요일,전라남도 해남군 옥천면,경상사고,0,0,1,0,차대차 - 기타,안전운전불이행,건조,맑음,교차로 - 교차로안,승용,여,42세,상해없음,승용,남,68세,경상
2012042200100383,2012년 4월 22일 15시,일요일,전라남도 순천시 주암면,경상사고,0,0,6,0,차대차 - 추돌 - 진행중,안전운전불이행,건조,맑음,단일로 - 기타,승합,남,48세,상해없음,승용,남,45세,경상
2012042200100385,2012년 4월 22일 15시,일요일,전라남도 광양시 태인동,중상사고,0,1,0,0,차대사람 - 횡단중,안전운전불이행,건조,맑음,단일로 - 기타,기타불명,기타불명,기타불명,기타불명,보행자,남,10세,중상
2012042200100410,2012년 4월 22일 16시,일요일,전라남도 순천시 풍덕동,경상사고,0,0,2,0,차대차 - 측면직각충돌,안전운전불이행,건조,맑음,교차로 - 교차로안,승용,남,45세,상해없음,승용,남,27세,경상
2012042200100411,2012년 4월 22일 16시,일요일,전라남도 장성군 장성읍,부상신고사고,0,0,0,1,차대차 - 측면직각충돌,안전운전불이행,건조,맑음,교차로 - 교차로안,이륜,남,88세,부상신고,승용,여,58세,상해없음
2012042200100412,2012년 4월 22일 16시,일요일,전라남도 담양군 담양읍,경상사고,0,0,1,0,차대차 - 기타,안전운전불이행,건조,맑음,교차로 - 교차로부근,승용,남,52세,상해없음,자전거,남,73세,경상
2012042200100442,2012년 4월 22일 17시,일요일,전라남도 나주시 다도면,부상신고사고,0,0,0,1,차량단독 - 공작물충돌,안전운전불이행,건조,맑음,단일로 - 기타,화물,남,56세,부상신고,,,,
2012042200100443,2012년 4월 22일 17시,일요일,전라남도 영광군 영광읍,중상사고,0,1,2,0,차대차 - 측면직각충돌,안전운전불이행,건조,맑음,교차로 - 교차로안,승합,남,54세,상해없음,승용,남,54세,중상
2012042200100516,2012년 4월 22일 19시,일요일,전라남도 목포시 상동,경상사고,0,0,1,0,차대차 - 측면직각충돌,교차로운행방법위반,건조,맑음,교차로 - 교차로안,승용,남,44세,상해없음,승용,여,44세,경상
2012042200100517,2012년 4월 22일 19시,일요일,전라남도 목포시 석현동,중상사고,0,1,0,0,차대사람 - 횡단중,신호위반,건조,맑음,단일로 - 횡단보도상,승용,남,42세,상해없음,보행자,여,38세,중상
2012042200100518,2012년 4월 22일 19시,일요일,전라남도 순천시 주암면,사망사고,1,0,1,0,차대차 - 추돌 - 진행중,안전운전불이행,건조,맑음,단일로 - 기타,승용,남,36세,경상,농기계,남,59세,사망
2012042200100569,2012년 4월 22일 20시,일요일,전라남도 완도군 완도읍,경상사고,0,0,3,0,차대차 - 추돌 - 진행중,안전운전불이행,건조,맑음,단일로 - 기타,승용,남,42세,상해없음,승용,여,43세,경상
2012042200100570,2012년 4월 22일 20시,일요일,전라남도 무안군 삼향읍,경상사고,0,0,2,0,차대차 - 측면직각충돌,신호위반,건조,맑음,교차로 - 교차로안,이륜,남,20세,경상,승용,여,28세,경상
2012042200100606,2012년 4월 22일 21시,일요일,전라남도 순천시 생목동,경상사고,0,0,3,0,차대차 - 추돌 - 진행중,안전운전불이행,건조,맑음,단일로 - 기타,승용,남,58세,상해없음,승용,남,56세,경상
2012042200100607,2012년 4월 22일 21시,일요일,전라남도 영암군 삼호읍,경상사고,0,0,2,0,차대차 - 추돌 - 주정차중,안전운전불이행,건조,맑음,교차로 - 교차로부근,화물,남,49세,상해없음,승용,남,72세,경상
2012042200100630,2012년 4월 22일 22시,일요일,전라남도 순천시 연향동,중상사고,0,1,1,0,차대사람 - 횡단중,안전운전불이행,건조,맑음,교차로 - 교차로부근,이륜,남,17세,경상,보행자,남,14세,중상
2012042200100655,2012년 4월 22일 23시,일요일,전라남도 목포시 용당동,경상사고,0,0,5,0,차대차 - 기타,교차로운행방법위반,건조,맑음,교차로 - 교차로안,승용,남,59세,경상,승용,여,27세,경상
2012042300100019,2012년 4월 23일 01시,월요일,전라남도 순천시 조례동,경상사고,0,0,1,0,차대차 - 기타,안전운전불이행,건조,맑음,교차로 - 교차로부근,승용,남,46세,상해없음,승용,남,58세,경상
2012042300100020,2012년 4월 23일 01시,월요일,전라남도 장흥군 용산면,경상사고,0,0,1,0,차량단독 - 기타,안전운전불이행,건조,맑음,단일로 - 기타,화물,남,59세,경상,,,,
2012042300100058,2012년 4월 23일 05시,월요일,전라남도 순천시 조례동,경상사고,0,0,1,0,차대차 - 추돌 - 진행중,안전운전불이행,건조,맑음,교차로 - 교차로부근,화물,남,54세,상해없음,승용,여,52세,경상
2012042300100116,2012년 4월 23일 08시,월요일,전라남도 영암군 신북면,경상사고,0,0,2,0,차대차 - 측면직각충돌,안전운전불이행,건조,맑음,기타 - 기타,승합,남,40세,경상,승용,남,53세,경상
2012042300100147,2012년 4월 23일 09시,월요일,전라남도 순천시 풍덕동,중상사고,0,1,0,0,차대차 - 기타,안전운전불이행,건조,맑음,단일로 - 기타,기타불명,기타불명,기타불명,기타불명,승합,남,38세,상해없음
2012042300100148,2012년 4월 23일 09시,월요일,전라남도 나주시 금천면,경상사고,0,0,1,0,차대차 - 측면직각충돌,신호위반,건조,맑음,교차로 - 교차로안,화물,남,70세,상해없음,승용,남,48세,경상
2012042300100149,2012년 4월 23일 09시,월요일,전라남도 곡성군 삼기면,경상사고,0,0,1,0,차대차 - 측면직각충돌,교차로운행방법위반,건조,맑음,교차로 - 교차로안,승용,여,26세,상해없음,원동기,여,61세,경상
2012042300100150,2012년 4월 23일 09시,월요일,전라남도 무안군 삼향읍,중상사고,0,1,3,0,차대차 - 기타,신호위반,건조,맑음,교차로 - 교차로안,승용,여,46세,경상,승용,여,31세,중상
2012042300100173,2012년 4월 23일 10시,월요일,전라남도 여수시 광무동,경상사고,0,0,1,0,차대차 - 추돌 - 주정차중,기타,건조,맑음,단일로 - 기타,승용,남,56세,상해없음,승용,남,26세,상해없음
2012042300100194,2012년 4월 23일 11시,월요일,전라남도 여수시 국동,중상사고,0,1,0,0,차대사람 - 길가장자리구역통행중,안전운전불이행,건조,맑음,단일로 - 기타,건설기계,남,47세,상해없음,보행자,남,68세,중상
2012042300100195,2012년 4월 23일 11시,월요일,전라남도 순천시 동외동,경상사고,0,0,1,0,차대차 - 측면직각충돌,안전운전불이행,건조,맑음,단일로 - 기타,원동기,여,56세,경상,승용,남,50세,상해없음
2012042300100211,2012년 4월 23일 12시,월요일,전라남도 여수시 학동,중상사고,0,1,0,0,차대차 - 측면직각충돌,안전거리미확보,건조,맑음,교차로 - 교차로안,승용,남,54세,상해없음,승용,남,42세,상해없음
2012042300100212,2012년 4월 23일 12시,월요일,전라남도 보성군 복내면,중상사고,0,1,0,0,차대차 - 측면직각충돌,안전운전불이행,건조,맑음,단일로 - 기타,화물,남,49세,상해없음,이륜,남,89세,중상
2012042300100280,2012년 4월 23일 14시,월요일,전라남도 화순군 능주면,중상사고,0,3,6,0,차대차 - 추돌 - 주정차중,안전운전불이행,건조,맑음,단일로 - 기타,승합,남,33세,경상,승용,여,38세,경상
2012042300100316,2012년 4월 23일 15시,월요일,전라남도 여수시 율촌면,경상사고,0,0,1,0,차대차 - 기타,기타,건조,맑음,단일로 - 기타,화물,남,41세,기타불명,이륜,남,82세,경상
2012042300100317,2012년 4월 23일 15시,월요일,전라남도 순천시 해룡면,경상사고,0,0,1,0,차대차 - 기타,안전거리미확보,건조,맑음,단일로 - 기타,승용,남,43세,상해없음,승용,남,30세,상해없음
2012042300100348,2012년 4월 23일 16시,월요일,전라남도 목포시 옥암동,경상사고,0,0,1,0,차대차 - 기타,안전운전불이행,건조,맑음,교차로 - 교차로안,승용,남,44세,상해없음,자전거,여,20세,경상
2012042300100349,2012년 4월 23일 16시,월요일,전라남도 장성군 장성읍,경상사고,0,0,7,0,차대차 - 기타,안전거리미확보,건조,맑음,단일로 - 기타,화물,남,62세,상해없음,화물,남,65세,상해없음
2012042300100386,2012년 4월 23일 17시,월요일,전라남도 함평군 대동면,경상사고,0,0,1,0,차대차 - 측면직각충돌,신호위반,건조,맑음,교차로 - 교차로안,승용,남,60세,상해없음,승용,여,44세,경상
2012042300100427,2012년 4월 23일 18시,월요일,전라남도 목포시 용해동,경상사고,0,0,1,0,차대사람 - 기타,안전운전불이행,건조,맑음,단일로 - 기타,승용,남,48세,상해없음,보행자,여,23세,경상
2012042300100428,2012년 4월 23일 18시,월요일,전라남도 순천시 해룡면,경상사고,0,0,1,0,차량단독 - 공작물충돌,안전운전불이행,건조,맑음,교차로 - 교차로부근,승용,남,20세,경상,,,,
2012042300100458,2012년 4월 23일 19시,월요일,전라남도 무안군 삼향읍,경상사고,0,0,1,0,차대차 - 기타,신호위반,건조,맑음,교차로 - 교차로안,승용,여,45세,상해없음,화물,여,61세,경상
2012042300100492,2012년 4월 23일 20시,월요일,전라남도 여수시 광무동,경상사고,0,0,1,0,차대차 - 기타,중앙선침범,건조,맑음,단일로 - 기타,화물,남,38세,상해없음,승합,남,61세,경상
2012042300100596,2012년 4월 23일 23시,월요일,전라남도 여수시 여천동,경상사고,0,0,4,0,차대차 - 추돌 - 주정차중,안전운전불이행,건조,맑음,단일로 - 기타,승용,남,35세,상해없음,승합,여,37세,경상
2012042300100597,2012년 4월 23일 23시,월요일,전라남도 순천시 해룡면,중상사고,0,1,0,0,차대차 - 기타,신호위반,건조,맑음,교차로 - 교차로안,승용,남,29세,상해없음,승용,남,43세,중상
2012042300100598,2012년 4월 23일 23시,월요일,전라남도 강진군 강진읍,경상사고,0,0,1,0,차대사람 - 기타,안전운전불이행,건조,맑음,단일로 - 기타,승용,남,36세,상해없음,보행자,남,29세,경상
2012042300100599,2012년 4월 23일 23시,월요일,전라남도 광양시 광양읍,경상사고,0,0,1,0,차량단독 - 공작물충돌,안전운전불이행,건조,맑음,단일로 - 기타,승용,남,29세,경상,,,,
2012042400100013,2012년 4월 24일 00시,화요일,전라남도 화순군 화순읍,중상사고,0,1,0,0,차대사람 - 기타,안전운전불이행,건조,맑음,단일로 - 기타,기타불명,기타불명,기타불명,기타불명,보행자,여,47세,중상
2012042400100044,2012년 4월 24일 03시,화요일,전라남도 순천시 조례동,중상사고,0,1,0,0,차대차 - 기타,안전운전불이행,건조,맑음,교차로 - 교차로안,승용,남,25세,상해없음,승용,남,54세,중상
2012042400100050,2012년 4월 24일 04시,화요일,전라남도 광양시 중동,중상사고,0,2,0,0,차대차 - 측면직각충돌,안전운전불이행,건조,맑음,교차로 - 교차로안,승용,남,31세,중상,특수,미분류,기타불명,기타불명
2012042400100072,2012년 4월 24일 06시,화요일,전라남도 목포시 상동,사망사고,1,0,0,0,차대사람 - 횡단중,안전운전불이행,건조,맑음,단일로 - 기타,승용,남,31세,상해없음,보행자,여,72세,사망
2012042400100073,2012년 4월 24일 06시,화요일,전라남도 광양시 중동,경상사고,0,0,1,0,차대차 - 측면직각충돌,안전운전불이행,건조,맑음,교차로 - 교차로부근,승합,남,56세,상해없음,승용,남,25세,경상
2012042400100097,2012년 4월 24일 07시,화요일,전라남도 장흥군 장흥읍,중상사고,0,1,0,0,차대차 - 기타,안전운전불이행,습기,흐림,교차로 - 교차로부근,승용,여,30세,상해없음,원동기,남,76세,중상
2012042400100098,2012년 4월 24일 07시,화요일,전라남도 보성군 득량면,경상사고,0,0,1,0,차대차 - 측면직각충돌,안전운전불이행,건조,맑음,교차로 - 교차로안,화물,남,62세,경상,화물,남,52세,상해없음
2012042400100136,2012년 4월 24일 08시,화요일,전라남도 목포시 해안동1가,중상사고,0,1,0,0,차대차 - 기타,교차로운행방법위반,건조,맑음,교차로 - 교차로안,승용,남,41세,상해없음,이륜,남,16세,중상
2012042400100137,2012년 4월 24일 08시,화요일,전라남도 무안군 무안읍,경상사고,0,0,5,0,차대차 - 기타,직진우회전진행방해,건조,맑음,교차로 - 교차로안,승용,여,30세,경상,승용,여,28세,경상
2012042400100211,2012년 4월 24일 11시,화요일,전라남도 순천시 조례동,중상사고,0,1,0,0,차대차 - 측면직각충돌,안전운전불이행,건조,맑음,교차로 - 교차로부근,승용,여,44세,상해없음,자전거,남,66세,중상
2012042400100212,2012년 4월 24일 11시,화요일,전라남도 담양군 용면,경상사고,0,0,3,0,차대차 - 기타,직진우회전진행방해,건조,맑음,교차로 - 교차로안,승용,여,39세,경상,화물,남,51세,경상
2012042400100242,2012년 4월 24일 12시,화요일,전라남도 담양군 담양읍,부상신고사고,0,0,0,1,차대차 - 측면직각충돌,중앙선침범,건조,맑음,단일로 - 기타,원동기,남,76세,부상신고,승용,여,45세,상해없음
2012042400100243,2012년 4월 24일 12시,화요일,전라남도 무안군 현경면,중상사고,0,1,2,0,차대차 - 측면직각충돌,직진우회전진행방해,건조,맑음,교차로 - 교차로안,농기계,남,77세,중상,승용,남,66세,경상
2012042400100271,2012년 4월 24일 13시,화요일,전라남도 신안군 지도읍,중상사고,0,2,0,0,차대차 - 측면직각충돌,안전운전불이행,건조,맑음,교차로 - 교차로안,원동기,남,52세,중상,원동기,남,47세,중상
2012042400100296,2012년 4월 24일 14시,화요일,전라남도 목포시 상동,경상사고,0,0,1,0,차대차 - 측면직각충돌,안전운전불이행,건조,맑음,단일로 - 기타,승용,여,38세,상해없음,자전거,남,67세,경상
2012042400100297,2012년 4월 24일 14시,화요일,전라남도 강진군 성전면,경상사고,0,0,1,0,차대차 - 측면직각충돌,직진우회전진행방해,건조,맑음,교차로 - 교차로안,승용,남,33세,상해없음,화물,남,55세,경상
2012042400100335,2012년 4월 24일 15시,화요일,전라남도 목포시 대양동,경상사고,0,0,2,0,차대차 - 추돌 - 진행중,안전운전불이행,건조,맑음,단일로 - 기타,승용,남,41세,경상,화물,남,32세,경상
2012042400100336,2012년 4월 24일 15시,화요일,전라남도 함평군 함평읍,중상사고,0,1,0,0,차대차 - 측면직각충돌,직진우회전진행방해,건조,맑음,교차로 - 교차로안,승용,남,50세,상해없음,이륜,남,62세,중상
2012042400100376,2012년 4월 24일 16시,화요일,전라남도 목포시 옥암동,경상사고,0,0,1,0,차대차 - 측면직각충돌,기타,건조,맑음,교차로 - 교차로부근,기타불명,기타불명,기타불명,기타불명,자전거,남,10세,경상
2012042400100377,2012년 4월 24일 16시,화요일,전라남도 화순군 화순읍,경상사고,0,0,1,0,차대차 - 측면직각충돌,교차로운행방법위반,건조,맑음,교차로 - 교차로안,승용,여,65세,경상,화물,남,49세,상해없음
2012042400100412,2012년 4월 24일 17시,화요일,전라남도 목포시 용해동,경상사고,0,0,3,0,차대차 - 측면직각충돌,신호위반,건조,맑음,교차로 - 교차로안,승합,남,22세,경상,승용,여,48세,경상
2012042400100413,2012년 4월 24일 17시,화요일,전라남도 영암군 군서면,경상사고,0,0,2,0,차대차 - 측면직각충돌,신호위반,건조,맑음,교차로 - 교차로안,승용,남,29세,상해없음,화물,남,34세,경상
2012042400100462,2012년 4월 24일 18시,화요일,전라남도 광양시 광양읍,중상사고,0,1,1,0,차대차 - 측면직각충돌,교차로운행방법위반,건조,맑음,교차로 - 교차로부근,승용,남,62세,상해없음,이륜,남,24세,중상
2012042400100463,2012년 4월 24일 18시,화요일,전라남도 광양시 광양읍,부상신고사고,0,0,0,1,차대차 - 측면직각충돌,직진우회전진행방해,건조,흐림,교차로 - 교차로안,승용,남,36세,상해없음,원동기,남,47세,부상신고
2012042400100502,2012년 4월 24일 19시,화요일,전라남도 목포시 옥암동,경상사고,0,0,2,0,차대차 - 측면직각충돌,교차로운행방법위반,건조,맑음,교차로 - 교차로안,승용,남,27세,경상,승용,남,43세,경상
2012042400100530,2012년 4월 24일 20시,화요일,전라남도 함평군 나산면,중상사고,0,1,0,0,차대사람 - 길가장자리구역통행중,안전운전불이행,건조,맑음,단일로 - 기타,이륜,남,60세,상해없음,보행자,여,63세,중상
2012042400100569,2012년 4월 24일 21시,화요일,전라남도 목포시 호남동,경상사고,0,0,2,0,차대차 - 기타,기타,건조,맑음,단일로 - 기타,기타불명,기타불명,기타불명,기타불명,승용,남,53세,경상
2012042400100570,2012년 4월 24일 21시,화요일,전라남도 순천시 동외동,중상사고,0,1,3,0,차대차 - 추돌 - 주정차중,안전운전불이행,건조,맑음,단일로 - 기타,승용,남,58세,경상,승용,남,30세,경상
2012042400100571,2012년 4월 24일 21시,화요일,전라남도 강진군 강진읍,중상사고,0,1,0,0,차량단독 - 공작물충돌,기타,건조,맑음,단일로 - 기타,승합,남,36세,중상,,,,
2012042400100572,2012년 4월 24일 21시,화요일,전라남도 담양군 담양읍,중상사고,0,1,0,0,차대사람 - 기타,안전운전불이행,건조,흐림,단일로 - 기타,승용,남,27세,상해없음,보행자,남,42세,중상
2012042400100610,2012년 4월 24일 22시,화요일,전라남도 영암군 영암읍,경상사고,0,0,2,0,차량단독 - 공작물충돌,안전운전불이행,건조,맑음,단일로 - 기타,승용,남,28세,경상,,,,
2012042400100611,2012년 4월 24일 22시,화요일,전라남도 진도군 진도읍,경상사고,0,0,1,0,차대차 - 추돌 - 진행중,안전운전불이행,건조,맑음,단일로 - 기타,화물,남,40세,상해없음,승용,남,52세,경상
2012042500100027,2012년 4월 25일 00시,수요일,전라남도 나주시 산포면,부상신고사고,0,0,0,1,차대차 - 추돌 - 주정차중,안전운전불이행,건조,맑음,단일로 - 기타,승용,남,38세,부상신고,승용,여,58세,상해없음
2012042500100066,2012년 4월 25일 03시,수요일,전라남도 여수시 학동,중상사고,0,1,0,0,차대사람 - 기타,안전운전불이행,건조,맑음,교차로 - 교차로안,승용,남,36세,상해없음,보행자,여,30세,중상
2012042500100102,2012년 4월 25일 07시,수요일,전라남도 영암군 삼호읍,중상사고,0,1,4,0,차대차 - 추돌 - 진행중,안전운전불이행,습기,비,단일로 - 기타,승용,남,41세,상해없음,승용,남,60세,경상
2012042500100178,2012년 4월 25일 09시,수요일,전라남도 목포시 석현동,중상사고,0,1,2,0,차대차 - 기타,안전운전불이행,습기,비,교차로 - 교차로부근,승용,남,26세,중상,승합,남,37세,경상
2012042500100202,2012년 4월 25일 10시,수요일,전라남도 보성군 벌교읍,중상사고,0,1,0,0,차량단독 - 도로외이탈 - 추락,안전운전불이행,습기,비,단일로 - 기타,특수,남,32세,중상,,,,
2012042500100221,2012년 4월 25일 11시,수요일,전라남도 구례군 용방면,부상신고사고,0,0,0,1,차량단독 - 공작물충돌,안전운전불이행,습기,비,단일로 - 교량,승용,남,57세,부상신고,,,,
2012042500100245,2012년 4월 25일 12시,수요일,전라남도 나주시 왕곡면,경상사고,0,0,2,0,차량단독 - 전도전복,안전운전불이행,습기,비,단일로 - 기타,승용,남,30세,경상,,,,
2012042500100246,2012년 4월 25일 12시,수요일,전라남도 고흥군 고흥읍,경상사고,0,0,2,0,차량단독 - 전도전복,안전운전불이행,습기,비,단일로 - 기타,승용,남,57세,경상,,,,
2012042500100300,2012년 4월 25일 14시,수요일,전라남도 장성군 남면,부상신고사고,0,0,0,1,차량단독 - 공작물충돌,안전운전불이행,습기,비,단일로 - 기타,화물,남,40세,부상신고,,,,
2012042500100370,2012년 4월 25일 16시,수요일,전라남도 나주시 이창동,중상사고,0,1,0,0,차대사람 - 횡단중,안전운전불이행,건조,흐림,교차로 - 교차로안,화물,남,37세,상해없음,보행자,여,74세,중상
2012042500100371,2012년 4월 25일 16시,수요일,전라남도 함평군 신광면,경상사고,0,0,1,0,차대차 - 정면충돌,중앙선침범,습기,비,단일로 - 기타,화물,남,24세,상해없음,화물,남,42세,경상
2012042500100400,2012년 4월 25일 17시,수요일,전라남도 함평군 함평읍,경상사고,0,0,1,0,차대사람 - 횡단중,안전운전불이행,습기,비,단일로 - 기타,화물,남,31세,상해없음,보행자,여,9세,경상
2012042500100443,2012년 4월 25일 18시,수요일,전라남도 순천시 서면,경상사고,0,0,1,0,차대차 - 측면직각충돌,안전운전불이행,건조,맑음,교차로 - 교차로안,승용,남,59세,상해없음,승용,여,34세,경상
2012042500100480,2012년 4월 25일 19시,수요일,전라남도 여수시 화양면,경상사고,0,0,2,0,차대차 - 기타,안전운전불이행,건조,맑음,단일로 - 기타,승용,남,36세,상해없음,승용,여,47세,경상
2012042500100481,2012년 4월 25일 19시,수요일,전라남도 여수시 봉강동,경상사고,0,0,1,0,차대사람 - 기타,안전운전불이행,습기,비,단일로 - 기타,기타불명,기타불명,기타불명,기타불명,보행자,남,60세,경상
2012042500100482,2012년 4월 25일 19시,수요일,전라남도 고흥군 도양읍,경상사고,0,0,1,0,차대차 - 측면직각충돌,안전운전불이행,습기,비,교차로 - 교차로안,화물,남,71세,상해없음,화물,여,65세,경상
2012042500100483,2012년 4월 25일 19시,수요일,전라남도 담양군 담양읍,중상사고,0,3,1,0,차대차 - 측면직각충돌,신호위반,습기,비,교차로 - 교차로안,화물,남,64세,경상,승용,남,68세,중상
2012042500100522,2012년 4월 25일 20시,수요일,전라남도 순천시 조례동,경상사고,0,0,1,0,차대차 - 측면직각충돌,교차로운행방법위반,건조,맑음,교차로 - 교차로안,승용,남,57세,상해없음,이륜,남,30세,경상
2012042500100523,2012년 4월 25일 20시,수요일,전라남도 나주시 대호동,경상사고,0,0,2,1,차대차 - 정면충돌,안전운전불이행,습기,비,교차로 - 교차로안,승용,남,66세,부상신고,승용,남,27세,경상
2012042500100524,2012년 4월 25일 20시,수요일,전라남도 보성군 보성읍,사망사고,1,0,0,0,차대사람 - 기타,안전운전불이행,습기,비,단일로 - 기타,승용,남,65세,상해없음,보행자,남,87세,사망
2012042500100525,2012년 4월 25일 20시,수요일,전라남도 영암군 삼호읍,경상사고,0,0,1,0,차대차 - 측면직각충돌,안전운전불이행,건조,맑음,단일로 - 기타,승용,남,62세,경상,화물,남,58세,상해없음
2012042500100587,2012년 4월 25일 21시,수요일,전라남도 순천시 연향동,중상사고,0,1,0,0,차대사람 - 횡단중,보행자보호의무위반,습기,흐림,교차로 - 교차로안,승용,남,46세,상해없음,보행자,남,40세,중상
2012042500100588,2012년 4월 25일 21시,수요일,전라남도 광양시 금호동,경상사고,0,0,2,2,차대차 - 추돌 - 주정차중,안전운전불이행,습기,비,교차로 - 교차로안,화물,남,45세,부상신고,승용,남,51세,경상
2012042500100628,2012년 4월 25일 22시,수요일,전라남도 순천시 덕월동,경상사고,0,0,1,0,차대사람 - 횡단중,안전운전불이행,건조,맑음,단일로 - 기타,승용,여,40세,상해없음,보행자,남,44세,경상