사고번호,사고일시,요일,시군구,사고내용,사망자수,중상자수,경상자수,부상신고자수,사고유형,법규위반,노면상태,기상상태,도로형태,가해운전자 차종,가해운전자 성별,가해운전자 연령,가해운전자 상해정도,피해운전자 차종,피해운전자 성별,피해운전자 연령,피해운전자 상해정도
2012042900100213,2012년 4월 29일 12시,일요일,전라남도 목포시 옥암동,경상사고,0,0,1,0,차대차 - 측면직각충돌,안전운전불이행,건조,맑음,단일로 - 기타,이륜,남,41세,상해없음,자전거,남,14세,경상
2012042900100238,2012년 4월 29일 13시,일요일,전라남도 여수시 여서동,경상사고,0,0,1,0,차대차 - 추돌 - 주정차중,안전운전불이행,건조,맑음,단일로 - 기타,승용,여,53세,상해없음,승용,남,37세,경상
2012042900100239,2012년 4월 29일 13시,일요일,전라남도 여수시 공화동,경상사고,0,0,2,0,차대차 - 추돌 - 주정차중,안전운전불이행,건조,맑음,단일로 - 기타,승용,여,51세,상해없음,승용,남,51세,상해없음
2012042900100240,2012년 4월 29일 13시,일요일,전라남도 고흥군 대서면,경상사고,0,0,1,1,차대차 - 기타,교차로운행방법위반,건조,맑음,교차로 - 교차로안,승합,여,46세,부상신고,승용,남,36세,경상
2012042900100288,2012년 4월 29일 15시,일요일,전라남도 나주시 중앙동,경상사고,0,0,1,0,차대사람 - 기타,직진우회전진행방해,건조,맑음,교차로 - 교차로안,승용,여,42세,상해없음,보행자,남,51세,경상
2012042900100289,2012년 4월 29일 15시,일요일,전라남도 광양시 다압면,경상사고,0,0,1,0,차대차 - 기타,중앙선침범,건조,맑음,단일로 - 기타,원동기,남,14세,상해없음,승용,남,38세,상해없음
2012042900100319,2012년 4월 29일 16시,일요일,전라남도 나주시 석현동,경상사고,0,0,2,0,차량단독 - 도로외이탈 - 기타,안전운전불이행,건조,맑음,단일로 - 기타,승용,여,69세,경상,,,,
2012042900100343,2012년 4월 29일 17시,일요일,전라남도 고흥군 고흥읍,경상사고,0,0,1,0,차대사람 - 기타,안전운전불이행,건조,맑음,단일로 - 기타,승합,남,62세,상해없음,보행자,남,48세,경상
2012042900100344,2012년 4월 29일 17시,일요일,전라남도 장성군 북이면,경상사고,0,0,5,0,차대차 - 측면직각충돌,안전운전불이행,건조,맑음,단일로 - 기타,승합,남,51세,상해없음,승용,남,48세,경상
2012042900100407,2012년 4월 29일 19시,일요일,전라남도 목포시 산정동,경상사고,0,0,3,0,차대차 - 추돌 - 진행중,안전운전불이행,건조,맑음,교차로 - 교차로부근,화물,남,55세,상해없음,승용,남,61세,경상
2012042900100408,2012년 4월 29일 19시,일요일,전라남도 무안군 현경면,경상사고,0,0,3,0,차대차 - 추돌 - 진행중,안전거리미확보,건조,맑음,단일로 - 기타,승용,여,52세,경상,승용,남,75세,경상
2012042900100445,2012년 4월 29일 20시,일요일,전라남도 여수시 여서동,중상사고,0,1,0,0,차대사람 - 횡단중,안전운전불이행,건조,맑음,단일로 - 기타,승용,여,31세,상해없음,보행자,여,80세,중상
2012042900100446,2012년 4월 29일 20시,일요일,전라남도 나주시 송월동,경상사고,0,0,1,0,차량단독 - 기타,안전운전불이행,건조,맑음,단일로 - 기타,이륜,남,52세,경상,,,,
2012042900100476,2012년 4월 29일 21시,일요일,전라남도 순천시 주암면,경상사고,0,0,2,0,차대차 - 측면직각충돌,안전운전불이행,건조,맑음,단일로 - 기타,승용,남,58세,기타불명,승용,여,35세,경상
2012042900100502,2012년 4월 29일 22시,일요일,전라남도 여수시 봉산동,경상사고,0,0,2,0,차대차 - 기타,안전운전불이행,건조,맑음,단일로 - 기타,승용,남,50세,상해없음,승용,남,24세,경상
2012043000100069,2012년 4월 30일 06시,월요일,전라남도 순천시 풍덕동,경상사고,0,0,1,0,차대차 - 측면직각충돌,직진우회전진행방해,건조,맑음,교차로 - 교차로안,승용,남,53세,상해없음,승용,남,47세,경상
2012043000100070,2012년 4월 30일 06시,월요일,전라남도 나주시 금천면,경상사고,0,0,1,0,차량단독 - 공작물충돌,안전운전불이행,건조,맑음,단일로 - 기타,승용,남,56세,경상,,,,
2012043000100095,2012년 4월 30일 07시,월요일,전라남도 목포시 옥암동,중상사고,0,1,0,1,차대차 - 기타,안전운전불이행,건조,맑음,단일로 - 기타,승용,여,48세,부상신고,자전거,남,16세,중상
2012043000100129,2012년 4월 30일 08시,월요일,전라남도 순천시 조례동,경상사고,0,0,1,0,차대차 - 추돌 - 진행중,안전운전불이행,건조,맑음,교차로 - 교차로안,승합,남,50세,상해없음,이륜,남,56세,경상
2012043000100130,2012년 4월 30일 08시,월요일,전라남도 나주시 다도면,중상사고,0,2,0,0,차대차 - 측면직각충돌,직진우회전진행방해,건조,맑음,교차로 - 교차로안,화물,남,59세,중상,원동기,남,72세,중상
2012043000100131,2012년 4월 30일 08시,월요일,전라남도 고흥군 도화면,중상사고,0,1,1,0,차대차 - 기타,직진우회전진행방해,건조,맑음,교차로 - 교차로안,화물,남,69세,상해없음,승용,남,54세,상해없음
2012043000100198,2012년 4월 30일 10시,월요일,전라남도 신안군 비금면,중상사고,0,1,0,0,차량단독 - 전도전복,안전운전불이행,건조,맑음,단일로 - 기타,화물,남,50세,중상,,,,
2012043000100199,2012년 4월 30일 10시,월요일,전라남도 나주시 영산동,경상사고,0,0,4,0,차대차 - 측면직각충돌,신호위반,건조,맑음,교차로 - 교차로안,승용,여,39세,상해없음,승용,남,64세,경상
2012043000100200,2012년 4월 30일 10시,월요일,전라남도 완도군 청산면,경상사고,0,0,5,0,차대차 - 기타,중앙선침범,건조,맑음,단일로 - 기타,화물,남,46세,상해없음,승용,여,22세,경상
2012043000100230,2012년 4월 30일 11시,월요일,전라남도 목포시 연산동,중상사고,0,1,0,0,차대차 - 기타,안전거리미확보,건조,맑음,단일로 - 기타,화물,남,28세,상해없음,승합,남,30세,상해없음
2012043000100268,2012년 4월 30일 12시,월요일,전라남도 신안군 압해읍,중상사고,0,1,0,0,차대차 - 기타,직진우회전진행방해,건조,맑음,교차로 - 교차로안,이륜,남,26세,중상,화물,남,64세,상해없음
2012043000100269,2012년 4월 30일 12시,월요일,전라남도 순천시 행동,경상사고,0,0,1,0,차대사람 - 길가장자리구역통행중,안전운전불이행,건조,맑음,단일로 - 기타,승용,여,44세,상해없음,보행자,남,39세,경상
2012043000100270,2012년 4월 30일 12시,월요일,전라남도 나주시 송월동,경상사고,0,0,1,0,차대차 - 측면직각충돌,안전운전불이행,건조,맑음,단일로 - 기타,승용,남,64세,상해없음,원동기,남,75세,경상
2012043000100316,2012년 4월 30일 13시,월요일,전라남도 고흥군 과역면,중상사고,0,1,0,0,차대차 - 측면직각충돌,중앙선침범,건조,맑음,단일로 - 기타,승용,남,52세,상해없음,화물,남,69세,중상
2012043000100317,2012년 4월 30일 13시,월요일,전라남도 해남군 해남읍,중상사고,0,1,1,0,차대차 - 기타,교차로운행방법위반,건조,맑음,교차로 - 교차로안,이륜,남,83세,경상,승용,남,25세,상해없음
2012043000100343,2012년 4월 30일 14시,월요일,전라남도 영광군 영광읍,경상사고,0,0,1,0,차대차 - 기타,직진우회전진행방해,건조,맑음,교차로 - 교차로안,화물,남,28세,상해없음,승용,여,46세,경상
2012043000100344,2012년 4월 30일 14시,월요일,전라남도 장성군 장성읍,중상사고,0,1,1,0,차대차 - 측면직각충돌,교차로운행방법위반,건조,맑음,교차로 - 교차로안,승용,남,39세,중상,승용,여,43세,경상
2012043000100381,2012년 4월 30일 15시,월요일,전라남도 보성군 보성읍,사망사고,1,0,0,0,차대차 - 측면직각충돌,교차로운행방법위반,건조,흐림,교차로 - 교차로안,승용,여,35세,상해없음,원동기,남,72세,사망
2012043000100382,2012년 4월 30일 15시,월요일,전라남도 장성군 남면,경상사고,0,0,3,0,차대차 - 추돌 - 주정차중,안전운전불이행,건조,맑음,교차로 - 교차로부근,화물,남,44세,상해없음,화물,여,48세,경상
2012043000100424,2012년 4월 30일 16시,월요일,전라남도 여수시 학동,경상사고,0,0,1,0,차대차 - 기타,안전운전불이행,건조,맑음,교차로 - 교차로안,승용,남,23세,상해없음,이륜,남,16세,경상
2012043000100425,2012년 4월 30일 16시,월요일,전라남도 함평군 학교면,부상신고사고,0,0,0,1,차대차 - 추돌 - 진행중,안전운전불이행,건조,맑음,교차로 - 교차로부근,이륜,남,79세,부상신고,승용,남,41세,상해없음
2012043000100426,2012년 4월 30일 16시,월요일,전라남도 강진군 칠량면,중상사고,0,1,1,0,차량단독 - 전도전복,안전운전불이행,건조,맑음,단일로 - 기타,화물,여,58세,경상,,,,
2012043000100473,2012년 4월 30일 17시,월요일,전라남도 목포시 석현동,경상사고,0,0,1,0,차대차 - 측면직각충돌,교차로운행방법위반,건조,맑음,교차로 - 교차로안,승합,남,59세,상해없음,승용,남,39세,경상
2012043000100474,2012년 4월 30일 17시,월요일,전라남도 목포시 상동,중상사고,0,1,0,0,차대사람 - 횡단중,안전운전불이행,건조,맑음,기타 - 기타,승용,남,49세,상해없음,보행자,여,10세,중상
2012043000100475,2012년 4월 30일 17시,월요일,전라남도 광양시 진상면,사망사고,1,0,0,0,차대차 - 기타,과속,건조,맑음,교차로 - 교차로안,승용,남,37세,기타불명,이륜,여,69세,사망
2012043000100536,2012년 4월 30일 18시,월요일,전라남도 목포시 옥암동,경상사고,0,0,4,0,차대차 - 추돌 - 진행중,안전운전불이행,건조,맑음,교차로 - 교차로부근,승용,남,52세,상해없음,승용,여,38세,경상
2012043000100537,2012년 4월 30일 18시,월요일,전라남도 장성군 황룡면,경상사고,0,0,1,0,차대차 - 측면직각충돌,교차로운행방법위반,건조,맑음,교차로 - 교차로안,승용,남,46세,기타불명,자전거,남,7세,경상
2012043000100577,2012년 4월 30일 19시,월요일,전라남도 순천시 가곡동,중상사고,0,2,0,0,차대차 - 측면직각충돌,신호위반,건조,맑음,교차로 - 교차로안,승용,여,49세,상해없음,승용,남,55세,중상
2012043000100578,2012년 4월 30일 19시,월요일,전라남도 무안군 삼향읍,경상사고,0,0,2,0,차대사람 - 기타,안전운전불이행,건조,맑음,단일로 - 기타,원동기,남,19세,상해없음,보행자,여,67세,경상
2012043000100626,2012년 4월 30일 20시,월요일,전라남도 여수시 문수동,중상사고,0,1,1,0,차대사람 - 횡단중,안전운전불이행,건조,맑음,단일로 - 기타,승용,남,31세,상해없음,보행자,남,43세,중상
2012043000100627,2012년 4월 30일 20시,월요일,전라남도 여수시 여서동,경상사고,0,0,1,0,차대사람 - 기타,안전운전불이행,건조,맑음,교차로 - 교차로부근,승용,남,54세,상해없음,보행자,남,46세,경상
2012043000100628,2012년 4월 30일 20시,월요일,전라남도 순천시 풍덕동,경상사고,0,0,1,0,차대차 - 기타,안전운전불이행,건조,맑음,단일로 - 기타,승용,남,41세,상해없음,승용,남,36세,상해없음
2012043000100629,2012년 4월 30일 20시,월요일,전라남도 영암군 미암면,중상사고,0,1,0,0,차대사람 - 길가장자리구역통행중,안전운전불이행,건조,맑음,기타 - 기타,기타불명,기타불명,기타불명,기타불명,보행자,여,50세,중상
2012043000100630,2012년 4월 30일 20시,월요일,전라남도 무안군 청계면,경상사고,0,0,1,0,차량단독 - 전도전복,안전운전불이행,건조,맑음,단일로 - 기타,화물,남,53세,경상,,,,
2012043000100674,2012년 4월 30일 21시,월요일,전라남도 여수시 국동,경상사고,0,0,1,0,차대차 - 기타,안전거리미확보,건조,맑음,교차로 - 교차로부근,승용,남,30세,상해없음,승용,여,43세,경상
2012043000100675,2012년 4월 30일 21시,월요일,전라남도 순천시 장천동,중상사고,0,1,0,0,차대사람 - 기타,안전운전불이행,건조,맑음,단일로 - 교량,화물,남,51세,상해없음,보행자,남,72세,중상
2012043000100676,2012년 4월 30일 21시,월요일,전라남도 고흥군 도양읍,중상사고,0,2,0,0,차대차 - 측면직각충돌,교차로운행방법위반,건조,맑음,교차로 - 교차로안,화물,남,57세,중상,화물,남,32세,중상
2012043000100677,2012년 4월 30일 21시,월요일,전라남도 무안군 운남면,중상사고,0,1,0,0,차대차 - 추돌 - 진행중,안전운전불이행,건조,맑음,교차로 - 교차로부근,승용,남,55세,상해없음,이륜,남,47세,중상
2012043000100705,2012년 4월 30일 22시,월요일,전라남도 해남군 해남읍,사망사고,1,0,0,0,차대차 - 추돌 - 진행중,안전운전불이행,건조,맑음,단일로 - 기타,승용,남,24세,상해없음,농기계,남,50세,사망
2012043000100741,2012년 4월 30일 23시,월요일,전라남도 목포시 연산동,중상사고,0,1,0,0,차대사람 - 횡단중,안전운전불이행,건조,맑음,단일로 - 횡단보도상,승용,남,30세,상해없음,보행자,남,19세,중상
2012043000100742,2012년 4월 30일 23시,월요일,전라남도 목포시 산정동,중상사고,0,1,0,0,차대사람 - 기타,안전운전불이행,건조,맑음,단일로 - 기타,승용,남,20세,상해없음,보행자,여,48세,중상
2012050100100046,2012년 5월 1일 01시,화요일,전라남도 순천시 조례동,경상사고,0,0,1,0,차대차 - 측면직각충돌,안전운전불이행,건조,맑음,단일로 - 기타,승용,남,36세,상해없음,승용,남,54세,경상
2012050100100072,2012년 5월 1일 02시,화요일,전라남도 여수시 학동,경상사고,0,0,1,0,차대사람 - 기타,신호위반,건조,맑음,단일로 - 기타,승용,여,47세,상해없음,보행자,남,31세,경상
2012050100100096,2012년 5월 1일 04시,화요일,전라남도 목포시 대안동,경상사고,0,0,1,0,차대차 - 측면직각충돌,신호위반,건조,맑음,교차로 - 교차로안,승용,남,25세,상해없음,승용,남,46세,경상
2012050100100097,2012년 5월 1일 04시,화요일,전라남도 여수시 봉산동,경상사고,0,0,1,0,차대차 - 추돌 - 주정차중,안전운전불이행,건조,맑음,단일로 - 기타,승용,남,35세,상해없음,승용,남,29세,경상
2012050100100144,2012년 5월 1일 07시,화요일,전라남도 순천시 송광면,경상사고,0,0,1,0,차량단독 - 도로외이탈 - 추락,안전운전불이행,건조,맑음,단일로 - 기타,원동기,남,62세,경상,,,,
2012050100100145,2012년 5월 1일 07시,화요일,전라남도 보성군 복내면,중상사고,0,2,4,0,차대차 - 측면직각충돌,교차로운행방법위반,건조,맑음,교차로 - 교차로안,승용,여,59세,경상,화물,남,40세,경상
2012050100100146,2012년 5월 1일 07시,화요일,전라남도 영광군 염산면,경상사고,0,0,1,0,차대차 - 측면직각충돌,직진우회전진행방해,건조,맑음,교차로 - 교차로안,승용,남,33세,상해없음,승용,여,42세,경상
2012050100100170,2012년 5월 1일 08시,화요일,전라남도 곡성군 곡성읍,경상사고,0,0,2,0,차대차 - 추돌 - 진행중,안전운전불이행,건조,맑음,단일로 - 기타,승용,여,27세,상해없음,승용,남,45세,경상
2012050100100203,2012년 5월 1일 09시,화요일,전라남도 영암군 시종면,중상사고,0,1,0,0,차대사람 - 기타,안전운전불이행,건조,맑음,단일로 - 기타,기타불명,기타불명,기타불명,기타불명,보행자,여,57세,중상
2012050100100229,2012년 5월 1일 10시,화요일,전라남도 여수시 광무동,경상사고,0,0,7,0,차대차 - 추돌 - 주정차중,보행자보호의무위반,건조,맑음,단일로 - 기타,승합,남,48세,상해없음,승용,남,46세,경상
2012050100100256,2012년 5월 1일 11시,화요일,전라남도 목포시 용당동,경상사고,0,0,1,0,차대차 - 측면직각충돌,차로위반,습기,비,단일로 - 기타,승용,남,53세,상해없음,승용,남,73세,경상
2012050100100290,2012년 5월 1일 12시,화요일,전라남도 여수시 율촌면,중상사고,0,1,0,0,차대사람 - 기타,안전운전불이행,건조,맑음,단일로 - 기타,승용,남,25세,상해없음,보행자,남,82세,중상
2012050100100352,2012년 5월 1일 14시,화요일,전라남도 무안군 현경면,경상사고,0,0,2,0,차대차 - 측면직각충돌,안전운전불이행,습기,비,교차로 - 교차로안,화물,남,51세,상해없음,승용,남,67세,경상
2012050100100353,2012년 5월 1일 14시,화요일,전라남도 무안군 무안읍,중상사고,0,1,0,0,차량단독 - 전도전복,안전운전불이행,습기,비,단일로 - 기타,이륜,남,18세,중상,,,,
2012050100100354,2012년 5월 1일 14시,화요일,전라남도 광양시 중동,부상신고사고,0,0,0,1,차대차 - 측면직각충돌,안전운전불이행,건조,맑음,단일로 - 기타,승용,남,55세,부상신고,승용,남,41세,상해없음
2012050100100400,2012년 5월 1일 15시,화요일,전라남도 광양시 봉강면,경상사고,0,0,3,0,차대차 - 추돌 - 진행중,안전운전불이행,습기,비,단일로 - 기타,화물,남,56세,상해없음,화물,남,58세,경상
2012050100100440,2012년 5월 1일 16시,화요일,전라남도 목포시 옥암동,경상사고,0,0,1,0,차대차 - 측면직각충돌,신호위반,습기,비,교차로 - 교차로안,이륜,남,45세,상해없음,승용,여,48세,상해없음
2012050100100441,2012년 5월 1일 16시,화요일,전라남도 여수시 신기동,경상사고,0,0,2,0,차대차 - 기타,안전운전불이행,습기,비,교차로 - 교차로부근,화물,남,41세,상해없음,승용,남,32세,경상
2012050100100442,2012년 5월 1일 16시,화요일,전라남도 순천시 연향동,경상사고,0,0,1,0,차대차 - 추돌 - 진행중,안전거리미확보,건조,맑음,교차로 - 교차로부근,승용,남,40세,상해없음,승용,여,34세,경상
2012050100100487,2012년 5월 1일 17시,화요일,전라남도 목포시 옥암동,중상사고,0,1,2,0,차대차 - 측면직각충돌,직진우회전진행방해,습기,비,교차로 - 교차로안,화물,남,43세,경상,승용,남,54세,경상
2012050100100488,2012년 5월 1일 17시,화요일,전라남도 목포시 용당동,경상사고,0,0,1,0,차대차 - 추돌 - 주정차중,안전운전불이행,습기,비,단일로 - 기타,승용,남,42세,상해없음,승용,남,24세,상해없음
2012050100100489,2012년 5월 1일 17시,화요일,전라남도 순천시 장천동,경상사고,0,0,1,0,차대사람 - 기타,안전운전불이행,건조,맑음,단일로 - 기타,승합,남,48세,상해없음,보행자,남,56세,경상
2012050100100490,2012년 5월 1일 17시,화요일,전라남도 고흥군 도양읍,경상사고,0,0,2,0,차대차 - 측면직각충돌,직진우회전진행방해,습기,비,교차로 - 교차로안,승용,남,41세,상해없음,승용,남,28세,경상
2012050100100524,2012년 5월 1일 18시,화요일,전라남도 목포시 산정동,경상사고,0,0,2,0,차대차 - 추돌 - 진행중,안전운전불이행,습기,비,단일로 - 기타,화물,여,52세,상해없음,승용,남,27세,경상
2012050100100525,2012년 5월 1일 18시,화요일,전라남도 순천시 조곡동,중상사고,0,3,0,0,차대차 - 측면직각충돌,신호위반,습기,비,교차로 - 교차로안,화물,남,56세,상해없음,승용,여,30세,중상
2012050100100526,2012년 5월 1일 18시,화요일,전라남도 순천시 조례동,경상사고,0,0,1,0,차대사람 - 횡단중,보행자보호의무위반,습기,비,단일로 - 횡단보도상,승용,남,47세,상해없음,보행자,여,17세,경상
2012050100100569,2012년 5월 1일 19시,화요일,전라남도 목포시 상동,경상사고,0,0,1,0,차대차 - 측면직각충돌,안전운전불이행,습기,비,단일로 - 기타,승용,남,27세,상해없음,승용,남,40세,경상
2012050100100570,2012년 5월 1일 19시,화요일,전라남도 순천시 조례동,경상사고,0,0,1,0,차대차 - 측면직각충돌,차로위반,습기,비,단일로 - 기타,승용,남,45세,상해없음,승용,남,26세,경상
2012050100100571,2012년 5월 1일 19시,화요일,전라남도 영광군 영광읍,경상사고,0,0,1,0,차대사람 - 길가장자리구역통행중,안전운전불이행,습기,비,단일로 - 기타,승용,남,20세,상해없음,보행자,남,46세,경상
2012050100100572,2012년 5월 1일 19시,화요일,전라남도 영암군 신북면,중상사고,0,1,0,0,차량단독 - 공작물충돌,안전운전불이행,습기,비,단일로 - 기타,승용,남,25세,중상,,,,
2012050100100573,2012년 5월 1일 19시,화요일,전라남도 광양시 중동,중상사고,0,1,0,0,차대사람 - 횡단중,보행자보호의무위반,습기,비,단일로 - 횡단보도상,승용,여,52세,상해없음,보행자,여,34세,중상
2012050100100620,2012년 5월 1일 20시,화요일,전라남도 여수시 화장동,경상사고,0,0,1,0,차대사람 - 횡단중,안전운전불이행,습기,비,단일로 - 횡단보도상,승용,남,38세,상해없음,보행자,남,10세,경상
2012050100100621,2012년 5월 1일 20시,화요일,전라남도 영암군 덕진면,경상사고,0,0,1,0,차대차 - 추돌 - 주정차중,안전운전불이행,습기,비,단일로 - 기타,승용,남,38세,경상,승용,남,63세,기타불명
2012050100100671,2012년 5월 1일 21시,화요일,전라남도 목포시 항동,경상사고,0,0,1,0,차대차 - 측면직각충돌,중앙선침범,건조,맑음,단일로 - 기타,승용,남,52세,상해없음,승용,여,35세,경상
2012050100100672,2012년 5월 1일 21시,화요일,전라남도 목포시 상동,경상사고,0,0,6,0,차대차 - 정면충돌,중앙선침범,습기,비,단일로 - 기타,승용,남,47세,상해없음,승용,남,57세,상해없음
2012050100100673,2012년 5월 1일 21시,화요일,전라남도 목포시 용당동,경상사고,0,0,1,0,차대사람 - 차도통행중,안전운전불이행,습기,비,단일로 - 기타,승용,남,30세,상해없음,보행자,남,51세,경상
2012050100100674,2012년 5월 1일 21시,화요일,전라남도 순천시 덕월동,경상사고,0,0,1,0,차대사람 - 보도통행중,보행자보호의무위반,습기,흐림,단일로 - 횡단보도상,승용,기타불명,기타불명,기타불명,보행자,여,16세,경상
2012050100100675,2012년 5월 1일 21시,화요일,전라남도 장흥군 장흥읍,부상신고사고,0,0,0,1,차대사람 - 횡단중,안전운전불이행,습기,비,교차로 - 교차로부근,기타불명,기타불명,기타불명,기타불명,보행자,남,37세,부상신고
2012050100100715,2012년 5월 1일 22시,화요일,전라남도 순천시 석현동,경상사고,0,0,1,0,차대차 - 추돌 - 진행중,안전운전불이행,습기,비,단일로 - 기타,승용,남,30세,상해없음,원동기,남,22세,경상
2012050100100716,2012년 5월 1일 22시,화요일,전라남도 담양군 남면,경상사고,0,0,1,0,차량단독 - 도로외이탈 - 기타,안전운전불이행,습기,비,교차로 - 교차로부근,승용,남,57세,상해없음,,,,
2012050100100749,2012년 5월 1일 23시,화요일,전라남도 여수시 봉산동,경상사고,0,0,2,0,차대차 - 측면직각충돌,중앙선침범,습기,비,단일로 - 기타,승용,남,56세,상해없음,승용,남,44세,경상
2012050100100750,2012년 5월 1일 23시,화요일,전라남도 담양군 담양읍,중상사고,0,1,0,0,차대차 - 측면직각충돌,안전운전불이행,습기,비,단일로 - 기타,승용,남,41세,상해없음,이륜,남,29세,중상
2012050200100021,2012년 5월 2일 00시,수요일,전라남도 순천시 장천동,중상사고,0,1,1,0,차대차 - 추돌 - 진행중,중앙선침범,습기,비,교차로 - 교차로부근,승용,여,33세,상해없음,승용,남,28세,중상
2012050200100096,2012년 5월 2일 06시,수요일,전라남도 여수시 소호동,경상사고,0,0,1,0,차대차 - 기타,안전운전불이행,건조,맑음,교차로 - 교차로부근,화물,남,29세,상해없음,자전거,남,39세,경상
2012050200100172,2012년 5월 2일 08시,수요일,전라남도 목포시 상동,경상사고,0,0,2,0,차대차 - 추돌 - 진행중,안전운전불이행,건조,맑음,단일로 - 터널,승용,여,46세,상해없음,승용,남,35세,경상
2012050200100173,2012년 5월 2일 08시,수요일,전라남도 목포시 용당동,경상사고,0,0,1,0,차대차 - 추돌 - 진행중,안전운전불이행,습기,맑음,단일로 - 기타,승합,남,51세,상해없음,승용,여,46세,경상
2012050200100174,2012년 5월 2일 08시,수요일,전라남도 여수시 돌산읍,경상사고,0,0,1,0,차대차 - 기타,안전운전불이행,건조,맑음,단일로 - 기타,승용,남,31세,상해없음,화물,남,43세,경상
2012050200100175,2012년 5월 2일 08시,수요일,전라남도 순천시 조례동,경상사고,0,0,1,0,차대차 - 추돌 - 진행중,안전운전불이행,건조,맑음,단일로 - 기타,승용,여,30세,상해없음,승용,여,44세,경상
2012050200100176,2012년 5월 2일 08시,수요일,전라남도 광양시 광양읍,경상사고,0,0,1,0,차대사람 - 횡단중,안전운전불이행,습기,맑음,교차로 - 교차로부근,승합,남,51세,상해없음,보행자,남,47세,경상
2012050200100222,2012년 5월 2일 09시,수요일,전라남도 순천시 생목동,경상사고,0,0,1,0,차대차 - 측면직각충돌,중앙선침범,건조,맑음,단일로 - 기타,이륜,남,65세,경상,승용,남,18세,상해없음
2012050200100223,2012년 5월 2일 09시,수요일,전라남도 무안군 청계면,중상사고,0,1,1,0,차대차 - 기타,안전운전불이행,건조,맑음,단일로 - 기타,승용,남,73세,경상,승용,남,22세,중상
2012050200100224,2012년 5월 2일 09시,수요일,전라남도 광양시 중동,경상사고,0,0,2,0,차대차 - 측면직각충돌,안전운전불이행,건조,맑음,기타 - 기타,승합,남,55세,상해없음,승합,남,48세,상해없음
2012050200100282,2012년 5월 2일 11시,수요일,전라남도 영암군 영암읍,사망사고,1,0,0,0,차대사람 - 횡단중,안전운전불이행,건조,맑음,단일로 - 기타,화물,남,69세,상해없음,보행자,여,80세,사망
2012050200100305,2012년 5월 2일 12시,수요일,전라남도 목포시 대성동,경상사고,0,0,1,0,차대사람 - 횡단중,기타,건조,맑음,교차로 - 교차로부근,기타불명,기타불명,기타불명,기타불명,보행자,여,41세,경상
2012050200100337,2012년 5월 2일 13시,수요일,전라남도 영광군 백수읍,부상신고사고,0,0,0,1,차대차 - 기타,안전운전불이행,건조,맑음,교차로 - 교차로안,이륜,여,65세,부상신고,승용,여,61세,상해없음
2012050200100338,2012년 5월 2일 13시,수요일,전라남도 광양시 중동,경상사고,0,0,1,1,차대차 - 측면직각충돌,직진우회전진행방해,건조,맑음,교차로 - 교차로안,승용,여,30세,경상,승용,여,45세,부상신고
2012050200100386,2012년 5월 2일 14시,수요일,전라남도 목포시 상동,경상사고,0,0,2,0,차대차 - 기타,안전운전불이행,건조,맑음,단일로 - 기타,승합,남,35세,상해없음,승용,남,28세,경상
2012050200100387,2012년 5월 2일 14시,수요일,전라남도 순천시 조곡동,중상사고,0,1,0,0,차대사람 - 횡단중,보행자보호의무위반,건조,맑음,단일로 - 횡단보도상,승용,남,59세,상해없음,보행자,여,95세,중상
2012050200100388,2012년 5월 2일 14시,수요일,전라남도 나주시 노안면,경상사고,0,0,1,0,차대차 - 추돌 - 진행중,안전운전불이행,건조,맑음,교차로 - 교차로안,승용,남,38세,상해없음,화물,남,49세,경상
2012050200100389,2012년 5월 2일 14시,수요일,전라남도 보성군 벌교읍,경상사고,0,0,3,0,차대차 - 측면직각충돌,안전운전불이행,건조,맑음,단일로 - 기타,화물,남,69세,경상,화물,남,63세,경상
2012050200100429,2012년 5월 2일 15시,수요일,전라남도 여수시 공화동,경상사고,0,0,1,0,차대차 - 추돌 - 진행중,안전운전불이행,건조,맑음,교차로 - 교차로안,승용,여,44세,상해없음,승용,여,48세,경상
2012050200100430,2012년 5월 2일 15시,수요일,전라남도 해남군 송지면,경상사고,0,0,1,0,차대사람 - 길가장자리구역통행중,안전운전불이행,건조,맑음,단일로 - 기타,승용,남,72세,상해없음,보행자,남,14세,경상
2012050200100468,2012년 5월 2일 16시,수요일,전라남도 목포시 산정동,경상사고,0,0,1,0,차대차 - 측면직각충돌,안전운전불이행,건조,맑음,교차로 - 교차로부근,이륜,남,16세,경상,승용,남,49세,상해없음
2012050200100497,2012년 5월 2일 17시,수요일,전라남도 순천시 풍덕동,경상사고,0,0,1,0,차대차 - 측면직각충돌,교차로운행방법위반,건조,맑음,교차로 - 교차로안,승합,남,57세,상해없음,자전거,남,72세,경상
2012050200100536,2012년 5월 2일 18시,수요일,전라남도 여수시 둔덕동,중상사고,0,1,0,0,차대차 - 기타,안전운전불이행,건조,맑음,교차로 - 교차로안,승용,남,50세,상해없음,이륜,남,53세,중상
2012050200100537,2012년 5월 2일 18시,수요일,전라남도 화순군 화순읍,중상사고,0,1,0,0,차대사람 - 기타,보행자보호의무위반,건조,맑음,단일로 - 기타,화물,남,51세,상해없음,보행자,여,34세,중상
2012050200100538,2012년 5월 2일 18시,수요일,전라남도 광양시 광양읍,부상신고사고,0,0,0,1,차대사람 - 기타,안전운전불이행,건조,맑음,단일로 - 기타,화물,남,63세,상해없음,보행자,남,69세,부상신고