사고번호,사고일시,요일,시군구,사고내용,사망자수,중상자수,경상자수,부상신고자수,사고유형,법규위반,노면상태,기상상태,도로형태,가해운전자 차종,가해운전자 성별,가해운전자 연령,가해운전자 상해정도,피해운전자 차종,피해운전자 성별,피해운전자 연령,피해운전자 상해정도
2012050200100578,2012년 5월 2일 19시,수요일,전라남도 나주시 용산동,경상사고,0,0,3,0,차대차 - 측면직각충돌,안전거리미확보,건조,맑음,단일로 - 기타,승용,남,55세,경상,승용,여,51세,경상
2012050200100579,2012년 5월 2일 19시,수요일,전라남도 해남군 북평면,중상사고,0,1,3,0,차대차 - 정면충돌,중앙선침범,건조,맑음,단일로 - 기타,승용,여,36세,경상,화물,남,39세,중상
2012050200100580,2012년 5월 2일 19시,수요일,전라남도 화순군 화순읍,중상사고,0,1,0,0,차대사람 - 횡단중,안전운전불이행,건조,흐림,단일로 - 기타,이륜,남,19세,상해없음,보행자,여,78세,중상
2012050200100615,2012년 5월 2일 20시,수요일,전라남도 장성군 장성읍,부상신고사고,0,0,0,1,차대차 - 기타,안전운전불이행,건조,맑음,교차로 - 교차로안,이륜,남,16세,부상신고,승용,여,32세,상해없음
2012050200100640,2012년 5월 2일 21시,수요일,전라남도 순천시 가곡동,중상사고,0,2,0,0,차대차 - 측면직각충돌,신호위반,건조,맑음,교차로 - 교차로안,승용,남,48세,상해없음,승합,남,58세,중상
2012050200100641,2012년 5월 2일 21시,수요일,전라남도 강진군 강진읍,경상사고,0,0,1,0,차대사람 - 기타,안전운전불이행,건조,맑음,단일로 - 기타,화물,남,44세,상해없음,보행자,여,52세,경상
2012050200100704,2012년 5월 2일 23시,수요일,전라남도 여수시 중앙동,중상사고,0,1,0,0,차대사람 - 기타,보행자보호의무위반,건조,맑음,단일로 - 횡단보도상,승용,남,36세,상해없음,보행자,남,51세,중상
2012050300100035,2012년 5월 3일 01시,목요일,전라남도 순천시 연향동,경상사고,0,0,1,0,차대사람 - 차도통행중,안전운전불이행,건조,맑음,단일로 - 기타,기타불명,기타불명,기타불명,기타불명,보행자,남,38세,경상
2012050300100053,2012년 5월 3일 02시,목요일,전라남도 장흥군 안양면,경상사고,0,0,1,0,차량단독 - 기타,안전운전불이행,건조,맑음,단일로 - 기타,화물,여,52세,경상,,,,
2012050300100087,2012년 5월 3일 06시,목요일,전라남도 장성군 장성읍,경상사고,0,0,1,0,차대차 - 측면직각충돌,신호위반,건조,맑음,교차로 - 교차로안,화물,남,39세,상해없음,승용,남,33세,경상
2012050300100109,2012년 5월 3일 07시,목요일,전라남도 함평군 함평읍,중상사고,0,1,0,0,차대차 - 측면직각충돌,직진우회전진행방해,건조,맑음,교차로 - 교차로안,승용,남,64세,상해없음,이륜,남,77세,중상
2012050300100151,2012년 5월 3일 08시,목요일,전라남도 영광군 영광읍,중상사고,0,1,0,0,차대차 - 기타,안전운전불이행,건조,맑음,단일로 - 기타,기타불명,기타불명,기타불명,기타불명,이륜,남,74세,중상
2012050300100210,2012년 5월 3일 10시,목요일,전라남도 화순군 화순읍,중상사고,0,1,2,0,차대차 - 측면직각충돌,신호위반,건조,맑음,교차로 - 교차로안,승용,남,58세,상해없음,승용,남,52세,경상
2012050300100231,2012년 5월 3일 11시,목요일,전라남도 담양군 고서면,중상사고,0,2,0,0,차량단독 - 기타,안전운전불이행,건조,맑음,기타 - 기타,화물,남,22세,상해없음,,,,
2012050300100255,2012년 5월 3일 12시,목요일,전라남도 나주시 삼영동,중상사고,0,1,0,0,차대차 - 측면직각충돌,안전운전불이행,건조,맑음,교차로 - 교차로안,승용,여,61세,상해없음,원동기,남,84세,중상
2012050300100256,2012년 5월 3일 12시,목요일,전라남도 장성군 황룡면,사망사고,1,0,0,0,차량단독 - 기타,안전운전불이행,건조,맑음,단일로 - 기타,이륜,남,64세,사망,,,,
2012050300100257,2012년 5월 3일 12시,목요일,전라남도 무안군 무안읍,경상사고,0,0,1,0,차대사람 - 길가장자리구역통행중,안전운전불이행,건조,맑음,교차로 - 교차로부근,이륜,남,20세,상해없음,보행자,여,45세,경상
2012050300100258,2012년 5월 3일 12시,목요일,전라남도 구례군 구례읍,부상신고사고,0,0,0,1,차대차 - 측면직각충돌,교차로운행방법위반,건조,맑음,교차로 - 교차로안,이륜,남,74세,부상신고,승용,남,29세,상해없음
2012050300100279,2012년 5월 3일 13시,목요일,전라남도 목포시 산정동,중상사고,0,1,0,0,차대차 - 측면직각충돌,안전운전불이행,건조,맑음,단일로 - 기타,승용,남,31세,상해없음,자전거,남,64세,중상
2012050300100377,2012년 5월 3일 16시,목요일,전라남도 목포시 옥암동,경상사고,0,0,1,0,차대차 - 추돌 - 주정차중,안전거리미확보,건조,맑음,교차로 - 교차로안,화물,남,52세,기타불명,승용,여,55세,경상
2012050300100378,2012년 5월 3일 16시,목요일,전라남도 장흥군 회진면,중상사고,0,1,0,0,차대차 - 기타,안전운전불이행,건조,맑음,단일로 - 기타,승용,남,40세,상해없음,승용,여,50세,중상
2012050300100379,2012년 5월 3일 16시,목요일,전라남도 영광군 영광읍,부상신고사고,0,0,0,1,차대차 - 측면직각충돌,안전운전불이행,건조,맑음,교차로 - 교차로안,원동기,남,73세,부상신고,승용,남,74세,상해없음
2012050300100418,2012년 5월 3일 17시,목요일,전라남도 여수시 선원동,경상사고,0,0,1,0,차대차 - 기타,교차로운행방법위반,건조,맑음,단일로 - 기타,이륜,남,65세,상해없음,자전거,남,63세,경상
2012050300100419,2012년 5월 3일 17시,목요일,전라남도 여수시 미평동,경상사고,0,0,1,0,차대사람 - 횡단중,보행자보호의무위반,건조,맑음,단일로 - 횡단보도상,화물,남,43세,상해없음,보행자,남,65세,경상
2012050300100420,2012년 5월 3일 17시,목요일,전라남도 해남군 해남읍,경상사고,0,0,1,0,차대사람 - 기타,안전운전불이행,건조,맑음,단일로 - 기타,승합,남,67세,상해없음,보행자,여,12세,경상
2012050300100465,2012년 5월 3일 18시,목요일,전라남도 목포시 옥암동,경상사고,0,0,2,0,차대차 - 추돌 - 주정차중,안전운전불이행,건조,맑음,단일로 - 기타,승용,여,33세,경상,승용,남,26세,경상
2012050300100466,2012년 5월 3일 18시,목요일,전라남도 순천시 가곡동,중상사고,0,1,4,0,차대차 - 측면직각충돌,안전거리미확보,건조,맑음,단일로 - 교량,화물,남,53세,상해없음,화물,남,50세,경상
2012050300100497,2012년 5월 3일 19시,목요일,전라남도 순천시 남정동,중상사고,0,1,0,0,차대사람 - 횡단중,안전운전불이행,건조,맑음,단일로 - 기타,승용,남,41세,상해없음,보행자,남,29세,중상
2012050300100498,2012년 5월 3일 19시,목요일,전라남도 완도군 완도읍,중상사고,0,1,1,0,차대차 - 추돌 - 진행중,안전운전불이행,건조,맑음,단일로 - 기타,승용,여,36세,상해없음,화물,남,36세,중상
2012050300100525,2012년 5월 3일 20시,목요일,전라남도 여수시 학동,경상사고,0,0,1,0,차대차 - 측면직각충돌,안전운전불이행,건조,맑음,단일로 - 기타,승합,남,26세,상해없음,승용,여,47세,경상
2012050300100526,2012년 5월 3일 20시,목요일,전라남도 여수시 오림동,경상사고,0,0,1,0,차대차 - 기타,신호위반,건조,맑음,교차로 - 교차로안,승용,남,29세,상해없음,승용,남,22세,경상
2012050300100527,2012년 5월 3일 20시,목요일,전라남도 화순군 청풍면,중상사고,0,1,3,0,차량단독 - 공작물충돌,안전운전불이행,건조,흐림,단일로 - 기타,승용,남,25세,경상,,,,
2012050300100571,2012년 5월 3일 21시,목요일,전라남도 목포시 산정동,중상사고,0,1,0,0,차대차 - 측면직각충돌,안전운전불이행,건조,맑음,단일로 - 기타,승용,남,26세,상해없음,자전거,남,63세,중상
2012050300100588,2012년 5월 3일 22시,목요일,전라남도 광양시 광양읍,중상사고,0,1,0,0,차대사람 - 횡단중,안전운전불이행,건조,맑음,교차로 - 교차로부근,화물,남,44세,상해없음,보행자,남,56세,중상
2012050300100628,2012년 5월 3일 23시,목요일,전라남도 나주시 남내동,중상사고,0,1,0,0,차대사람 - 횡단중,안전운전불이행,건조,맑음,교차로 - 교차로안,승용,남,46세,상해없음,보행자,남,50세,중상
2012050300100629,2012년 5월 3일 23시,목요일,전라남도 보성군 보성읍,경상사고,0,0,3,0,차량단독 - 공작물충돌,안전운전불이행,건조,맑음,단일로 - 기타,승용,여,54세,경상,,,,
2012050400100124,2012년 5월 4일 07시,금요일,전라남도 목포시 용해동,중상사고,0,2,1,0,차대차 - 정면충돌,신호위반,건조,맑음,교차로 - 교차로안,승용,남,62세,경상,승용,남,42세,중상
2012050400100125,2012년 5월 4일 07시,금요일,전라남도 광양시 광양읍,경상사고,0,0,1,0,차대차 - 기타,중앙선침범,건조,맑음,교차로 - 교차로부근,자전거,남,69세,경상,승용,여,47세,상해없음
2012050400100205,2012년 5월 4일 09시,금요일,전라남도 보성군 벌교읍,중상사고,0,1,0,0,차대사람 - 차도통행중,안전운전불이행,건조,맑음,단일로 - 기타,화물,남,59세,상해없음,보행자,여,80세,중상
2012050400100233,2012년 5월 4일 10시,금요일,전라남도 목포시 상동,경상사고,0,0,1,0,차대차 - 기타,안전운전불이행,건조,맑음,교차로 - 교차로안,기타불명,기타불명,기타불명,기타불명,승합,남,58세,상해없음
2012050400100234,2012년 5월 4일 10시,금요일,전라남도 나주시 이창동,사망사고,1,0,0,0,차대차 - 측면직각충돌,신호위반,건조,맑음,단일로 - 횡단보도상,원동기,남,81세,사망,화물,남,56세,상해없음
2012050400100235,2012년 5월 4일 10시,금요일,전라남도 화순군 화순읍,중상사고,0,1,0,0,차대사람 - 횡단중,안전운전불이행,건조,맑음,교차로 - 교차로안,화물,남,68세,상해없음,보행자,여,78세,중상
2012050400100236,2012년 5월 4일 10시,금요일,전라남도 완도군 고금면,중상사고,0,1,0,0,차대차 - 기타,안전운전불이행,건조,맑음,단일로 - 기타,화물,남,45세,상해없음,원동기,남,70세,중상
2012050400100264,2012년 5월 4일 11시,금요일,전라남도 장성군 삼계면,중상사고,0,1,1,0,차대차 - 측면직각충돌,교차로운행방법위반,건조,맑음,교차로 - 교차로안,승용,남,28세,중상,승용,여,56세,경상
2012050400100265,2012년 5월 4일 11시,금요일,전라남도 강진군 칠량면,중상사고,0,1,1,0,차대차 - 추돌 - 주정차중,안전거리미확보,건조,맑음,단일로 - 기타,화물,남,42세,상해없음,승용,남,55세,중상
2012050400100330,2012년 5월 4일 13시,금요일,전라남도 여수시 공화동,경상사고,0,0,1,0,차대사람 - 기타,안전운전불이행,건조,맑음,단일로 - 기타,승용,남,30세,상해없음,보행자,남,55세,경상
2012050400100331,2012년 5월 4일 13시,금요일,전라남도 강진군 강진읍,중상사고,0,1,1,0,차대차 - 측면직각충돌,교차로운행방법위반,건조,맑음,교차로 - 교차로안,승용,여,22세,경상,승용,남,51세,중상
2012050400100367,2012년 5월 4일 14시,금요일,전라남도 영광군 법성면,경상사고,0,0,1,0,차대차 - 기타,안전운전불이행,건조,맑음,단일로 - 기타,이륜,남,72세,경상,승용,남,59세,상해없음
2012050400100395,2012년 5월 4일 15시,금요일,전라남도 순천시 승주읍,중상사고,0,2,0,0,차대차 - 기타,안전운전불이행,건조,맑음,기타 - 기타,화물,남,35세,상해없음,화물,남,36세,중상
2012050400100433,2012년 5월 4일 16시,금요일,전라남도 나주시 문평면,중상사고,0,1,0,0,차량단독 - 기타,안전운전불이행,건조,맑음,단일로 - 기타,승합,남,49세,상해없음,,,,
2012050400100434,2012년 5월 4일 16시,금요일,전라남도 담양군 담양읍,사망사고,1,0,0,0,차대차 - 추돌 - 진행중,안전운전불이행,건조,맑음,단일로 - 기타,화물,남,47세,상해없음,농기계,남,72세,사망
2012050400100435,2012년 5월 4일 16시,금요일,전라남도 광양시 광양읍,경상사고,0,0,1,0,차대차 - 측면직각충돌,안전운전불이행,건조,맑음,교차로 - 교차로부근,원동기,남,84세,경상,화물,남,63세,상해없음
2012050400100473,2012년 5월 4일 17시,금요일,전라남도 신안군 자은면,중상사고,0,2,8,0,차대차 - 측면직각충돌,교차로운행방법위반,건조,맑음,교차로 - 교차로안,화물,여,57세,경상,승용,여,49세,경상
2012050400100474,2012년 5월 4일 17시,금요일,전라남도 목포시 상동,중상사고,0,1,1,0,차대차 - 측면직각충돌,교차로운행방법위반,건조,맑음,교차로 - 교차로안,승용,남,38세,중상,승용,남,39세,경상
2012050400100519,2012년 5월 4일 18시,금요일,전라남도 장흥군 장흥읍,중상사고,0,1,0,0,차대사람 - 기타,보행자보호의무위반,건조,맑음,교차로 - 교차로안,승용,남,29세,상해없음,보행자,여,72세,중상
2012050400100520,2012년 5월 4일 18시,금요일,전라남도 광양시 광양읍,경상사고,0,0,1,0,차대차 - 추돌 - 주정차중,안전거리미확보,건조,맑음,교차로 - 교차로부근,원동기,남,22세,상해없음,승합,남,44세,경상
2012050400100565,2012년 5월 4일 19시,금요일,전라남도 광양시 봉강면,중상사고,0,1,2,0,차대차 - 측면직각충돌,직진우회전진행방해,건조,맑음,교차로 - 교차로안,승용,남,39세,경상,승용,남,55세,중상
2012050400100597,2012년 5월 4일 20시,금요일,전라남도 순천시 연향동,경상사고,0,0,1,0,차대차 - 추돌 - 진행중,안전운전불이행,건조,맑음,단일로 - 기타,승용,남,30세,상해없음,승용,여,48세,경상
2012050400100628,2012년 5월 4일 21시,금요일,전라남도 광양시 광양읍,경상사고,0,0,1,0,차대차 - 측면직각충돌,신호위반,건조,맑음,교차로 - 교차로안,화물,남,55세,상해없음,승용,여,51세,경상
2012050400100670,2012년 5월 4일 22시,금요일,전라남도 목포시 옥암동,경상사고,0,0,1,0,차대차 - 측면직각충돌,직진우회전진행방해,건조,맑음,교차로 - 교차로안,승용,남,45세,상해없음,이륜,남,17세,경상
2012050400100671,2012년 5월 4일 22시,금요일,전라남도 여수시 여서동,경상사고,0,0,1,0,차대사람 - 길가장자리구역통행중,안전운전불이행,건조,맑음,단일로 - 기타,승용,남,55세,상해없음,보행자,남,61세,경상
2012050400100672,2012년 5월 4일 22시,금요일,전라남도 강진군 칠량면,경상사고,0,0,2,0,차대차 - 기타,기타,건조,맑음,단일로 - 기타,화물,남,41세,상해없음,승용,남,58세,경상
2012050500100043,2012년 5월 5일 01시,토요일,전라남도 여수시 중앙동,중상사고,0,1,0,0,차대사람 - 횡단중,보행자보호의무위반,건조,맑음,단일로 - 횡단보도상,승용,여,54세,상해없음,보행자,남,60세,중상
2012050500100044,2012년 5월 5일 01시,토요일,전라남도 순천시 남정동,경상사고,0,0,2,0,차대사람 - 기타,안전운전불이행,건조,맑음,단일로 - 기타,승용,남,34세,상해없음,보행자,남,31세,경상
2012050500100073,2012년 5월 5일 02시,토요일,전라남도 장흥군 안양면,중상사고,0,1,0,0,차량단독 - 기타,안전운전불이행,건조,맑음,단일로 - 기타,승용,남,21세,중상,,,,
2012050500100104,2012년 5월 5일 04시,토요일,전라남도 순천시 동외동,경상사고,0,0,2,0,차대차 - 기타,안전운전불이행,건조,맑음,교차로 - 교차로부근,승용,남,28세,상해없음,승용,남,53세,경상
2012050500100139,2012년 5월 5일 06시,토요일,전라남도 영암군 삼호읍,경상사고,0,0,3,0,차대차 - 측면직각충돌,신호위반,건조,맑음,교차로 - 교차로안,승용,남,26세,경상,승용,남,47세,경상
2012050500100159,2012년 5월 5일 07시,토요일,전라남도 목포시 옥암동,경상사고,0,0,2,0,차대차 - 측면직각충돌,신호위반,건조,맑음,교차로 - 교차로안,승용,남,81세,경상,화물,남,40세,경상
2012050500100173,2012년 5월 5일 08시,토요일,전라남도 영광군 홍농읍,경상사고,0,0,5,0,차대차 - 측면직각충돌,안전운전불이행,건조,맑음,교차로 - 교차로안,승용,남,47세,상해없음,승합,남,32세,경상
2012050500100174,2012년 5월 5일 08시,토요일,전라남도 영암군 학산면,경상사고,0,0,1,0,차대사람 - 길가장자리구역통행중,안전운전불이행,건조,맑음,기타 - 기타,승용,남,51세,상해없음,보행자,여,50세,경상
2012050500100190,2012년 5월 5일 09시,토요일,전라남도 함평군 나산면,경상사고,0,0,4,0,차대차 - 추돌 - 주정차중,과속,건조,맑음,교차로 - 교차로부근,화물,남,62세,상해없음,승용,남,42세,경상
2012050500100222,2012년 5월 5일 10시,토요일,전라남도 순천시 조곡동,사망사고,1,0,0,0,차대차 - 추돌 - 진행중,안전운전불이행,건조,맑음,단일로 - 기타,원동기,남,57세,사망,건설기계,남,45세,상해없음
2012050500100223,2012년 5월 5일 10시,토요일,전라남도 무안군 삼향읍,중상사고,0,1,1,0,차대차 - 기타,교차로운행방법위반,건조,맑음,교차로 - 교차로안,승용,남,38세,중상,승용,남,66세,경상
2012050500100286,2012년 5월 5일 12시,토요일,전라남도 여수시 신월동,경상사고,0,0,8,0,차대차 - 추돌 - 주정차중,안전운전불이행,건조,맑음,단일로 - 기타,승용,남,43세,상해없음,승용,남,36세,경상
2012050500100287,2012년 5월 5일 12시,토요일,전라남도 광양시 광양읍,중상사고,0,3,2,0,차대차 - 측면직각충돌,중앙선침범,건조,맑음,단일로 - 기타,승용,남,50세,상해없음,승용,남,31세,경상
2012050500100322,2012년 5월 5일 13시,토요일,전라남도 장흥군 장흥읍,중상사고,0,1,1,0,차대차 - 기타,안전운전불이행,건조,맑음,단일로 - 기타,승용,남,27세,상해없음,승용,남,78세,상해없음
2012050500100323,2012년 5월 5일 13시,토요일,전라남도 완도군 약산면,사망사고,1,0,0,0,차량단독 - 전도전복,안전운전불이행,건조,맑음,교차로 - 교차로부근,화물,남,64세,상해없음,,,,
2012050500100359,2012년 5월 5일 14시,토요일,전라남도 여수시 신기동,경상사고,0,0,1,0,차대차 - 측면직각충돌,교차로운행방법위반,건조,맑음,교차로 - 교차로안,승용,여,36세,상해없음,이륜,남,26세,경상
2012050500100360,2012년 5월 5일 14시,토요일,전라남도 담양군 봉산면,중상사고,0,1,0,0,차대차 - 기타,안전운전불이행,건조,맑음,단일로 - 기타,자전거,남,49세,중상,승용,여,38세,상해없음
2012050500100361,2012년 5월 5일 14시,토요일,전라남도 무안군 무안읍,경상사고,0,0,1,0,차대사람 - 기타,안전운전불이행,건조,맑음,단일로 - 기타,승용,여,55세,상해없음,보행자,남,4세,경상
2012050500100398,2012년 5월 5일 15시,토요일,전라남도 고흥군 고흥읍,경상사고,0,0,1,0,차량단독 - 기타,안전운전불이행,건조,맑음,단일로 - 기타,이륜,남,60세,경상,,,,
2012050500100433,2012년 5월 5일 16시,토요일,전라남도 목포시 용해동,중상사고,0,1,0,0,차대사람 - 횡단중,안전운전불이행,건조,맑음,단일로 - 기타,승용,남,34세,상해없음,보행자,남,7세,중상
2012050500100434,2012년 5월 5일 16시,토요일,전라남도 고흥군 도양읍,중상사고,0,1,0,0,차대차 - 기타,안전운전불이행,건조,맑음,단일로 - 기타,승용,남,65세,상해없음,자전거,남,50세,중상
2012050500100435,2012년 5월 5일 16시,토요일,전라남도 곡성군 오산면,중상사고,0,2,2,0,차대차 - 측면직각충돌,안전운전불이행,건조,맑음,교차로 - 교차로안,승용,남,43세,상해없음,승용,남,30세,경상
2012050500100436,2012년 5월 5일 16시,토요일,전라남도 무안군 삼향읍,경상사고,0,0,1,0,차대차 - 기타,안전운전불이행,건조,맑음,교차로 - 교차로안,자전거,남,12세,경상,승합,남,48세,상해없음
2012050500100437,2012년 5월 5일 16시,토요일,전라남도 광양시 도이동,부상신고사고,0,0,0,1,차대차 - 측면직각충돌,안전운전불이행,건조,맑음,단일로 - 기타,화물,남,73세,부상신고,특수,남,51세,상해없음
2012050500100469,2012년 5월 5일 17시,토요일,전라남도 목포시 광동3가,경상사고,0,0,1,0,차대차 - 측면직각충돌,안전운전불이행,건조,맑음,교차로 - 교차로안,원동기,남,31세,경상,승합,남,65세,상해없음
2012050500100510,2012년 5월 5일 18시,토요일,전라남도 목포시 대성동,중상사고,0,1,0,0,차대차 - 측면직각충돌,안전운전불이행,건조,맑음,교차로 - 교차로안,원동기,남,74세,중상,승용,여,50세,상해없음
2012050500100511,2012년 5월 5일 18시,토요일,전라남도 순천시 장천동,경상사고,0,0,2,0,차대차 - 측면직각충돌,안전운전불이행,건조,맑음,교차로 - 교차로부근,이륜,남,17세,경상,승용,남,21세,경상
2012050500100512,2012년 5월 5일 18시,토요일,전라남도 영광군 홍농읍,경상사고,0,0,1,0,차대차 - 추돌 - 진행중,안전운전불이행,건조,맑음,단일로 - 기타,승용,여,44세,상해없음,자전거,남,62세,경상
2012050500100545,2012년 5월 5일 19시,토요일,전라남도 목포시 상동,경상사고,0,0,2,0,차대차 - 측면직각충돌,신호위반,건조,맑음,교차로 - 교차로안,화물,남,62세,상해없음,승용,남,31세,경상
2012050500100546,2012년 5월 5일 19시,토요일,전라남도 완도군 완도읍,중상사고,0,1,3,0,차량단독 - 공작물충돌,안전운전불이행,건조,맑음,단일로 - 기타,승용,여,28세,경상,,,,
2012050500100593,2012년 5월 5일 20시,토요일,전라남도 영광군 영광읍,중상사고,0,1,0,0,차대사람 - 기타,안전운전불이행,건조,맑음,단일로 - 기타,승용,남,58세,상해없음,보행자,남,45세,중상
2012050500100594,2012년 5월 5일 20시,토요일,전라남도 화순군 화순읍,부상신고사고,0,0,0,1,차량단독 - 전도전복,안전운전불이행,습기,비,단일로 - 횡단보도부근,원동기,남,43세,부상신고,,,,
2012050500100632,2012년 5월 5일 21시,토요일,전라남도 신안군 임자면,중상사고,0,2,0,0,차대차 - 정면충돌,중앙선침범,건조,맑음,단일로 - 기타,화물,남,67세,중상,화물,남,38세,중상
2012050500100633,2012년 5월 5일 21시,토요일,전라남도 목포시 옥암동,경상사고,0,0,6,0,차대차 - 추돌 - 진행중,안전거리미확보,건조,맑음,단일로 - 기타,승용,남,42세,상해없음,승용,여,38세,경상
2012050500100634,2012년 5월 5일 21시,토요일,전라남도 목포시 옥암동,경상사고,0,0,1,0,차대차 - 추돌 - 진행중,안전운전불이행,건조,맑음,교차로 - 교차로안,승용,남,31세,상해없음,승용,여,39세,경상
2012050500100635,2012년 5월 5일 21시,토요일,전라남도 여수시 신기동,중상사고,0,2,4,0,차대차 - 추돌 - 진행중,안전운전불이행,건조,맑음,단일로 - 기타,승용,남,32세,상해없음,승용,여,43세,경상
2012050500100636,2012년 5월 5일 21시,토요일,전라남도 고흥군 포두면,중상사고,0,1,1,0,차대차 - 기타,중앙선침범,습기,비,단일로 - 기타,화물,남,62세,경상,승용,남,40세,중상
2012050500100669,2012년 5월 5일 22시,토요일,전라남도 여수시 봉강동,경상사고,0,0,4,0,차대차 - 정면충돌,중앙선침범,건조,맑음,단일로 - 기타,승용,남,35세,상해없음,승용,남,48세,경상
2012050500100670,2012년 5월 5일 22시,토요일,전라남도 여수시 봉산동,경상사고,0,0,2,0,차대사람 - 기타,안전운전불이행,건조,맑음,단일로 - 기타,승용,남,46세,상해없음,보행자,여,25세,경상
2012050500100671,2012년 5월 5일 22시,토요일,전라남도 광양시 광양읍,경상사고,0,0,2,0,차대차 - 추돌 - 주정차중,안전운전불이행,건조,맑음,기타 - 기타,승용,남,41세,상해없음,승용,남,49세,경상
2012050600100081,2012년 5월 6일 04시,일요일,전라남도 화순군 화순읍,중상사고,0,2,0,0,차대차 - 기타,안전운전불이행,건조,맑음,단일로 - 기타,원동기,남,19세,상해없음,원동기,남,16세,중상
2012050600100146,2012년 5월 6일 09시,일요일,전라남도 고흥군 남양면,경상사고,0,0,3,0,차대차 - 기타,안전거리미확보,건조,맑음,단일로 - 기타,승용,여,60세,경상,승용,남,45세,상해없음
2012050600100159,2012년 5월 6일 10시,일요일,전라남도 고흥군 대서면,경상사고,0,0,4,0,차대차 - 기타,교차로운행방법위반,건조,맑음,교차로 - 교차로안,화물,남,68세,상해없음,승용,남,39세,경상
2012050600100160,2012년 5월 6일 10시,일요일,전라남도 진도군 진도읍,경상사고,0,0,3,0,차대차 - 측면직각충돌,교차로운행방법위반,건조,맑음,교차로 - 교차로안,농기계,남,83세,상해없음,승용,남,68세,경상
2012050600100217,2012년 5월 6일 12시,일요일,전라남도 목포시 용당동,경상사고,0,0,3,0,차대차 - 측면직각충돌,교차로운행방법위반,건조,맑음,교차로 - 교차로안,승용,여,41세,경상,화물,남,54세,상해없음
2012050600100218,2012년 5월 6일 12시,일요일,전라남도 목포시 상동,중상사고,0,1,0,0,차대차 - 기타,안전운전불이행,건조,맑음,단일로 - 기타,이륜,남,16세,중상,화물,남,57세,상해없음
2012050600100219,2012년 5월 6일 12시,일요일,전라남도 고흥군 금산면,중상사고,0,1,0,0,차대사람 - 기타,안전운전불이행,건조,맑음,단일로 - 횡단보도상,승합,남,59세,상해없음,보행자,남,73세,중상
2012050600100220,2012년 5월 6일 12시,일요일,전라남도 해남군 해남읍,경상사고,0,0,1,0,차대차 - 기타,안전운전불이행,건조,맑음,단일로 - 기타,화물,남,60세,상해없음,이륜,남,59세,상해없음
2012050600100261,2012년 5월 6일 13시,일요일,전라남도 여수시 소라면,중상사고,0,1,0,0,차대차 - 측면직각충돌,안전운전불이행,건조,맑음,교차로 - 교차로부근,승용,남,52세,상해없음,원동기,남,62세,중상
2012050600100262,2012년 5월 6일 13시,일요일,전라남도 함평군 학교면,경상사고,0,0,1,0,차대차 - 추돌 - 진행중,안전운전불이행,건조,맑음,단일로 - 기타,화물,남,39세,상해없음,농기계,남,59세,경상
2012050600100295,2012년 5월 6일 14시,일요일,전라남도 여수시 여서동,경상사고,0,0,1,0,차대사람 - 기타,안전운전불이행,건조,맑음,단일로 - 기타,승용,남,33세,상해없음,보행자,남,10세,경상
2012050600100296,2012년 5월 6일 14시,일요일,전라남도 순천시 낙안면,경상사고,0,0,1,0,차대차 - 측면직각충돌,교차로운행방법위반,건조,맑음,교차로 - 교차로안,화물,남,61세,상해없음,승용,남,58세,경상
2012050600100297,2012년 5월 6일 14시,일요일,전라남도 순천시 덕암동,경상사고,0,0,4,0,차대차 - 추돌 - 진행중,안전운전불이행,건조,맑음,교차로 - 교차로부근,화물,남,48세,상해없음,승용,남,45세,경상
2012050600100298,2012년 5월 6일 14시,일요일,전라남도 나주시 공산면,경상사고,0,0,7,0,차대차 - 측면직각충돌,안전운전불이행,건조,맑음,단일로 - 기타,승용,남,52세,상해없음,승합,남,47세,경상
2012050600100299,2012년 5월 6일 14시,일요일,전라남도 담양군 금성면,중상사고,0,1,0,0,차대차 - 측면직각충돌,안전운전불이행,건조,맑음,단일로 - 기타,승합,남,62세,상해없음,이륜,남,38세,중상
2012050600100327,2012년 5월 6일 15시,일요일,전라남도 목포시 산정동,경상사고,0,0,2,0,차대차 - 측면직각충돌,차로위반,건조,맑음,교차로 - 교차로부근,승용,여,32세,경상,승용,여,48세,경상
2012050600100328,2012년 5월 6일 15시,일요일,전라남도 여수시 종화동,경상사고,0,0,1,0,차대차 - 추돌 - 진행중,중앙선침범,건조,맑음,단일로 - 기타,원동기,남,15세,상해없음,승용,남,33세,상해없음
2012050600100329,2012년 5월 6일 15시,일요일,전라남도 순천시 대룡동,경상사고,0,0,1,0,차대차 - 기타,안전운전불이행,건조,맑음,단일로 - 기타,승용,여,50세,상해없음,승용,남,32세,경상
2012050600100354,2012년 5월 6일 16시,일요일,전라남도 목포시 상동,경상사고,0,0,1,0,차대차 - 측면직각충돌,중앙선침범,건조,맑음,단일로 - 기타,승용,남,60세,상해없음,승용,남,29세,경상
2012050600100355,2012년 5월 6일 16시,일요일,전라남도 광양시 중동,경상사고,0,0,1,0,차대차 - 측면직각충돌,안전운전불이행,건조,맑음,교차로 - 교차로부근,승용,남,66세,상해없음,화물,남,50세,경상
2012050600100356,2012년 5월 6일 16시,일요일,전라남도 광양시 광양읍,중상사고,0,1,0,0,차대사람 - 횡단중,안전운전불이행,건조,맑음,교차로 - 교차로부근,승용,남,47세,상해없음,보행자,여,78세,중상