사고번호,사고일시,요일,시군구,사고내용,사망자수,중상자수,경상자수,부상신고자수,사고유형,법규위반,노면상태,기상상태,도로형태,가해운전자 차종,가해운전자 성별,가해운전자 연령,가해운전자 상해정도,피해운전자 차종,피해운전자 성별,피해운전자 연령,피해운전자 상해정도
2012050600100388,2012년 5월 6일 17시,일요일,전라남도 해남군 현산면,경상사고,0,0,1,0,차대차 - 정면충돌,중앙선침범,건조,맑음,단일로 - 기타,승용,남,25세,상해없음,승용,남,45세,경상
2012050600100427,2012년 5월 6일 18시,일요일,전라남도 목포시 남교동,중상사고,0,1,0,0,차대차 - 측면직각충돌,직진우회전진행방해,건조,맑음,교차로 - 교차로안,승합,남,23세,상해없음,이륜,남,67세,중상
2012050600100452,2012년 5월 6일 19시,일요일,전라남도 순천시 교량동,경상사고,0,0,4,0,차대차 - 추돌 - 진행중,안전운전불이행,건조,맑음,단일로 - 기타,화물,남,43세,상해없음,승용,남,29세,경상
2012050600100453,2012년 5월 6일 19시,일요일,전라남도 장성군 장성읍,중상사고,0,2,0,0,차대차 - 측면직각충돌,안전거리미확보,건조,맑음,단일로 - 기타,이륜,남,77세,중상,승용,남,27세,상해없음
2012050600100484,2012년 5월 6일 20시,일요일,전라남도 순천시 해룡면,경상사고,0,0,2,0,차대차 - 기타,안전운전불이행,건조,맑음,교차로 - 교차로안,승용,남,62세,상해없음,승합,남,48세,경상
2012050600100485,2012년 5월 6일 20시,일요일,전라남도 순천시 생목동,경상사고,0,0,1,0,차대차 - 추돌 - 진행중,안전운전불이행,건조,맑음,교차로 - 교차로부근,화물,남,60세,상해없음,승용,남,46세,경상
2012050600100486,2012년 5월 6일 20시,일요일,전라남도 순천시 연향동,경상사고,0,0,4,0,차대차 - 측면직각충돌,신호위반,건조,맑음,교차로 - 교차로안,승용,남,46세,상해없음,승용,남,44세,경상
2012050600100487,2012년 5월 6일 20시,일요일,전라남도 곡성군 겸면,부상신고사고,0,0,0,1,차대차 - 기타,차로위반,건조,맑음,단일로 - 기타,기타불명,기타불명,기타불명,기타불명,승용,남,42세,부상신고
2012050600100520,2012년 5월 6일 21시,일요일,전라남도 여수시 연등동,경상사고,0,0,2,0,차대차 - 측면직각충돌,안전운전불이행,건조,맑음,교차로 - 교차로부근,승용,여,58세,상해없음,승용,남,53세,경상
2012050600100555,2012년 5월 6일 22시,일요일,전라남도 광양시 중동,중상사고,0,1,1,0,차대차 - 측면직각충돌,신호위반,건조,맑음,교차로 - 교차로안,이륜,남,18세,중상,화물,남,27세,경상
2012050700100010,2012년 5월 7일 00시,월요일,전라남도 곡성군 목사동면,경상사고,0,0,1,0,차대차 - 측면직각충돌,중앙선침범,건조,맑음,단일로 - 기타,원동기,남,83세,경상,승용,여,48세,상해없음
2012050700100097,2012년 5월 7일 07시,월요일,전라남도 보성군 벌교읍,경상사고,0,0,1,0,차대차 - 측면직각충돌,직진우회전진행방해,건조,맑음,교차로 - 교차로안,승용,여,30세,상해없음,자전거,여,67세,경상
2012050700100125,2012년 5월 7일 08시,월요일,전라남도 고흥군 동강면,경상사고,0,0,1,0,차대사람 - 기타,안전운전불이행,건조,맑음,단일로 - 기타,화물,남,51세,상해없음,보행자,여,5세,경상
2012050700100194,2012년 5월 7일 10시,월요일,전라남도 영광군 영광읍,중상사고,0,1,1,0,차량단독 - 전도전복,안전운전불이행,건조,맑음,단일로 - 기타,승용,여,61세,상해없음,,,,
2012050700100195,2012년 5월 7일 10시,월요일,전라남도 화순군 화순읍,경상사고,0,0,1,0,차대차 - 측면직각충돌,교차로운행방법위반,건조,맑음,교차로 - 교차로안,승용,여,34세,상해없음,승용,여,46세,경상
2012050700100196,2012년 5월 7일 10시,월요일,전라남도 강진군 칠량면,중상사고,0,1,2,0,차대차 - 추돌 - 진행중,안전거리미확보,건조,맑음,단일로 - 기타,건설기계,남,52세,상해없음,승용,남,48세,경상
2012050700100221,2012년 5월 7일 11시,월요일,전라남도 고흥군 금산면,중상사고,0,1,0,0,차량단독 - 전도전복,안전운전불이행,건조,맑음,단일로 - 기타,농기계,남,83세,중상,,,,
2012050700100238,2012년 5월 7일 12시,월요일,전라남도 영광군 불갑면,경상사고,0,0,1,0,차대차 - 기타,기타,건조,맑음,교차로 - 교차로안,승합,남,62세,상해없음,승용,남,49세,경상
2012050700100239,2012년 5월 7일 12시,월요일,전라남도 장성군 장성읍,중상사고,0,1,0,0,차대차 - 기타,교차로운행방법위반,건조,맑음,교차로 - 교차로안,화물,남,56세,상해없음,이륜,남,73세,중상
2012050700100268,2012년 5월 7일 13시,월요일,전라남도 순천시 승주읍,경상사고,0,0,1,0,차량단독 - 공작물충돌,안전운전불이행,건조,맑음,단일로 - 기타,승용,남,40세,경상,,,,
2012050700100269,2012년 5월 7일 13시,월요일,전라남도 광양시 광양읍,경상사고,0,0,4,0,차대차 - 측면직각충돌,신호위반,건조,맑음,교차로 - 교차로안,화물,남,70세,상해없음,승용,남,70세,경상
2012050700100291,2012년 5월 7일 14시,월요일,전라남도 영암군 삼호읍,경상사고,0,0,1,0,차대차 - 측면직각충돌,직진우회전진행방해,건조,맑음,교차로 - 교차로안,승용,여,41세,경상,화물,남,30세,상해없음
2012050700100292,2012년 5월 7일 14시,월요일,전라남도 진도군 진도읍,경상사고,0,0,3,0,차대차 - 측면직각충돌,교차로운행방법위반,건조,맑음,단일로 - 기타,승용,남,53세,경상,승용,여,29세,경상
2012050700100333,2012년 5월 7일 15시,월요일,전라남도 곡성군 오산면,경상사고,0,0,1,0,차대차 - 추돌 - 진행중,안전거리미확보,건조,맑음,단일로 - 기타,승용,남,54세,상해없음,화물,여,41세,경상
2012050700100369,2012년 5월 7일 16시,월요일,전라남도 나주시 노안면,중상사고,0,1,0,0,차대차 - 기타,직진우회전진행방해,건조,맑음,교차로 - 교차로안,화물,남,28세,상해없음,원동기,여,56세,중상
2012050700100370,2012년 5월 7일 16시,월요일,전라남도 곡성군 목사동면,중상사고,0,1,1,0,차량단독 - 전도전복,안전운전불이행,건조,맑음,단일로 - 기타,원동기,남,52세,경상,,,,
2012050700100371,2012년 5월 7일 16시,월요일,전라남도 무안군 삼향읍,경상사고,0,0,1,1,차대차 - 정면충돌,중앙선침범,건조,맑음,단일로 - 기타,승용,남,56세,부상신고,화물,남,66세,경상
2012050700100406,2012년 5월 7일 17시,월요일,전라남도 해남군 해남읍,부상신고사고,0,0,0,2,차대차 - 측면직각충돌,안전운전불이행,건조,맑음,단일로 - 기타,농기계,남,61세,상해없음,화물,남,53세,부상신고
2012050700100443,2012년 5월 7일 18시,월요일,전라남도 광양시 중동,경상사고,0,0,1,0,차대사람 - 횡단중,보행자보호의무위반,건조,맑음,단일로 - 횡단보도상,승용,여,52세,상해없음,보행자,여,57세,경상
2012050700100479,2012년 5월 7일 19시,월요일,전라남도 목포시 상동,경상사고,0,0,1,0,차대차 - 기타,안전운전불이행,건조,맑음,단일로 - 기타,이륜,남,27세,경상,승용,남,34세,상해없음
2012050700100480,2012년 5월 7일 19시,월요일,전라남도 순천시 조례동,경상사고,0,0,1,0,차대차 - 추돌 - 진행중,안전운전불이행,건조,맑음,단일로 - 기타,승용,남,27세,상해없음,이륜,남,29세,경상
2012050700100519,2012년 5월 7일 20시,월요일,전라남도 여수시 돌산읍,경상사고,0,0,1,0,차대차 - 측면직각충돌,차로위반,건조,맑음,단일로 - 기타,승용,남,31세,상해없음,자전거,남,24세,경상
2012050700100520,2012년 5월 7일 20시,월요일,전라남도 강진군 강진읍,중상사고,0,1,0,0,차대사람 - 횡단중,안전운전불이행,건조,맑음,단일로 - 교량,화물,남,44세,상해없음,보행자,여,72세,중상
2012050700100521,2012년 5월 7일 20시,월요일,전라남도 광양시 금호동,경상사고,0,0,1,0,차대차 - 추돌 - 주정차중,안전운전불이행,건조,맑음,교차로 - 교차로부근,승용,남,39세,상해없음,승용,남,37세,경상
2012050700100591,2012년 5월 7일 22시,월요일,전라남도 순천시 조례동,중상사고,0,1,0,0,차대차 - 추돌 - 진행중,안전운전불이행,건조,맑음,교차로 - 교차로안,이륜,남,26세,중상,승용,남,51세,상해없음
2012050700100592,2012년 5월 7일 22시,월요일,전라남도 장흥군 장흥읍,경상사고,0,0,1,0,차대차 - 측면직각충돌,교차로운행방법위반,건조,맑음,교차로 - 교차로안,승용,남,58세,상해없음,화물,남,50세,상해없음
2012050700100593,2012년 5월 7일 22시,월요일,전라남도 광양시 마동,경상사고,0,0,1,0,차대차 - 측면직각충돌,직진우회전진행방해,건조,맑음,교차로 - 교차로안,승용,남,25세,상해없음,승용,남,45세,경상
2012050700100617,2012년 5월 7일 23시,월요일,전라남도 여수시 봉산동,경상사고,0,0,1,0,차대사람 - 횡단중,보행자보호의무위반,건조,맑음,단일로 - 기타,승용,남,60세,상해없음,보행자,남,47세,경상
2012050800100024,2012년 5월 8일 01시,화요일,전라남도 목포시 산정동,경상사고,0,0,4,0,차대차 - 기타,중앙선침범,건조,맑음,단일로 - 기타,승용,남,35세,상해없음,승용,남,41세,경상
2012050800100087,2012년 5월 8일 07시,화요일,전라남도 순천시 연향동,사망사고,1,0,0,0,차대차 - 측면직각충돌,직진우회전진행방해,건조,맑음,교차로 - 교차로안,승용,여,28세,상해없음,이륜,남,77세,사망
2012050800100119,2012년 5월 8일 08시,화요일,전라남도 여수시 신덕동,경상사고,0,0,1,0,차대차 - 기타,교차로운행방법위반,건조,맑음,교차로 - 교차로안,승용,기타불명,기타불명,기타불명,자전거,남,33세,경상
2012050800100120,2012년 5월 8일 08시,화요일,전라남도 순천시 조례동,경상사고,0,0,2,0,차대차 - 측면직각충돌,안전운전불이행,건조,맑음,교차로 - 교차로안,승용,남,79세,경상,승용,여,35세,경상
2012050800100160,2012년 5월 8일 09시,화요일,전라남도 영광군 군남면,중상사고,0,1,0,0,차대차 - 기타,교차로운행방법위반,건조,맑음,교차로 - 교차로안,화물,남,51세,상해없음,이륜,남,77세,중상
2012050800100183,2012년 5월 8일 10시,화요일,전라남도 신안군 압해읍,경상사고,0,0,1,0,차대차 - 기타,중앙선침범,건조,기타,단일로 - 기타,화물,여,43세,상해없음,화물,남,44세,경상
2012050800100260,2012년 5월 8일 13시,화요일,전라남도 나주시 남외동,경상사고,0,0,1,0,차대차 - 측면직각충돌,안전거리미확보,건조,맑음,단일로 - 기타,승용,여,34세,상해없음,이륜,남,66세,경상
2012050800100261,2012년 5월 8일 13시,화요일,전라남도 담양군 금성면,경상사고,0,0,1,0,차대차 - 기타,안전거리미확보,건조,맑음,교차로 - 교차로안,화물,남,40세,상해없음,승용,여,39세,경상
2012050800100262,2012년 5월 8일 13시,화요일,전라남도 광양시 광양읍,중상사고,0,1,0,0,차량단독 - 전도전복,안전운전불이행,건조,맑음,단일로 - 기타,화물,남,58세,중상,,,,
2012050800100326,2012년 5월 8일 15시,화요일,전라남도 순천시 조례동,경상사고,0,0,1,1,차대차 - 측면직각충돌,안전운전불이행,건조,맑음,교차로 - 교차로안,승용,남,49세,부상신고,화물,남,51세,경상
2012050800100327,2012년 5월 8일 15시,화요일,전라남도 고흥군 도양읍,중상사고,0,1,0,0,차대차 - 측면직각충돌,안전운전불이행,건조,맑음,교차로 - 교차로부근,원동기,남,76세,중상,승용,여,37세,상해없음
2012050800100328,2012년 5월 8일 15시,화요일,전라남도 영광군 영광읍,중상사고,0,1,0,0,차대차 - 기타,안전운전불이행,건조,맑음,단일로 - 기타,화물,남,63세,상해없음,자전거,남,73세,중상
2012050800100329,2012년 5월 8일 15시,화요일,전라남도 담양군 담양읍,경상사고,0,0,1,0,차대차 - 기타,안전운전불이행,건조,맑음,교차로 - 교차로안,건설기계,남,39세,상해없음,화물,남,64세,경상
2012050800100401,2012년 5월 8일 17시,화요일,전라남도 여수시 여서동,경상사고,0,0,1,0,차대사람 - 기타,안전운전불이행,건조,맑음,단일로 - 기타,승용,남,53세,상해없음,보행자,여,16세,경상
2012050800100402,2012년 5월 8일 17시,화요일,전라남도 나주시 이창동,중상사고,0,1,0,0,차대사람 - 차도통행중,안전운전불이행,건조,맑음,단일로 - 기타,특수,남,25세,상해없음,보행자,여,46세,중상
2012050800100403,2012년 5월 8일 17시,화요일,전라남도 장성군 장성읍,경상사고,0,0,2,0,차대차 - 측면직각충돌,교차로운행방법위반,건조,맑음,교차로 - 교차로안,이륜,남,14세,상해없음,승용,여,48세,경상
2012050800100489,2012년 5월 8일 19시,화요일,전라남도 고흥군 도화면,중상사고,0,1,0,0,차대사람 - 기타,중앙선침범,건조,맑음,단일로 - 기타,승용,남,65세,상해없음,보행자,여,69세,중상
2012050800100490,2012년 5월 8일 19시,화요일,전라남도 보성군 벌교읍,경상사고,0,0,2,0,차대차 - 추돌 - 진행중,안전운전불이행,건조,맑음,교차로 - 교차로안,원동기,남,31세,상해없음,승용,남,25세,경상
2012050800100531,2012년 5월 8일 20시,화요일,전라남도 고흥군 도양읍,중상사고,0,1,0,0,차대차 - 추돌 - 진행중,안전운전불이행,건조,맑음,단일로 - 기타,화물,남,56세,상해없음,농기계,남,57세,중상
2012050800100532,2012년 5월 8일 20시,화요일,전라남도 무안군 일로읍,중상사고,0,1,0,0,차대차 - 기타,안전운전불이행,건조,맑음,단일로 - 기타,승용,남,38세,상해없음,자전거,남,7세,중상
2012050800100533,2012년 5월 8일 20시,화요일,전라남도 광양시 중동,경상사고,0,0,2,0,차대차 - 측면직각충돌,신호위반,건조,맑음,교차로 - 교차로안,승용,여,40세,경상,승용,남,44세,경상
2012050800100576,2012년 5월 8일 21시,화요일,전라남도 광양시 광양읍,부상신고사고,0,0,0,1,차대차 - 추돌 - 진행중,안전운전불이행,건조,맑음,교차로 - 교차로안,원동기,남,19세,부상신고,화물,남,57세,상해없음
2012050800100577,2012년 5월 8일 21시,화요일,전라남도 구례군 구례읍,부상신고사고,0,0,0,1,차대차 - 추돌 - 주정차중,안전운전불이행,건조,맑음,단일로 - 기타,이륜,남,70세,부상신고,승용,남,58세,기타불명
2012050800100611,2012년 5월 8일 22시,화요일,전라남도 여수시 여천동,중상사고,0,1,0,0,차대차 - 기타,안전운전불이행,건조,맑음,단일로 - 횡단보도부근,화물,남,47세,상해없음,승용,남,47세,상해없음
2012050800100612,2012년 5월 8일 22시,화요일,전라남도 광양시 성황동,중상사고,0,1,3,0,차대차 - 추돌 - 주정차중,안전운전불이행,건조,맑음,교차로 - 교차로부근,승용,남,23세,중상,화물,여,18세,경상
2012050900100009,2012년 5월 9일 00시,수요일,전라남도 여수시 학동,경상사고,0,0,3,0,차대차 - 추돌 - 주정차중,안전운전불이행,건조,맑음,단일로 - 기타,승용,남,29세,상해없음,승용,남,42세,경상
2012050900100022,2012년 5월 9일 01시,수요일,전라남도 완도군 신지면,경상사고,0,0,1,0,차량단독 - 도로외이탈 - 기타,안전운전불이행,건조,맑음,단일로 - 기타,승용,남,31세,상해없음,,,,
2012050900100087,2012년 5월 9일 07시,수요일,전라남도 순천시 해룡면,경상사고,0,0,4,0,차대차 - 추돌 - 진행중,안전거리미확보,건조,맑음,단일로 - 기타,화물,남,46세,상해없음,화물,남,51세,상해없음
2012050900100088,2012년 5월 9일 07시,수요일,전라남도 순천시 매곡동,중상사고,0,1,0,0,차대차 - 측면직각충돌,안전거리미확보,건조,맑음,단일로 - 기타,화물,남,51세,상해없음,화물,남,53세,중상
2012050900100089,2012년 5월 9일 07시,수요일,전라남도 광양시 중동,중상사고,0,1,0,0,차대차 - 측면직각충돌,직진우회전진행방해,건조,맑음,교차로 - 교차로안,원동기,여,52세,중상,승용,남,23세,상해없음
2012050900100121,2012년 5월 9일 08시,수요일,전라남도 여수시 여서동,부상신고사고,0,0,0,1,차대차 - 기타,안전운전불이행,건조,맑음,단일로 - 기타,승용,남,61세,기타불명,승용,남,26세,부상신고
2012050900100122,2012년 5월 9일 08시,수요일,전라남도 영암군 삼호읍,경상사고,0,0,1,0,차대사람 - 횡단중,안전운전불이행,건조,맑음,교차로 - 교차로부근,승용,남,32세,상해없음,보행자,남,12세,경상
2012050900100161,2012년 5월 9일 09시,수요일,전라남도 나주시 다시면,중상사고,0,1,0,0,차대사람 - 기타,안전운전불이행,건조,맑음,단일로 - 기타,화물,남,57세,상해없음,보행자,남,48세,중상
2012050900100162,2012년 5월 9일 09시,수요일,전라남도 보성군 보성읍,중상사고,0,1,0,0,차대차 - 기타,안전운전불이행,건조,맑음,단일로 - 기타,승합,남,51세,상해없음,이륜,남,79세,중상
2012050900100163,2012년 5월 9일 09시,수요일,전라남도 영암군 삼호읍,경상사고,0,0,2,0,차대차 - 기타,안전거리미확보,건조,맑음,단일로 - 기타,승용,남,48세,상해없음,승용,남,28세,경상
2012050900100244,2012년 5월 9일 12시,수요일,전라남도 구례군 구례읍,경상사고,0,0,1,0,차대차 - 추돌 - 주정차중,안전운전불이행,건조,맑음,교차로 - 교차로안,승용,남,72세,상해없음,원동기,남,20세,경상
2012050900100294,2012년 5월 9일 14시,수요일,전라남도 목포시 대성동,경상사고,0,0,1,0,차대차 - 측면직각충돌,기타,건조,맑음,단일로 - 기타,기타불명,기타불명,기타불명,기타불명,자전거,남,86세,경상
2012050900100295,2012년 5월 9일 14시,수요일,전라남도 보성군 벌교읍,중상사고,0,1,0,0,차대차 - 기타,안전운전불이행,건조,맑음,단일로 - 기타,승합,남,54세,상해없음,이륜,남,84세,중상
2012050900100337,2012년 5월 9일 15시,수요일,전라남도 영광군 묘량면,경상사고,0,0,2,0,차량단독 - 공작물충돌,안전운전불이행,건조,맑음,단일로 - 기타,승용,남,22세,경상,,,,
2012050900100469,2012년 5월 9일 19시,수요일,전라남도 여수시 화장동,중상사고,0,1,0,0,차량단독 - 기타,안전운전불이행,건조,맑음,단일로 - 기타,승합,남,66세,중상,,,,
2012050900100470,2012년 5월 9일 19시,수요일,전라남도 순천시 조례동,경상사고,0,0,1,0,차대차 - 정면충돌,안전운전불이행,건조,맑음,교차로 - 교차로안,승용,남,57세,상해없음,승용,남,40세,경상
2012050900100471,2012년 5월 9일 19시,수요일,전라남도 나주시 남평읍,경상사고,0,0,2,0,차대차 - 측면직각충돌,교차로운행방법위반,건조,맑음,교차로 - 교차로안,승용,여,47세,경상,승용,남,64세,경상
2012050900100516,2012년 5월 9일 20시,수요일,전라남도 순천시 조례동,중상사고,0,1,0,0,차대차 - 기타,안전운전불이행,건조,맑음,교차로 - 교차로안,승용,남,58세,상해없음,원동기,여,29세,중상
2012050900100517,2012년 5월 9일 20시,수요일,전라남도 순천시 연향동,경상사고,0,0,1,0,차대사람 - 횡단중,보행자보호의무위반,건조,맑음,교차로 - 교차로안,승용,남,50세,상해없음,보행자,여,38세,경상
2012050900100518,2012년 5월 9일 20시,수요일,전라남도 순천시 연향동,경상사고,0,0,1,0,차대차 - 기타,안전운전불이행,건조,맑음,단일로 - 기타,승용,여,24세,상해없음,승용,남,49세,경상
2012050900100559,2012년 5월 9일 21시,수요일,전라남도 고흥군 점암면,중상사고,0,1,1,0,차대차 - 추돌 - 진행중,안전운전불이행,건조,맑음,단일로 - 기타,화물,남,58세,경상,화물,남,39세,중상
2012050900100593,2012년 5월 9일 22시,수요일,전라남도 나주시 삼영동,중상사고,0,1,0,0,차량단독 - 공작물충돌,안전운전불이행,건조,맑음,단일로 - 기타,승용,남,26세,중상,,,,
2012051000100038,2012년 5월 10일 01시,목요일,전라남도 목포시 죽교동,경상사고,0,0,1,0,차대차 - 측면직각충돌,안전운전불이행,건조,맑음,교차로 - 교차로안,승용,남,61세,상해없음,승용,남,51세,경상
2012051000100052,2012년 5월 10일 02시,목요일,전라남도 목포시 산정동,중상사고,0,1,0,0,차대사람 - 횡단중,보행자보호의무위반,건조,맑음,단일로 - 기타,승합,남,26세,기타불명,보행자,남,29세,중상
2012051000100053,2012년 5월 10일 02시,목요일,전라남도 목포시 상동,경상사고,0,0,1,0,차대차 - 측면직각충돌,교차로운행방법위반,건조,맑음,교차로 - 교차로안,승용,여,22세,상해없음,원동기,남,17세,경상
2012051000100124,2012년 5월 10일 07시,목요일,전라남도 여수시 학동,중상사고,0,1,0,0,차대사람 - 기타,안전운전불이행,건조,흐림,교차로 - 교차로안,승합,여,59세,상해없음,보행자,여,15세,중상
2012051000100165,2012년 5월 10일 08시,목요일,전라남도 영암군 영암읍,경상사고,0,0,2,0,차대차 - 측면직각충돌,안전운전불이행,건조,맑음,교차로 - 교차로부근,기타불명,기타불명,기타불명,기타불명,자전거,남,12세,경상
2012051000100281,2012년 5월 10일 12시,목요일,전라남도 담양군 고서면,중상사고,0,1,0,0,차대사람 - 길가장자리구역통행중,안전운전불이행,건조,맑음,단일로 - 기타,승용,남,71세,상해없음,보행자,여,74세,중상
2012051000100304,2012년 5월 10일 13시,목요일,전라남도 여수시 남면,사망사고,1,0,0,0,차대사람 - 기타,안전운전불이행,건조,맑음,단일로 - 기타,화물,남,54세,상해없음,보행자,여,82세,사망
2012051000100305,2012년 5월 10일 13시,목요일,전라남도 고흥군 두원면,사망사고,1,0,0,0,차대사람 - 기타,안전운전불이행,건조,맑음,단일로 - 기타,승용,여,57세,상해없음,보행자,남,69세,사망
2012051000100306,2012년 5월 10일 13시,목요일,전라남도 영광군 군서면,경상사고,0,0,5,0,차대차 - 기타,중앙선침범,건조,맑음,단일로 - 기타,승용,여,56세,상해없음,승용,남,42세,경상
2012051000100307,2012년 5월 10일 13시,목요일,전라남도 함평군 학교면,경상사고,0,0,5,0,차대차 - 측면직각충돌,안전운전불이행,건조,맑음,교차로 - 교차로안,승용,남,31세,경상,화물,남,28세,경상
2012051000100359,2012년 5월 10일 15시,목요일,전라남도 순천시 연향동,경상사고,0,0,1,0,차대차 - 추돌 - 주정차중,안전운전불이행,건조,맑음,단일로 - 기타,승용,남,26세,상해없음,승용,남,51세,경상
2012051000100360,2012년 5월 10일 15시,목요일,전라남도 나주시 대호동,중상사고,0,1,0,0,차대사람 - 기타,보행자보호의무위반,건조,맑음,단일로 - 횡단보도상,승용,남,31세,상해없음,보행자,여,6세,중상
2012051000100361,2012년 5월 10일 15시,목요일,전라남도 고흥군 남양면,경상사고,0,0,1,2,차량단독 - 기타,안전운전불이행,건조,맑음,단일로 - 기타,화물,남,46세,부상신고,,,,
2012051000100362,2012년 5월 10일 15시,목요일,전라남도 영광군 영광읍,중상사고,0,1,0,0,차대사람 - 기타,안전운전불이행,건조,맑음,교차로 - 교차로안,승용,남,66세,상해없음,보행자,남,9세,중상
2012051000100395,2012년 5월 10일 16시,목요일,전라남도 목포시 산정동,경상사고,0,0,1,0,차대차 - 기타,안전운전불이행,건조,맑음,단일로 - 횡단보도상,승용,남,27세,상해없음,자전거,남,77세,경상
2012051000100396,2012년 5월 10일 16시,목요일,전라남도 여수시 선원동,경상사고,0,0,1,0,차대차 - 기타,신호위반,건조,맑음,교차로 - 교차로안,화물,남,53세,상해없음,승합,여,39세,경상
2012051000100397,2012년 5월 10일 16시,목요일,전라남도 해남군 송지면,경상사고,0,0,1,0,차대사람 - 기타,중앙선침범,건조,맑음,단일로 - 기타,승용,남,61세,상해없음,보행자,여,80세,경상
2012051000100398,2012년 5월 10일 16시,목요일,전라남도 함평군 해보면,중상사고,0,2,5,1,차대차 - 측면직각충돌,안전운전불이행,건조,맑음,단일로 - 기타,화물,남,24세,부상신고,승용,여,31세,경상
2012051000100478,2012년 5월 10일 18시,목요일,전라남도 목포시 석현동,중상사고,0,1,0,0,차대차 - 기타,안전운전불이행,건조,맑음,단일로 - 횡단보도상,승합,남,39세,상해없음,자전거,여,12세,중상
2012051000100560,2012년 5월 10일 20시,목요일,전라남도 순천시 연향동,경상사고,0,0,1,0,차대사람 - 횡단중,보행자보호의무위반,건조,맑음,교차로 - 교차로부근,승용,남,32세,상해없음,보행자,여,44세,경상
2012051000100584,2012년 5월 10일 21시,목요일,전라남도 나주시 송월동,경상사고,0,0,2,0,차대차 - 추돌 - 진행중,안전거리미확보,건조,맑음,단일로 - 기타,승용,남,30세,상해없음,승용,남,35세,경상
2012051000100642,2012년 5월 10일 23시,목요일,전라남도 영암군 시종면,중상사고,0,1,0,0,차대차 - 추돌 - 주정차중,안전운전불이행,건조,맑음,단일로 - 기타,화물,남,41세,중상,승용,남,42세,상해없음
2012051000100643,2012년 5월 10일 23시,목요일,전라남도 광양시 광양읍,경상사고,0,0,1,0,차대사람 - 기타,안전운전불이행,건조,맑음,교차로 - 교차로부근,승용,남,24세,상해없음,보행자,여,18세,경상
2012051100100016,2012년 5월 11일 00시,금요일,전라남도 여수시 학동,경상사고,0,0,1,0,차대사람 - 기타,안전운전불이행,건조,맑음,교차로 - 교차로부근,승용,여,52세,상해없음,보행자,남,55세,경상
2012051100100045,2012년 5월 11일 01시,금요일,전라남도 진도군 진도읍,중상사고,0,1,0,0,차량단독 - 공작물충돌,기타,기타,기타,단일로 - 기타,이륜,남,18세,중상,,,,
2012051100100061,2012년 5월 11일 02시,금요일,전라남도 순천시 연향동,중상사고,0,1,0,0,차대차 - 측면직각충돌,안전운전불이행,건조,맑음,단일로 - 기타,승용,남,19세,상해없음,이륜,남,38세,중상
2012051100100074,2012년 5월 11일 03시,금요일,전라남도 보성군 벌교읍,경상사고,0,0,1,0,차량단독 - 기타,안전운전불이행,건조,기타,단일로 - 기타,화물,남,23세,경상,,,,
2012051100100093,2012년 5월 11일 05시,금요일,전라남도 순천시 조례동,경상사고,0,0,1,0,차대사람 - 기타,안전운전불이행,건조,맑음,단일로 - 기타,승용,남,24세,상해없음,보행자,여,44세,경상
2012051100100108,2012년 5월 11일 06시,금요일,전라남도 곡성군 겸면,경상사고,0,0,1,0,차량단독 - 기타,안전운전불이행,건조,맑음,단일로 - 기타,화물,남,28세,경상,,,,
2012051100100132,2012년 5월 11일 07시,금요일,전라남도 보성군 벌교읍,경상사고,0,0,2,0,차대차 - 측면직각충돌,교차로운행방법위반,건조,맑음,교차로 - 교차로안,화물,남,52세,경상,승용,여,40세,경상
2012051100100160,2012년 5월 11일 08시,금요일,전라남도 여수시 연등동,경상사고,0,0,2,0,차대차 - 추돌 - 진행중,안전운전불이행,건조,맑음,교차로 - 교차로안,승용,남,62세,상해없음,승용,여,50세,경상
2012051100100161,2012년 5월 11일 08시,금요일,전라남도 순천시 서면,경상사고,0,0,3,0,차대차 - 기타,신호위반,건조,맑음,교차로 - 교차로안,화물,남,42세,상해없음,승용,여,32세,경상
2012051100100198,2012년 5월 11일 09시,금요일,전라남도 여수시 돌산읍,경상사고,0,0,1,0,차대차 - 추돌 - 주정차중,안전운전불이행,건조,맑음,교차로 - 교차로부근,화물,기타불명,기타불명,기타불명,승용,여,46세,경상
2012051100100199,2012년 5월 11일 09시,금요일,전라남도 광양시 광양읍,경상사고,0,0,1,0,차대차 - 측면직각충돌,신호위반,건조,맑음,교차로 - 교차로안,화물,남,61세,상해없음,이륜,남,50세,경상
2012051100100268,2012년 5월 11일 12시,금요일,전라남도 영암군 삼호읍,사망사고,1,0,1,0,차대차 - 측면직각충돌,신호위반,건조,맑음,교차로 - 교차로안,승용,남,29세,사망,화물,남,45세,경상
2012051100100301,2012년 5월 11일 13시,금요일,전라남도 순천시 생목동,중상사고,0,2,1,0,차대차 - 측면직각충돌,교차로운행방법위반,건조,맑음,교차로 - 교차로안,승용,남,66세,상해없음,승용,여,26세,경상
2012051100100355,2012년 5월 11일 15시,금요일,전라남도 영암군 삼호읍,중상사고,0,1,1,0,차량단독 - 공작물충돌,안전운전불이행,건조,맑음,단일로 - 기타,화물,남,29세,중상,,,,
2012051100100356,2012년 5월 11일 15시,금요일,전라남도 무안군 현경면,경상사고,0,0,1,0,차대차 - 기타,직진우회전진행방해,건조,맑음,교차로 - 교차로안,승용,여,46세,경상,화물,남,49세,상해없음