사고번호,사고일시,요일,시군구,사고내용,사망자수,중상자수,경상자수,부상신고자수,사고유형,법규위반,노면상태,기상상태,도로형태,가해운전자 차종,가해운전자 성별,가해운전자 연령,가해운전자 상해정도,피해운전자 차종,피해운전자 성별,피해운전자 연령,피해운전자 상해정도
2012051100100392,2012년 5월 11일 16시,금요일,전라남도 여수시 율촌면,중상사고,0,1,0,0,차대차 - 측면직각충돌,차로위반,건조,맑음,단일로 - 기타,화물,남,41세,상해없음,승용,남,31세,중상
2012051100100394,2012년 5월 11일 16시,금요일,전라남도 담양군 담양읍,경상사고,0,0,2,0,차대차 - 추돌 - 진행중,안전거리미확보,건조,흐림,단일로 - 기타,화물,남,63세,상해없음,승용,여,54세,경상
2012051100100435,2012년 5월 11일 17시,금요일,전라남도 여수시 신기동,경상사고,0,0,3,0,차대차 - 측면직각충돌,신호위반,건조,맑음,교차로 - 교차로안,승용,여,28세,상해없음,승용,여,37세,경상
2012051100100474,2012년 5월 11일 18시,금요일,전라남도 순천시 해룡면,중상사고,0,1,0,0,차량단독 - 도로외이탈 - 추락,안전운전불이행,건조,맑음,단일로 - 기타,특수,남,39세,중상,,,,
2012051100100475,2012년 5월 11일 18시,금요일,전라남도 담양군 대덕면,경상사고,0,0,1,0,차대차 - 측면직각충돌,교차로운행방법위반,건조,흐림,교차로 - 교차로안,승합,남,58세,상해없음,이륜,남,51세,경상
2012051100100518,2012년 5월 11일 19시,금요일,전라남도 목포시 상동,경상사고,0,0,1,0,차대차 - 기타,차로위반,건조,맑음,교차로 - 교차로부근,자전거,남,16세,경상,화물,남,54세,상해없음
2012051100100519,2012년 5월 11일 19시,금요일,전라남도 목포시 상동,중상사고,0,1,0,0,차대사람 - 횡단중,안전운전불이행,건조,맑음,단일로 - 기타,승용,여,55세,상해없음,보행자,미분류,12세,중상
2012051100100520,2012년 5월 11일 19시,금요일,전라남도 여수시 소라면,경상사고,0,0,2,0,차대차 - 추돌 - 진행중,안전운전불이행,건조,맑음,단일로 - 기타,기타불명,기타불명,기타불명,기타불명,화물,남,48세,상해없음
2012051100100556,2012년 5월 11일 20시,금요일,전라남도 여수시 문수동,경상사고,0,0,1,0,차대사람 - 횡단중,안전운전불이행,건조,맑음,단일로 - 기타,기타불명,기타불명,기타불명,기타불명,보행자,남,16세,경상
2012051100100587,2012년 5월 11일 21시,금요일,전라남도 순천시 연향동,경상사고,0,0,1,0,차대차 - 측면직각충돌,차로위반,건조,맑음,단일로 - 기타,승용,남,40세,상해없음,승용,남,29세,상해없음
2012051100100588,2012년 5월 11일 21시,금요일,전라남도 함평군 함평읍,중상사고,0,1,0,0,차량단독 - 전도전복,안전운전불이행,건조,맑음,단일로 - 기타,화물,남,28세,중상,,,,
2012051100100633,2012년 5월 11일 22시,금요일,전라남도 무안군 무안읍,중상사고,0,1,0,0,차대사람 - 기타,안전운전불이행,건조,맑음,단일로 - 기타,승용,남,21세,상해없음,보행자,남,65세,중상
2012051100100667,2012년 5월 11일 23시,금요일,전라남도 해남군 해남읍,경상사고,0,0,1,0,차대차 - 기타,교차로운행방법위반,건조,맑음,교차로 - 교차로안,원동기,남,17세,경상,승용,남,46세,상해없음
2012051200100018,2012년 5월 12일 00시,토요일,전라남도 여수시 돌산읍,사망사고,1,0,0,0,차량단독 - 공작물충돌,안전운전불이행,건조,맑음,단일로 - 기타,화물,남,48세,사망,,,,
2012051200100043,2012년 5월 12일 01시,토요일,전라남도 목포시 상동,경상사고,0,0,1,0,차대사람 - 보도통행중,보행자보호의무위반,건조,맑음,단일로 - 횡단보도상,승용,남,42세,상해없음,보행자,남,18세,경상
2012051200100104,2012년 5월 12일 04시,토요일,전라남도 화순군 화순읍,경상사고,0,0,1,0,차량단독 - 공작물충돌,안전운전불이행,건조,맑음,단일로 - 기타,승용,남,48세,경상,,,,
2012051200100123,2012년 5월 12일 05시,토요일,전라남도 담양군 담양읍,경상사고,0,0,2,0,차대차 - 측면직각충돌,교차로운행방법위반,건조,흐림,교차로 - 교차로안,승용,여,24세,상해없음,화물,남,60세,경상
2012051200100124,2012년 5월 12일 05시,토요일,전라남도 순천시 별량면,중상사고,0,1,0,0,차대차 - 추돌 - 진행중,과속,건조,흐림,단일로 - 기타,승용,남,27세,상해없음,승용,남,44세,중상
2012051200100142,2012년 5월 12일 06시,토요일,전라남도 목포시 옥암동,중상사고,0,2,4,0,차대차 - 추돌 - 주정차중,안전운전불이행,건조,맑음,교차로 - 교차로부근,승용,남,28세,경상,승용,여,51세,경상
2012051200100143,2012년 5월 12일 06시,토요일,전라남도 순천시 조례동,경상사고,0,0,2,0,차대차 - 측면직각충돌,안전운전불이행,건조,맑음,교차로 - 교차로안,승합,남,57세,상해없음,승용,여,25세,경상
2012051200100181,2012년 5월 12일 08시,토요일,전라남도 광양시 봉강면,경상사고,0,0,1,0,차대차 - 측면직각충돌,안전운전불이행,건조,맑음,단일로 - 기타,자전거,남,12세,경상,화물,남,51세,상해없음
2012051200100207,2012년 5월 12일 09시,토요일,전라남도 고흥군 도양읍,중상사고,0,1,0,0,차대차 - 기타,교차로운행방법위반,건조,맑음,교차로 - 교차로안,화물,남,52세,상해없음,자전거,남,78세,중상
2012051200100240,2012년 5월 12일 10시,토요일,전라남도 강진군 성전면,경상사고,0,0,1,0,차량단독 - 공작물충돌,안전운전불이행,건조,맑음,단일로 - 기타,승용,남,35세,경상,,,,
2012051200100272,2012년 5월 12일 11시,토요일,전라남도 여수시 교동,부상신고사고,0,0,0,1,차대사람 - 횡단중,보행자보호의무위반,건조,맑음,단일로 - 횡단보도상,승합,남,36세,상해없음,보행자,여,78세,부상신고
2012051200100273,2012년 5월 12일 11시,토요일,전라남도 나주시 중앙동,경상사고,0,0,1,0,차대사람 - 기타,보행자보호의무위반,건조,맑음,단일로 - 횡단보도상,화물,남,44세,상해없음,보행자,여,6세,경상
2012051200100274,2012년 5월 12일 11시,토요일,전라남도 함평군 함평읍,경상사고,0,0,1,0,차대사람 - 차도통행중,안전운전불이행,건조,맑음,교차로 - 교차로부근,승용,남,69세,상해없음,보행자,남,5세,경상
2012051200100304,2012년 5월 12일 12시,토요일,전라남도 순천시 연향동,경상사고,0,0,4,0,차대차 - 추돌 - 주정차중,안전운전불이행,건조,맑음,단일로 - 기타,승용,여,43세,상해없음,승용,여,47세,경상
2012051200100305,2012년 5월 12일 12시,토요일,전라남도 영광군 법성면,중상사고,0,1,0,0,차대차 - 측면직각충돌,안전운전불이행,건조,맑음,교차로 - 교차로안,승용,남,71세,상해없음,이륜,남,77세,상해없음
2012051200100346,2012년 5월 12일 13시,토요일,전라남도 여수시 웅천동,중상사고,0,2,1,0,차대차 - 기타,신호위반,건조,맑음,교차로 - 교차로안,화물,여,54세,중상,승용,남,52세,경상
2012051200100376,2012년 5월 12일 14시,토요일,전라남도 목포시 호남동,부상신고사고,0,0,0,1,차대차 - 기타,안전운전불이행,건조,맑음,단일로 - 기타,이륜,남,28세,부상신고,승용,여,36세,상해없음
2012051200100377,2012년 5월 12일 14시,토요일,전라남도 순천시 해룡면,부상신고사고,0,0,0,1,차량단독 - 공작물충돌,안전운전불이행,건조,맑음,단일로 - 기타,화물,남,41세,부상신고,,,,
2012051200100378,2012년 5월 12일 14시,토요일,전라남도 순천시 해룡면,경상사고,0,0,2,0,차대차 - 추돌 - 진행중,안전운전불이행,건조,맑음,단일로 - 기타,화물,남,31세,상해없음,승용,남,59세,경상
2012051200100441,2012년 5월 12일 16시,토요일,전라남도 순천시 주암면,사망사고,1,0,0,0,차량단독 - 기타,안전운전불이행,건조,맑음,교차로 - 교차로안,원동기,남,59세,사망,,,,
2012051200100477,2012년 5월 12일 17시,토요일,전라남도 신안군 증도면,경상사고,0,0,1,0,차대차 - 추돌 - 주정차중,안전운전불이행,건조,맑음,단일로 - 기타,승합,남,47세,상해없음,승용,남,57세,경상
2012051200100478,2012년 5월 12일 17시,토요일,전라남도 장흥군 장동면,중상사고,0,2,2,0,차대차 - 기타,안전운전불이행,건조,맑음,교차로 - 교차로안,승용,남,37세,경상,화물,남,56세,경상
2012051200100479,2012년 5월 12일 17시,토요일,전라남도 보성군 회천면,경상사고,0,0,1,0,차대사람 - 길가장자리구역통행중,안전운전불이행,건조,맑음,단일로 - 기타,승합,남,55세,상해없음,보행자,여,55세,경상
2012051200100546,2012년 5월 12일 19시,토요일,전라남도 신안군 증도면,중상사고,0,1,0,0,차대차 - 추돌 - 진행중,안전운전불이행,건조,맑음,단일로 - 기타,농기계,남,74세,중상,승용,남,46세,상해없음
2012051200100547,2012년 5월 12일 19시,토요일,전라남도 진도군 의신면,중상사고,0,4,2,0,차대차 - 추돌 - 진행중,안전운전불이행,건조,기타,단일로 - 기타,화물,남,46세,상해없음,농기계,남,69세,중상
2012051200100593,2012년 5월 12일 20시,토요일,전라남도 보성군 벌교읍,사망사고,1,0,0,0,차대사람 - 보도통행중,안전운전불이행,건조,맑음,교차로 - 교차로부근,승용,남,61세,상해없음,보행자,남,49세,사망
2012051200100629,2012년 5월 12일 21시,토요일,전라남도 나주시 노안면,경상사고,0,0,5,0,차대차 - 추돌 - 주정차중,안전운전불이행,건조,맑음,교차로 - 교차로부근,승합,남,31세,경상,승용,남,29세,경상
2012051200100663,2012년 5월 12일 22시,토요일,전라남도 영광군 영광읍,경상사고,0,0,2,0,차대차 - 측면직각충돌,중앙선침범,건조,맑음,단일로 - 기타,승용,남,32세,상해없음,승용,남,41세,경상
2012051200100664,2012년 5월 12일 22시,토요일,전라남도 영광군 영광읍,중상사고,0,1,1,1,차대차 - 추돌 - 진행중,안전운전불이행,건조,맑음,단일로 - 기타,승용,남,37세,부상신고,건설기계,남,52세,경상
2012051200100694,2012년 5월 12일 23시,토요일,전라남도 여수시 고소동,경상사고,0,0,1,0,차대사람 - 횡단중,안전운전불이행,건조,맑음,단일로 - 기타,승용,여,30세,상해없음,보행자,여,18세,경상
2012051300100018,2012년 5월 13일 00시,일요일,전라남도 순천시 오천동,중상사고,0,1,0,0,차대사람 - 보도통행중,안전운전불이행,건조,맑음,단일로 - 기타,승용,남,42세,상해없음,보행자,남,49세,중상
2012051300100019,2012년 5월 13일 00시,일요일,전라남도 무안군 삼향읍,중상사고,0,1,3,0,차대차 - 측면직각충돌,직진우회전진행방해,건조,맑음,교차로 - 교차로안,승용,남,30세,경상,특수,남,54세,경상
2012051300100076,2012년 5월 13일 03시,일요일,전라남도 목포시 죽교동,경상사고,0,0,1,0,차량단독 - 기타,안전운전불이행,건조,맑음,단일로 - 기타,승용,남,27세,상해없음,,,,
2012051300100086,2012년 5월 13일 04시,일요일,전라남도 고흥군 도양읍,중상사고,0,1,1,0,차대차 - 추돌 - 진행중,안전운전불이행,건조,맑음,단일로 - 기타,승용,남,54세,상해없음,농기계,남,63세,중상
2012051300100119,2012년 5월 13일 07시,일요일,전라남도 해남군 송지면,경상사고,0,0,1,0,차대차 - 측면직각충돌,교차로운행방법위반,건조,맑음,교차로 - 교차로안,이륜,여,70세,경상,승용,남,40세,상해없음
2012051300100134,2012년 5월 13일 08시,일요일,전라남도 신안군 지도읍,중상사고,0,3,0,0,차대차 - 정면충돌,안전운전불이행,건조,맑음,단일로 - 기타,화물,남,45세,상해없음,화물,남,37세,중상
2012051300100162,2012년 5월 13일 10시,일요일,전라남도 함평군 손불면,중상사고,0,1,1,0,차대차 - 추돌 - 진행중,안전운전불이행,건조,맑음,단일로 - 기타,승용,여,51세,경상,농기계,남,74세,중상
2012051300100163,2012년 5월 13일 10시,일요일,전라남도 곡성군 죽곡면,중상사고,0,1,0,0,차대사람 - 기타,안전운전불이행,건조,맑음,단일로 - 기타,승용,여,65세,상해없음,보행자,여,49세,중상
2012051300100198,2012년 5월 13일 12시,일요일,전라남도 고흥군 남양면,중상사고,0,2,0,0,차량단독 - 기타,안전운전불이행,건조,맑음,기타 - 기타,승합,남,62세,상해없음,,,,
2012051300100233,2012년 5월 13일 13시,일요일,전라남도 여수시 화장동,중상사고,0,2,3,0,차대차 - 측면직각충돌,교차로운행방법위반,건조,맑음,교차로 - 교차로안,화물,남,38세,상해없음,승용,남,64세,경상
2012051300100264,2012년 5월 13일 14시,일요일,전라남도 여수시 신월동,중상사고,0,1,0,0,차량단독 - 공작물충돌,안전운전불이행,건조,맑음,단일로 - 기타,승용,남,26세,중상,,,,
2012051300100293,2012년 5월 13일 15시,일요일,전라남도 고흥군 도양읍,경상사고,0,0,1,0,차대사람 - 기타,안전운전불이행,건조,맑음,단일로 - 기타,승용,남,66세,상해없음,보행자,여,79세,경상
2012051300100326,2012년 5월 13일 16시,일요일,전라남도 목포시 호남동,경상사고,0,0,1,0,차대차 - 기타,안전운전불이행,건조,맑음,단일로 - 기타,승용,남,49세,상해없음,승용,남,45세,경상
2012051300100327,2012년 5월 13일 16시,일요일,전라남도 여수시 여서동,경상사고,0,0,1,0,차대차 - 측면직각충돌,교차로운행방법위반,건조,맑음,단일로 - 기타,승용,여,51세,상해없음,승용,남,21세,경상
2012051300100328,2012년 5월 13일 16시,일요일,전라남도 여수시 소라면,경상사고,0,0,2,0,차대차 - 추돌 - 진행중,안전거리미확보,건조,맑음,단일로 - 기타,승합,남,45세,상해없음,승합,남,53세,경상
2012051300100365,2012년 5월 13일 17시,일요일,전라남도 완도군 약산면,경상사고,0,0,7,0,차대차 - 기타,직진우회전진행방해,건조,맑음,단일로 - 기타,승용,여,40세,상해없음,승용,남,33세,상해없음
2012051300100393,2012년 5월 13일 18시,일요일,전라남도 목포시 북교동,경상사고,0,0,1,0,차대사람 - 기타,안전운전불이행,건조,맑음,단일로 - 기타,승용,남,63세,상해없음,보행자,여,71세,경상
2012051300100394,2012년 5월 13일 18시,일요일,전라남도 여수시 돌산읍,경상사고,0,0,2,0,차대차 - 측면직각충돌,교차로운행방법위반,건조,맑음,교차로 - 교차로안,승용,남,36세,상해없음,승용,남,22세,경상
2012051300100395,2012년 5월 13일 18시,일요일,전라남도 고흥군 도양읍,경상사고,0,0,1,0,차대차 - 기타,안전거리미확보,건조,맑음,단일로 - 기타,원동기,남,62세,상해없음,승용,여,37세,경상
2012051300100451,2012년 5월 13일 20시,일요일,전라남도 목포시 산정동,중상사고,0,1,0,0,차대차 - 기타,안전거리미확보,건조,흐림,단일로 - 기타,원동기,남,44세,중상,승용,남,41세,상해없음
2012051300100452,2012년 5월 13일 20시,일요일,전라남도 여수시 여서동,경상사고,0,0,3,0,차대차 - 측면직각충돌,교차로운행방법위반,건조,맑음,교차로 - 교차로안,승용,남,44세,경상,승용,남,23세,상해없음
2012051300100453,2012년 5월 13일 20시,일요일,전라남도 여수시 미평동,중상사고,0,1,0,0,차대차 - 측면직각충돌,안전거리미확보,건조,맑음,단일로 - 기타,승용,남,37세,상해없음,원동기,남,17세,중상
2012051300100454,2012년 5월 13일 20시,일요일,전라남도 영암군 삼호읍,경상사고,0,0,1,0,차대차 - 측면직각충돌,안전운전불이행,건조,맑음,교차로 - 교차로부근,이륜,남,43세,경상,화물,남,45세,상해없음
2012051300100539,2012년 5월 13일 23시,일요일,전라남도 목포시 상동,경상사고,0,0,3,0,차대차 - 기타,안전운전불이행,건조,흐림,단일로 - 기타,승용,남,31세,상해없음,자전거,남,34세,경상
2012051400100024,2012년 5월 14일 02시,월요일,전라남도 광양시 중동,경상사고,0,0,1,0,차량단독 - 전도전복,안전운전불이행,건조,맑음,단일로 - 기타,승용,여,46세,경상,,,,
2012051400100036,2012년 5월 14일 04시,월요일,전라남도 순천시 덕암동,경상사고,0,0,2,0,차대차 - 측면직각충돌,교차로운행방법위반,건조,맑음,교차로 - 교차로안,승용,남,59세,경상,승합,남,68세,경상
2012051400100059,2012년 5월 14일 06시,월요일,전라남도 순천시 연향동,경상사고,0,0,2,0,차대차 - 측면직각충돌,안전운전불이행,건조,맑음,교차로 - 교차로안,승용,남,52세,상해없음,승용,여,53세,경상
2012051400100073,2012년 5월 14일 07시,월요일,전라남도 여수시 웅천동,경상사고,0,0,1,0,차대차 - 추돌 - 진행중,안전운전불이행,건조,맑음,교차로 - 교차로안,승용,여,41세,상해없음,승용,남,45세,상해없음
2012051400100074,2012년 5월 14일 07시,월요일,전라남도 영광군 영광읍,중상사고,0,1,0,0,차대차 - 기타,신호위반,습기,비,교차로 - 교차로안,승용,남,47세,상해없음,승용,여,29세,중상
2012051400100075,2012년 5월 14일 07시,월요일,전라남도 함평군 함평읍,경상사고,0,0,3,0,차대차 - 측면직각충돌,교차로운행방법위반,습기,비,교차로 - 교차로안,승합,남,55세,상해없음,승용,남,47세,상해없음
2012051400100076,2012년 5월 14일 07시,월요일,전라남도 광양시 중동,경상사고,0,0,1,0,차대사람 - 횡단중,보행자보호의무위반,건조,흐림,단일로 - 횡단보도상,승용,기타불명,기타불명,기타불명,보행자,여,15세,경상
2012051400100115,2012년 5월 14일 08시,월요일,전라남도 영암군 삼호읍,경상사고,0,0,1,0,차대차 - 측면직각충돌,안전운전불이행,습기,비,교차로 - 교차로부근,화물,남,54세,상해없음,화물,여,50세,경상
2012051400100116,2012년 5월 14일 08시,월요일,전라남도 장성군 남면,경상사고,0,0,1,0,차대차 - 측면직각충돌,신호위반,습기,비,교차로 - 교차로안,화물,남,70세,상해없음,농기계,남,50세,경상
2012051400100117,2012년 5월 14일 08시,월요일,전라남도 담양군 담양읍,경상사고,0,0,1,1,차대차 - 기타,중앙선침범,습기,비,단일로 - 기타,승용,여,42세,상해없음,특수,남,38세,경상
2012051400100143,2012년 5월 14일 09시,월요일,전라남도 목포시 산정동,경상사고,0,0,1,0,차대차 - 측면직각충돌,안전운전불이행,건조,맑음,단일로 - 기타,화물,여,51세,경상,화물,남,44세,상해없음
2012051400100144,2012년 5월 14일 09시,월요일,전라남도 구례군 구례읍,중상사고,0,1,1,0,차대차 - 측면직각충돌,교차로운행방법위반,습기,비,교차로 - 교차로안,승용,남,72세,상해없음,승합,남,60세,경상
2012051400100177,2012년 5월 14일 10시,월요일,전라남도 목포시 옥암동,중상사고,0,1,2,0,차대차 - 측면직각충돌,안전운전불이행,건조,맑음,교차로 - 교차로안,승용,남,36세,경상,화물,남,40세,경상
2012051400100178,2012년 5월 14일 10시,월요일,전라남도 나주시 다시면,경상사고,0,0,2,0,차대차 - 정면충돌,신호위반,습기,비,교차로 - 교차로안,승용,남,70세,경상,승용,남,72세,경상
2012051400100179,2012년 5월 14일 10시,월요일,전라남도 화순군 화순읍,경상사고,0,0,1,0,차대차 - 기타,기타,습기,비,교차로 - 교차로부근,승용,여,43세,경상,승용,남,72세,상해없음
2012051400100180,2012년 5월 14일 10시,월요일,전라남도 광양시 광영동,경상사고,0,0,3,0,차대차 - 추돌 - 진행중,안전운전불이행,습기,비,교차로 - 교차로부근,승용,남,56세,경상,승용,여,47세,경상
2012051400100181,2012년 5월 14일 10시,월요일,전라남도 장성군 장성읍,경상사고,0,0,5,0,차대차 - 추돌 - 진행중,안전운전불이행,습기,비,단일로 - 기타,화물,남,49세,상해없음,승용,여,54세,경상
2012051400100219,2012년 5월 14일 11시,월요일,전라남도 나주시 남평읍,경상사고,0,0,4,1,차대차 - 추돌 - 진행중,안전운전불이행,건조,맑음,단일로 - 교량,화물,남,25세,경상,승용,여,35세,경상
2012051400100220,2012년 5월 14일 11시,월요일,전라남도 나주시 산포면,경상사고,0,0,1,0,차대차 - 기타,안전거리미확보,습기,비,단일로 - 기타,화물,남,71세,상해없음,화물,남,26세,경상
2012051400100221,2012년 5월 14일 11시,월요일,전라남도 강진군 군동면,중상사고,0,7,9,0,차대차 - 추돌 - 주정차중,안전운전불이행,습기,비,단일로 - 기타,특수,남,43세,중상,승합,남,57세,기타불명
2012051400100258,2012년 5월 14일 12시,월요일,전라남도 신안군 자은면,중상사고,0,1,0,0,차대차 - 정면충돌,중앙선침범,건조,기타,단일로 - 기타,화물,남,48세,상해없음,승용,여,60세,중상
2012051400100259,2012년 5월 14일 12시,월요일,전라남도 목포시 옥암동,중상사고,0,1,2,0,차대차 - 기타,안전운전불이행,습기,비,교차로 - 교차로안,승용,여,33세,경상,승용,여,32세,중상
2012051400100300,2012년 5월 14일 13시,월요일,전라남도 목포시 용해동,경상사고,0,0,1,0,차대차 - 기타,차로위반,습기,비,단일로 - 기타,승용,여,43세,상해없음,승용,남,61세,경상
2012051400100338,2012년 5월 14일 14시,월요일,전라남도 순천시 조례동,경상사고,0,0,3,0,차대차 - 정면충돌,중앙선침범,습기,비,단일로 - 기타,승용,남,46세,상해없음,승용,남,56세,상해없음
2012051400100377,2012년 5월 14일 15시,월요일,전라남도 목포시 용해동,중상사고,0,2,0,0,차대차 - 측면직각충돌,중앙선침범,습기,비,단일로 - 기타,승용,남,42세,상해없음,승용,남,66세,중상
2012051400100378,2012년 5월 14일 15시,월요일,전라남도 화순군 화순읍,중상사고,0,1,0,0,차량단독 - 공작물충돌,안전운전불이행,습기,비,단일로 - 기타,화물,남,53세,중상,,,,
2012051400100379,2012년 5월 14일 15시,월요일,전라남도 광양시 진월면,중상사고,0,2,0,0,차대차 - 측면직각충돌,직진우회전진행방해,습기,비,교차로 - 교차로안,승용,남,59세,중상,승합,남,51세,상해없음
2012051400100423,2012년 5월 14일 16시,월요일,전라남도 여수시 소라면,경상사고,0,0,1,0,차대차 - 기타,차로위반,습기,비,단일로 - 기타,화물,남,44세,상해없음,화물,남,34세,경상
2012051400100424,2012년 5월 14일 16시,월요일,전라남도 고흥군 고흥읍,사망사고,1,2,0,0,차대차 - 정면충돌,중앙선침범,습기,비,단일로 - 기타,승합,남,54세,중상,승용,남,56세,중상
2012051400100425,2012년 5월 14일 16시,월요일,전라남도 해남군 문내면,중상사고,0,2,0,0,차대차 - 기타,차로위반,습기,비,단일로 - 기타,화물,남,60세,중상,화물,남,53세,중상
2012051400100426,2012년 5월 14일 16시,월요일,전라남도 화순군 화순읍,경상사고,0,0,1,0,차대차 - 측면직각충돌,교차로운행방법위반,건조,맑음,교차로 - 교차로부근,승용,여,50세,상해없음,승용,여,52세,경상
2012051400100427,2012년 5월 14일 16시,월요일,전라남도 함평군 함평읍,경상사고,0,0,1,0,차대차 - 측면직각충돌,직진우회전진행방해,습기,비,교차로 - 교차로안,승합,여,41세,상해없음,승용,남,48세,경상
2012051400100428,2012년 5월 14일 16시,월요일,전라남도 담양군 대덕면,경상사고,0,0,1,1,차량단독 - 기타,안전운전불이행,습기,비,단일로 - 기타,화물,남,39세,부상신고,,,,
2012051400100462,2012년 5월 14일 17시,월요일,전라남도 담양군 창평면,경상사고,0,0,2,0,차대차 - 추돌 - 진행중,안전거리미확보,습기,비,교차로 - 교차로부근,화물,남,46세,상해없음,승용,여,41세,경상
2012051400100503,2012년 5월 14일 18시,월요일,전라남도 여수시 여서동,경상사고,0,0,2,0,차대차 - 추돌 - 주정차중,안전운전불이행,습기,맑음,단일로 - 기타,승용,여,33세,상해없음,승용,여,54세,경상
2012051400100504,2012년 5월 14일 18시,월요일,전라남도 해남군 송지면,경상사고,0,0,3,0,차대차 - 측면직각충돌,중앙선침범,습기,비,단일로 - 기타,화물,남,65세,상해없음,승합,여,62세,경상
2012051400100505,2012년 5월 14일 18시,월요일,전라남도 해남군 삼산면,중상사고,0,1,6,0,차대차 - 측면직각충돌,교차로운행방법위반,습기,비,교차로 - 교차로안,승합,남,46세,상해없음,승용,남,27세,경상
2012051400100506,2012년 5월 14일 18시,월요일,전라남도 강진군 대구면,중상사고,0,1,0,0,차량단독 - 도로외이탈 - 기타,안전운전불이행,습기,비,단일로 - 기타,승용,남,60세,중상,,,,
2012051400100555,2012년 5월 14일 19시,월요일,전라남도 여수시 웅천동,경상사고,0,0,1,0,차대차 - 기타,안전운전불이행,습기,비,단일로 - 기타,승용,남,43세,상해없음,승용,남,31세,경상
2012051400100556,2012년 5월 14일 19시,월요일,전라남도 순천시 조례동,경상사고,0,0,2,0,차대차 - 추돌 - 주정차중,안전운전불이행,습기,비,교차로 - 교차로부근,승용,남,40세,상해없음,승용,남,42세,경상
2012051400100557,2012년 5월 14일 19시,월요일,전라남도 순천시 왕지동,경상사고,0,0,2,0,차대차 - 추돌 - 주정차중,안전거리미확보,습기,비,교차로 - 교차로안,승용,여,29세,상해없음,승용,남,40세,상해없음
2012051400100619,2012년 5월 14일 20시,월요일,전라남도 나주시 송월동,경상사고,0,0,1,0,차대차 - 측면직각충돌,중앙선침범,습기,비,교차로 - 교차로부근,승용,남,36세,상해없음,승용,남,32세,경상
2012051400100620,2012년 5월 14일 20시,월요일,전라남도 무안군 청계면,경상사고,0,0,1,0,차대사람 - 기타,신호위반,습기,비,단일로 - 횡단보도상,화물,남,60세,상해없음,보행자,여,17세,경상
2012051400100666,2012년 5월 14일 21시,월요일,전라남도 광양시 광양읍,경상사고,0,0,2,0,차대차 - 추돌 - 주정차중,안전운전불이행,습기,비,교차로 - 교차로부근,승합,남,45세,상해없음,승용,남,45세,경상
2012051400100741,2012년 5월 14일 23시,월요일,전라남도 순천시 장천동,경상사고,0,0,2,0,차대차 - 추돌 - 주정차중,안전운전불이행,습기,비,교차로 - 교차로부근,승용,남,55세,상해없음,승용,남,41세,경상
2012051400100742,2012년 5월 14일 23시,월요일,전라남도 고흥군 고흥읍,경상사고,0,0,1,0,차량단독 - 도로외이탈 - 기타,안전운전불이행,습기,비,단일로 - 기타,승용,남,35세,경상,,,,
2012051400100743,2012년 5월 14일 23시,월요일,전라남도 화순군 화순읍,경상사고,0,0,1,0,차대차 - 추돌 - 주정차중,안전운전불이행,건조,맑음,단일로 - 기타,기타불명,기타불명,기타불명,기타불명,승용,남,41세,경상
2012051500100084,2012년 5월 15일 06시,화요일,전라남도 여수시 신기동,경상사고,0,0,2,0,차대차 - 측면직각충돌,신호위반,건조,맑음,교차로 - 교차로안,승용,남,25세,경상,승용,남,47세,경상
2012051500100191,2012년 5월 15일 09시,화요일,전라남도 순천시 해룡면,중상사고,0,1,0,0,차량단독 - 기타,안전운전불이행,건조,맑음,단일로 - 기타,승합,남,52세,상해없음,,,,
2012051500100214,2012년 5월 15일 10시,화요일,전라남도 고흥군 금산면,중상사고,0,1,0,0,차대차 - 기타,중앙선침범,건조,맑음,단일로 - 기타,건설기계,남,53세,상해없음,이륜,남,70세,중상
2012051500100215,2012년 5월 15일 10시,화요일,전라남도 화순군 화순읍,경상사고,0,0,1,0,차량단독 - 기타,안전운전불이행,건조,맑음,단일로 - 기타,승합,남,57세,상해없음,,,,
2012051500100239,2012년 5월 15일 11시,화요일,전라남도 목포시 상동,경상사고,0,0,1,0,차대사람 - 횡단중,보행자보호의무위반,건조,맑음,단일로 - 기타,화물,남,75세,상해없음,보행자,여,8세,경상
2012051500100240,2012년 5월 15일 11시,화요일,전라남도 광양시 진월면,부상신고사고,0,0,0,1,차대차 - 측면직각충돌,교차로운행방법위반,건조,맑음,교차로 - 교차로안,승용,남,52세,상해없음,원동기,여,48세,부상신고
2012051500100271,2012년 5월 15일 12시,화요일,전라남도 장흥군 장흥읍,경상사고,0,0,1,0,차대차 - 기타,신호위반,건조,맑음,교차로 - 교차로안,화물,남,43세,상해없음,원동기,남,14세,경상
2012051500100272,2012년 5월 15일 12시,화요일,전라남도 장흥군 장흥읍,경상사고,0,0,1,0,차대차 - 기타,안전운전불이행,건조,맑음,단일로 - 기타,승용,남,59세,상해없음,화물,남,27세,경상
2012051500100305,2012년 5월 15일 13시,화요일,전라남도 장흥군 장흥읍,중상사고,0,1,0,0,차대차 - 기타,중앙선침범,건조,맑음,단일로 - 기타,승용,남,78세,상해없음,화물,남,48세,중상
2012051500100306,2012년 5월 15일 13시,화요일,전라남도 담양군 대전면,중상사고,0,1,0,0,차대차 - 측면직각충돌,안전운전불이행,건조,맑음,교차로 - 교차로안,원동기,남,70세,중상,화물,남,56세,상해없음