사고번호,사고일시,요일,시군구,사고내용,사망자수,중상자수,경상자수,부상신고자수,사고유형,법규위반,노면상태,기상상태,도로형태,가해운전자 차종,가해운전자 성별,가해운전자 연령,가해운전자 상해정도,피해운전자 차종,피해운전자 성별,피해운전자 연령,피해운전자 상해정도
2012051500100371,2012년 5월 15일 15시,화요일,전라남도 여수시 신월동,경상사고,0,0,5,0,차량단독 - 기타,안전운전불이행,건조,맑음,단일로 - 기타,승합,남,57세,상해없음,,,,
2012051500100372,2012년 5월 15일 15시,화요일,전라남도 무안군 몽탄면,경상사고,0,0,3,5,차대차 - 정면충돌,안전운전불이행,건조,맑음,단일로 - 기타,승합,남,51세,경상,건설기계,남,43세,경상
2012051500100373,2012년 5월 15일 15시,화요일,전라남도 광양시 광양읍,경상사고,0,0,1,0,차대차 - 추돌 - 주정차중,안전운전불이행,건조,맑음,교차로 - 교차로안,승용,남,45세,상해없음,승용,남,55세,경상
2012051500100374,2012년 5월 15일 15시,화요일,전라남도 광양시 금호동,경상사고,0,0,2,0,차대차 - 측면직각충돌,신호위반,건조,맑음,교차로 - 교차로안,승용,남,68세,상해없음,승합,남,49세,경상
2012051500100403,2012년 5월 15일 16시,화요일,전라남도 보성군 보성읍,중상사고,0,1,0,0,차대사람 - 기타,안전운전불이행,건조,맑음,단일로 - 기타,승용,여,40세,상해없음,보행자,남,67세,중상
2012051500100404,2012년 5월 15일 16시,화요일,전라남도 함평군 함평읍,경상사고,0,0,2,0,차대차 - 측면직각충돌,교차로운행방법위반,건조,맑음,교차로 - 교차로안,특수,남,55세,상해없음,이륜,남,72세,경상
2012051500100405,2012년 5월 15일 16시,화요일,전라남도 장성군 황룡면,경상사고,0,0,1,0,차대사람 - 차도통행중,안전운전불이행,건조,맑음,단일로 - 기타,화물,남,51세,상해없음,보행자,여,13세,경상
2012051500100406,2012년 5월 15일 16시,화요일,전라남도 담양군 무정면,경상사고,0,0,3,0,차대차 - 기타,안전운전불이행,건조,맑음,교차로 - 교차로안,승합,남,61세,상해없음,승용,남,72세,상해없음
2012051500100407,2012년 5월 15일 16시,화요일,전라남도 완도군 고금면,사망사고,1,0,0,0,차대사람 - 기타,안전운전불이행,건조,맑음,단일로 - 기타,승용,남,30세,상해없음,보행자,여,90세,사망
2012051500100483,2012년 5월 15일 18시,화요일,전라남도 순천시 연향동,경상사고,0,0,1,0,차대차 - 측면직각충돌,중앙선침범,건조,맑음,단일로 - 기타,자전거,남,17세,경상,승용,여,42세,상해없음
2012051500100484,2012년 5월 15일 18시,화요일,전라남도 순천시 조례동,중상사고,0,1,0,0,차대차 - 기타,안전운전불이행,건조,맑음,교차로 - 교차로안,승용,여,43세,상해없음,자전거,남,9세,중상
2012051500100485,2012년 5월 15일 18시,화요일,전라남도 영암군 미암면,중상사고,0,1,1,0,차량단독 - 도로외이탈 - 추락,안전운전불이행,건조,맑음,단일로 - 기타,원동기,남,15세,경상,,,,
2012051500100486,2012년 5월 15일 18시,화요일,전라남도 강진군 작천면,부상신고사고,0,0,0,1,차량단독 - 도로외이탈 - 기타,안전운전불이행,건조,맑음,단일로 - 기타,원동기,남,79세,부상신고,,,,
2012051500100516,2012년 5월 15일 19시,화요일,전라남도 여수시 소라면,사망사고,1,0,0,0,차대사람 - 기타,안전운전불이행,건조,맑음,단일로 - 기타,승용,남,27세,상해없음,보행자,여,79세,사망
2012051500100557,2012년 5월 15일 20시,화요일,전라남도 여수시 안산동,경상사고,0,0,1,0,차대차 - 측면직각충돌,안전운전불이행,건조,맑음,단일로 - 기타,승용,여,30세,상해없음,승용,여,51세,경상
2012051500100558,2012년 5월 15일 20시,화요일,전라남도 여수시 덕충동,경상사고,0,0,1,0,차대차 - 측면직각충돌,안전운전불이행,건조,맑음,단일로 - 기타,승합,남,45세,상해없음,승용,남,32세,상해없음
2012051500100594,2012년 5월 15일 21시,화요일,전라남도 목포시 상동,경상사고,0,0,1,0,차대차 - 측면직각충돌,직진우회전진행방해,건조,맑음,교차로 - 교차로안,승용,남,53세,상해없음,승용,남,28세,상해없음
2012051500100595,2012년 5월 15일 21시,화요일,전라남도 순천시 용당동,경상사고,0,0,2,0,차대차 - 추돌 - 진행중,안전거리미확보,건조,맑음,단일로 - 교량,승용,여,23세,상해없음,승용,남,25세,경상
2012051500100596,2012년 5월 15일 21시,화요일,전라남도 무안군 무안읍,경상사고,0,0,1,0,차량단독 - 공작물충돌,안전운전불이행,건조,맑음,교차로 - 교차로안,화물,남,67세,상해없음,,,,
2012051500100672,2012년 5월 15일 23시,화요일,전라남도 광양시 광양읍,경상사고,0,0,1,0,차량단독 - 기타,안전운전불이행,건조,맑음,단일로 - 기타,이륜,남,23세,경상,,,,
2012051600100017,2012년 5월 16일 00시,수요일,전라남도 담양군 대덕면,경상사고,0,0,1,0,차량단독 - 전도전복,안전운전불이행,건조,맑음,단일로 - 기타,승용,남,46세,경상,,,,
2012051600100035,2012년 5월 16일 01시,수요일,전라남도 목포시 옥암동,경상사고,0,0,3,0,차대차 - 측면직각충돌,직진우회전진행방해,건조,맑음,교차로 - 교차로안,승용,남,34세,경상,승용,남,22세,경상
2012051600100077,2012년 5월 16일 04시,수요일,전라남도 순천시 조례동,경상사고,0,0,1,0,차대차 - 추돌 - 진행중,안전거리미확보,건조,맑음,단일로 - 기타,승용,남,65세,상해없음,승용,여,26세,경상
2012051600100096,2012년 5월 16일 06시,수요일,전라남도 여수시 공화동,중상사고,0,1,0,0,차대사람 - 기타,기타,건조,맑음,단일로 - 기타,승합,남,56세,상해없음,보행자,여,81세,중상
2012051600100097,2012년 5월 16일 06시,수요일,전라남도 순천시 승주읍,경상사고,0,0,2,0,차대차 - 정면충돌,중앙선침범,건조,맑음,단일로 - 기타,승용,여,49세,경상,화물,남,28세,경상
2012051600100121,2012년 5월 16일 07시,수요일,전라남도 여수시 학동,경상사고,0,0,1,0,차대차 - 측면직각충돌,차로위반,건조,맑음,단일로 - 기타,승용,남,57세,상해없음,원동기,남,61세,경상
2012051600100122,2012년 5월 16일 07시,수요일,전라남도 영암군 삼호읍,중상사고,0,3,0,0,차대차 - 측면직각충돌,교차로운행방법위반,건조,맑음,교차로 - 교차로안,승용,남,52세,중상,승용,남,40세,중상
2012051600100123,2012년 5월 16일 07시,수요일,전라남도 담양군 창평면,부상신고사고,0,0,0,1,차량단독 - 기타,안전운전불이행,건조,맑음,교차로 - 교차로부근,자전거,남,50세,부상신고,,,,
2012051600100169,2012년 5월 16일 08시,수요일,전라남도 순천시 해룡면,사망사고,1,0,1,0,차대차 - 정면충돌,중앙선침범,건조,맑음,단일로 - 기타,승용,남,64세,사망,특수,남,44세,경상
2012051600100214,2012년 5월 16일 10시,수요일,전라남도 여수시 신기동,경상사고,0,0,1,0,차대차 - 기타,안전운전불이행,건조,맑음,단일로 - 기타,화물,남,44세,상해없음,승용,남,25세,경상
2012051600100215,2012년 5월 16일 10시,수요일,전라남도 장흥군 장흥읍,경상사고,0,0,1,0,차대차 - 기타,중앙선침범,건조,맑음,단일로 - 기타,원동기,남,71세,경상,화물,남,41세,상해없음
2012051600100234,2012년 5월 16일 11시,수요일,전라남도 순천시 주암면,중상사고,0,1,0,0,차대사람 - 횡단중,안전운전불이행,건조,맑음,단일로 - 기타,승용,여,48세,상해없음,보행자,남,54세,중상
2012051600100255,2012년 5월 16일 12시,수요일,전라남도 목포시 옥암동,중상사고,0,1,0,0,차대차 - 측면직각충돌,차로위반,건조,맑음,단일로 - 기타,자전거,남,57세,중상,화물,남,38세,상해없음
2012051600100256,2012년 5월 16일 12시,수요일,전라남도 함평군 손불면,경상사고,0,0,1,0,차대사람 - 횡단중,안전운전불이행,건조,맑음,단일로 - 기타,승용,남,52세,상해없음,보행자,남,33세,경상
2012051600100257,2012년 5월 16일 12시,수요일,전라남도 장성군 북일면,중상사고,0,1,0,0,차대차 - 기타,안전운전불이행,건조,맑음,단일로 - 기타,원동기,남,76세,중상,화물,남,44세,상해없음
2012051600100291,2012년 5월 16일 13시,수요일,전라남도 영암군 덕진면,중상사고,0,1,0,0,차대차 - 추돌 - 진행중,안전거리미확보,건조,맑음,단일로 - 기타,원동기,남,51세,중상,특수,남,32세,상해없음
2012051600100317,2012년 5월 16일 14시,수요일,전라남도 보성군 율어면,경상사고,0,0,1,0,차대차 - 추돌 - 진행중,안전운전불이행,건조,맑음,교차로 - 교차로안,승합,남,25세,상해없음,화물,남,70세,경상
2012051600100318,2012년 5월 16일 14시,수요일,전라남도 무안군 삼향읍,중상사고,0,1,0,0,차량단독 - 기타,안전운전불이행,건조,맑음,기타 - 기타,이륜,남,51세,중상,,,,
2012051600100356,2012년 5월 16일 15시,수요일,전라남도 목포시 산정동,경상사고,0,0,1,0,차대사람 - 횡단중,안전운전불이행,건조,맑음,단일로 - 기타,화물,남,34세,상해없음,보행자,여,4세,경상
2012051600100423,2012년 5월 16일 17시,수요일,전라남도 여수시 소호동,경상사고,0,0,1,0,차대차 - 측면직각충돌,안전운전불이행,건조,맑음,교차로 - 교차로안,이륜,남,17세,상해없음,승용,남,60세,상해없음
2012051600100424,2012년 5월 16일 17시,수요일,전라남도 광양시 중동,중상사고,0,1,0,0,차대사람 - 횡단중,안전운전불이행,건조,맑음,교차로 - 교차로부근,승용,여,48세,상해없음,보행자,여,14세,중상
2012051600100458,2012년 5월 16일 18시,수요일,전라남도 광양시 광영동,경상사고,0,0,5,0,차대차 - 측면직각충돌,직진우회전진행방해,건조,맑음,교차로 - 교차로안,승용,여,29세,경상,승용,남,55세,경상
2012051600100536,2012년 5월 16일 20시,수요일,전라남도 여수시 봉산동,경상사고,0,0,1,0,차대사람 - 횡단중,안전운전불이행,건조,맑음,단일로 - 기타,승용,여,47세,상해없음,보행자,여,61세,경상
2012051600100574,2012년 5월 16일 21시,수요일,전라남도 여수시 문수동,경상사고,0,0,1,0,차대사람 - 횡단중,신호위반,건조,맑음,교차로 - 교차로안,승용,남,61세,상해없음,보행자,여,21세,경상
2012051600100605,2012년 5월 16일 22시,수요일,전라남도 광양시 광양읍,경상사고,0,0,1,0,차량단독 - 공작물충돌,안전운전불이행,건조,맑음,교차로 - 교차로부근,화물,남,30세,경상,,,,
2012051700100047,2012년 5월 17일 02시,목요일,전라남도 순천시 조례동,경상사고,0,0,1,0,차대차 - 추돌 - 진행중,안전운전불이행,건조,흐림,교차로 - 교차로부근,승용,여,44세,상해없음,승용,남,44세,경상
2012051700100057,2012년 5월 17일 03시,목요일,전라남도 영암군 삼호읍,중상사고,0,1,0,0,차량단독 - 공작물충돌,안전운전불이행,건조,맑음,교차로 - 교차로안,승용,남,21세,중상,,,,
2012051700100088,2012년 5월 17일 06시,목요일,전라남도 함평군 대동면,중상사고,0,1,0,0,차대차 - 측면직각충돌,직진우회전진행방해,건조,맑음,교차로 - 교차로안,승용,남,59세,상해없음,이륜,남,71세,중상
2012051700100147,2012년 5월 17일 08시,목요일,전라남도 화순군 동복면,중상사고,0,1,1,0,차대차 - 정면충돌,중앙선침범,건조,맑음,단일로 - 기타,화물,남,36세,경상,화물,남,60세,중상
2012051700100174,2012년 5월 17일 09시,목요일,전라남도 나주시 남평읍,경상사고,0,0,2,0,차대차 - 측면직각충돌,중앙선침범,건조,맑음,단일로 - 기타,승용,남,51세,경상,화물,남,37세,경상
2012051700100204,2012년 5월 17일 10시,목요일,전라남도 여수시 광무동,중상사고,0,1,0,0,차대사람 - 기타,안전운전불이행,건조,맑음,교차로 - 교차로부근,화물,남,48세,상해없음,보행자,여,58세,중상
2012051700100205,2012년 5월 17일 10시,목요일,전라남도 여수시 율촌면,중상사고,0,1,0,0,차대차 - 측면직각충돌,교차로운행방법위반,건조,맑음,교차로 - 교차로안,화물,남,62세,상해없음,원동기,남,84세,중상
2012051700100206,2012년 5월 17일 10시,목요일,전라남도 무안군 청계면,경상사고,0,0,2,0,차대차 - 기타,안전운전불이행,건조,맑음,단일로 - 기타,승용,남,78세,경상,화물,남,46세,경상
2012051700100207,2012년 5월 17일 10시,목요일,전라남도 광양시 중동,경상사고,0,0,1,0,차대차 - 측면직각충돌,교차로운행방법위반,건조,맑음,교차로 - 교차로안,건설기계,남,34세,상해없음,화물,여,40세,경상
2012051700100229,2012년 5월 17일 11시,목요일,전라남도 여수시 둔덕동,경상사고,0,0,1,0,차대차 - 측면직각충돌,신호위반,건조,맑음,교차로 - 교차로안,화물,남,60세,상해없음,승용,남,36세,경상
2012051700100230,2012년 5월 17일 11시,목요일,전라남도 여수시 광무동,중상사고,0,1,0,0,차대사람 - 횡단중,신호위반,건조,맑음,단일로 - 기타,승용,남,56세,상해없음,보행자,여,64세,중상
2012051700100231,2012년 5월 17일 11시,목요일,전라남도 순천시 연향동,경상사고,0,0,1,0,차대차 - 기타,안전운전불이행,건조,맑음,교차로 - 교차로안,승용,남,48세,상해없음,승용,남,29세,경상
2012051700100232,2012년 5월 17일 11시,목요일,전라남도 영암군 시종면,중상사고,0,1,4,0,차대차 - 측면직각충돌,교차로운행방법위반,건조,맑음,교차로 - 교차로안,승용,남,64세,경상,화물,남,61세,경상
2012051700100285,2012년 5월 17일 13시,목요일,전라남도 장성군 장성읍,경상사고,0,0,1,0,차대사람 - 횡단중,안전운전불이행,건조,맑음,교차로 - 교차로안,화물,남,41세,상해없음,보행자,여,44세,경상
2012051700100313,2012년 5월 17일 14시,목요일,전라남도 순천시 매곡동,경상사고,0,0,1,0,차대사람 - 기타,안전운전불이행,건조,맑음,단일로 - 횡단보도부근,승용,남,61세,상해없음,보행자,여,48세,경상
2012051700100346,2012년 5월 17일 15시,목요일,전라남도 함평군 손불면,부상신고사고,0,0,0,1,차대차 - 측면직각충돌,안전운전불이행,건조,맑음,교차로 - 교차로안,농기계,남,82세,부상신고,승합,남,54세,상해없음
2012051700100379,2012년 5월 17일 16시,목요일,전라남도 순천시 연향동,경상사고,0,0,2,0,차대차 - 측면직각충돌,안전운전불이행,건조,맑음,기타 - 기타,이륜,남,21세,경상,자전거,남,7세,경상
2012051700100380,2012년 5월 17일 16시,목요일,전라남도 순천시 풍덕동,경상사고,0,0,2,0,차대차 - 기타,교차로운행방법위반,건조,맑음,교차로 - 교차로안,승합,남,29세,경상,승용,남,39세,경상
2012051700100416,2012년 5월 17일 17시,목요일,전라남도 함평군 신광면,경상사고,0,0,1,0,차대사람 - 길가장자리구역통행중,안전운전불이행,건조,맑음,단일로 - 기타,승용,여,44세,상해없음,보행자,남,64세,경상
2012051700100417,2012년 5월 17일 17시,목요일,전라남도 장성군 북일면,중상사고,0,1,0,0,차량단독 - 전도전복,안전운전불이행,건조,맑음,단일로 - 기타,승용,남,26세,상해없음,,,,
2012051700100450,2012년 5월 17일 18시,목요일,전라남도 화순군 화순읍,경상사고,0,0,1,0,차대사람 - 기타,안전운전불이행,건조,맑음,단일로 - 횡단보도상,승용,남,26세,상해없음,보행자,여,24세,경상
2012051700100451,2012년 5월 17일 18시,목요일,전라남도 광양시 중동,경상사고,0,0,1,0,차대사람 - 횡단중,보행자보호의무위반,건조,맑음,단일로 - 횡단보도상,승용,여,49세,상해없음,보행자,여,9세,경상
2012051700100452,2012년 5월 17일 18시,목요일,전라남도 광양시 광양읍,중상사고,0,1,0,0,차대차 - 정면충돌,안전운전불이행,건조,맑음,단일로 - 기타,이륜,남,43세,중상,승용,여,37세,상해없음
2012051700100495,2012년 5월 17일 19시,목요일,전라남도 여수시 상암동,중상사고,0,1,0,0,차대사람 - 횡단중,안전운전불이행,건조,맑음,단일로 - 기타,승용,남,29세,상해없음,보행자,여,54세,중상
2012051700100496,2012년 5월 17일 19시,목요일,전라남도 나주시 송월동,경상사고,0,0,4,0,차대차 - 추돌 - 주정차중,안전운전불이행,건조,맑음,교차로 - 교차로부근,승용,여,42세,경상,화물,남,30세,경상
2012051700100585,2012년 5월 17일 22시,목요일,전라남도 목포시 동명동,중상사고,0,3,0,0,차대차 - 측면직각충돌,직진우회전진행방해,건조,맑음,교차로 - 교차로안,승용,남,30세,상해없음,승용,남,35세,상해없음
2012051700100586,2012년 5월 17일 22시,목요일,전라남도 광양시 광양읍,중상사고,0,3,4,0,차대차 - 추돌 - 주정차중,안전운전불이행,건조,맑음,교차로 - 교차로부근,승용,남,44세,상해없음,승용,남,28세,중상
2012051700100617,2012년 5월 17일 23시,목요일,전라남도 순천시 생목동,경상사고,0,0,1,0,차대차 - 추돌 - 주정차중,안전운전불이행,건조,맑음,교차로 - 교차로부근,승용,남,34세,상해없음,승용,남,40세,경상
2012051700100618,2012년 5월 17일 23시,목요일,전라남도 광양시 광영동,경상사고,0,0,1,0,차대차 - 측면직각충돌,안전운전불이행,건조,맑음,교차로 - 교차로안,승용,남,56세,상해없음,승용,남,35세,기타불명
2012051800100063,2012년 5월 18일 05시,금요일,전라남도 장성군 황룡면,중상사고,0,1,0,0,차대사람 - 기타,안전운전불이행,건조,맑음,기타 - 기타,화물,남,31세,상해없음,보행자,남,66세,중상
2012051800100064,2012년 5월 18일 05시,금요일,전라남도 광양시 금호동,경상사고,0,0,1,0,차대차 - 측면직각충돌,신호위반,건조,맑음,교차로 - 교차로안,특수,남,40세,기타불명,화물,남,68세,경상
2012051800100077,2012년 5월 18일 06시,금요일,전라남도 여수시 남산동,중상사고,0,1,0,0,차대사람 - 횡단중,보행자보호의무위반,건조,맑음,단일로 - 횡단보도상,화물,남,51세,상해없음,보행자,여,73세,중상
2012051800100078,2012년 5월 18일 06시,금요일,전라남도 보성군 보성읍,중상사고,0,1,0,0,차량단독 - 기타,안전운전불이행,건조,맑음,단일로 - 기타,승합,남,59세,상해없음,,,,
2012051800100079,2012년 5월 18일 06시,금요일,전라남도 광양시 마동,부상신고사고,0,0,0,1,차대차 - 측면직각충돌,신호위반,건조,맑음,교차로 - 교차로안,승용,남,26세,부상신고,승용,남,45세,상해없음
2012051800100146,2012년 5월 18일 08시,금요일,전라남도 강진군 작천면,중상사고,0,1,0,0,차대차 - 기타,직진우회전진행방해,건조,맑음,교차로 - 교차로안,이륜,남,73세,상해없음,원동기,여,69세,중상
2012051800100147,2012년 5월 18일 08시,금요일,전라남도 광양시 광양읍,경상사고,0,0,1,0,차대차 - 측면직각충돌,안전운전불이행,건조,맑음,교차로 - 교차로안,승용,여,39세,경상,화물,남,61세,상해없음
2012051800100192,2012년 5월 18일 09시,금요일,전라남도 여수시 교동,경상사고,0,0,1,0,차대차 - 기타,안전운전불이행,건조,맑음,교차로 - 교차로부근,승합,남,37세,상해없음,승용,남,30세,경상
2012051800100193,2012년 5월 18일 09시,금요일,전라남도 나주시 반남면,경상사고,0,0,3,0,차대차 - 측면직각충돌,안전운전불이행,건조,맑음,교차로 - 교차로안,농기계,남,39세,상해없음,승용,남,37세,경상
2012051800100224,2012년 5월 18일 10시,금요일,전라남도 여수시 여서동,중상사고,0,1,0,0,차대사람 - 횡단중,안전운전불이행,건조,맑음,단일로 - 기타,승용,남,55세,상해없음,보행자,여,62세,중상
2012051800100254,2012년 5월 18일 11시,금요일,전라남도 영광군 영광읍,부상신고사고,0,0,0,1,차량단독 - 전도전복,안전운전불이행,건조,맑음,단일로 - 기타,화물,남,62세,부상신고,,,,
2012051800100255,2012년 5월 18일 11시,금요일,전라남도 담양군 담양읍,경상사고,0,0,2,0,차대차 - 기타,안전운전불이행,건조,맑음,단일로 - 기타,승합,남,51세,상해없음,승용,여,37세,경상
2012051800100280,2012년 5월 18일 12시,금요일,전라남도 순천시 낙안면,중상사고,0,1,2,0,차대차 - 기타,안전운전불이행,건조,맑음,교차로 - 교차로안,화물,여,57세,상해없음,승용,남,56세,경상
2012051800100281,2012년 5월 18일 12시,금요일,전라남도 순천시 조례동,중상사고,0,1,0,0,차대차 - 측면직각충돌,안전운전불이행,건조,맑음,단일로 - 기타,승용,기타불명,기타불명,기타불명,승용,여,30세,중상
2012051800100282,2012년 5월 18일 12시,금요일,전라남도 해남군 계곡면,중상사고,0,1,2,0,차량단독 - 기타,안전운전불이행,건조,맑음,단일로 - 기타,승용,여,42세,경상,,,,
2012051800100350,2012년 5월 18일 14시,금요일,전라남도 여수시 관문동,경상사고,0,0,1,0,차대차 - 기타,교차로운행방법위반,건조,맑음,교차로 - 교차로안,승용,남,68세,상해없음,승용,남,59세,상해없음
2012051800100390,2012년 5월 18일 15시,금요일,전라남도 영암군 시종면,사망사고,1,0,0,0,차량단독 - 전도전복,안전운전불이행,건조,맑음,단일로 - 기타,농기계,남,63세,사망,,,,
2012051800100429,2012년 5월 18일 16시,금요일,전라남도 여수시 율촌면,경상사고,0,0,1,0,차량단독 - 전도전복,안전운전불이행,건조,맑음,단일로 - 기타,화물,남,36세,경상,,,,
2012051800100430,2012년 5월 18일 16시,금요일,전라남도 나주시 과원동,경상사고,0,0,1,0,차대차 - 측면직각충돌,직진우회전진행방해,건조,맑음,교차로 - 교차로안,화물,남,25세,상해없음,승용,남,40세,경상
2012051800100468,2012년 5월 18일 17시,금요일,전라남도 함평군 나산면,중상사고,0,2,0,0,차대차 - 정면충돌,중앙선침범,건조,맑음,단일로 - 기타,승용,여,39세,중상,승용,여,62세,중상
2012051800100510,2012년 5월 18일 18시,금요일,전라남도 목포시 산정동,경상사고,0,0,2,0,차대차 - 측면직각충돌,안전거리미확보,건조,맑음,단일로 - 기타,승용,여,28세,상해없음,승용,남,33세,상해없음
2012051800100511,2012년 5월 18일 18시,금요일,전라남도 나주시 다도면,사망사고,1,0,0,0,차량단독 - 공작물충돌,안전운전불이행,건조,맑음,단일로 - 기타,승용,남,28세,사망,,,,
2012051800100512,2012년 5월 18일 18시,금요일,전라남도 나주시 남평읍,경상사고,0,0,1,0,차대차 - 측면직각충돌,안전운전불이행,건조,맑음,단일로 - 기타,이륜,남,54세,경상,승합,남,47세,상해없음
2012051800100548,2012년 5월 18일 19시,금요일,전라남도 순천시 낙안면,중상사고,0,1,0,0,차량단독 - 기타,안전운전불이행,건조,맑음,단일로 - 기타,승용,여,65세,중상,,,,
2012051800100549,2012년 5월 18일 19시,금요일,전라남도 장성군 황룡면,중상사고,0,1,0,0,차대차 - 측면직각충돌,교차로운행방법위반,건조,맑음,교차로 - 교차로안,화물,남,60세,상해없음,농기계,남,67세,중상
2012051800100642,2012년 5월 18일 21시,금요일,전라남도 목포시 산정동,경상사고,0,0,1,0,차대차 - 측면직각충돌,신호위반,건조,맑음,교차로 - 교차로안,자전거,남,62세,경상,승합,여,48세,상해없음
2012051900100072,2012년 5월 19일 02시,토요일,전라남도 여수시 신기동,경상사고,0,0,6,2,차대차 - 추돌 - 주정차중,안전거리미확보,건조,맑음,단일로 - 기타,승용,남,53세,상해없음,승용,남,18세,경상
2012051900100096,2012년 5월 19일 04시,토요일,전라남도 장흥군 장흥읍,경상사고,0,0,3,0,차대차 - 기타,교차로운행방법위반,건조,맑음,교차로 - 교차로안,승용,남,42세,상해없음,승용,남,26세,경상
2012051900100164,2012년 5월 19일 08시,토요일,전라남도 여수시 웅천동,경상사고,0,0,1,0,차대차 - 측면직각충돌,교차로운행방법위반,건조,맑음,교차로 - 교차로안,승용,남,25세,상해없음,승용,여,29세,경상
2012051900100165,2012년 5월 19일 08시,토요일,전라남도 화순군 화순읍,경상사고,0,0,1,0,차대차 - 기타,안전운전불이행,건조,맑음,교차로 - 교차로부근,승용,남,34세,상해없음,원동기,남,76세,경상
2012051900100185,2012년 5월 19일 09시,토요일,전라남도 해남군 해남읍,중상사고,0,1,0,0,차대사람 - 기타,안전운전불이행,건조,맑음,교차로 - 교차로안,화물,남,35세,상해없음,보행자,여,52세,중상
2012051900100223,2012년 5월 19일 10시,토요일,전라남도 순천시 서면,경상사고,0,0,1,0,차대차 - 측면직각충돌,직진우회전진행방해,건조,맑음,교차로 - 교차로부근,화물,남,37세,상해없음,승용,남,59세,경상
2012051900100224,2012년 5월 19일 10시,토요일,전라남도 영암군 삼호읍,경상사고,0,0,1,0,차대사람 - 기타,안전운전불이행,건조,맑음,단일로 - 기타,화물,남,47세,상해없음,보행자,남,50세,경상
2012051900100281,2012년 5월 19일 12시,토요일,전라남도 화순군 화순읍,경상사고,0,0,1,0,차대사람 - 기타,안전운전불이행,건조,맑음,단일로 - 기타,승용,여,59세,상해없음,보행자,여,8세,경상
2012051900100282,2012년 5월 19일 12시,토요일,전라남도 함평군 월야면,중상사고,0,2,0,0,차대차 - 추돌 - 진행중,안전운전불이행,건조,맑음,단일로 - 기타,승합,남,54세,상해없음,농기계,남,36세,중상
2012051900100350,2012년 5월 19일 14시,토요일,전라남도 보성군 회천면,경상사고,0,0,2,0,차대차 - 측면직각충돌,교차로운행방법위반,건조,맑음,교차로 - 교차로안,승용,남,47세,경상,승용,남,53세,경상
2012051900100351,2012년 5월 19일 14시,토요일,전라남도 영암군 삼호읍,중상사고,0,1,0,0,차대차 - 측면직각충돌,안전운전불이행,건조,맑음,교차로 - 교차로안,이륜,여,54세,중상,승용,여,32세,상해없음
2012051900100386,2012년 5월 19일 15시,토요일,전라남도 여수시 만흥동,경상사고,0,0,2,0,차대차 - 추돌 - 진행중,차로위반,건조,맑음,단일로 - 기타,승용,남,58세,경상,승용,남,61세,상해없음
2012051900100387,2012년 5월 19일 15시,토요일,전라남도 영광군 군서면,경상사고,0,0,2,0,차대차 - 기타,직진우회전진행방해,건조,맑음,교차로 - 교차로안,승합,남,61세,상해없음,이륜,남,68세,경상
2012051900100417,2012년 5월 19일 16시,토요일,전라남도 영암군 삼호읍,부상신고사고,0,0,0,2,차대차 - 측면직각충돌,불법유턴,건조,맑음,단일로 - 기타,특수,남,56세,상해없음,승용,남,36세,부상신고
2012051900100457,2012년 5월 19일 17시,토요일,전라남도 순천시 장천동,중상사고,0,1,0,0,차대차 - 측면직각충돌,안전운전불이행,건조,맑음,교차로 - 교차로안,승용,남,27세,상해없음,이륜,여,34세,중상
2012051900100458,2012년 5월 19일 17시,토요일,전라남도 담양군 담양읍,경상사고,0,0,3,0,차대차 - 측면직각충돌,신호위반,건조,맑음,교차로 - 교차로안,승용,남,21세,상해없음,화물,남,73세,경상
2012051900100490,2012년 5월 19일 18시,토요일,전라남도 순천시 조례동,경상사고,0,0,1,0,차대차 - 측면직각충돌,중앙선침범,건조,맑음,단일로 - 기타,승용,남,38세,상해없음,이륜,남,43세,경상
2012051900100491,2012년 5월 19일 18시,토요일,전라남도 나주시 이창동,경상사고,0,0,3,0,차대차 - 측면직각충돌,교차로운행방법위반,건조,맑음,교차로 - 교차로안,승용,여,37세,경상,승용,남,48세,경상
2012051900100492,2012년 5월 19일 18시,토요일,전라남도 광양시 진상면,경상사고,0,0,2,0,차대차 - 측면직각충돌,안전운전불이행,건조,맑음,단일로 - 기타,승용,여,52세,경상,화물,남,41세,경상
2012051900100533,2012년 5월 19일 19시,토요일,전라남도 목포시 죽교동,경상사고,0,0,1,0,차대사람 - 횡단중,중앙선침범,건조,맑음,단일로 - 기타,이륜,남,63세,상해없음,보행자,여,71세,경상
2012051900100534,2012년 5월 19일 19시,토요일,전라남도 해남군 해남읍,경상사고,0,0,3,0,차대차 - 측면직각충돌,안전운전불이행,건조,맑음,단일로 - 기타,승용,여,20세,상해없음,승용,여,57세,경상
2012051900100535,2012년 5월 19일 19시,토요일,전라남도 영광군 군서면,중상사고,0,4,1,0,차량단독 - 전도전복,안전운전불이행,건조,맑음,단일로 - 기타,승합,남,48세,경상,,,,
2012051900100568,2012년 5월 19일 20시,토요일,전라남도 여수시 광무동,경상사고,0,0,1,0,차대사람 - 차도통행중,안전운전불이행,건조,맑음,단일로 - 기타,원동기,남,66세,상해없음,보행자,남,79세,경상