사고번호,사고일시,요일,시군구,사고내용,사망자수,중상자수,경상자수,부상신고자수,사고유형,법규위반,노면상태,기상상태,도로형태,가해운전자 차종,가해운전자 성별,가해운전자 연령,가해운전자 상해정도,피해운전자 차종,피해운전자 성별,피해운전자 연령,피해운전자 상해정도
2012051900100569,2012년 5월 19일 20시,토요일,전라남도 여수시 소라면,경상사고,0,0,4,0,차대차 - 측면직각충돌,차로위반,건조,맑음,단일로 - 기타,승용,남,63세,상해없음,승합,남,39세,경상
2012051900100570,2012년 5월 19일 20시,토요일,전라남도 순천시 동외동,중상사고,0,1,0,0,차대차 - 기타,신호위반,건조,맑음,교차로 - 교차로안,승용,남,59세,상해없음,이륜,남,26세,중상
2012051900100602,2012년 5월 19일 21시,토요일,전라남도 여수시 돌산읍,경상사고,0,0,2,1,차대차 - 추돌 - 주정차중,안전운전불이행,건조,맑음,단일로 - 기타,기타불명,기타불명,기타불명,기타불명,승용,남,47세,경상
2012051900100603,2012년 5월 19일 21시,토요일,전라남도 화순군 화순읍,경상사고,0,0,1,0,차대차 - 측면직각충돌,신호위반,건조,맑음,교차로 - 교차로안,승용,남,49세,상해없음,승용,남,40세,경상
2012051900100639,2012년 5월 19일 22시,토요일,전라남도 화순군 화순읍,경상사고,0,0,1,0,차대차 - 추돌 - 주정차중,안전운전불이행,건조,맑음,단일로 - 기타,승용,남,19세,상해없음,화물,여,53세,경상
2012051900100640,2012년 5월 19일 22시,토요일,전라남도 광양시 중동,경상사고,0,0,2,1,차대차 - 측면직각충돌,직진우회전진행방해,건조,맑음,교차로 - 교차로안,승용,남,32세,부상신고,승용,여,41세,경상
2012051900100670,2012년 5월 19일 23시,토요일,전라남도 여수시 교동,중상사고,0,1,0,0,차량단독 - 기타,기타,건조,맑음,단일로 - 기타,승합,남,44세,상해없음,,,,
2012052000100013,2012년 5월 20일 00시,일요일,전라남도 여수시 국동,경상사고,0,0,1,0,차대차 - 추돌 - 주정차중,안전운전불이행,건조,맑음,교차로 - 교차로안,승용,남,34세,상해없음,이륜,남,42세,경상
2012052000100014,2012년 5월 20일 00시,일요일,전라남도 순천시 매곡동,경상사고,0,0,1,0,차대차 - 추돌 - 주정차중,안전운전불이행,건조,맑음,교차로 - 교차로부근,승용,여,54세,상해없음,승용,남,45세,경상
2012052000100015,2012년 5월 20일 00시,일요일,전라남도 광양시 광양읍,경상사고,0,0,3,0,차대차 - 측면직각충돌,직진우회전진행방해,건조,맑음,교차로 - 교차로안,원동기,남,17세,경상,승용,남,26세,상해없음
2012052000100051,2012년 5월 20일 02시,일요일,전라남도 목포시 대의동1가,경상사고,0,0,1,0,차대차 - 기타,안전운전불이행,건조,맑음,단일로 - 기타,승용,남,36세,기타불명,자전거,남,34세,경상
2012052000100112,2012년 5월 20일 07시,일요일,전라남도 목포시 동명동,중상사고,0,1,0,0,차대차 - 측면직각충돌,신호위반,건조,맑음,교차로 - 교차로안,승용,남,22세,상해없음,승용,여,64세,중상
2012052000100113,2012년 5월 20일 07시,일요일,전라남도 장흥군 관산읍,경상사고,0,0,1,0,차대차 - 기타,신호위반,건조,맑음,교차로 - 교차로안,화물,남,62세,상해없음,승용,남,68세,경상
2012052000100126,2012년 5월 20일 08시,일요일,전라남도 해남군 북평면,중상사고,0,1,2,0,차대차 - 측면직각충돌,교차로운행방법위반,건조,맑음,교차로 - 교차로안,승용,남,24세,경상,화물,남,63세,경상
2012052000100140,2012년 5월 20일 09시,일요일,전라남도 순천시 해룡면,사망사고,1,0,0,0,차대차 - 측면직각충돌,신호위반,건조,맑음,교차로 - 교차로안,이륜,남,69세,사망,승용,남,44세,상해없음
2012052000100141,2012년 5월 20일 09시,일요일,전라남도 장성군 북하면,경상사고,0,0,1,0,차량단독 - 공작물충돌,안전운전불이행,건조,맑음,단일로 - 기타,승용,남,61세,경상,,,,
2012052000100142,2012년 5월 20일 09시,일요일,전라남도 진도군 진도읍,경상사고,0,0,1,0,차대사람 - 기타,안전운전불이행,기타,맑음,기타 - 기타,승용,남,75세,상해없음,보행자,남,54세,경상
2012052000100174,2012년 5월 20일 11시,일요일,전라남도 여수시 돌산읍,경상사고,0,0,2,0,차대차 - 기타,안전거리미확보,건조,맑음,교차로 - 교차로부근,승용,남,36세,상해없음,승용,여,30세,경상
2012052000100175,2012년 5월 20일 11시,일요일,전라남도 순천시 별량면,중상사고,0,6,0,0,차대차 - 추돌 - 주정차중,안전거리미확보,건조,맑음,교차로 - 교차로안,화물,남,40세,상해없음,승용,여,37세,중상
2012052000100176,2012년 5월 20일 11시,일요일,전라남도 해남군 해남읍,경상사고,0,0,3,0,차대차 - 측면직각충돌,신호위반,건조,맑음,교차로 - 교차로안,승용,남,25세,경상,승용,여,40세,경상
2012052000100200,2012년 5월 20일 12시,일요일,전라남도 고흥군 고흥읍,경상사고,0,0,2,0,차대차 - 측면직각충돌,직진우회전진행방해,건조,맑음,교차로 - 교차로안,승용,남,59세,상해없음,승용,남,73세,상해없음
2012052000100217,2012년 5월 20일 13시,일요일,전라남도 여수시 관문동,경상사고,0,0,2,0,차대차 - 기타,안전운전불이행,건조,맑음,단일로 - 기타,승용,남,43세,상해없음,승용,남,32세,기타불명
2012052000100242,2012년 5월 20일 14시,일요일,전라남도 곡성군 겸면,경상사고,0,0,1,0,차량단독 - 공작물충돌,안전운전불이행,건조,맑음,단일로 - 기타,승합,남,58세,경상,,,,
2012052000100305,2012년 5월 20일 16시,일요일,전라남도 순천시 남정동,중상사고,0,1,2,0,차대차 - 측면직각충돌,안전운전불이행,건조,맑음,교차로 - 교차로안,승용,남,54세,중상,승용,남,24세,경상
2012052000100306,2012년 5월 20일 16시,일요일,전라남도 순천시 조곡동,경상사고,0,0,1,0,차대차 - 측면직각충돌,안전운전불이행,건조,맑음,단일로 - 기타,화물,남,47세,상해없음,승용,남,57세,상해없음
2012052000100307,2012년 5월 20일 16시,일요일,전라남도 해남군 삼산면,경상사고,0,0,2,0,차대차 - 기타,신호위반,건조,맑음,교차로 - 교차로안,화물,남,49세,상해없음,승용,여,48세,경상
2012052000100380,2012년 5월 20일 18시,일요일,전라남도 장성군 장성읍,사망사고,1,0,1,0,차량단독 - 공작물충돌,안전운전불이행,건조,맑음,단일로 - 기타,승용,남,22세,경상,,,,
2012052000100409,2012년 5월 20일 19시,일요일,전라남도 고흥군 도양읍,중상사고,0,2,3,0,차대차 - 추돌 - 주정차중,안전운전불이행,건조,맑음,교차로 - 교차로부근,화물,남,70세,중상,화물,남,64세,경상
2012052000100444,2012년 5월 20일 20시,일요일,전라남도 여수시 공화동,중상사고,0,1,2,0,차대차 - 기타,교차로운행방법위반,건조,맑음,교차로 - 교차로안,승용,남,41세,상해없음,승용,남,61세,경상
2012052000100445,2012년 5월 20일 20시,일요일,전라남도 여수시 봉산동,중상사고,0,1,0,0,차대차 - 기타,중앙선침범,건조,맑음,단일로 - 기타,화물,남,54세,상해없음,승용,남,31세,중상
2012052000100476,2012년 5월 20일 21시,일요일,전라남도 해남군 해남읍,경상사고,0,0,2,0,차대차 - 기타,교차로운행방법위반,건조,맑음,교차로 - 교차로안,이륜,남,53세,경상,승용,남,43세,경상
2012052000100504,2012년 5월 20일 22시,일요일,전라남도 목포시 상동,경상사고,0,0,1,0,차대차 - 기타,안전운전불이행,건조,맑음,단일로 - 기타,승용,남,47세,상해없음,승용,여,27세,경상
2012052000100505,2012년 5월 20일 22시,일요일,전라남도 여수시 둔덕동,경상사고,0,0,1,0,차대차 - 측면직각충돌,안전운전불이행,건조,맑음,단일로 - 기타,승용,여,54세,상해없음,이륜,남,17세,경상
2012052100100009,2012년 5월 21일 00시,월요일,전라남도 나주시 다도면,중상사고,0,1,0,0,차량단독 - 기타,기타,건조,맑음,기타 - 기타,승합,남,44세,상해없음,,,,
2012052100100041,2012년 5월 21일 04시,월요일,전라남도 목포시 산정동,경상사고,0,0,1,0,차대차 - 정면충돌,중앙선침범,건조,맑음,교차로 - 교차로부근,승용,남,27세,상해없음,승용,남,39세,경상
2012052100100045,2012년 5월 21일 05시,월요일,전라남도 순천시 조곡동,사망사고,1,0,0,0,차량단독 - 도로외이탈 - 추락,안전운전불이행,건조,맑음,교차로 - 교차로부근,승용,남,56세,사망,,,,
2012052100100063,2012년 5월 21일 06시,월요일,전라남도 해남군 해남읍,중상사고,0,1,0,0,차대차 - 측면직각충돌,교차로운행방법위반,건조,맑음,교차로 - 교차로안,승용,남,50세,상해없음,이륜,여,67세,중상
2012052100100082,2012년 5월 21일 07시,월요일,전라남도 여수시 교동,경상사고,0,0,1,0,차대사람 - 기타,안전운전불이행,건조,맑음,단일로 - 기타,승합,남,50세,기타불명,보행자,여,67세,경상
2012052100100124,2012년 5월 21일 08시,월요일,전라남도 목포시 상동,경상사고,0,0,1,0,차량단독 - 기타,안전운전불이행,건조,맑음,교차로 - 교차로부근,승용,여,36세,상해없음,,,,
2012052100100125,2012년 5월 21일 08시,월요일,전라남도 순천시 조례동,경상사고,0,0,3,0,차대차 - 기타,안전운전불이행,건조,맑음,단일로 - 기타,승용,여,36세,상해없음,화물,남,45세,경상
2012052100100126,2012년 5월 21일 08시,월요일,전라남도 장성군 장성읍,경상사고,0,0,2,0,차대차 - 추돌 - 진행중,안전거리미확보,건조,맑음,교차로 - 교차로부근,승용,여,45세,경상,승용,여,49세,경상
2012052100100127,2012년 5월 21일 08시,월요일,전라남도 무안군 삼향읍,중상사고,0,1,1,0,차대차 - 기타,신호위반,건조,맑음,교차로 - 교차로안,이륜,남,40세,중상,승용,남,53세,경상
2012052100100180,2012년 5월 21일 10시,월요일,전라남도 장성군 장성읍,경상사고,0,0,2,0,차대차 - 측면직각충돌,신호위반,건조,맑음,교차로 - 교차로안,승용,남,48세,상해없음,승용,여,32세,경상
2012052100100181,2012년 5월 21일 10시,월요일,전라남도 무안군 운남면,중상사고,0,1,0,0,차대사람 - 기타,안전운전불이행,건조,맑음,교차로 - 교차로안,화물,남,47세,상해없음,보행자,여,76세,중상
2012052100100215,2012년 5월 21일 11시,월요일,전라남도 나주시 영산동,경상사고,0,0,1,0,차대차 - 측면직각충돌,안전운전불이행,건조,맑음,교차로 - 교차로안,승용,남,52세,상해없음,원동기,남,41세,경상
2012052100100233,2012년 5월 21일 12시,월요일,전라남도 해남군 현산면,중상사고,0,6,8,0,차대차 - 정면충돌,중앙선침범,건조,맑음,단일로 - 기타,승용,여,36세,경상,승합,남,51세,중상
2012052100100258,2012년 5월 21일 13시,월요일,전라남도 여수시 국동,중상사고,0,1,0,0,차대사람 - 횡단중,보행자보호의무위반,건조,맑음,단일로 - 기타,승용,여,47세,상해없음,보행자,여,60세,중상
2012052100100259,2012년 5월 21일 13시,월요일,전라남도 여수시 돌산읍,중상사고,0,1,1,0,차대차 - 측면직각충돌,교차로운행방법위반,건조,맑음,단일로 - 기타,화물,남,74세,경상,승용,남,56세,중상
2012052100100292,2012년 5월 21일 14시,월요일,전라남도 여수시 덕충동,경상사고,0,0,1,0,차대사람 - 기타,안전운전불이행,건조,맑음,단일로 - 기타,승용,남,35세,기타불명,보행자,남,25세,경상
2012052100100293,2012년 5월 21일 14시,월요일,전라남도 나주시 중앙동,경상사고,0,0,1,0,차대사람 - 길가장자리구역통행중,안전운전불이행,건조,맑음,단일로 - 기타,승용,여,29세,상해없음,보행자,여,60세,경상
2012052100100294,2012년 5월 21일 14시,월요일,전라남도 함평군 학교면,중상사고,0,1,2,0,차대차 - 측면직각충돌,불법유턴,건조,맑음,교차로 - 교차로안,승용,여,37세,중상,특수,남,34세,경상
2012052100100295,2012년 5월 21일 14시,월요일,전라남도 완도군 보길면,부상신고사고,0,0,0,1,차대사람 - 기타,안전운전불이행,건조,맑음,단일로 - 기타,기타불명,기타불명,기타불명,기타불명,보행자,남,79세,부상신고
2012052100100296,2012년 5월 21일 14시,월요일,전라남도 진도군 진도읍,경상사고,0,0,1,0,차대차 - 측면직각충돌,신호위반,건조,맑음,교차로 - 교차로안,화물,남,58세,상해없음,승용,여,46세,경상
2012052100100297,2012년 5월 21일 14시,월요일,전라남도 광양시 중동,경상사고,0,0,1,0,차대사람 - 횡단중,보행자보호의무위반,건조,맑음,단일로 - 횡단보도상,승용,여,35세,상해없음,보행자,남,8세,경상
2012052100100333,2012년 5월 21일 15시,월요일,전라남도 해남군 현산면,경상사고,0,0,2,0,차대차 - 추돌 - 진행중,안전운전불이행,건조,맑음,단일로 - 기타,이륜,남,48세,경상,농기계,남,80세,경상
2012052100100421,2012년 5월 21일 17시,월요일,전라남도 목포시 동명동,경상사고,0,0,1,0,차대사람 - 횡단중,안전운전불이행,건조,맑음,단일로 - 기타,승합,남,34세,상해없음,보행자,남,56세,경상
2012052100100472,2012년 5월 21일 18시,월요일,전라남도 여수시 봉산동,경상사고,0,0,1,0,차대차 - 추돌 - 주정차중,안전운전불이행,건조,맑음,단일로 - 기타,승용,남,42세,상해없음,승용,남,27세,경상
2012052100100473,2012년 5월 21일 18시,월요일,전라남도 여수시 돌산읍,경상사고,0,0,1,0,차대차 - 측면직각충돌,교차로운행방법위반,건조,맑음,교차로 - 교차로안,화물,남,29세,상해없음,원동기,남,37세,경상
2012052100100474,2012년 5월 21일 18시,월요일,전라남도 순천시 장천동,중상사고,0,1,0,0,차대차 - 기타,중앙선침범,건조,맑음,단일로 - 기타,승용,남,77세,상해없음,승용,여,44세,중상
2012052100100475,2012년 5월 21일 18시,월요일,전라남도 보성군 득량면,경상사고,0,0,4,0,차대차 - 추돌 - 주정차중,안전운전불이행,건조,맑음,단일로 - 기타,승용,남,49세,경상,승용,남,22세,경상
2012052100100507,2012년 5월 21일 19시,월요일,전라남도 보성군 벌교읍,중상사고,0,2,0,0,차대차 - 측면직각충돌,신호위반,건조,맑음,교차로 - 교차로안,승용,남,54세,상해없음,화물,여,36세,중상
2012052100100508,2012년 5월 21일 19시,월요일,전라남도 담양군 무정면,중상사고,0,3,0,0,차대차 - 측면직각충돌,중앙선침범,건조,맑음,단일로 - 기타,화물,남,42세,중상,승용,여,20세,중상
2012052100100590,2012년 5월 21일 21시,월요일,전라남도 여수시 신기동,경상사고,0,0,5,0,차대차 - 추돌 - 진행중,안전거리미확보,건조,맑음,교차로 - 교차로부근,승용,남,52세,상해없음,승용,여,40세,경상
2012052100100591,2012년 5월 21일 21시,월요일,전라남도 광양시 마동,경상사고,0,0,2,1,차대차 - 측면직각충돌,교차로운행방법위반,건조,맑음,교차로 - 교차로안,승용,남,25세,부상신고,승용,여,35세,경상
2012052100100592,2012년 5월 21일 21시,월요일,전라남도 구례군 토지면,경상사고,0,0,1,0,차량단독 - 전도전복,안전운전불이행,건조,맑음,단일로 - 기타,화물,여,57세,경상,,,,
2012052100100647,2012년 5월 21일 23시,월요일,전라남도 담양군 담양읍,경상사고,0,0,2,0,차대차 - 측면직각충돌,신호위반,건조,맑음,교차로 - 교차로안,승용,남,35세,경상,승용,남,28세,경상
2012052200100016,2012년 5월 22일 00시,화요일,전라남도 목포시 상동,경상사고,0,0,2,0,차대차 - 측면직각충돌,차로위반,건조,맑음,교차로 - 교차로부근,승용,남,23세,상해없음,이륜,남,18세,경상
2012052200100050,2012년 5월 22일 03시,화요일,전라남도 여수시 화장동,경상사고,0,0,2,0,차대차 - 정면충돌,교차로운행방법위반,건조,맑음,교차로 - 교차로안,승용,여,46세,상해없음,승용,여,32세,경상
2012052200100067,2012년 5월 22일 05시,화요일,전라남도 나주시 금천면,경상사고,0,0,1,0,차량단독 - 공작물충돌,안전운전불이행,건조,맑음,교차로 - 교차로부근,승용,여,37세,경상,,,,
2012052200100087,2012년 5월 22일 06시,화요일,전라남도 나주시 금천면,경상사고,0,0,3,1,차대차 - 측면직각충돌,신호위반,건조,맑음,교차로 - 교차로안,화물,남,57세,부상신고,승용,남,59세,경상
2012052200100088,2012년 5월 22일 06시,화요일,전라남도 보성군 회천면,중상사고,0,1,1,0,차대차 - 측면직각충돌,교차로운행방법위반,건조,맑음,교차로 - 교차로안,화물,남,30세,경상,승용,남,75세,중상
2012052200100089,2012년 5월 22일 06시,화요일,전라남도 완도군 군외면,중상사고,0,1,0,0,차대차 - 기타,안전운전불이행,건조,맑음,단일로 - 기타,화물,남,45세,상해없음,자전거,남,80세,중상
2012052200100090,2012년 5월 22일 06시,화요일,전라남도 광양시 중동,중상사고,0,1,0,0,차대차 - 측면직각충돌,중앙선침범,건조,맑음,교차로 - 교차로부근,자전거,남,27세,중상,승용,남,60세,상해없음
2012052200100118,2012년 5월 22일 07시,화요일,전라남도 여수시 해산동,경상사고,0,0,1,0,차대차 - 기타,안전운전불이행,건조,맑음,단일로 - 기타,승용,남,35세,상해없음,승용,남,55세,경상
2012052200100119,2012년 5월 22일 07시,화요일,전라남도 순천시 별량면,중상사고,0,2,0,0,차대차 - 기타,안전운전불이행,건조,맑음,교차로 - 교차로안,승용,남,33세,상해없음,승용,여,38세,중상
2012052200100152,2012년 5월 22일 08시,화요일,전라남도 여수시 소호동,경상사고,0,0,2,0,차대사람 - 기타,안전운전불이행,건조,맑음,단일로 - 기타,승용,여,29세,상해없음,보행자,남,6세,경상
2012052200100192,2012년 5월 22일 09시,화요일,전라남도 목포시 옥암동,경상사고,0,0,2,0,차대차 - 측면직각충돌,신호위반,건조,맑음,교차로 - 교차로안,화물,남,61세,경상,화물,여,49세,경상
2012052200100193,2012년 5월 22일 09시,화요일,전라남도 담양군 담양읍,경상사고,0,0,1,0,차대사람 - 기타,안전운전불이행,건조,맑음,기타 - 기타,기타불명,남,48세,상해없음,보행자,여,49세,경상
2012052200100194,2012년 5월 22일 09시,화요일,전라남도 구례군 구례읍,경상사고,0,0,1,0,차대차 - 추돌 - 주정차중,안전운전불이행,건조,맑음,단일로 - 기타,이륜,남,78세,경상,화물,남,58세,기타불명
2012052200100225,2012년 5월 22일 10시,화요일,전라남도 목포시 용당동,경상사고,0,0,2,0,차대차 - 측면직각충돌,직진우회전진행방해,건조,맑음,교차로 - 교차로안,승용,남,72세,경상,승용,여,37세,경상
2012052200100226,2012년 5월 22일 10시,화요일,전라남도 여수시 중흥동,중상사고,0,1,0,0,차대차 - 기타,안전운전불이행,건조,맑음,단일로 - 기타,화물,남,46세,상해없음,승용,남,26세,중상
2012052200100227,2012년 5월 22일 10시,화요일,전라남도 영광군 영광읍,경상사고,0,0,1,0,차대사람 - 기타,안전운전불이행,건조,맑음,기타 - 기타,승용,남,40세,상해없음,보행자,남,52세,경상
2012052200100228,2012년 5월 22일 10시,화요일,전라남도 강진군 강진읍,경상사고,0,0,1,2,차대차 - 추돌 - 진행중,안전운전불이행,건조,맑음,교차로 - 교차로안,이륜,남,71세,부상신고,자전거,남,58세,경상
2012052200100261,2012년 5월 22일 11시,화요일,전라남도 광양시 도이동,경상사고,0,0,1,0,차량단독 - 전도전복,안전운전불이행,건조,맑음,교차로 - 교차로안,특수,남,46세,경상,,,,
2012052200100286,2012년 5월 22일 12시,화요일,전라남도 목포시 옥암동,경상사고,0,0,3,0,차대차 - 기타,안전운전불이행,건조,맑음,단일로 - 기타,승용,남,58세,상해없음,승용,여,43세,경상
2012052200100312,2012년 5월 22일 13시,화요일,전라남도 신안군 지도읍,경상사고,0,0,1,0,차대차 - 측면직각충돌,안전운전불이행,건조,맑음,교차로 - 교차로부근,승용,남,57세,상해없음,화물,남,33세,경상
2012052200100313,2012년 5월 22일 13시,화요일,전라남도 해남군 산이면,중상사고,0,1,0,0,차대사람 - 기타,안전운전불이행,건조,맑음,단일로 - 기타,화물,남,28세,상해없음,보행자,여,65세,중상
2012052200100314,2012년 5월 22일 13시,화요일,전라남도 광양시 옥룡면,중상사고,0,1,0,0,차대차 - 측면직각충돌,안전운전불이행,건조,맑음,교차로 - 교차로안,이륜,남,16세,중상,화물,남,63세,상해없음
2012052200100375,2012년 5월 22일 15시,화요일,전라남도 영암군 영암읍,경상사고,0,0,3,0,차대차 - 측면직각충돌,안전운전불이행,건조,맑음,교차로 - 교차로안,승용,남,53세,상해없음,승용,여,30세,경상
2012052200100376,2012년 5월 22일 15시,화요일,전라남도 담양군 남면,경상사고,0,0,2,0,차대차 - 기타,안전운전불이행,건조,맑음,교차로 - 교차로안,승용,남,56세,경상,승용,남,43세,경상
2012052200100408,2012년 5월 22일 16시,화요일,전라남도 곡성군 목사동면,중상사고,0,1,0,0,차대사람 - 기타,안전운전불이행,건조,맑음,기타 - 기타,화물,남,54세,상해없음,보행자,남,54세,중상
2012052200100454,2012년 5월 22일 17시,화요일,전라남도 순천시 동외동,중상사고,0,1,1,0,차대차 - 측면직각충돌,안전운전불이행,건조,맑음,단일로 - 기타,승용,남,74세,상해없음,승용,남,51세,중상
2012052200100485,2012년 5월 22일 18시,화요일,전라남도 나주시 영산동,경상사고,0,0,1,0,차대차 - 기타,안전운전불이행,건조,맑음,단일로 - 기타,승용,기타불명,기타불명,기타불명,자전거,남,10세,경상
2012052200100486,2012년 5월 22일 18시,화요일,전라남도 보성군 보성읍,경상사고,0,0,1,0,차대차 - 정면충돌,안전운전불이행,건조,맑음,단일로 - 기타,이륜,남,58세,경상,승용,여,54세,상해없음
2012052200100487,2012년 5월 22일 18시,화요일,전라남도 장성군 장성읍,경상사고,0,0,2,0,차대사람 - 길가장자리구역통행중,중앙선침범,건조,맑음,단일로 - 기타,승용,남,70세,상해없음,보행자,남,54세,경상
2012052200100488,2012년 5월 22일 18시,화요일,전라남도 강진군 군동면,경상사고,0,0,5,0,차대차 - 기타,안전운전불이행,건조,맑음,단일로 - 기타,화물,남,45세,상해없음,승용,여,29세,경상
2012052200100563,2012년 5월 22일 20시,화요일,전라남도 여수시 율촌면,중상사고,0,1,0,0,차대사람 - 횡단중,안전운전불이행,건조,맑음,단일로 - 기타,승용,남,41세,상해없음,보행자,여,74세,중상
2012052200100564,2012년 5월 22일 20시,화요일,전라남도 장성군 서삼면,경상사고,0,0,2,0,차대차 - 측면직각충돌,안전운전불이행,건조,맑음,단일로 - 기타,승용,남,29세,상해없음,원동기,남,57세,경상
2012052200100600,2012년 5월 22일 21시,화요일,전라남도 목포시 산정동,중상사고,0,1,0,0,차대차 - 기타,안전운전불이행,건조,맑음,교차로 - 교차로안,승용,여,50세,중상,승용,남,58세,기타불명
2012052200100601,2012년 5월 22일 21시,화요일,전라남도 순천시 덕암동,중상사고,0,1,0,0,차대차 - 기타,안전운전불이행,건조,맑음,교차로 - 교차로부근,승용,남,46세,상해없음,승용,남,31세,중상
2012052200100641,2012년 5월 22일 22시,화요일,전라남도 목포시 옥암동,경상사고,0,0,1,0,차대차 - 기타,안전운전불이행,건조,맑음,단일로 - 기타,화물,남,28세,상해없음,승용,여,40세,경상
2012052200100642,2012년 5월 22일 22시,화요일,전라남도 목포시 옥암동,중상사고,0,1,0,0,차대차 - 기타,교차로운행방법위반,건조,맑음,교차로 - 교차로안,승용,남,30세,상해없음,이륜,남,16세,중상
2012052200100643,2012년 5월 22일 22시,화요일,전라남도 무안군 청계면,경상사고,0,0,1,0,차대사람 - 기타,안전운전불이행,건조,맑음,교차로 - 교차로부근,승용,여,21세,기타불명,보행자,남,25세,경상
2012052200100672,2012년 5월 22일 23시,화요일,전라남도 순천시 연향동,경상사고,0,0,1,0,차대사람 - 기타,안전운전불이행,건조,맑음,단일로 - 기타,승용,남,37세,상해없음,보행자,남,36세,경상
2012052300100011,2012년 5월 23일 00시,수요일,전라남도 순천시 용당동,경상사고,0,0,2,0,차대차 - 기타,안전운전불이행,건조,맑음,단일로 - 기타,승용,여,37세,상해없음,승용,남,53세,경상
2012052300100037,2012년 5월 23일 02시,수요일,전라남도 순천시 조곡동,중상사고,0,1,2,0,차대차 - 기타,신호위반,건조,맑음,교차로 - 교차로안,승용,남,24세,경상,승용,남,59세,중상
2012052300100066,2012년 5월 23일 05시,수요일,전라남도 목포시 무안동,경상사고,0,0,1,0,차대차 - 기타,교차로운행방법위반,건조,맑음,교차로 - 교차로안,화물,남,47세,상해없음,승용,남,62세,상해없음
2012052300100079,2012년 5월 23일 06시,수요일,전라남도 여수시 중흥동,중상사고,0,1,0,0,차대차 - 측면직각충돌,중앙선침범,건조,맑음,교차로 - 교차로안,승용,남,40세,상해없음,승용,남,34세,중상
2012052300100080,2012년 5월 23일 06시,수요일,전라남도 나주시 삼도동,경상사고,0,0,1,0,차대차 - 측면직각충돌,안전운전불이행,건조,맑음,단일로 - 횡단보도상,화물,남,63세,상해없음,자전거,남,54세,경상
2012052300100102,2012년 5월 23일 07시,수요일,전라남도 목포시 석현동,경상사고,0,0,1,0,차대차 - 추돌 - 진행중,안전운전불이행,건조,맑음,단일로 - 기타,승용,남,45세,상해없음,승용,남,25세,경상
2012052300100103,2012년 5월 23일 07시,수요일,전라남도 화순군 화순읍,중상사고,0,1,0,0,차대차 - 기타,안전운전불이행,건조,맑음,교차로 - 교차로부근,승용,여,54세,상해없음,자전거,남,72세,중상
2012052300100104,2012년 5월 23일 07시,수요일,전라남도 구례군 간전면,중상사고,0,1,0,0,차량단독 - 기타,안전운전불이행,건조,맑음,단일로 - 기타,이륜,여,69세,상해없음,,,,
2012052300100169,2012년 5월 23일 09시,수요일,전라남도 순천시 동외동,경상사고,0,0,2,0,차대차 - 기타,직진우회전진행방해,건조,맑음,교차로 - 교차로안,승용,남,31세,경상,화물,남,28세,경상
2012052300100170,2012년 5월 23일 09시,수요일,전라남도 장흥군 용산면,중상사고,0,1,0,0,차대차 - 기타,안전운전불이행,건조,맑음,단일로 - 기타,승용,남,63세,상해없음,농기계,남,67세,중상
2012052300100207,2012년 5월 23일 11시,수요일,전라남도 강진군 군동면,중상사고,0,1,0,0,차대차 - 기타,기타,건조,맑음,교차로 - 교차로안,승용,남,64세,상해없음,자전거,남,74세,중상
2012052300100229,2012년 5월 23일 12시,수요일,전라남도 여수시 서교동,경상사고,0,0,1,0,차대차 - 추돌 - 주정차중,안전운전불이행,건조,맑음,단일로 - 기타,승용,남,41세,상해없음,승합,남,33세,경상
2012052300100230,2012년 5월 23일 12시,수요일,전라남도 나주시 금천면,경상사고,0,0,2,0,차대차 - 측면직각충돌,안전운전불이행,건조,맑음,교차로 - 교차로안,승용,남,54세,경상,승용,여,49세,경상
2012052300100231,2012년 5월 23일 12시,수요일,전라남도 고흥군 포두면,중상사고,0,1,0,0,차대차 - 측면직각충돌,안전운전불이행,건조,맑음,단일로 - 기타,승용,남,67세,상해없음,이륜,여,64세,중상
2012052300100232,2012년 5월 23일 12시,수요일,전라남도 화순군 화순읍,중상사고,0,1,0,0,차대사람 - 횡단중,안전운전불이행,건조,맑음,단일로 - 횡단보도부근,화물,남,29세,상해없음,보행자,여,63세,중상
2012052300100233,2012년 5월 23일 12시,수요일,전라남도 영암군 학산면,중상사고,0,1,1,0,차대차 - 측면직각충돌,신호위반,건조,맑음,교차로 - 교차로안,승용,여,51세,중상,화물,남,57세,경상
2012052300100265,2012년 5월 23일 13시,수요일,전라남도 목포시 용당동,경상사고,0,0,1,0,차대차 - 기타,안전운전불이행,건조,맑음,단일로 - 기타,자전거,남,75세,경상,승합,남,75세,상해없음
2012052300100266,2012년 5월 23일 13시,수요일,전라남도 순천시 조례동,중상사고,0,1,0,0,차대차 - 기타,중앙선침범,건조,맑음,단일로 - 기타,승용,남,29세,상해없음,원동기,남,28세,중상
2012052300100299,2012년 5월 23일 14시,수요일,전라남도 순천시 해룡면,중상사고,0,1,0,0,차대사람 - 횡단중,안전운전불이행,건조,맑음,교차로 - 교차로부근,화물,여,54세,상해없음,보행자,남,80세,중상