사고번호,사고일시,요일,시군구,사고내용,사망자수,중상자수,경상자수,부상신고자수,사고유형,법규위반,노면상태,기상상태,도로형태,가해운전자 차종,가해운전자 성별,가해운전자 연령,가해운전자 상해정도,피해운전자 차종,피해운전자 성별,피해운전자 연령,피해운전자 상해정도
2012052300100334,2012년 5월 23일 15시,수요일,전라남도 여수시 미평동,중상사고,0,1,0,0,차대사람 - 횡단중,안전운전불이행,건조,맑음,단일로 - 기타,화물,남,44세,상해없음,보행자,남,8세,중상
2012052300100335,2012년 5월 23일 15시,수요일,전라남도 순천시 연향동,경상사고,0,0,1,0,차대사람 - 기타,교차로운행방법위반,건조,맑음,교차로 - 교차로안,승용,여,50세,상해없음,보행자,여,3세,경상
2012052300100336,2012년 5월 23일 15시,수요일,전라남도 고흥군 도양읍,중상사고,0,1,1,0,차대차 - 측면직각충돌,직진우회전진행방해,건조,맑음,교차로 - 교차로안,원동기,여,38세,중상,승용,남,58세,상해없음
2012052300100372,2012년 5월 23일 16시,수요일,전라남도 순천시 덕암동,경상사고,0,0,1,0,차대차 - 기타,안전운전불이행,건조,맑음,교차로 - 교차로안,승용,남,46세,상해없음,승용,여,42세,경상
2012052300100373,2012년 5월 23일 16시,수요일,전라남도 순천시 남정동,경상사고,0,0,5,0,차대차 - 기타,신호위반,건조,맑음,교차로 - 교차로안,승용,여,47세,상해없음,승용,남,52세,경상
2012052300100374,2012년 5월 23일 16시,수요일,전라남도 강진군 강진읍,경상사고,0,0,2,0,차대차 - 기타,직진우회전진행방해,건조,맑음,교차로 - 교차로안,원동기,여,64세,경상,원동기,여,46세,경상
2012052300100419,2012년 5월 23일 17시,수요일,전라남도 여수시 수정동,경상사고,0,0,2,0,차대사람 - 횡단중,보행자보호의무위반,건조,맑음,단일로 - 횡단보도상,승용,여,29세,상해없음,보행자,여,11세,경상
2012052300100420,2012년 5월 23일 17시,수요일,전라남도 순천시 가곡동,경상사고,0,0,2,0,차대차 - 기타,안전운전불이행,건조,맑음,단일로 - 기타,화물,남,51세,경상,승용,여,49세,경상
2012052300100466,2012년 5월 23일 18시,수요일,전라남도 영암군 삼호읍,중상사고,0,1,1,0,차대차 - 추돌 - 진행중,안전운전불이행,건조,맑음,단일로 - 기타,승용,남,27세,경상,승용,여,43세,중상
2012052300100508,2012년 5월 23일 19시,수요일,전라남도 광양시 광양읍,경상사고,0,0,2,0,차대차 - 측면직각충돌,안전운전불이행,건조,맑음,단일로 - 기타,이륜,남,17세,경상,승용,남,42세,상해없음
2012052300100537,2012년 5월 23일 20시,수요일,전라남도 여수시 신기동,경상사고,0,0,1,0,차대사람 - 길가장자리구역통행중,안전운전불이행,건조,맑음,단일로 - 기타,승합,남,42세,상해없음,보행자,여,12세,경상
2012052300100538,2012년 5월 23일 20시,수요일,전라남도 영암군 삼호읍,중상사고,0,1,0,0,차대차 - 측면직각충돌,직진우회전진행방해,건조,맑음,교차로 - 교차로안,원동기,남,44세,중상,승용,남,54세,상해없음
2012052300100569,2012년 5월 23일 21시,수요일,전라남도 목포시 산정동,경상사고,0,0,1,0,차대차 - 기타,교차로운행방법위반,건조,기타,교차로 - 교차로안,승용,남,42세,상해없음,승용,남,56세,상해없음
2012052300100570,2012년 5월 23일 21시,수요일,전라남도 목포시 유달동,경상사고,0,0,1,0,차대차 - 기타,안전거리미확보,건조,기타,단일로 - 기타,승용,남,40세,상해없음,승용,여,23세,경상
2012052300100571,2012년 5월 23일 21시,수요일,전라남도 나주시 남평읍,중상사고,0,1,0,0,차대차 - 측면직각충돌,안전운전불이행,건조,맑음,단일로 - 기타,승용,남,27세,상해없음,자전거,남,47세,중상
2012052300100572,2012년 5월 23일 21시,수요일,전라남도 영광군 영광읍,중상사고,0,1,0,1,차대차 - 추돌 - 진행중,안전운전불이행,건조,맑음,단일로 - 기타,이륜,남,81세,부상신고,이륜,남,67세,중상
2012052300100614,2012년 5월 23일 22시,수요일,전라남도 목포시 산정동,사망사고,1,0,0,0,차대사람 - 횡단중,보행자보호의무위반,건조,맑음,단일로 - 횡단보도상,화물,남,27세,상해없음,보행자,여,55세,사망
2012052300100615,2012년 5월 23일 22시,수요일,전라남도 순천시 해룡면,중상사고,0,1,1,0,차대차 - 측면직각충돌,안전운전불이행,건조,맑음,단일로 - 기타,화물,남,37세,중상,화물,남,45세,상해없음
2012052300100646,2012년 5월 23일 23시,수요일,전라남도 여수시 미평동,중상사고,0,1,0,0,차대차 - 측면직각충돌,신호위반,건조,맑음,교차로 - 교차로안,승용,남,42세,상해없음,원동기,남,20세,중상
2012052300100647,2012년 5월 23일 23시,수요일,전라남도 순천시 석현동,중상사고,0,1,0,0,차대차 - 측면직각충돌,안전거리미확보,건조,맑음,단일로 - 기타,승용,여,46세,상해없음,승용,남,41세,중상
2012052400100019,2012년 5월 24일 00시,목요일,전라남도 순천시 덕암동,중상사고,0,1,1,0,차량단독 - 공작물충돌,안전운전불이행,건조,맑음,단일로 - 기타,이륜,남,15세,중상,,,,
2012052400100020,2012년 5월 24일 00시,목요일,전라남도 광양시 광영동,경상사고,0,0,1,0,차대차 - 측면직각충돌,직진우회전진행방해,건조,맑음,교차로 - 교차로안,승용,남,43세,상해없음,승용,여,51세,경상
2012052400100031,2012년 5월 24일 01시,목요일,전라남도 여수시 학동,경상사고,0,0,1,0,차대사람 - 길가장자리구역통행중,안전운전불이행,건조,맑음,단일로 - 기타,승용,남,19세,상해없음,보행자,남,29세,경상
2012052400100038,2012년 5월 24일 02시,목요일,전라남도 광양시 황금동,중상사고,0,1,0,0,차대차 - 추돌 - 진행중,안전운전불이행,건조,맑음,단일로 - 기타,승용,남,36세,상해없음,승용,남,30세,중상
2012052400100052,2012년 5월 24일 03시,목요일,전라남도 여수시 여서동,중상사고,0,1,0,0,차대사람 - 차도통행중,신호위반,건조,맑음,교차로 - 교차로안,기타불명,기타불명,기타불명,기타불명,보행자,남,44세,중상
2012052400100079,2012년 5월 24일 06시,목요일,전라남도 목포시 산정동,중상사고,0,1,0,0,차대차 - 기타,신호위반,건조,기타,교차로 - 교차로안,승용,남,48세,상해없음,이륜,남,50세,중상
2012052400100080,2012년 5월 24일 06시,목요일,전라남도 강진군 강진읍,경상사고,0,0,1,0,차대차 - 측면직각충돌,직진우회전진행방해,건조,맑음,단일로 - 기타,승용,남,73세,상해없음,승용,남,50세,경상
2012052400100109,2012년 5월 24일 07시,목요일,전라남도 목포시 해안동1가,경상사고,0,0,1,0,차대사람 - 횡단중,안전운전불이행,건조,기타,단일로 - 기타,승용,남,58세,상해없음,보행자,여,47세,경상
2012052400100110,2012년 5월 24일 07시,목요일,전라남도 장성군 황룡면,사망사고,1,2,0,0,차대차 - 정면충돌,안전운전불이행,건조,맑음,교차로 - 교차로안,승용,남,49세,중상,승용,남,37세,중상
2012052400100150,2012년 5월 24일 08시,목요일,전라남도 함평군 엄다면,경상사고,0,0,6,0,차대차 - 추돌 - 진행중,안전운전불이행,건조,맑음,단일로 - 기타,화물,남,22세,경상,화물,남,49세,경상
2012052400100151,2012년 5월 24일 08시,목요일,전라남도 강진군 군동면,중상사고,0,2,0,0,차대차 - 추돌 - 진행중,안전거리미확보,건조,맑음,단일로 - 기타,화물,남,58세,상해없음,승용,여,29세,중상
2012052400100152,2012년 5월 24일 08시,목요일,전라남도 무안군 무안읍,경상사고,0,0,1,0,차대차 - 기타,직진우회전진행방해,건조,맑음,교차로 - 교차로안,승용,여,40세,상해없음,이륜,남,58세,경상
2012052400100153,2012년 5월 24일 08시,목요일,전라남도 무안군 망운면,경상사고,0,0,3,0,차대차 - 기타,안전운전불이행,건조,맑음,교차로 - 교차로부근,화물,남,64세,경상,화물,여,53세,경상
2012052400100187,2012년 5월 24일 09시,목요일,전라남도 고흥군 고흥읍,경상사고,0,0,1,0,차량단독 - 기타,안전거리미확보,건조,맑음,교차로 - 교차로안,승용,남,38세,상해없음,,,,
2012052400100188,2012년 5월 24일 09시,목요일,전라남도 화순군 화순읍,사망사고,1,0,1,1,차대차 - 기타,신호위반,건조,맑음,교차로 - 교차로부근,승용,남,69세,상해없음,승합,남,36세,경상
2012052400100236,2012년 5월 24일 11시,목요일,전라남도 함평군 월야면,경상사고,0,0,1,0,차대차 - 측면직각충돌,직진우회전진행방해,건조,맑음,교차로 - 교차로안,승용,여,48세,상해없음,승용,남,55세,경상
2012052400100257,2012년 5월 24일 12시,목요일,전라남도 여수시 신기동,경상사고,0,0,1,0,차대차 - 기타,신호위반,건조,맑음,교차로 - 교차로안,승용,남,27세,상해없음,승용,남,28세,경상
2012052400100277,2012년 5월 24일 13시,목요일,전라남도 구례군 용방면,중상사고,0,1,0,0,차대차 - 기타,안전운전불이행,건조,맑음,단일로 - 기타,승용,남,59세,상해없음,이륜,남,78세,중상
2012052400100325,2012년 5월 24일 15시,목요일,전라남도 순천시 풍덕동,경상사고,0,0,2,0,차대차 - 측면직각충돌,직진우회전진행방해,건조,맑음,교차로 - 교차로안,승용,남,64세,경상,승용,여,55세,경상
2012052400100326,2012년 5월 24일 15시,목요일,전라남도 완도군 완도읍,경상사고,0,0,1,0,차대사람 - 기타,안전운전불이행,건조,맑음,단일로 - 기타,화물,남,52세,상해없음,보행자,남,39세,경상
2012052400100352,2012년 5월 24일 16시,목요일,전라남도 나주시 산정동,경상사고,0,0,1,0,차대사람 - 횡단중,안전운전불이행,건조,맑음,교차로 - 교차로안,승용,남,61세,상해없음,보행자,남,15세,경상
2012052400100398,2012년 5월 24일 17시,목요일,전라남도 순천시 서면,경상사고,0,0,1,0,차대차 - 측면직각충돌,안전운전불이행,건조,맑음,교차로 - 교차로안,화물,남,42세,상해없음,승용,남,21세,경상
2012052400100399,2012년 5월 24일 17시,목요일,전라남도 진도군 지산면,중상사고,0,1,3,0,차대차 - 측면직각충돌,교차로운행방법위반,건조,맑음,교차로 - 교차로안,승용,남,48세,상해없음,승용,남,33세,경상
2012052400100400,2012년 5월 24일 17시,목요일,전라남도 광양시 광영동,중상사고,0,1,0,0,차대차 - 측면직각충돌,안전운전불이행,건조,맑음,교차로 - 교차로안,자전거,남,15세,중상,승용,남,45세,상해없음
2012052400100440,2012년 5월 24일 18시,목요일,전라남도 광양시 중동,경상사고,0,0,1,0,차대차 - 기타,직진우회전진행방해,건조,맑음,교차로 - 교차로안,승용,남,33세,상해없음,자전거,남,49세,경상
2012052400100471,2012년 5월 24일 19시,목요일,전라남도 여수시 돌산읍,경상사고,0,0,5,0,차대차 - 추돌 - 진행중,안전운전불이행,건조,맑음,단일로 - 기타,승용,여,60세,상해없음,승용,남,38세,경상
2012052400100509,2012년 5월 24일 20시,목요일,전라남도 여수시 충무동,경상사고,0,0,1,0,차대사람 - 길가장자리구역통행중,안전운전불이행,건조,맑음,단일로 - 기타,승용,남,55세,상해없음,보행자,남,39세,경상
2012052400100541,2012년 5월 24일 21시,목요일,전라남도 순천시 생목동,경상사고,0,0,5,0,차대차 - 측면직각충돌,안전거리미확보,건조,맑음,교차로 - 교차로안,승용,남,45세,경상,승용,남,25세,경상
2012052400100579,2012년 5월 24일 22시,목요일,전라남도 목포시 상동,경상사고,0,0,2,0,차대차 - 측면직각충돌,차로위반,건조,맑음,단일로 - 기타,화물,남,56세,상해없음,승용,여,28세,경상
2012052400100580,2012년 5월 24일 22시,목요일,전라남도 영암군 삼호읍,중상사고,0,1,0,0,차량단독 - 공작물충돌,안전운전불이행,건조,맑음,단일로 - 기타,승용,남,54세,중상,,,,
2012052500100013,2012년 5월 25일 00시,금요일,전라남도 광양시 중동,경상사고,0,0,1,0,차대차 - 측면직각충돌,교차로운행방법위반,건조,맑음,교차로 - 교차로안,승용,남,23세,상해없음,승용,남,30세,경상
2012052500100033,2012년 5월 25일 01시,금요일,전라남도 보성군 미력면,경상사고,0,0,1,0,차량단독 - 도로외이탈 - 기타,안전운전불이행,습기,비,단일로 - 기타,승용,여,38세,경상,,,,
2012052500100068,2012년 5월 25일 04시,금요일,전라남도 순천시 왕지동,경상사고,0,0,1,0,차대차 - 기타,안전운전불이행,건조,맑음,교차로 - 교차로안,자전거,남,30세,경상,승용,남,54세,상해없음
2012052500100087,2012년 5월 25일 06시,금요일,전라남도 여수시 화양면,경상사고,0,0,1,0,차대차 - 정면충돌,중앙선침범,건조,맑음,단일로 - 기타,승용,남,34세,상해없음,화물,남,53세,경상
2012052500100103,2012년 5월 25일 07시,금요일,전라남도 나주시 공산면,중상사고,0,1,0,0,차대차 - 측면직각충돌,불법유턴,건조,맑음,기타 - 기타,화물,남,61세,중상,화물,남,35세,상해없음
2012052500100191,2012년 5월 25일 09시,금요일,전라남도 장흥군 장흥읍,경상사고,0,0,1,0,차대차 - 기타,안전운전불이행,건조,맑음,교차로 - 교차로안,승합,남,46세,상해없음,원동기,남,71세,경상
2012052500100219,2012년 5월 25일 10시,금요일,전라남도 영광군 염산면,중상사고,0,1,1,0,차대차 - 기타,안전운전불이행,건조,맑음,교차로 - 교차로안,승합,남,38세,상해없음,이륜,남,63세,중상
2012052500100252,2012년 5월 25일 11시,금요일,전라남도 장성군 삼계면,경상사고,0,0,1,0,차대차 - 추돌 - 진행중,안전거리미확보,건조,맑음,단일로 - 기타,화물,남,32세,상해없음,화물,여,65세,경상
2012052500100253,2012년 5월 25일 11시,금요일,전라남도 곡성군 입면,중상사고,0,1,0,0,차대차 - 측면직각충돌,교차로운행방법위반,건조,맑음,단일로 - 기타,건설기계,남,33세,상해없음,원동기,남,76세,중상
2012052500100282,2012년 5월 25일 12시,금요일,전라남도 신안군 압해읍,경상사고,0,0,3,0,차대차 - 측면직각충돌,안전운전불이행,건조,맑음,교차로 - 교차로부근,승용,남,61세,경상,화물,남,45세,경상
2012052500100283,2012년 5월 25일 12시,금요일,전라남도 담양군 금성면,경상사고,0,0,1,0,차량단독 - 기타,안전운전불이행,건조,맑음,교차로 - 교차로안,승합,남,52세,상해없음,,,,
2012052500100284,2012년 5월 25일 12시,금요일,전라남도 무안군 무안읍,경상사고,0,0,1,0,차대차 - 측면직각충돌,직진우회전진행방해,건조,맑음,교차로 - 교차로안,승용,남,35세,상해없음,자전거,여,61세,경상
2012052500100350,2012년 5월 25일 14시,금요일,전라남도 나주시 봉황면,경상사고,0,0,1,0,차대차 - 측면직각충돌,안전운전불이행,건조,맑음,단일로 - 기타,승용,남,32세,상해없음,승용,남,50세,경상
2012052500100351,2012년 5월 25일 14시,금요일,전라남도 고흥군 과역면,중상사고,0,1,0,0,차대차 - 기타,안전운전불이행,건조,맑음,단일로 - 기타,화물,남,59세,상해없음,농기계,여,45세,중상
2012052500100383,2012년 5월 25일 15시,금요일,전라남도 목포시 옥암동,경상사고,0,0,1,0,차대차 - 측면직각충돌,안전운전불이행,건조,맑음,교차로 - 교차로안,원동기,남,40세,경상,승용,남,72세,상해없음
2012052500100384,2012년 5월 25일 15시,금요일,전라남도 여수시 충무동,경상사고,0,0,1,0,차대사람 - 차도통행중,안전운전불이행,건조,맑음,단일로 - 기타,승용,남,58세,상해없음,보행자,여,69세,경상
2012052500100385,2012년 5월 25일 15시,금요일,전라남도 여수시 중흥동,경상사고,0,0,2,0,차대차 - 측면직각충돌,교차로운행방법위반,건조,맑음,교차로 - 교차로안,승용,남,56세,상해없음,승합,남,62세,상해없음
2012052500100386,2012년 5월 25일 15시,금요일,전라남도 장흥군 회진면,경상사고,0,0,1,0,차량단독 - 기타,안전운전불이행,건조,맑음,단일로 - 기타,승용,여,39세,경상,,,,
2012052500100387,2012년 5월 25일 15시,금요일,전라남도 영암군 시종면,경상사고,0,0,2,0,차대차 - 측면직각충돌,중앙선침범,건조,맑음,단일로 - 기타,화물,남,61세,경상,화물,남,44세,경상
2012052500100388,2012년 5월 25일 15시,금요일,전라남도 광양시 중동,경상사고,0,0,1,0,차대차 - 측면직각충돌,안전운전불이행,건조,맑음,교차로 - 교차로안,승용,남,53세,상해없음,자전거,남,13세,경상
2012052500100426,2012년 5월 25일 16시,금요일,전라남도 나주시 송촌동,부상신고사고,0,0,0,2,차대차 - 측면직각충돌,안전운전불이행,건조,맑음,교차로 - 교차로안,승용,남,46세,부상신고,원동기,남,42세,부상신고
2012052500100463,2012년 5월 25일 17시,금요일,전라남도 순천시 연향동,부상신고사고,0,0,0,1,차대사람 - 횡단중,안전운전불이행,건조,맑음,교차로 - 교차로부근,승용,여,39세,상해없음,보행자,남,5세,부상신고
2012052500100464,2012년 5월 25일 17시,금요일,전라남도 영암군 영암읍,중상사고,0,2,0,0,차대차 - 정면충돌,중앙선침범,건조,맑음,단일로 - 기타,화물,남,55세,중상,승용,남,49세,중상
2012052500100465,2012년 5월 25일 17시,금요일,전라남도 무안군 삼향읍,경상사고,0,0,1,0,차대사람 - 기타,안전운전불이행,건조,맑음,단일로 - 기타,이륜,기타불명,기타불명,기타불명,보행자,여,11세,경상
2012052500100504,2012년 5월 25일 18시,금요일,전라남도 순천시 조례동,중상사고,0,1,0,0,차대사람 - 기타,보행자보호의무위반,건조,맑음,단일로 - 기타,승용,남,43세,상해없음,보행자,남,11세,중상
2012052500100545,2012년 5월 25일 19시,금요일,전라남도 목포시 산정동,중상사고,0,1,0,0,차대차 - 추돌 - 진행중,안전운전불이행,건조,맑음,단일로 - 기타,승용,여,46세,상해없음,원동기,남,19세,중상
2012052500100546,2012년 5월 25일 19시,금요일,전라남도 나주시 세지면,부상신고사고,0,0,0,1,차량단독 - 공작물충돌,안전운전불이행,건조,맑음,단일로 - 기타,원동기,남,15세,부상신고,,,,
2012052500100585,2012년 5월 25일 20시,금요일,전라남도 목포시 용해동,중상사고,0,1,0,0,차대사람 - 횡단중,신호위반,건조,맑음,단일로 - 기타,승용,남,37세,상해없음,보행자,남,55세,중상
2012052500100586,2012년 5월 25일 20시,금요일,전라남도 나주시 산포면,경상사고,0,0,1,0,차대차 - 측면직각충돌,교차로운행방법위반,건조,맑음,교차로 - 교차로안,승용,남,40세,상해없음,자전거,남,60세,경상
2012052500100587,2012년 5월 25일 20시,금요일,전라남도 무안군 무안읍,중상사고,0,1,1,0,차대사람 - 기타,안전운전불이행,건조,맑음,단일로 - 기타,승용,남,36세,상해없음,보행자,남,21세,경상
2012052500100625,2012년 5월 25일 21시,금요일,전라남도 목포시 상동,중상사고,0,1,0,0,차대차 - 측면직각충돌,신호위반,건조,맑음,교차로 - 교차로부근,승용,남,27세,상해없음,원동기,여,25세,중상
2012052500100667,2012년 5월 25일 22시,금요일,전라남도 목포시 상동,중상사고,0,1,0,0,차대사람 - 기타,안전운전불이행,건조,맑음,기타 - 기타,승용,여,47세,상해없음,보행자,남,34세,중상
2012052600100021,2012년 5월 26일 00시,토요일,전라남도 순천시 연향동,경상사고,0,0,1,0,차대차 - 추돌 - 주정차중,안전운전불이행,건조,맑음,교차로 - 교차로안,승용,남,27세,상해없음,승용,여,43세,경상
2012052600100048,2012년 5월 26일 01시,토요일,전라남도 목포시 상동,중상사고,0,1,2,0,차대차 - 측면직각충돌,신호위반,건조,맑음,교차로 - 교차로안,기타불명,기타불명,기타불명,기타불명,승용,남,37세,경상
2012052600100049,2012년 5월 26일 01시,토요일,전라남도 여수시 학동,경상사고,0,0,1,0,차량단독 - 기타,안전운전불이행,건조,맑음,단일로 - 기타,승용,남,45세,상해없음,,,,
2012052600100120,2012년 5월 26일 05시,토요일,전라남도 화순군 이서면,경상사고,0,0,1,1,차량단독 - 전도전복,안전운전불이행,건조,맑음,단일로 - 기타,원동기,남,20세,기타불명,,,,
2012052600100155,2012년 5월 26일 07시,토요일,전라남도 장성군 북이면,경상사고,0,0,1,0,차대차 - 정면충돌,안전운전불이행,건조,맑음,단일로 - 기타,승용,남,32세,상해없음,화물,남,65세,경상
2012052600100156,2012년 5월 26일 07시,토요일,전라남도 곡성군 겸면,중상사고,0,1,0,0,차대차 - 기타,교차로운행방법위반,건조,맑음,교차로 - 교차로안,화물,남,49세,상해없음,원동기,남,18세,중상
2012052600100181,2012년 5월 26일 08시,토요일,전라남도 해남군 해남읍,경상사고,0,0,1,0,차대차 - 측면직각충돌,교차로운행방법위반,건조,맑음,교차로 - 교차로안,승용,남,40세,상해없음,이륜,남,44세,경상
2012052600100182,2012년 5월 26일 08시,토요일,전라남도 화순군 춘양면,경상사고,0,0,2,0,차대차 - 기타,안전운전불이행,건조,맑음,교차로 - 교차로부근,승용,남,41세,상해없음,원동기,남,68세,경상
2012052600100183,2012년 5월 26일 08시,토요일,전라남도 영암군 덕진면,경상사고,0,0,2,0,차대차 - 측면직각충돌,안전운전불이행,건조,맑음,교차로 - 교차로안,이륜,남,68세,경상,화물,남,36세,상해없음
2012052600100209,2012년 5월 26일 09시,토요일,전라남도 순천시 풍덕동,중상사고,0,1,0,0,차량단독 - 기타,안전운전불이행,건조,맑음,단일로 - 교량,자전거,남,56세,중상,,,,
2012052600100229,2012년 5월 26일 10시,토요일,전라남도 나주시 남외동,경상사고,0,0,1,0,차대차 - 측면직각충돌,직진우회전진행방해,건조,맑음,교차로 - 교차로안,원동기,남,74세,경상,승용,남,34세,상해없음
2012052600100230,2012년 5월 26일 10시,토요일,전라남도 함평군 월야면,중상사고,0,1,0,0,차대차 - 측면직각충돌,안전운전불이행,건조,맑음,단일로 - 기타,화물,남,44세,상해없음,자전거,여,9세,중상
2012052600100271,2012년 5월 26일 11시,토요일,전라남도 광양시 중동,경상사고,0,0,3,0,차대차 - 측면직각충돌,직진우회전진행방해,건조,맑음,교차로 - 교차로안,승용,남,54세,상해없음,승용,남,53세,경상
2012052600100298,2012년 5월 26일 12시,토요일,전라남도 목포시 용해동,경상사고,0,0,1,0,차대차 - 추돌 - 주정차중,안전운전불이행,건조,맑음,단일로 - 기타,승용,남,54세,상해없음,승용,여,51세,경상
2012052600100299,2012년 5월 26일 12시,토요일,전라남도 목포시 상동,경상사고,0,0,3,0,차대차 - 정면충돌,교차로운행방법위반,건조,맑음,교차로 - 교차로안,승용,남,38세,경상,승용,남,55세,상해없음
2012052600100300,2012년 5월 26일 12시,토요일,전라남도 순천시 풍덕동,경상사고,0,0,2,0,차대차 - 기타,직진우회전진행방해,건조,맑음,단일로 - 기타,승용,남,48세,경상,승용,남,45세,경상
2012052600100301,2012년 5월 26일 12시,토요일,전라남도 무안군 현경면,경상사고,0,0,1,0,차대차 - 기타,안전거리미확보,건조,맑음,단일로 - 기타,승용,남,52세,상해없음,승용,남,42세,경상
2012052600100406,2012년 5월 26일 15시,토요일,전라남도 목포시 산정동,경상사고,0,0,1,0,차대차 - 측면직각충돌,안전거리미확보,건조,맑음,단일로 - 기타,승합,남,50세,상해없음,이륜,남,20세,경상
2012052600100407,2012년 5월 26일 15시,토요일,전라남도 장성군 삼계면,중상사고,0,1,0,0,차량단독 - 공작물충돌,안전운전불이행,건조,맑음,단일로 - 기타,건설기계,남,33세,중상,,,,
2012052600100446,2012년 5월 26일 16시,토요일,전라남도 순천시 풍덕동,경상사고,0,0,1,0,차대차 - 기타,안전운전불이행,건조,맑음,단일로 - 기타,승용,남,46세,상해없음,승용,남,56세,경상
2012052600100447,2012년 5월 26일 16시,토요일,전라남도 담양군 담양읍,경상사고,0,0,2,0,차대차 - 측면직각충돌,안전운전불이행,건조,맑음,교차로 - 교차로안,승용,남,42세,상해없음,승용,남,21세,경상
2012052600100472,2012년 5월 26일 17시,토요일,전라남도 목포시 해안동2가,중상사고,0,2,5,0,차대사람 - 기타,안전운전불이행,건조,맑음,단일로 - 기타,승합,남,26세,상해없음,보행자,남,30세,중상
2012052600100473,2012년 5월 26일 17시,토요일,전라남도 여수시 여서동,경상사고,0,0,2,0,차대차 - 측면직각충돌,안전거리미확보,건조,맑음,단일로 - 기타,승용,남,70세,상해없음,승용,여,40세,경상
2012052600100474,2012년 5월 26일 17시,토요일,전라남도 광양시 광양읍,사망사고,1,1,2,0,차대차 - 측면직각충돌,안전운전불이행,건조,맑음,단일로 - 교량,승용,여,49세,경상,화물,남,38세,사망
2012052600100514,2012년 5월 26일 18시,토요일,전라남도 장흥군 장흥읍,경상사고,0,0,1,0,차대사람 - 횡단중,안전운전불이행,건조,맑음,교차로 - 교차로안,승용,여,68세,상해없음,보행자,남,3세,경상
2012052600100515,2012년 5월 26일 18시,토요일,전라남도 강진군 강진읍,경상사고,0,0,2,0,차대차 - 추돌 - 주정차중,안전운전불이행,건조,맑음,단일로 - 기타,승용,여,38세,경상,화물,남,46세,상해없음
2012052600100516,2012년 5월 26일 18시,토요일,전라남도 무안군 망운면,경상사고,0,0,2,0,차대차 - 기타,안전운전불이행,건조,맑음,교차로 - 교차로안,이륜,남,88세,경상,승용,남,46세,상해없음
2012052600100549,2012년 5월 26일 19시,토요일,전라남도 여수시 문수동,경상사고,0,0,1,0,차대사람 - 횡단중,안전운전불이행,건조,맑음,단일로 - 기타,승용,남,25세,상해없음,보행자,남,4세,경상
2012052600100584,2012년 5월 26일 20시,토요일,전라남도 여수시 중앙동,경상사고,0,0,4,0,차대차 - 추돌 - 진행중,안전거리미확보,건조,맑음,단일로 - 기타,승용,남,63세,상해없음,승용,남,30세,경상
2012052600100585,2012년 5월 26일 20시,토요일,전라남도 순천시 조례동,중상사고,0,1,0,0,차대사람 - 기타,안전운전불이행,건조,맑음,단일로 - 기타,승용,여,34세,상해없음,보행자,남,29세,중상
2012052600100586,2012년 5월 26일 20시,토요일,전라남도 구례군 구례읍,경상사고,0,0,1,0,차대사람 - 기타,안전운전불이행,건조,맑음,단일로 - 기타,승용,남,29세,상해없음,보행자,남,58세,경상
2012052600100620,2012년 5월 26일 21시,토요일,전라남도 해남군 현산면,경상사고,0,0,8,0,차대차 - 추돌 - 진행중,안전거리미확보,건조,맑음,단일로 - 기타,승용,남,50세,경상,승합,남,37세,경상
2012052600100621,2012년 5월 26일 21시,토요일,전라남도 영암군 학산면,중상사고,0,1,5,0,차대차 - 추돌 - 주정차중,안전운전불이행,건조,맑음,단일로 - 기타,화물,남,68세,경상,승용,남,63세,중상
2012052600100653,2012년 5월 26일 22시,토요일,전라남도 목포시 상동,중상사고,0,1,0,0,차대차 - 측면직각충돌,안전운전불이행,건조,기타,단일로 - 횡단보도부근,승용,남,33세,상해없음,자전거,여,14세,중상
2012052600100654,2012년 5월 26일 22시,토요일,전라남도 광양시 광양읍,중상사고,0,1,4,0,차대차 - 측면직각충돌,신호위반,건조,맑음,교차로 - 교차로안,승용,남,48세,상해없음,승용,여,35세,경상
2012052700100045,2012년 5월 27일 01시,일요일,전라남도 무안군 몽탄면,경상사고,0,0,2,0,차대차 - 추돌 - 진행중,안전운전불이행,건조,맑음,단일로 - 기타,승용,남,40세,상해없음,화물,남,55세,경상
2012052700100047,2012년 5월 27일 01시,일요일,전라남도 영암군 삼호읍,중상사고,0,1,2,0,차량단독 - 공작물충돌,안전운전불이행,건조,맑음,단일로 - 기타,승용,남,18세,중상,,,,
2012052700100048,2012년 5월 27일 01시,일요일,전라남도 광양시 광영동,경상사고,0,0,1,0,차대사람 - 차도통행중,안전운전불이행,건조,맑음,단일로 - 기타,승용,남,17세,상해없음,보행자,여,16세,경상
2012052700100097,2012년 5월 27일 04시,일요일,전라남도 나주시 영산동,중상사고,0,2,6,0,차대차 - 측면직각충돌,신호위반,건조,맑음,교차로 - 교차로안,화물,남,40세,상해없음,화물,남,46세,경상
2012052700100117,2012년 5월 27일 05시,일요일,전라남도 진도군 진도읍,중상사고,0,3,0,0,차대차 - 정면충돌,교차로운행방법위반,건조,맑음,교차로 - 교차로안,승용,남,57세,상해없음,승용,남,25세,중상
2012052700100142,2012년 5월 27일 07시,일요일,전라남도 여수시 수정동,경상사고,0,0,1,0,차대사람 - 횡단중,안전운전불이행,건조,맑음,단일로 - 기타,승용,남,50세,상해없음,보행자,남,43세,경상