사고번호,사고일시,요일,시군구,사고내용,사망자수,중상자수,경상자수,부상신고자수,사고유형,법규위반,노면상태,기상상태,도로형태,가해운전자 차종,가해운전자 성별,가해운전자 연령,가해운전자 상해정도,피해운전자 차종,피해운전자 성별,피해운전자 연령,피해운전자 상해정도
2012053000100521,2012년 5월 30일 22시,수요일,전라남도 여수시 봉산동,중상사고,0,1,0,0,차대사람 - 기타,안전운전불이행,건조,맑음,교차로 - 교차로부근,승용,남,31세,상해없음,보행자,남,36세,중상
2012053000100522,2012년 5월 30일 22시,수요일,전라남도 곡성군 곡성읍,경상사고,0,0,1,0,차대차 - 추돌 - 진행중,안전운전불이행,건조,맑음,단일로 - 기타,화물,남,56세,경상,승용,여,36세,상해없음
2012053000100557,2012년 5월 30일 23시,수요일,전라남도 목포시 상동,경상사고,0,0,1,0,차대차 - 추돌 - 주정차중,안전운전불이행,건조,맑음,단일로 - 기타,승용,여,48세,기타불명,승용,남,58세,상해없음
2012053100100017,2012년 5월 31일 00시,목요일,전라남도 목포시 용당동,중상사고,0,1,0,0,차대사람 - 횡단중,안전운전불이행,건조,흐림,단일로 - 기타,승용,남,21세,상해없음,보행자,남,32세,중상
2012053100100018,2012년 5월 31일 00시,목요일,전라남도 순천시 연향동,경상사고,0,0,1,0,차대사람 - 기타,안전운전불이행,건조,맑음,교차로 - 교차로안,승용,남,46세,상해없음,보행자,남,49세,경상
2012053100100078,2012년 5월 31일 06시,목요일,전라남도 장흥군 장평면,경상사고,0,0,1,0,차량단독 - 기타,안전운전불이행,건조,맑음,단일로 - 기타,화물,남,50세,경상,,,,
2012053100100128,2012년 5월 31일 08시,목요일,전라남도 장성군 삼계면,중상사고,0,1,0,2,차대차 - 측면직각충돌,교차로운행방법위반,건조,맑음,교차로 - 교차로안,승용,여,35세,부상신고,화물,남,58세,중상
2012053100100157,2012년 5월 31일 09시,목요일,전라남도 장흥군 장흥읍,중상사고,0,1,0,0,차대차 - 기타,중앙선침범,건조,맑음,단일로 - 기타,승용,남,53세,상해없음,승용,여,35세,중상
2012053100100158,2012년 5월 31일 09시,목요일,전라남도 곡성군 고달면,사망사고,1,1,0,0,차량단독 - 전도전복,안전운전불이행,건조,맑음,기타 - 기타,화물,여,62세,중상,,,,
2012053100100159,2012년 5월 31일 09시,목요일,전라남도 광양시 중동,경상사고,0,0,2,0,차대차 - 추돌 - 주정차중,안전운전불이행,건조,맑음,교차로 - 교차로부근,승용,남,54세,상해없음,승용,남,31세,상해없음
2012053100100186,2012년 5월 31일 10시,목요일,전라남도 목포시 용당동,중상사고,0,1,1,0,차대차 - 추돌 - 진행중,안전거리미확보,건조,맑음,교차로 - 교차로안,화물,남,54세,상해없음,승용,여,34세,경상
2012053100100187,2012년 5월 31일 10시,목요일,전라남도 장흥군 장흥읍,경상사고,0,0,2,0,차대차 - 기타,교차로운행방법위반,건조,맑음,교차로 - 교차로안,승용,남,36세,경상,화물,남,44세,경상
2012053100100208,2012년 5월 31일 11시,목요일,전라남도 순천시 조곡동,경상사고,0,0,1,0,차대차 - 기타,안전운전불이행,건조,맑음,단일로 - 횡단보도부근,승용,남,60세,상해없음,승합,남,54세,상해없음
2012053100100209,2012년 5월 31일 11시,목요일,전라남도 장흥군 용산면,중상사고,0,1,0,0,차대사람 - 횡단중,안전운전불이행,건조,맑음,단일로 - 기타,승용,여,38세,상해없음,보행자,여,68세,중상
2012053100100276,2012년 5월 31일 13시,목요일,전라남도 목포시 옥암동,중상사고,0,1,2,0,차대차 - 측면직각충돌,안전운전불이행,건조,맑음,교차로 - 교차로안,원동기,남,49세,경상,승용,남,31세,경상
2012053100100277,2012년 5월 31일 13시,목요일,전라남도 순천시 연향동,경상사고,0,0,1,0,차대차 - 추돌 - 진행중,안전운전불이행,건조,맑음,교차로 - 교차로부근,승합,남,53세,상해없음,승용,여,40세,경상
2012053100100333,2012년 5월 31일 15시,목요일,전라남도 목포시 상동,경상사고,0,0,1,0,차대차 - 추돌 - 주정차중,안전운전불이행,건조,맑음,교차로 - 교차로부근,승용,남,48세,상해없음,승용,여,40세,경상
2012053100100334,2012년 5월 31일 15시,목요일,전라남도 광양시 중동,경상사고,0,0,3,0,차대차 - 측면직각충돌,안전운전불이행,건조,맑음,교차로 - 교차로부근,승용,남,49세,상해없음,승용,여,28세,경상
2012053100100484,2012년 5월 31일 19시,목요일,전라남도 여수시 봉산동,경상사고,0,0,1,0,차대차 - 측면직각충돌,차로위반,건조,맑음,단일로 - 기타,화물,남,41세,상해없음,자전거,남,25세,경상
2012053100100612,2012년 5월 31일 22시,목요일,전라남도 목포시 용해동,중상사고,0,1,0,0,차대차 - 측면직각충돌,직진우회전진행방해,건조,맑음,교차로 - 교차로안,승용,남,48세,상해없음,이륜,남,52세,중상
2012053100100613,2012년 5월 31일 22시,목요일,전라남도 목포시 옥암동,경상사고,0,0,3,0,차대차 - 측면직각충돌,신호위반,건조,맑음,교차로 - 교차로안,승용,남,45세,상해없음,승용,남,31세,경상
2012053100100614,2012년 5월 31일 22시,목요일,전라남도 여수시 화장동,경상사고,0,0,1,0,차대사람 - 보도통행중,신호위반,건조,맑음,교차로 - 교차로안,승용,남,61세,상해없음,보행자,여,21세,경상
2012053100100615,2012년 5월 31일 22시,목요일,전라남도 여수시 문수동,경상사고,0,0,2,0,차대차 - 추돌 - 주정차중,안전운전불이행,건조,맑음,교차로 - 교차로부근,승용,남,61세,상해없음,승용,여,24세,경상
2012060100100020,2012년 6월 1일 00시,금요일,전라남도 광양시 중동,경상사고,0,0,1,0,차대사람 - 기타,안전운전불이행,건조,맑음,단일로 - 기타,승용,남,32세,상해없음,보행자,남,44세,경상
2012060100100054,2012년 6월 1일 02시,금요일,전라남도 광양시 광양읍,중상사고,0,1,0,0,차대차 - 추돌 - 진행중,안전운전불이행,건조,기타,단일로 - 기타,승용,여,49세,중상,특수,남,44세,상해없음
2012060100100083,2012년 6월 1일 05시,금요일,전라남도 나주시 세지면,경상사고,0,0,1,0,차대차 - 측면직각충돌,직진우회전진행방해,건조,맑음,교차로 - 교차로안,승합,남,64세,상해없음,승용,여,51세,경상
2012060100100084,2012년 6월 1일 05시,금요일,전라남도 진도군 진도읍,중상사고,0,1,0,0,차대차 - 정면충돌,안전운전불이행,건조,맑음,교차로 - 교차로안,승용,남,31세,중상,화물,남,64세,상해없음
2012060100100099,2012년 6월 1일 06시,금요일,전라남도 장흥군 대덕읍,경상사고,0,0,1,0,차대차 - 기타,교차로운행방법위반,건조,맑음,교차로 - 교차로안,승합,남,36세,상해없음,화물,여,54세,경상
2012060100100100,2012년 6월 1일 06시,금요일,전라남도 광양시 광양읍,중상사고,0,2,1,0,차대차 - 측면직각충돌,직진우회전진행방해,건조,흐림,교차로 - 교차로안,승용,여,48세,경상,화물,여,57세,중상
2012060100100121,2012년 6월 1일 07시,금요일,전라남도 고흥군 과역면,중상사고,0,1,0,0,차대차 - 기타,교차로운행방법위반,건조,맑음,교차로 - 교차로안,이륜,남,73세,중상,승용,남,64세,상해없음
2012060100100122,2012년 6월 1일 07시,금요일,전라남도 고흥군 도양읍,중상사고,0,1,0,0,차대사람 - 기타,안전운전불이행,건조,맑음,기타 - 기타,화물,남,46세,상해없음,보행자,여,73세,중상
2012060100100123,2012년 6월 1일 07시,금요일,전라남도 영광군 영광읍,경상사고,0,0,1,0,차대차 - 기타,안전운전불이행,건조,맑음,단일로 - 기타,농기계,남,45세,상해없음,승용,여,57세,경상
2012060100100159,2012년 6월 1일 08시,금요일,전라남도 여수시 소호동,중상사고,0,1,0,0,차대차 - 기타,신호위반,건조,맑음,교차로 - 교차로안,승용,여,51세,상해없음,자전거,여,43세,중상
2012060100100160,2012년 6월 1일 08시,금요일,전라남도 순천시 석현동,부상신고사고,0,0,0,1,차대사람 - 기타,안전운전불이행,건조,맑음,단일로 - 기타,승용,남,43세,상해없음,보행자,여,39세,부상신고
2012060100100161,2012년 6월 1일 08시,금요일,전라남도 영광군 홍농읍,중상사고,0,1,4,0,차대차 - 기타,기타,건조,맑음,교차로 - 교차로안,승용,남,49세,상해없음,화물,남,57세,경상
2012060100100162,2012년 6월 1일 08시,금요일,전라남도 화순군 화순읍,중상사고,0,1,0,0,차대차 - 기타,안전운전불이행,건조,맑음,교차로 - 교차로부근,승용,여,44세,상해없음,원동기,남,72세,중상
2012060100100201,2012년 6월 1일 09시,금요일,전라남도 영광군 불갑면,부상신고사고,0,0,0,1,차대차 - 기타,중앙선침범,건조,맑음,단일로 - 기타,이륜,남,55세,부상신고,화물,남,60세,상해없음
2012060100100234,2012년 6월 1일 10시,금요일,전라남도 함평군 대동면,부상신고사고,0,0,0,1,차대차 - 측면직각충돌,교차로운행방법위반,건조,맑음,교차로 - 교차로부근,원동기,남,69세,부상신고,승용,남,48세,상해없음
2012060100100250,2012년 6월 1일 11시,금요일,전라남도 순천시 덕월동,중상사고,0,1,0,0,차대차 - 기타,안전운전불이행,건조,맑음,단일로 - 기타,화물,남,48세,상해없음,승합,남,38세,중상
2012060100100251,2012년 6월 1일 11시,금요일,전라남도 해남군 계곡면,경상사고,0,0,1,0,차대차 - 정면충돌,중앙선침범,건조,맑음,단일로 - 기타,농기계,남,60세,상해없음,승용,여,26세,경상
2012060100100252,2012년 6월 1일 11시,금요일,전라남도 완도군 완도읍,중상사고,0,1,0,0,차대사람 - 기타,안전운전불이행,건조,맑음,단일로 - 기타,승용,여,49세,상해없음,보행자,여,74세,중상
2012060100100282,2012년 6월 1일 12시,금요일,전라남도 함평군 신광면,중상사고,0,1,0,0,차대차 - 측면직각충돌,기타,건조,맑음,교차로 - 교차로안,화물,남,27세,상해없음,이륜,남,64세,중상
2012060100100283,2012년 6월 1일 12시,금요일,전라남도 광양시 광양읍,중상사고,0,2,0,0,차대차 - 측면직각충돌,불법유턴,건조,맑음,단일로 - 기타,승용,여,55세,상해없음,승용,여,53세,중상
2012060100100313,2012년 6월 1일 13시,금요일,전라남도 목포시 상동,경상사고,0,0,3,0,차대차 - 측면직각충돌,기타,건조,맑음,교차로 - 교차로안,승용,남,32세,경상,승용,여,61세,경상
2012060100100339,2012년 6월 1일 14시,금요일,전라남도 함평군 나산면,중상사고,0,1,0,0,차대차 - 추돌 - 진행중,안전운전불이행,건조,맑음,교차로 - 교차로부근,이륜,남,64세,중상,승용,여,33세,상해없음
2012060100100368,2012년 6월 1일 15시,금요일,전라남도 신안군 신의면,중상사고,0,1,0,0,차대차 - 기타,안전운전불이행,건조,맑음,단일로 - 기타,이륜,남,36세,상해없음,농기계,남,65세,상해없음
2012060100100438,2012년 6월 1일 17시,금요일,전라남도 나주시 남평읍,경상사고,0,0,1,0,차대사람 - 길가장자리구역통행중,안전운전불이행,건조,맑음,단일로 - 기타,승합,여,59세,상해없음,보행자,남,16세,경상
2012060100100476,2012년 6월 1일 18시,금요일,전라남도 여수시 신기동,중상사고,0,1,9,0,차대차 - 추돌 - 진행중,안전운전불이행,건조,맑음,단일로 - 기타,승용,남,26세,경상,승용,남,35세,중상
2012060100100477,2012년 6월 1일 18시,금요일,전라남도 여수시 미평동,경상사고,0,0,1,0,차대사람 - 횡단중,안전운전불이행,건조,맑음,단일로 - 기타,기타불명,기타불명,기타불명,기타불명,보행자,남,9세,경상
2012060100100478,2012년 6월 1일 18시,금요일,전라남도 영광군 영광읍,중상사고,0,1,1,1,차대차 - 측면직각충돌,안전운전불이행,건조,맑음,교차로 - 교차로안,승용,여,44세,부상신고,승용,남,67세,경상
2012060100100513,2012년 6월 1일 19시,금요일,전라남도 화순군 화순읍,중상사고,0,1,0,0,차대차 - 기타,교차로운행방법위반,건조,맑음,교차로 - 교차로안,승용,남,58세,상해없음,자전거,남,7세,중상
2012060100100548,2012년 6월 1일 20시,금요일,전라남도 목포시 상동,중상사고,0,1,0,0,차대사람 - 횡단중,보행자보호의무위반,건조,맑음,단일로 - 기타,이륜,남,17세,상해없음,보행자,남,12세,중상
2012060100100549,2012년 6월 1일 20시,금요일,전라남도 목포시 산정동,경상사고,0,0,1,0,차대차 - 기타,안전거리미확보,습기,맑음,단일로 - 기타,승용,남,38세,상해없음,원동기,남,17세,경상
2012060100100550,2012년 6월 1일 20시,금요일,전라남도 여수시 공화동,경상사고,0,0,1,0,차대차 - 기타,교차로운행방법위반,건조,맑음,교차로 - 교차로안,승합,남,47세,상해없음,이륜,남,47세,경상
2012060100100551,2012년 6월 1일 20시,금요일,전라남도 여수시 여서동,경상사고,0,0,1,0,차대차 - 기타,안전운전불이행,건조,맑음,단일로 - 기타,승용,남,57세,상해없음,승용,남,27세,경상
2012060100100552,2012년 6월 1일 20시,금요일,전라남도 고흥군 대서면,사망사고,1,0,0,0,차대차 - 측면직각충돌,과속,건조,맑음,교차로 - 교차로안,화물,남,59세,상해없음,이륜,남,77세,사망
2012060100100553,2012년 6월 1일 20시,금요일,전라남도 함평군 학교면,중상사고,0,1,0,0,차대차 - 추돌 - 주정차중,안전운전불이행,건조,맑음,단일로 - 기타,이륜,남,49세,중상,건설기계,미분류,기타불명,기타불명
2012060100100595,2012년 6월 1일 21시,금요일,전라남도 목포시 상동,경상사고,0,0,1,0,차대차 - 측면직각충돌,안전운전불이행,건조,맑음,단일로 - 기타,승용,여,27세,상해없음,자전거,남,21세,경상
2012060100100596,2012년 6월 1일 21시,금요일,전라남도 여수시 소라면,중상사고,0,1,0,0,차대차 - 기타,교차로운행방법위반,건조,맑음,교차로 - 교차로안,이륜,남,44세,중상,화물,남,66세,상해없음
2012060100100630,2012년 6월 1일 22시,금요일,전라남도 순천시 연향동,경상사고,0,0,1,0,차대차 - 정면충돌,중앙선침범,건조,맑음,단일로 - 기타,승용,여,55세,상해없음,화물,남,39세,경상
2012060100100667,2012년 6월 1일 23시,금요일,전라남도 여수시 여서동,경상사고,0,0,1,0,차대사람 - 횡단중,안전운전불이행,건조,맑음,단일로 - 기타,기타불명,기타불명,기타불명,기타불명,보행자,남,45세,경상
2012060200100026,2012년 6월 2일 00시,토요일,전라남도 여수시 안산동,경상사고,0,0,2,0,차대차 - 추돌 - 주정차중,안전운전불이행,건조,맑음,교차로 - 교차로부근,승용,여,51세,상해없음,승용,남,40세,경상
2012060200100027,2012년 6월 2일 00시,토요일,전라남도 순천시 해룡면,중상사고,0,1,0,0,차대차 - 기타,안전운전불이행,건조,맑음,단일로 - 기타,승용,남,45세,중상,승용,남,33세,기타불명
2012060200100050,2012년 6월 2일 01시,토요일,전라남도 고흥군 고흥읍,중상사고,0,1,0,0,차대차 - 추돌 - 진행중,안전거리미확보,건조,맑음,단일로 - 기타,승용,남,38세,상해없음,승용,남,19세,상해없음
2012060200100065,2012년 6월 2일 02시,토요일,전라남도 진도군 진도읍,중상사고,0,1,0,0,차량단독 - 전도전복,기타,건조,맑음,단일로 - 기타,승용,여,59세,중상,,,,
2012060200100097,2012년 6월 2일 04시,토요일,전라남도 나주시 왕곡면,경상사고,0,0,2,0,차대차 - 기타,안전운전불이행,건조,맑음,교차로 - 교차로부근,화물,남,54세,경상,화물,남,43세,경상
2012060200100117,2012년 6월 2일 06시,토요일,전라남도 강진군 마량면,중상사고,0,2,0,0,차대차 - 기타,기타,건조,맑음,단일로 - 교량,화물,남,50세,상해없음,이륜,남,68세,중상
2012060200100155,2012년 6월 2일 08시,토요일,전라남도 영암군 군서면,중상사고,0,1,1,0,차대차 - 추돌 - 주정차중,안전운전불이행,건조,맑음,단일로 - 기타,화물,여,48세,경상,화물,남,51세,중상
2012060200100173,2012년 6월 2일 09시,토요일,전라남도 목포시 산정동,경상사고,0,0,2,0,차대차 - 측면직각충돌,안전거리미확보,건조,맑음,단일로 - 기타,승용,남,32세,경상,화물,남,22세,경상
2012060200100174,2012년 6월 2일 09시,토요일,전라남도 고흥군 점암면,중상사고,0,1,0,0,차대차 - 정면충돌,중앙선침범,건조,맑음,단일로 - 기타,화물,남,37세,상해없음,이륜,여,25세,중상
2012060200100175,2012년 6월 2일 09시,토요일,전라남도 진도군 진도읍,부상신고사고,0,0,0,1,차량단독 - 공작물충돌,안전운전불이행,기타,맑음,교차로 - 교차로안,승용,남,32세,부상신고,,,,
2012060200100206,2012년 6월 2일 10시,토요일,전라남도 여수시 안산동,중상사고,0,1,0,0,차대차 - 측면직각충돌,안전운전불이행,건조,맑음,단일로 - 기타,승용,남,32세,상해없음,이륜,남,65세,중상
2012060200100207,2012년 6월 2일 10시,토요일,전라남도 나주시 이창동,중상사고,0,2,0,0,차대차 - 측면직각충돌,교차로운행방법위반,건조,맑음,교차로 - 교차로안,승용,남,60세,상해없음,원동기,남,74세,중상
2012060200100208,2012년 6월 2일 10시,토요일,전라남도 영암군 삼호읍,경상사고,0,0,2,0,차대차 - 측면직각충돌,중앙선침범,건조,맑음,단일로 - 기타,승용,남,31세,경상,승용,여,23세,경상
2012060200100264,2012년 6월 2일 12시,토요일,전라남도 영광군 불갑면,사망사고,1,0,0,0,차량단독 - 도로외이탈 - 추락,안전운전불이행,건조,맑음,단일로 - 기타,화물,남,33세,사망,,,,
2012060200100265,2012년 6월 2일 12시,토요일,전라남도 여수시 국동,경상사고,0,0,1,0,차대차 - 추돌 - 진행중,안전운전불이행,건조,맑음,단일로 - 기타,화물,남,30세,상해없음,화물,남,46세,경상
2012060200100266,2012년 6월 2일 12시,토요일,전라남도 고흥군 풍양면,중상사고,0,1,0,0,차량단독 - 기타,안전운전불이행,건조,맑음,단일로 - 기타,승합,남,62세,상해없음,,,,
2012060200100306,2012년 6월 2일 13시,토요일,전라남도 순천시 연향동,경상사고,0,0,2,0,차대사람 - 기타,안전운전불이행,건조,맑음,교차로 - 교차로안,승용,남,39세,상해없음,보행자,여,10세,경상
2012060200100307,2012년 6월 2일 13시,토요일,전라남도 순천시 해룡면,경상사고,0,0,1,0,차대차 - 기타,안전운전불이행,건조,맑음,교차로 - 교차로부근,승용,남,55세,상해없음,화물,남,53세,경상
2012060200100338,2012년 6월 2일 14시,토요일,전라남도 무안군 삼향읍,중상사고,0,2,2,0,차대차 - 측면직각충돌,신호위반,건조,맑음,교차로 - 교차로안,승용,남,27세,경상,승용,남,43세,경상
2012060200100339,2012년 6월 2일 14시,토요일,전라남도 광양시 중동,중상사고,0,1,1,0,차대차 - 측면직각충돌,안전운전불이행,건조,맑음,교차로 - 교차로부근,이륜,남,67세,경상,승용,여,40세,상해없음
2012060200100340,2012년 6월 2일 14시,토요일,전라남도 광양시 광양읍,중상사고,0,1,0,0,차대사람 - 횡단중,보행자보호의무위반,건조,맑음,교차로 - 교차로부근,승합,남,64세,상해없음,보행자,여,62세,중상
2012060200100384,2012년 6월 2일 15시,토요일,전라남도 장흥군 장흥읍,경상사고,0,0,1,0,차량단독 - 기타,안전운전불이행,건조,맑음,단일로 - 기타,승용,여,64세,경상,,,,
2012060200100385,2012년 6월 2일 15시,토요일,전라남도 강진군 도암면,중상사고,0,3,2,0,차량단독 - 도로외이탈 - 기타,안전운전불이행,건조,맑음,단일로 - 기타,화물,남,58세,중상,,,,
2012060200100386,2012년 6월 2일 15시,토요일,전라남도 광양시 중동,경상사고,0,0,1,0,차대차 - 측면직각충돌,교차로운행방법위반,건조,맑음,교차로 - 교차로안,화물,남,46세,상해없음,이륜,남,18세,경상
2012060200100428,2012년 6월 2일 16시,토요일,전라남도 순천시 연향동,경상사고,0,0,2,0,차대사람 - 기타,안전운전불이행,건조,맑음,단일로 - 기타,화물,남,33세,상해없음,보행자,여,32세,경상
2012060200100429,2012년 6월 2일 16시,토요일,전라남도 나주시 관정동,경상사고,0,0,2,0,차량단독 - 공작물충돌,안전운전불이행,습기,흐림,단일로 - 기타,승합,여,51세,경상,,,,
2012060200100430,2012년 6월 2일 16시,토요일,전라남도 장흥군 장흥읍,경상사고,0,0,1,0,차량단독 - 기타,안전운전불이행,건조,맑음,단일로 - 기타,원동기,남,63세,경상,,,,
2012060200100459,2012년 6월 2일 17시,토요일,전라남도 여수시 학동,중상사고,0,1,0,0,차대사람 - 횡단중,신호위반,건조,맑음,교차로 - 교차로부근,승용,남,69세,상해없음,보행자,여,66세,중상
2012060200100461,2012년 6월 2일 17시,토요일,전라남도 담양군 창평면,중상사고,0,1,3,0,차대차 - 추돌 - 진행중,안전운전불이행,습기,흐림,기타 - 기타,승용,남,48세,기타불명,승용,여,33세,경상
2012060200100498,2012년 6월 2일 18시,토요일,전라남도 장흥군 장동면,경상사고,0,0,1,0,차대차 - 기타,교차로운행방법위반,건조,맑음,교차로 - 교차로안,승합,남,35세,상해없음,승용,남,43세,상해없음
2012060200100499,2012년 6월 2일 18시,토요일,전라남도 영암군 학산면,경상사고,0,0,2,0,차대차 - 정면충돌,중앙선침범,건조,맑음,단일로 - 기타,화물,남,65세,상해없음,승용,남,51세,경상
2012060200100535,2012년 6월 2일 19시,토요일,전라남도 광양시 중동,경상사고,0,0,1,0,차대사람 - 횡단중,안전운전불이행,건조,맑음,단일로 - 기타,화물,여,60세,상해없음,보행자,남,15세,경상
2012060200100573,2012년 6월 2일 20시,토요일,전라남도 목포시 용해동,경상사고,0,0,2,0,차대차 - 측면직각충돌,교차로운행방법위반,건조,맑음,교차로 - 교차로안,승용,남,57세,경상,승용,남,29세,경상
2012060200100624,2012년 6월 2일 22시,토요일,전라남도 영광군 대마면,중상사고,0,2,0,0,차량단독 - 기타,안전운전불이행,건조,맑음,단일로 - 기타,승용,여,23세,중상,,,,
2012060200100647,2012년 6월 2일 23시,토요일,전라남도 여수시 화장동,경상사고,0,0,2,0,차대차 - 추돌 - 주정차중,안전운전불이행,건조,맑음,단일로 - 기타,승용,남,37세,상해없음,승용,여,40세,경상
2012060200100648,2012년 6월 2일 23시,토요일,전라남도 순천시 조례동,경상사고,0,0,1,0,차대차 - 기타,안전운전불이행,건조,맑음,단일로 - 기타,원동기,남,18세,경상,승용,여,38세,상해없음
2012060200100649,2012년 6월 2일 23시,토요일,전라남도 고흥군 도양읍,중상사고,0,1,0,0,차대사람 - 기타,안전운전불이행,건조,맑음,단일로 - 기타,화물,남,42세,상해없음,보행자,남,40세,중상
2012060200100650,2012년 6월 2일 23시,토요일,전라남도 함평군 학교면,중상사고,0,1,0,0,차량단독 - 공작물충돌,안전운전불이행,건조,맑음,단일로 - 기타,이륜,남,29세,중상,,,,
2012060300100027,2012년 6월 3일 01시,일요일,전라남도 여수시 연등동,경상사고,0,0,1,0,차대사람 - 기타,안전운전불이행,건조,맑음,단일로 - 기타,기타불명,기타불명,기타불명,기타불명,보행자,남,42세,경상
2012060300100041,2012년 6월 3일 02시,일요일,전라남도 무안군 삼향읍,중상사고,0,1,3,0,차대차 - 측면직각충돌,교차로운행방법위반,건조,맑음,교차로 - 교차로안,승용,남,33세,상해없음,승용,남,44세,경상
2012060300100059,2012년 6월 3일 03시,일요일,전라남도 순천시 조례동,경상사고,0,0,2,0,차대차 - 기타,직진우회전진행방해,건조,맑음,교차로 - 교차로안,승용,여,38세,상해없음,승용,남,53세,경상
2012060300100087,2012년 6월 3일 05시,일요일,전라남도 여수시 안산동,경상사고,0,0,1,0,차대차 - 측면직각충돌,안전운전불이행,건조,맑음,단일로 - 기타,승용,남,29세,상해없음,화물,남,49세,경상
2012060300100088,2012년 6월 3일 05시,일요일,전라남도 순천시 덕월동,중상사고,0,1,0,0,차대차 - 기타,안전운전불이행,건조,맑음,단일로 - 기타,화물,남,66세,상해없음,자전거,남,57세,중상
2012060300100089,2012년 6월 3일 05시,일요일,전라남도 해남군 북평면,중상사고,0,1,0,0,차량단독 - 도로외이탈 - 기타,안전운전불이행,건조,맑음,단일로 - 기타,승용,남,26세,상해없음,,,,
2012060300100102,2012년 6월 3일 06시,일요일,전라남도 광양시 광양읍,중상사고,0,1,0,0,차량단독 - 공작물충돌,안전운전불이행,건조,맑음,단일로 - 교량,승용,남,29세,상해없음,,,,
2012060300100148,2012년 6월 3일 09시,일요일,전라남도 담양군 담양읍,경상사고,0,0,1,0,차대차 - 측면직각충돌,직진우회전진행방해,건조,맑음,교차로 - 교차로안,승용,남,61세,상해없음,승합,남,52세,상해없음
2012060300100163,2012년 6월 3일 10시,일요일,전라남도 여수시 소라면,경상사고,0,0,1,0,차량단독 - 공작물충돌,안전운전불이행,건조,맑음,단일로 - 기타,승용,남,50세,경상,,,,
2012060300100164,2012년 6월 3일 10시,일요일,전라남도 나주시 다시면,사망사고,1,0,0,0,차대사람 - 기타,기타,건조,맑음,기타 - 기타,농기계,남,49세,상해없음,보행자,남,2세,사망
2012060300100165,2012년 6월 3일 10시,일요일,전라남도 나주시 노안면,경상사고,0,0,1,0,차대차 - 기타,안전운전불이행,건조,맑음,교차로 - 교차로부근,이륜,기타불명,기타불명,기타불명,화물,남,66세,상해없음
2012060300100166,2012년 6월 3일 10시,일요일,전라남도 담양군 담양읍,경상사고,0,0,2,0,차대차 - 측면직각충돌,직진우회전진행방해,건조,맑음,교차로 - 교차로안,승용,남,25세,상해없음,승용,남,55세,경상
2012060300100237,2012년 6월 3일 13시,일요일,전라남도 여수시 학동,경상사고,0,0,2,0,차대차 - 추돌 - 주정차중,안전운전불이행,건조,맑음,단일로 - 기타,승용,남,44세,상해없음,승용,남,31세,경상
2012060300100238,2012년 6월 3일 13시,일요일,전라남도 나주시 왕곡면,사망사고,2,0,1,1,차대차 - 정면충돌,안전운전불이행,건조,맑음,단일로 - 기타,승용,남,35세,부상신고,농기계,남,51세,상해없음
2012060300100275,2012년 6월 3일 14시,일요일,전라남도 나주시 석현동,중상사고,0,1,1,0,차대차 - 추돌 - 주정차중,안전운전불이행,건조,맑음,단일로 - 기타,승용,남,33세,경상,승용,남,49세,중상
2012060300100276,2012년 6월 3일 14시,일요일,전라남도 화순군 화순읍,중상사고,0,1,0,0,차대사람 - 기타,안전운전불이행,건조,맑음,교차로 - 교차로부근,승용,남,39세,상해없음,보행자,여,65세,중상
2012060300100329,2012년 6월 3일 16시,일요일,전라남도 목포시 상동,경상사고,0,0,10,0,차대차 - 측면직각충돌,교차로운행방법위반,건조,맑음,교차로 - 교차로안,승용,여,35세,경상,승합,남,43세,경상
2012060300100330,2012년 6월 3일 16시,일요일,전라남도 고흥군 점암면,중상사고,0,1,1,0,차대차 - 추돌 - 진행중,안전운전불이행,건조,맑음,단일로 - 기타,화물,남,58세,상해없음,화물,남,56세,중상
2012060300100365,2012년 6월 3일 17시,일요일,전라남도 나주시 공산면,중상사고,0,2,1,1,차대차 - 정면충돌,중앙선침범,건조,맑음,단일로 - 기타,승용,남,27세,부상신고,화물,남,57세,중상
2012060300100366,2012년 6월 3일 17시,일요일,전라남도 광양시 광양읍,중상사고,0,3,0,0,차대차 - 측면직각충돌,신호위반,건조,맑음,교차로 - 교차로안,화물,남,53세,중상,승용,여,38세,중상
2012060300100395,2012년 6월 3일 18시,일요일,전라남도 강진군 병영면,경상사고,0,0,2,1,차대차 - 측면직각충돌,직진우회전진행방해,건조,맑음,교차로 - 교차로안,승용,남,61세,부상신고,승용,남,30세,경상
2012060300100429,2012년 6월 3일 19시,일요일,전라남도 화순군 화순읍,경상사고,0,0,1,0,차대차 - 기타,안전운전불이행,건조,맑음,기타 - 기타,승용,남,34세,상해없음,원동기,남,17세,경상
2012060300100463,2012년 6월 3일 20시,일요일,전라남도 담양군 봉산면,경상사고,0,0,1,0,차량단독 - 공작물충돌,안전운전불이행,건조,흐림,단일로 - 기타,승용,남,55세,경상,,,,
2012060300100464,2012년 6월 3일 20시,일요일,전라남도 무안군 무안읍,경상사고,0,0,1,0,차량단독 - 전도전복,안전운전불이행,건조,맑음,기타 - 기타,승합,남,63세,상해없음,,,,
2012060300100533,2012년 6월 3일 23시,일요일,전라남도 광양시 마동,경상사고,0,0,1,0,차대차 - 측면직각충돌,신호위반,건조,맑음,교차로 - 교차로안,승용,남,24세,상해없음,승용,남,29세,경상