사고번호,사고일시,요일,시군구,사고내용,사망자수,중상자수,경상자수,부상신고자수,사고유형,법규위반,노면상태,기상상태,도로형태,가해운전자 차종,가해운전자 성별,가해운전자 연령,가해운전자 상해정도,피해운전자 차종,피해운전자 성별,피해운전자 연령,피해운전자 상해정도
2012060800100015,2012년 6월 8일 00시,금요일,전라남도 여수시 남산동,중상사고,0,2,0,0,차대차 - 추돌 - 주정차중,안전운전불이행,건조,맑음,교차로 - 교차로안,승용,남,47세,상해없음,승용,남,58세,상해없음
2012060800100095,2012년 6월 8일 05시,금요일,전라남도 순천시 해룡면,경상사고,0,0,1,0,차대차 - 측면직각충돌,교차로운행방법위반,건조,맑음,교차로 - 교차로안,승용,남,49세,상해없음,승용,남,44세,경상
2012060800100096,2012년 6월 8일 05시,금요일,전라남도 함평군 함평읍,중상사고,0,2,4,0,차량단독 - 전도전복,안전운전불이행,건조,맑음,단일로 - 기타,승용,여,51세,경상,,,,
2012060800100103,2012년 6월 8일 06시,금요일,전라남도 순천시 해룡면,중상사고,0,1,4,0,차대차 - 기타,직진우회전진행방해,건조,맑음,교차로 - 교차로안,승용,남,34세,경상,승용,남,52세,경상
2012060800100104,2012년 6월 8일 06시,금요일,전라남도 고흥군 두원면,중상사고,0,1,1,0,차량단독 - 전도전복,안전운전불이행,습기,비,단일로 - 기타,화물,남,63세,경상,,,,
2012060800100105,2012년 6월 8일 06시,금요일,전라남도 보성군 회천면,경상사고,0,0,1,0,차량단독 - 공작물충돌,안전운전불이행,습기,비,단일로 - 기타,화물,남,46세,경상,,,,
2012060800100106,2012년 6월 8일 06시,금요일,전라남도 강진군 신전면,부상신고사고,0,0,0,1,차량단독 - 도로외이탈 - 기타,안전운전불이행,건조,맑음,교차로 - 교차로부근,농기계,남,72세,부상신고,,,,
2012060800100122,2012년 6월 8일 07시,금요일,전라남도 해남군 마산면,경상사고,0,0,6,0,차대차 - 기타,안전운전불이행,건조,맑음,단일로 - 기타,승용,남,22세,상해없음,승합,남,42세,경상
2012060800100161,2012년 6월 8일 08시,금요일,전라남도 여수시 웅천동,중상사고,0,2,2,0,차대차 - 추돌 - 진행중,안전운전불이행,건조,맑음,단일로 - 기타,화물,남,49세,상해없음,승용,남,56세,경상
2012060800100197,2012년 6월 8일 09시,금요일,전라남도 순천시 동외동,중상사고,0,1,0,0,차대사람 - 횡단중,보행자보호의무위반,습기,비,단일로 - 기타,승용,남,69세,상해없음,보행자,여,54세,중상
2012060800100226,2012년 6월 8일 10시,금요일,전라남도 여수시 화양면,경상사고,0,0,1,0,차대차 - 측면직각충돌,교차로운행방법위반,습기,비,교차로 - 교차로안,기타불명,기타불명,기타불명,기타불명,화물,남,40세,경상
2012060800100227,2012년 6월 8일 10시,금요일,전라남도 함평군 함평읍,경상사고,0,0,1,0,차대차 - 측면직각충돌,교차로운행방법위반,습기,비,교차로 - 교차로안,화물,여,40세,상해없음,원동기,남,75세,경상
2012060800100256,2012년 6월 8일 11시,금요일,전라남도 나주시 이창동,중상사고,0,1,2,0,차대차 - 측면직각충돌,기타,건조,맑음,교차로 - 교차로안,화물,남,43세,상해없음,승용,남,42세,경상
2012060800100276,2012년 6월 8일 12시,금요일,전라남도 여수시 공화동,중상사고,0,1,1,0,차대차 - 측면직각충돌,안전거리미확보,습기,비,단일로 - 기타,승용,남,60세,상해없음,승합,남,61세,상해없음
2012060800100308,2012년 6월 8일 13시,금요일,전라남도 여수시 신월동,중상사고,0,1,0,0,차대사람 - 횡단중,안전운전불이행,건조,맑음,기타 - 기타,화물,남,41세,상해없음,보행자,남,38세,중상
2012060800100309,2012년 6월 8일 13시,금요일,전라남도 화순군 화순읍,경상사고,0,0,3,0,차대차 - 측면직각충돌,교차로운행방법위반,건조,맑음,교차로 - 교차로안,승용,여,49세,경상,승합,남,34세,상해없음
2012060800100310,2012년 6월 8일 13시,금요일,전라남도 광양시 금호동,경상사고,0,0,3,0,차대차 - 측면직각충돌,중앙선침범,건조,맑음,단일로 - 기타,승용,남,51세,상해없음,화물,남,37세,경상
2012060800100384,2012년 6월 8일 15시,금요일,전라남도 영광군 불갑면,경상사고,0,0,1,0,차대차 - 측면직각충돌,안전운전불이행,습기,흐림,단일로 - 기타,화물,남,53세,상해없음,승용,여,46세,경상
2012060800100385,2012년 6월 8일 15시,금요일,전라남도 장성군 진원면,사망사고,1,0,0,0,차대차 - 측면직각충돌,교차로운행방법위반,습기,비,교차로 - 교차로안,화물,남,53세,상해없음,승용,여,36세,사망
2012060800100425,2012년 6월 8일 16시,금요일,전라남도 무안군 삼향읍,경상사고,0,0,1,0,차대사람 - 횡단중,안전운전불이행,건조,맑음,단일로 - 기타,승용,여,34세,상해없음,보행자,여,7세,경상
2012060800100426,2012년 6월 8일 16시,금요일,전라남도 광양시 중동,중상사고,0,1,0,0,차대차 - 측면직각충돌,신호위반,습기,비,교차로 - 교차로안,건설기계,남,40세,상해없음,승용,남,55세,중상
2012060800100470,2012년 6월 8일 17시,금요일,전라남도 목포시 산정동,중상사고,0,2,4,0,차대차 - 측면직각충돌,안전거리미확보,습기,흐림,단일로 - 기타,승용,여,51세,경상,승용,남,38세,경상
2012060800100471,2012년 6월 8일 17시,금요일,전라남도 목포시 동명동,중상사고,0,1,1,0,차대차 - 기타,안전거리미확보,건조,맑음,교차로 - 교차로부근,화물,여,53세,경상,승용,남,50세,중상
2012060800100472,2012년 6월 8일 17시,금요일,전라남도 담양군 수북면,중상사고,0,1,0,0,차대차 - 기타,교차로운행방법위반,건조,맑음,교차로 - 교차로안,화물,여,40세,상해없음,이륜,남,70세,중상
2012060800100473,2012년 6월 8일 17시,금요일,전라남도 진도군 군내면,중상사고,0,1,1,0,차대차 - 측면직각충돌,안전운전불이행,건조,맑음,단일로 - 기타,건설기계,남,44세,상해없음,승용,남,27세,경상
2012060800100474,2012년 6월 8일 17시,금요일,전라남도 진도군 진도읍,경상사고,0,0,4,0,차대차 - 측면직각충돌,안전운전불이행,건조,맑음,교차로 - 교차로부근,승합,남,51세,상해없음,화물,남,52세,경상
2012060800100518,2012년 6월 8일 18시,금요일,전라남도 순천시 가곡동,경상사고,0,0,3,0,차대차 - 측면직각충돌,안전운전불이행,건조,맑음,단일로 - 기타,승용,여,56세,경상,승용,남,54세,경상
2012060800100519,2012년 6월 8일 18시,금요일,전라남도 고흥군 고흥읍,경상사고,0,0,1,0,차대차 - 기타,안전거리미확보,건조,맑음,단일로 - 기타,승용,남,40세,상해없음,승용,여,39세,경상
2012060800100520,2012년 6월 8일 18시,금요일,전라남도 구례군 마산면,경상사고,0,0,4,0,차대차 - 측면직각충돌,교차로운행방법위반,건조,맑음,교차로 - 교차로안,승용,여,61세,경상,승용,남,36세,경상
2012060800100565,2012년 6월 8일 19시,금요일,전라남도 영광군 대마면,사망사고,1,0,0,0,차량단독 - 전도전복,안전운전불이행,습기,흐림,단일로 - 기타,화물,남,70세,사망,,,,
2012060800100615,2012년 6월 8일 20시,금요일,전라남도 함평군 신광면,중상사고,0,5,0,0,차대차 - 정면충돌,중앙선침범,건조,흐림,단일로 - 기타,화물,남,34세,중상,화물,남,42세,중상
2012060800100660,2012년 6월 8일 21시,금요일,전라남도 여수시 수정동,경상사고,0,0,1,0,차대차 - 측면직각충돌,교차로운행방법위반,건조,맑음,단일로 - 기타,승용,남,61세,경상,승용,남,30세,상해없음
2012060800100661,2012년 6월 8일 21시,금요일,전라남도 여수시 공화동,경상사고,0,0,1,0,차대차 - 측면직각충돌,안전운전불이행,건조,맑음,단일로 - 기타,승용,남,51세,상해없음,승용,남,59세,경상
2012060800100662,2012년 6월 8일 21시,금요일,전라남도 순천시 조례동,경상사고,0,0,1,0,차대차 - 측면직각충돌,중앙선침범,건조,맑음,단일로 - 기타,화물,남,46세,상해없음,승용,여,51세,상해없음
2012060800100663,2012년 6월 8일 21시,금요일,전라남도 화순군 화순읍,경상사고,0,0,1,0,차대차 - 기타,신호위반,건조,맑음,교차로 - 교차로안,원동기,남,16세,경상,승용,남,27세,상해없음
2012060800100664,2012년 6월 8일 21시,금요일,전라남도 영암군 삼호읍,중상사고,0,1,0,0,차대차 - 측면직각충돌,안전운전불이행,습기,흐림,단일로 - 기타,승용,남,39세,상해없음,원동기,남,56세,중상
2012060800100713,2012년 6월 8일 22시,금요일,전라남도 목포시 동명동,경상사고,0,0,3,0,차대차 - 측면직각충돌,교차로운행방법위반,건조,맑음,교차로 - 교차로안,승용,남,28세,상해없음,승용,남,56세,경상
2012060800100714,2012년 6월 8일 22시,금요일,전라남도 광양시 광양읍,경상사고,0,0,3,0,차대차 - 측면직각충돌,직진우회전진행방해,건조,맑음,교차로 - 교차로안,승용,남,50세,상해없음,승용,남,35세,경상
2012060800100715,2012년 6월 8일 22시,금요일,전라남도 광양시 광양읍,경상사고,0,0,2,0,차대차 - 추돌 - 주정차중,안전운전불이행,건조,맑음,교차로 - 교차로부근,승용,남,41세,상해없음,승용,남,30세,경상
2012060800100716,2012년 6월 8일 22시,금요일,전라남도 광양시 도이동,중상사고,0,2,0,0,차대차 - 측면직각충돌,신호위반,건조,맑음,교차로 - 교차로안,건설기계,남,54세,상해없음,승용,남,46세,중상
2012060800100751,2012년 6월 8일 23시,금요일,전라남도 광양시 마동,경상사고,0,0,3,0,차대차 - 측면직각충돌,안전거리미확보,건조,맑음,단일로 - 기타,승용,여,44세,경상,승용,남,36세,경상
2012060900100010,2012년 6월 9일 00시,토요일,전라남도 여수시 여서동,중상사고,0,2,0,0,차대차 - 측면직각충돌,안전운전불이행,건조,맑음,교차로 - 교차로안,승용,남,46세,상해없음,원동기,남,46세,중상
2012060900100011,2012년 6월 9일 00시,토요일,전라남도 보성군 보성읍,사망사고,1,0,0,0,차량단독 - 전도전복,안전운전불이행,습기,비,단일로 - 기타,승용,여,57세,사망,,,,
2012060900100012,2012년 6월 9일 00시,토요일,전라남도 광양시 진상면,경상사고,0,0,2,0,차대차 - 측면직각충돌,중앙선침범,건조,맑음,단일로 - 기타,승용,남,33세,상해없음,승용,남,47세,경상
2012060900100054,2012년 6월 9일 02시,토요일,전라남도 목포시 상동,경상사고,0,0,2,0,차대차 - 측면직각충돌,신호위반,건조,맑음,교차로 - 교차로안,화물,남,31세,상해없음,승용,남,27세,경상
2012060900100067,2012년 6월 9일 03시,토요일,전라남도 해남군 해남읍,중상사고,0,1,0,0,차대차 - 기타,안전운전불이행,건조,맑음,단일로 - 기타,화물,남,39세,상해없음,기타불명,남,57세,중상
2012060900100104,2012년 6월 9일 06시,토요일,전라남도 나주시 공산면,경상사고,0,0,1,1,차대차 - 측면직각충돌,교차로운행방법위반,건조,맑음,교차로 - 교차로안,화물,남,69세,부상신고,화물,남,41세,경상
2012060900100121,2012년 6월 9일 07시,토요일,전라남도 목포시 상동,경상사고,0,0,1,0,차대차 - 기타,중앙선침범,건조,맑음,단일로 - 기타,승용,남,25세,상해없음,화물,남,42세,경상
2012060900100122,2012년 6월 9일 07시,토요일,전라남도 해남군 문내면,중상사고,0,2,0,0,차대차 - 기타,안전운전불이행,건조,맑음,교차로 - 교차로안,이륜,남,73세,상해없음,이륜,남,76세,중상
2012060900100147,2012년 6월 9일 08시,토요일,전라남도 해남군 북일면,사망사고,1,0,0,0,차량단독 - 전도전복,안전운전불이행,건조,맑음,단일로 - 기타,농기계,남,71세,사망,,,,
2012060900100148,2012년 6월 9일 08시,토요일,전라남도 영광군 백수읍,경상사고,0,0,1,0,차대차 - 기타,안전운전불이행,건조,맑음,교차로 - 교차로안,농기계,남,59세,상해없음,이륜,남,65세,경상
2012060900100149,2012년 6월 9일 08시,토요일,전라남도 광양시 진상면,경상사고,0,0,1,1,차대차 - 측면직각충돌,안전운전불이행,건조,맑음,교차로 - 교차로안,농기계,남,75세,부상신고,화물,남,47세,경상
2012060900100175,2012년 6월 9일 09시,토요일,전라남도 목포시 옥암동,경상사고,0,0,1,0,차대차 - 추돌 - 진행중,안전운전불이행,건조,맑음,단일로 - 기타,승용,남,61세,상해없음,승용,남,47세,경상
2012060900100176,2012년 6월 9일 09시,토요일,전라남도 나주시 이창동,경상사고,0,0,1,0,차대차 - 측면직각충돌,중앙선침범,건조,맑음,단일로 - 횡단보도부근,자전거,남,23세,경상,승합,남,34세,상해없음
2012060900100177,2012년 6월 9일 09시,토요일,전라남도 보성군 벌교읍,경상사고,0,0,1,0,차대차 - 측면직각충돌,안전운전불이행,건조,맑음,단일로 - 기타,원동기,여,56세,경상,승용,남,60세,상해없음
2012060900100244,2012년 6월 9일 11시,토요일,전라남도 나주시 이창동,경상사고,0,0,1,0,차대사람 - 횡단중,안전운전불이행,건조,맑음,교차로 - 교차로안,승합,여,28세,상해없음,보행자,남,8세,경상
2012060900100245,2012년 6월 9일 11시,토요일,전라남도 해남군 삼산면,중상사고,0,1,0,0,차대차 - 추돌 - 진행중,불법유턴,건조,맑음,교차로 - 교차로안,화물,남,54세,상해없음,이륜,남,69세,중상
2012060900100246,2012년 6월 9일 11시,토요일,전라남도 보성군 득량면,경상사고,0,0,2,0,차대차 - 추돌 - 진행중,안전운전불이행,건조,맑음,단일로 - 기타,승용,남,46세,상해없음,농기계,남,51세,경상
2012060900100247,2012년 6월 9일 11시,토요일,전라남도 광양시 진월면,경상사고,0,0,1,0,차대차 - 측면직각충돌,중앙선침범,건조,맑음,단일로 - 기타,화물,남,41세,상해없음,화물,남,38세,경상
2012060900100283,2012년 6월 9일 12시,토요일,전라남도 나주시 노안면,중상사고,0,1,5,0,차대차 - 측면직각충돌,직진우회전진행방해,건조,맑음,교차로 - 교차로안,승용,여,41세,경상,화물,남,56세,중상
2012060900100284,2012년 6월 9일 12시,토요일,전라남도 나주시 왕곡면,경상사고,0,0,1,0,차대사람 - 횡단중,안전운전불이행,건조,맑음,단일로 - 기타,승합,남,54세,상해없음,보행자,남,15세,경상
2012060900100318,2012년 6월 9일 13시,토요일,전라남도 목포시 석현동,경상사고,0,0,1,0,차대사람 - 횡단중,기타,건조,맑음,단일로 - 횡단보도상,기타불명,기타불명,기타불명,기타불명,보행자,남,6세,경상
2012060900100384,2012년 6월 9일 15시,토요일,전라남도 광양시 마동,경상사고,0,0,1,0,차대차 - 기타,안전운전불이행,건조,맑음,교차로 - 교차로안,기타불명,기타불명,기타불명,기타불명,이륜,남,55세,경상
2012060900100418,2012년 6월 9일 16시,토요일,전라남도 화순군 화순읍,중상사고,0,1,0,0,차대사람 - 길가장자리구역통행중,안전운전불이행,건조,맑음,단일로 - 기타,화물,남,24세,상해없음,보행자,여,69세,중상
2012060900100419,2012년 6월 9일 16시,토요일,전라남도 곡성군 입면,경상사고,0,0,2,0,차대차 - 측면직각충돌,안전운전불이행,건조,맑음,단일로 - 기타,농기계,남,59세,경상,원동기,남,35세,경상
2012060900100450,2012년 6월 9일 17시,토요일,전라남도 영광군 백수읍,중상사고,0,1,0,0,차대차 - 기타,안전운전불이행,건조,맑음,단일로 - 기타,기타불명,기타불명,기타불명,기타불명,자전거,남,23세,중상
2012060900100483,2012년 6월 9일 18시,토요일,전라남도 목포시 북교동,경상사고,0,0,1,0,차대차 - 기타,안전운전불이행,건조,맑음,단일로 - 기타,승용,남,20세,상해없음,자전거,남,17세,경상
2012060900100522,2012년 6월 9일 19시,토요일,전라남도 순천시 상사면,중상사고,0,1,0,0,차대차 - 측면직각충돌,직진우회전진행방해,건조,맑음,단일로 - 기타,화물,남,62세,상해없음,이륜,남,32세,중상
2012060900100545,2012년 6월 9일 20시,토요일,전라남도 목포시 산정동,경상사고,0,0,2,0,차대차 - 측면직각충돌,안전운전불이행,건조,맑음,단일로 - 기타,승용,남,54세,상해없음,승용,여,35세,상해없음
2012060900100573,2012년 6월 9일 21시,토요일,전라남도 순천시 연향동,중상사고,0,2,0,0,차대사람 - 횡단중,보행자보호의무위반,건조,맑음,교차로 - 교차로부근,승용,남,47세,상해없음,보행자,여,41세,중상
2012060900100609,2012년 6월 9일 22시,토요일,전라남도 광양시 중동,중상사고,0,1,0,0,차대사람 - 횡단중,안전운전불이행,건조,맑음,교차로 - 교차로부근,승용,남,29세,상해없음,보행자,여,64세,중상
2012060900100639,2012년 6월 9일 23시,토요일,전라남도 여수시 화치동,중상사고,0,1,1,0,차대차 - 기타,안전운전불이행,건조,맑음,교차로 - 교차로부근,화물,남,51세,상해없음,승용,여,36세,경상
2012060900100640,2012년 6월 9일 23시,토요일,전라남도 무안군 삼향읍,중상사고,0,1,0,0,차량단독 - 전도전복,안전운전불이행,건조,맑음,단일로 - 기타,이륜,남,68세,중상,,,,
2012061000100069,2012년 6월 10일 03시,일요일,전라남도 보성군 벌교읍,사망사고,1,0,0,0,차량단독 - 공작물충돌,안전운전불이행,건조,맑음,단일로 - 기타,승용,남,22세,사망,,,,
2012061000100076,2012년 6월 10일 04시,일요일,전라남도 여수시 신기동,경상사고,0,0,4,0,차대차 - 추돌 - 진행중,안전운전불이행,건조,맑음,교차로 - 교차로부근,승용,남,24세,상해없음,승용,남,50세,경상
2012061000100115,2012년 6월 10일 07시,일요일,전라남도 여수시 상암동,중상사고,0,1,2,0,차대차 - 측면직각충돌,중앙선침범,건조,맑음,단일로 - 기타,승용,여,51세,상해없음,승용,남,41세,경상
2012061000100132,2012년 6월 10일 08시,일요일,전라남도 고흥군 금산면,경상사고,0,0,2,0,차량단독 - 전도전복,안전운전불이행,건조,맑음,단일로 - 기타,승용,남,51세,경상,,,,
2012061000100146,2012년 6월 10일 09시,일요일,전라남도 나주시 영산동,경상사고,0,0,1,0,차대차 - 추돌 - 주정차중,안전운전불이행,건조,맑음,단일로 - 기타,화물,남,52세,상해없음,승용,남,43세,상해없음
2012061000100171,2012년 6월 10일 10시,일요일,전라남도 영광군 법성면,중상사고,0,1,0,0,차대차 - 정면충돌,안전운전불이행,건조,맑음,단일로 - 기타,이륜,남,72세,중상,화물,남,52세,상해없음
2012061000100193,2012년 6월 10일 11시,일요일,전라남도 목포시 산정동,중상사고,0,1,2,0,차대차 - 측면직각충돌,교차로운행방법위반,건조,맑음,교차로 - 교차로안,화물,남,50세,상해없음,승용,남,55세,경상
2012061000100194,2012년 6월 10일 11시,일요일,전라남도 여수시 여서동,경상사고,0,0,1,0,차대사람 - 기타,안전운전불이행,건조,맑음,단일로 - 기타,승용,남,34세,상해없음,보행자,남,65세,경상
2012061000100195,2012년 6월 10일 11시,일요일,전라남도 여수시 여서동,중상사고,0,2,1,0,차대차 - 측면직각충돌,교차로운행방법위반,건조,맑음,교차로 - 교차로안,승용,남,53세,상해없음,승용,남,53세,상해없음
2012061000100196,2012년 6월 10일 11시,일요일,전라남도 고흥군 금산면,경상사고,0,0,4,0,차대차 - 측면직각충돌,교차로운행방법위반,건조,맑음,교차로 - 교차로안,승용,여,57세,경상,승용,남,51세,경상
2012061000100197,2012년 6월 10일 11시,일요일,전라남도 진도군 지산면,경상사고,0,0,3,0,차대차 - 기타,안전운전불이행,기타,맑음,교차로 - 교차로부근,승용,남,44세,기타불명,승합,남,57세,기타불명
2012061000100220,2012년 6월 10일 12시,일요일,전라남도 무안군 삼향읍,경상사고,0,0,4,0,차대차 - 기타,중앙선침범,건조,맑음,단일로 - 기타,승용,남,22세,상해없음,승용,남,32세,경상
2012061000100221,2012년 6월 10일 12시,일요일,전라남도 무안군 청계면,경상사고,0,0,1,0,차대차 - 기타,안전운전불이행,건조,맑음,기타 - 기타,이륜,남,73세,경상,화물,남,39세,상해없음
2012061000100254,2012년 6월 10일 13시,일요일,전라남도 순천시 석현동,중상사고,0,1,0,0,차대차 - 추돌 - 진행중,안전운전불이행,건조,맑음,단일로 - 기타,원동기,남,66세,상해없음,승용,남,29세,상해없음
2012061000100255,2012년 6월 10일 13시,일요일,전라남도 나주시 남평읍,경상사고,0,0,3,0,차대차 - 측면직각충돌,직진우회전진행방해,건조,맑음,교차로 - 교차로안,승용,남,68세,상해없음,화물,남,59세,경상
2012061000100256,2012년 6월 10일 13시,일요일,전라남도 해남군 황산면,경상사고,0,0,1,0,차대차 - 측면직각충돌,교차로운행방법위반,건조,맑음,교차로 - 교차로안,화물,남,51세,상해없음,승용,남,30세,상해없음
2012061000100282,2012년 6월 10일 14시,일요일,전라남도 순천시 조례동,경상사고,0,0,1,0,차대차 - 정면충돌,교차로운행방법위반,건조,맑음,교차로 - 교차로안,승용,남,47세,상해없음,승용,남,52세,경상
2012061000100306,2012년 6월 10일 15시,일요일,전라남도 나주시 다시면,경상사고,0,0,1,0,차대사람 - 기타,안전운전불이행,건조,맑음,단일로 - 기타,승합,여,44세,상해없음,보행자,남,8세,경상
2012061000100307,2012년 6월 10일 15시,일요일,전라남도 해남군 문내면,경상사고,0,0,6,0,차대차 - 추돌 - 주정차중,안전운전불이행,건조,맑음,교차로 - 교차로부근,승용,남,34세,경상,승용,남,45세,경상
2012061000100308,2012년 6월 10일 15시,일요일,전라남도 장성군 장성읍,경상사고,0,0,3,0,차대차 - 기타,안전운전불이행,건조,맑음,기타 - 기타,승용,남,27세,상해없음,승용,남,40세,경상
2012061000100340,2012년 6월 10일 16시,일요일,전라남도 여수시 율촌면,경상사고,0,0,1,0,차대차 - 측면직각충돌,신호위반,건조,맑음,단일로 - 횡단보도상,승합,남,45세,상해없음,이륜,남,81세,경상
2012061000100341,2012년 6월 10일 16시,일요일,전라남도 해남군 황산면,경상사고,0,0,4,0,차대차 - 측면직각충돌,교차로운행방법위반,건조,맑음,교차로 - 교차로안,승용,남,37세,상해없음,승용,남,28세,경상
2012061000100385,2012년 6월 10일 17시,일요일,전라남도 목포시 상동,경상사고,0,0,1,0,차대차 - 측면직각충돌,교차로운행방법위반,건조,맑음,교차로 - 교차로안,승용,남,40세,상해없음,승용,남,29세,경상
2012061000100386,2012년 6월 10일 17시,일요일,전라남도 여수시 여서동,경상사고,0,0,1,0,차대차 - 추돌 - 주정차중,안전운전불이행,건조,맑음,단일로 - 기타,승용,남,46세,상해없음,화물,남,51세,경상
2012061000100420,2012년 6월 10일 18시,일요일,전라남도 순천시 조례동,중상사고,0,1,0,0,차대사람 - 기타,보행자보호의무위반,건조,맑음,교차로 - 교차로안,승합,여,41세,상해없음,보행자,남,58세,중상
2012061000100421,2012년 6월 10일 18시,일요일,전라남도 곡성군 겸면,경상사고,0,0,1,0,차량단독 - 도로외이탈 - 추락,안전운전불이행,건조,맑음,단일로 - 기타,승용,여,49세,경상,,,,
2012061000100455,2012년 6월 10일 19시,일요일,전라남도 나주시 송월동,경상사고,0,0,1,0,차대차 - 측면직각충돌,안전운전불이행,건조,맑음,교차로 - 교차로부근,승용,남,54세,상해없음,승용,남,58세,경상
2012061000100484,2012년 6월 10일 20시,일요일,전라남도 나주시 동강면,중상사고,0,1,0,0,차대차 - 추돌 - 주정차중,안전운전불이행,건조,맑음,기타 - 기타,원동기,남,15세,중상,화물,여,기타불명,상해없음
2012061000100524,2012년 6월 10일 21시,일요일,전라남도 목포시 상동,경상사고,0,0,1,0,차대차 - 측면직각충돌,교차로운행방법위반,건조,맑음,교차로 - 교차로안,이륜,남,20세,경상,승용,여,54세,상해없음
2012061000100525,2012년 6월 10일 21시,일요일,전라남도 나주시 남평읍,경상사고,0,0,3,0,차대차 - 측면직각충돌,안전운전불이행,건조,맑음,단일로 - 교량,화물,남,32세,상해없음,승용,남,30세,경상
2012061100100050,2012년 6월 11일 04시,월요일,전라남도 진도군 지산면,중상사고,0,1,0,0,차량단독 - 도로외이탈 - 추락,과속,기타,기타,단일로 - 기타,승합,남,53세,상해없음,,,,
2012061100100073,2012년 6월 11일 06시,월요일,전라남도 나주시 금천면,경상사고,0,0,1,0,차대사람 - 기타,안전운전불이행,건조,맑음,단일로 - 기타,승용,남,35세,상해없음,보행자,여,16세,경상
2012061100100094,2012년 6월 11일 07시,월요일,전라남도 순천시 풍덕동,경상사고,0,0,1,0,차대차 - 기타,안전운전불이행,건조,맑음,단일로 - 기타,승용,남,59세,상해없음,승용,남,26세,경상
2012061100100095,2012년 6월 11일 07시,월요일,전라남도 나주시 봉황면,중상사고,0,1,0,0,차대차 - 측면직각충돌,직진우회전진행방해,건조,맑음,교차로 - 교차로안,원동기,여,48세,중상,승용,남,57세,상해없음
2012061100100096,2012년 6월 11일 07시,월요일,전라남도 영암군 삼호읍,중상사고,0,1,1,0,차대차 - 측면직각충돌,직진우회전진행방해,건조,맑음,교차로 - 교차로안,이륜,남,42세,중상,승용,남,49세,경상
2012061100100097,2012년 6월 11일 07시,월요일,전라남도 순천시 주암면,경상사고,0,0,1,0,차대차 - 기타,기타,건조,맑음,기타 - 기타,기타불명,기타불명,기타불명,기타불명,승용,남,32세,경상
2012061100100130,2012년 6월 11일 08시,월요일,전라남도 여수시 선원동,경상사고,0,0,1,0,차대사람 - 횡단중,신호위반,건조,맑음,단일로 - 횡단보도상,기타불명,기타불명,기타불명,기타불명,보행자,남,14세,경상
2012061100100131,2012년 6월 11일 08시,월요일,전라남도 광양시 광양읍,경상사고,0,0,1,0,차대차 - 기타,안전운전불이행,건조,맑음,단일로 - 기타,자전거,여,64세,경상,승용,여,63세,상해없음
2012061100100150,2012년 6월 11일 09시,월요일,전라남도 순천시 해룡면,경상사고,0,0,1,0,차대차 - 추돌 - 주정차중,안전운전불이행,건조,맑음,기타 - 기타,건설기계,남,65세,상해없음,화물,남,49세,경상
2012061100100180,2012년 6월 11일 10시,월요일,전라남도 순천시 교량동,경상사고,0,0,1,0,차대차 - 측면직각충돌,안전운전불이행,건조,맑음,교차로 - 교차로안,승용,남,52세,상해없음,이륜,남,78세,경상
2012061100100181,2012년 6월 11일 10시,월요일,전라남도 보성군 벌교읍,경상사고,0,0,1,0,차대차 - 측면직각충돌,안전거리미확보,건조,맑음,단일로 - 기타,원동기,남,61세,경상,승용,남,76세,상해없음
2012061100100225,2012년 6월 11일 12시,월요일,전라남도 고흥군 도양읍,경상사고,0,0,2,0,차대차 - 기타,교차로운행방법위반,건조,맑음,교차로 - 교차로안,화물,남,45세,경상,승합,남,38세,경상
2012061100100226,2012년 6월 11일 12시,월요일,전라남도 해남군 송지면,중상사고,0,1,0,0,차량단독 - 공작물충돌,안전운전불이행,건조,맑음,단일로 - 기타,원동기,남,35세,중상,,,,
2012061100100249,2012년 6월 11일 13시,월요일,전라남도 목포시 석현동,경상사고,0,0,2,0,차대차 - 측면직각충돌,안전운전불이행,건조,맑음,단일로 - 기타,승용,남,61세,경상,화물,남,30세,상해없음
2012061100100278,2012년 6월 11일 14시,월요일,전라남도 영광군 홍농읍,경상사고,0,0,1,0,차대차 - 측면직각충돌,안전운전불이행,건조,맑음,교차로 - 교차로안,이륜,남,69세,경상,화물,남,41세,상해없음
2012061100100346,2012년 6월 11일 16시,월요일,전라남도 순천시 조곡동,경상사고,0,0,1,0,차대차 - 추돌 - 진행중,안전운전불이행,건조,맑음,교차로 - 교차로부근,승용,남,53세,기타불명,승용,여,48세,경상
2012061100100383,2012년 6월 11일 17시,월요일,전라남도 화순군 도암면,경상사고,0,0,1,0,차대사람 - 기타,안전운전불이행,기타,맑음,기타 - 기타,화물,남,40세,상해없음,보행자,남,1세,경상
2012061100100426,2012년 6월 11일 18시,월요일,전라남도 여수시 여서동,경상사고,0,0,1,0,차대사람 - 기타,보행자보호의무위반,건조,맑음,단일로 - 횡단보도상,승용,여,54세,상해없음,보행자,여,42세,경상
2012061100100427,2012년 6월 11일 18시,월요일,전라남도 나주시 노안면,중상사고,0,1,0,0,차량단독 - 기타,안전운전불이행,건조,맑음,교차로 - 교차로부근,승용,남,67세,상해없음,,,,
2012061100100493,2012년 6월 11일 20시,월요일,전라남도 여수시 종화동,사망사고,1,0,0,0,차대사람 - 기타,신호위반,건조,맑음,교차로 - 교차로안,승합,남,56세,상해없음,보행자,여,77세,사망