사고번호,사고일시,요일,시군구,사고내용,사망자수,중상자수,경상자수,부상신고자수,사고유형,법규위반,노면상태,기상상태,도로형태,가해운전자 차종,가해운전자 성별,가해운전자 연령,가해운전자 상해정도,피해운전자 차종,피해운전자 성별,피해운전자 연령,피해운전자 상해정도
2012061100100494,2012년 6월 11일 20시,월요일,전라남도 순천시 조례동,경상사고,0,0,1,0,차대차 - 추돌 - 주정차중,안전운전불이행,건조,맑음,교차로 - 교차로부근,승용,남,42세,상해없음,승용,남,42세,경상
2012061100100495,2012년 6월 11일 20시,월요일,전라남도 함평군 함평읍,경상사고,0,0,1,0,차대차 - 추돌 - 진행중,직진우회전진행방해,건조,맑음,교차로 - 교차로안,화물,남,61세,상해없음,승용,남,26세,경상
2012061100100496,2012년 6월 11일 20시,월요일,전라남도 담양군 담양읍,경상사고,0,0,1,0,차대차 - 기타,안전운전불이행,건조,맑음,교차로 - 교차로안,승용,남,46세,상해없음,승용,남,29세,경상
2012061100100548,2012년 6월 11일 22시,월요일,전라남도 순천시 조례동,경상사고,0,0,1,0,차대차 - 측면직각충돌,신호위반,건조,맑음,교차로 - 교차로안,승용,남,39세,상해없음,승용,남,36세,상해없음
2012061100100549,2012년 6월 11일 22시,월요일,전라남도 영광군 영광읍,경상사고,0,0,1,0,차량단독 - 도로외이탈 - 기타,안전운전불이행,건조,맑음,단일로 - 기타,이륜,남,54세,경상,,,,
2012061100100550,2012년 6월 11일 22시,월요일,전라남도 무안군 삼향읍,중상사고,0,1,0,0,차대사람 - 기타,안전운전불이행,건조,맑음,단일로 - 기타,승용,남,40세,상해없음,보행자,남,11세,중상
2012061100100580,2012년 6월 11일 23시,월요일,전라남도 신안군 도초면,부상신고사고,0,0,0,1,차량단독 - 기타,안전운전불이행,건조,맑음,단일로 - 기타,이륜,남,36세,부상신고,,,,
2012061100100581,2012년 6월 11일 23시,월요일,전라남도 광양시 진월면,중상사고,0,1,0,0,차대차 - 추돌 - 진행중,안전운전불이행,건조,맑음,단일로 - 기타,승용,남,24세,상해없음,화물,남,61세,중상
2012061200100013,2012년 6월 12일 00시,화요일,전라남도 광양시 진월면,중상사고,0,2,6,0,차대차 - 추돌 - 주정차중,안전운전불이행,건조,맑음,단일로 - 기타,화물,남,39세,중상,화물,남,52세,중상
2012061200100042,2012년 6월 12일 02시,화요일,전라남도 순천시 조례동,중상사고,0,1,0,0,차량단독 - 기타,안전운전불이행,건조,맑음,단일로 - 터널,승용,남,19세,상해없음,,,,
2012061200100043,2012년 6월 12일 02시,화요일,전라남도 순천시 석현동,경상사고,0,0,2,0,차량단독 - 공작물충돌,안전운전불이행,건조,흐림,단일로 - 기타,화물,남,20세,상해없음,,,,
2012061200100044,2012년 6월 12일 02시,화요일,전라남도 화순군 동면,중상사고,0,1,0,0,차량단독 - 공작물충돌,안전운전불이행,건조,맑음,단일로 - 기타,승용,남,44세,중상,,,,
2012061200100062,2012년 6월 12일 04시,화요일,전라남도 순천시 해룡면,중상사고,0,1,1,0,차대차 - 기타,직진우회전진행방해,건조,맑음,교차로 - 교차로안,화물,남,42세,경상,화물,남,34세,중상
2012061200100100,2012년 6월 12일 07시,화요일,전라남도 여수시 여서동,경상사고,0,0,2,0,차대차 - 측면직각충돌,안전운전불이행,건조,맑음,단일로 - 기타,승용,남,50세,상해없음,승용,남,39세,경상
2012061200100101,2012년 6월 12일 07시,화요일,전라남도 무안군 삼향읍,경상사고,0,0,1,0,차대차 - 기타,교차로운행방법위반,건조,맑음,교차로 - 교차로안,화물,남,73세,상해없음,승용,남,43세,경상
2012061200100132,2012년 6월 12일 08시,화요일,전라남도 목포시 용당동,경상사고,0,0,1,0,차대차 - 측면직각충돌,직진우회전진행방해,건조,맑음,교차로 - 교차로안,승용,여,37세,상해없음,승용,여,42세,경상
2012061200100133,2012년 6월 12일 08시,화요일,전라남도 강진군 도암면,경상사고,0,0,1,0,차량단독 - 공작물충돌,안전운전불이행,건조,맑음,단일로 - 기타,승용,여,52세,경상,,,,
2012061200100134,2012년 6월 12일 08시,화요일,전라남도 곡성군 죽곡면,사망사고,1,0,0,0,차대차 - 기타,안전운전불이행,건조,맑음,단일로 - 기타,화물,남,67세,상해없음,자전거,남,73세,사망
2012061200100171,2012년 6월 12일 09시,화요일,전라남도 완도군 완도읍,중상사고,0,1,0,0,차대차 - 기타,안전거리미확보,건조,맑음,단일로 - 기타,화물,남,66세,상해없음,승용,여,29세,중상
2012061200100196,2012년 6월 12일 10시,화요일,전라남도 여수시 학동,경상사고,0,0,2,0,차대차 - 측면직각충돌,교차로운행방법위반,건조,맑음,교차로 - 교차로안,승용,남,25세,상해없음,승용,여,36세,경상
2012061200100197,2012년 6월 12일 10시,화요일,전라남도 여수시 웅천동,경상사고,0,0,1,0,차대차 - 추돌 - 진행중,안전운전불이행,건조,맑음,교차로 - 교차로부근,승용,남,54세,상해없음,승용,남,45세,상해없음
2012061200100224,2012년 6월 12일 11시,화요일,전라남도 영광군 염산면,경상사고,0,0,1,0,차대차 - 정면충돌,중앙선침범,건조,맑음,단일로 - 기타,승용,남,71세,상해없음,승용,남,33세,경상
2012061200100225,2012년 6월 12일 11시,화요일,전라남도 담양군 담양읍,경상사고,0,0,1,0,차대차 - 기타,안전운전불이행,건조,맑음,단일로 - 기타,승용,남,78세,상해없음,자전거,여,73세,경상
2012061200100226,2012년 6월 12일 11시,화요일,전라남도 곡성군 곡성읍,사망사고,1,0,0,0,차대차 - 측면직각충돌,교차로운행방법위반,건조,맑음,교차로 - 교차로안,화물,남,23세,상해없음,원동기,남,86세,사망
2012061200100250,2012년 6월 12일 12시,화요일,전라남도 여수시 학동,중상사고,0,2,0,0,차대사람 - 횡단중,신호위반,건조,맑음,단일로 - 횡단보도상,승용,여,52세,상해없음,보행자,여,52세,중상
2012061200100310,2012년 6월 12일 14시,화요일,전라남도 여수시 여서동,경상사고,0,0,1,0,차대차 - 측면직각충돌,교차로운행방법위반,건조,맑음,교차로 - 교차로안,승용,여,55세,상해없음,승용,여,49세,경상
2012061200100337,2012년 6월 12일 15시,화요일,전라남도 순천시 장천동,중상사고,0,1,0,0,차대차 - 기타,신호위반,건조,맑음,단일로 - 횡단보도상,승용,여,32세,상해없음,자전거,남,61세,중상
2012061200100338,2012년 6월 12일 15시,화요일,전라남도 장성군 장성읍,경상사고,0,0,1,0,차대사람 - 기타,안전운전불이행,건조,맑음,단일로 - 기타,승합,남,36세,상해없음,보행자,남,75세,경상
2012061200100372,2012년 6월 12일 16시,화요일,전라남도 여수시 여서동,경상사고,0,0,2,0,차대차 - 측면직각충돌,교차로운행방법위반,건조,맑음,교차로 - 교차로안,승용,남,64세,상해없음,승용,남,24세,경상
2012061200100373,2012년 6월 12일 16시,화요일,전라남도 광양시 광영동,중상사고,0,1,0,0,차대사람 - 횡단중,안전운전불이행,건조,맑음,교차로 - 교차로안,승용,여,39세,상해없음,보행자,여,9세,중상
2012061200100401,2012년 6월 12일 17시,화요일,전라남도 고흥군 고흥읍,경상사고,0,0,1,0,차대사람 - 기타,안전운전불이행,건조,맑음,단일로 - 기타,승용,남,67세,상해없음,보행자,여,17세,경상
2012061200100402,2012년 6월 12일 17시,화요일,전라남도 해남군 현산면,경상사고,0,0,1,0,차대차 - 기타,안전운전불이행,건조,맑음,단일로 - 교량,승용,남,62세,상해없음,이륜,여,53세,경상
2012061200100433,2012년 6월 12일 18시,화요일,전라남도 여수시 문수동,경상사고,0,0,1,0,차대차 - 측면직각충돌,안전운전불이행,건조,맑음,교차로 - 교차로안,승용,여,53세,상해없음,원동기,남,37세,경상
2012061200100434,2012년 6월 12일 18시,화요일,전라남도 순천시 남정동,경상사고,0,0,1,0,차대사람 - 횡단중,신호위반,건조,맑음,교차로 - 교차로안,화물,남,43세,상해없음,보행자,여,69세,경상
2012061200100435,2012년 6월 12일 18시,화요일,전라남도 순천시 동외동,경상사고,0,0,1,0,차대차 - 추돌 - 주정차중,안전운전불이행,건조,맑음,교차로 - 교차로부근,승용,여,57세,상해없음,승용,남,25세,경상
2012061200100436,2012년 6월 12일 18시,화요일,전라남도 곡성군 오곡면,경상사고,0,0,1,0,차량단독 - 도로외이탈 - 추락,안전운전불이행,건조,맑음,단일로 - 기타,농기계,남,66세,경상,,,,
2012061200100481,2012년 6월 12일 19시,화요일,전라남도 화순군 화순읍,부상신고사고,0,0,0,1,차대차 - 측면직각충돌,안전운전불이행,건조,맑음,교차로 - 교차로안,기타불명,기타불명,기타불명,기타불명,자전거,남,12세,부상신고
2012061200100482,2012년 6월 12일 19시,화요일,전라남도 진도군 진도읍,중상사고,0,2,0,0,차대차 - 측면직각충돌,신호위반,건조,맑음,단일로 - 기타,승용,남,33세,상해없음,이륜,남,77세,중상
2012061200100580,2012년 6월 12일 22시,화요일,전라남도 광양시 도이동,중상사고,0,1,1,0,차대차 - 추돌 - 진행중,안전거리미확보,건조,맑음,교차로 - 교차로안,화물,남,46세,경상,승용,남,42세,중상
2012061200100611,2012년 6월 12일 23시,화요일,전라남도 여수시 둔덕동,경상사고,0,0,1,0,차대차 - 추돌 - 주정차중,안전운전불이행,건조,맑음,교차로 - 교차로부근,승용,남,35세,상해없음,화물,여,46세,경상
2012061200100612,2012년 6월 12일 23시,화요일,전라남도 나주시 금천면,사망사고,1,0,0,0,차대사람 - 횡단중,신호위반,건조,맑음,교차로 - 교차로부근,승용,남,28세,상해없음,보행자,남,59세,사망
2012061300100010,2012년 6월 13일 00시,수요일,전라남도 여수시 여서동,경상사고,0,0,3,0,차대차 - 추돌 - 주정차중,안전운전불이행,건조,맑음,교차로 - 교차로안,승용,남,51세,상해없음,승용,남,48세,경상
2012061300100051,2012년 6월 13일 02시,수요일,전라남도 여수시 여서동,경상사고,0,0,5,0,차대차 - 정면충돌,신호위반,건조,맑음,교차로 - 교차로안,승용,남,32세,상해없음,승용,남,53세,경상
2012061300100067,2012년 6월 13일 04시,수요일,전라남도 여수시 오림동,사망사고,1,0,0,0,차량단독 - 공작물충돌,안전운전불이행,건조,맑음,단일로 - 기타,승용,남,32세,사망,,,,
2012061300100107,2012년 6월 13일 07시,수요일,전라남도 순천시 남정동,중상사고,0,1,0,0,차대차 - 기타,안전운전불이행,건조,맑음,단일로 - 기타,화물,남,44세,상해없음,자전거,남,10세,중상
2012061300100133,2012년 6월 13일 08시,수요일,전라남도 순천시 오천동,경상사고,0,0,2,0,차대차 - 측면직각충돌,중앙선침범,건조,맑음,단일로 - 기타,승용,남,23세,경상,승용,남,44세,경상
2012061300100134,2012년 6월 13일 08시,수요일,전라남도 무안군 몽탄면,경상사고,0,0,1,0,차대차 - 기타,안전운전불이행,건조,맑음,교차로 - 교차로부근,건설기계,남,45세,상해없음,원동기,여,56세,경상
2012061300100153,2012년 6월 13일 09시,수요일,전라남도 순천시 조례동,경상사고,0,0,1,0,차량단독 - 기타,안전운전불이행,건조,맑음,교차로 - 교차로부근,승용,남,62세,상해없음,,,,
2012061300100154,2012년 6월 13일 09시,수요일,전라남도 해남군 옥천면,경상사고,0,0,3,0,차대차 - 측면직각충돌,중앙선침범,건조,맑음,교차로 - 교차로부근,화물,남,20세,상해없음,승용,남,53세,경상
2012061300100175,2012년 6월 13일 10시,수요일,전라남도 나주시 금천면,경상사고,0,0,1,0,차대차 - 기타,안전운전불이행,건조,맑음,기타 - 기타,화물,남,26세,상해없음,승용,남,41세,상해없음
2012061300100219,2012년 6월 13일 12시,수요일,전라남도 여수시 중앙동,중상사고,0,1,0,0,차대사람 - 횡단중,안전운전불이행,건조,맑음,기타 - 기타,승합,남,66세,상해없음,보행자,남,55세,중상
2012061300100220,2012년 6월 13일 12시,수요일,전라남도 순천시 황전면,중상사고,0,1,0,0,차량단독 - 전도전복,안전운전불이행,건조,맑음,단일로 - 기타,원동기,여,54세,중상,,,,
2012061300100221,2012년 6월 13일 12시,수요일,전라남도 영광군 영광읍,경상사고,0,0,1,0,차대사람 - 기타,안전운전불이행,결빙,맑음,단일로 - 기타,화물,남,28세,상해없음,보행자,남,59세,경상
2012061300100222,2012년 6월 13일 12시,수요일,전라남도 구례군 마산면,경상사고,0,0,1,0,차량단독 - 도로외이탈 - 기타,안전운전불이행,건조,맑음,단일로 - 기타,화물,남,70세,경상,,,,
2012061300100278,2012년 6월 13일 14시,수요일,전라남도 여수시 광무동,경상사고,0,0,1,0,차대차 - 기타,안전운전불이행,건조,맑음,교차로 - 교차로안,승용,남,46세,상해없음,화물,남,55세,경상
2012061300100279,2012년 6월 13일 14시,수요일,전라남도 나주시 청동,중상사고,0,2,3,0,차대차 - 정면충돌,중앙선침범,건조,맑음,기타 - 기타,승용,남,58세,중상,승용,여,60세,중상
2012061300100320,2012년 6월 13일 15시,수요일,전라남도 영암군 삼호읍,경상사고,0,0,1,0,차대차 - 추돌 - 진행중,안전운전불이행,건조,맑음,교차로 - 교차로부근,화물,여,50세,상해없음,승용,여,53세,경상
2012061300100321,2012년 6월 13일 15시,수요일,전라남도 구례군 광의면,경상사고,0,0,1,0,차대사람 - 기타,안전운전불이행,건조,맑음,단일로 - 횡단보도부근,승합,남,54세,상해없음,보행자,남,24세,경상
2012061300100404,2012년 6월 13일 17시,수요일,전라남도 목포시 연산동,경상사고,0,0,1,0,차대차 - 정면충돌,안전운전불이행,건조,맑음,단일로 - 기타,기타불명,기타불명,기타불명,기타불명,원동기,남,16세,경상
2012061300100405,2012년 6월 13일 17시,수요일,전라남도 목포시 산정동,중상사고,0,1,0,0,차대차 - 추돌 - 진행중,안전거리미확보,건조,맑음,단일로 - 기타,승합,남,49세,상해없음,승용,여,52세,중상
2012061300100406,2012년 6월 13일 17시,수요일,전라남도 여수시 오림동,경상사고,0,0,1,0,차대사람 - 차도통행중,안전운전불이행,건조,맑음,단일로 - 기타,승용,남,61세,상해없음,보행자,남,56세,경상
2012061300100452,2012년 6월 13일 18시,수요일,전라남도 장성군 진원면,중상사고,0,1,2,0,차대차 - 측면직각충돌,교차로운행방법위반,습기,흐림,교차로 - 교차로안,승용,남,44세,중상,승용,남,35세,경상
2012061300100453,2012년 6월 13일 18시,수요일,전라남도 담양군 용면,경상사고,0,0,2,1,차대차 - 측면직각충돌,중앙선침범,습기,맑음,단일로 - 기타,승용,남,35세,상해없음,화물,남,55세,경상
2012061300100478,2012년 6월 13일 19시,수요일,전라남도 목포시 남교동,경상사고,0,0,1,0,차대사람 - 횡단중,보행자보호의무위반,건조,맑음,단일로 - 횡단보도상,화물,남,47세,상해없음,보행자,남,58세,경상
2012061300100479,2012년 6월 13일 19시,수요일,전라남도 나주시 중앙동,경상사고,0,0,1,0,차대사람 - 기타,안전운전불이행,건조,맑음,기타 - 기타,승용,남,40세,상해없음,보행자,여,9세,경상
2012061300100512,2012년 6월 13일 20시,수요일,전라남도 나주시 왕곡면,경상사고,0,0,1,0,차대차 - 측면직각충돌,안전거리미확보,건조,맑음,교차로 - 교차로안,승용,남,69세,상해없음,승용,남,30세,경상
2012061300100513,2012년 6월 13일 20시,수요일,전라남도 고흥군 금산면,중상사고,0,1,1,0,차대차 - 측면직각충돌,안전운전불이행,건조,맑음,단일로 - 기타,승용,여,43세,경상,승용,남,65세,중상
2012061300100589,2012년 6월 13일 22시,수요일,전라남도 나주시 왕곡면,중상사고,0,1,3,0,차량단독 - 공작물충돌,안전운전불이행,건조,맑음,기타 - 기타,승용,남,36세,경상,,,,
2012061300100617,2012년 6월 13일 23시,수요일,전라남도 목포시 용해동,경상사고,0,0,1,0,차대차 - 측면직각충돌,안전운전불이행,건조,맑음,단일로 - 기타,승용,남,30세,상해없음,승용,남,31세,경상
2012061400100012,2012년 6월 14일 00시,목요일,전라남도 여수시 봉산동,경상사고,0,0,1,0,차대사람 - 기타,안전운전불이행,건조,맑음,단일로 - 기타,승용,남,68세,상해없음,보행자,남,32세,경상
2012061400100026,2012년 6월 14일 01시,목요일,전라남도 순천시 조례동,경상사고,0,0,1,0,차대차 - 측면직각충돌,안전운전불이행,건조,맑음,교차로 - 교차로안,승용,남,25세,상해없음,원동기,남,39세,경상
2012061400100049,2012년 6월 14일 03시,목요일,전라남도 목포시 죽교동,경상사고,0,0,1,0,차량단독 - 공작물충돌,안전운전불이행,건조,맑음,단일로 - 기타,승용,남,31세,상해없음,,,,
2012061400100077,2012년 6월 14일 06시,목요일,전라남도 나주시 반남면,중상사고,0,1,0,0,차대차 - 측면직각충돌,교차로운행방법위반,건조,맑음,교차로 - 교차로안,원동기,남,67세,중상,화물,남,65세,상해없음
2012061400100106,2012년 6월 14일 07시,목요일,전라남도 여수시 미평동,경상사고,0,0,2,0,차대차 - 측면직각충돌,안전운전불이행,건조,맑음,단일로 - 기타,승용,남,60세,상해없음,승용,남,41세,경상
2012061400100174,2012년 6월 14일 09시,목요일,전라남도 여수시 중앙동,중상사고,0,1,0,0,차대사람 - 기타,안전운전불이행,건조,맑음,단일로 - 기타,자전거,남,56세,상해없음,보행자,여,41세,중상
2012061400100202,2012년 6월 14일 10시,목요일,전라남도 나주시 다시면,경상사고,0,0,4,6,차대차 - 측면직각충돌,신호위반,건조,맑음,교차로 - 교차로안,건설기계,남,35세,상해없음,승합,남,64세,부상신고
2012061400100203,2012년 6월 14일 10시,목요일,전라남도 해남군 송지면,경상사고,0,0,1,0,차대차 - 측면직각충돌,교차로운행방법위반,건조,맑음,교차로 - 교차로안,이륜,남,69세,경상,승용,남,64세,상해없음
2012061400100251,2012년 6월 14일 12시,목요일,전라남도 여수시 학동,중상사고,0,1,0,0,차대사람 - 기타,안전운전불이행,건조,맑음,교차로 - 교차로안,화물,여,50세,상해없음,보행자,남,13세,중상
2012061400100278,2012년 6월 14일 13시,목요일,전라남도 순천시 행동,중상사고,0,1,0,0,차대사람 - 길가장자리구역통행중,안전운전불이행,건조,맑음,교차로 - 교차로안,화물,남,49세,상해없음,보행자,남,52세,중상
2012061400100279,2012년 6월 14일 13시,목요일,전라남도 순천시 해룡면,중상사고,0,1,0,0,차대차 - 정면충돌,교차로운행방법위반,건조,맑음,교차로 - 교차로안,승용,남,35세,중상,특수,남,49세,상해없음
2012061400100280,2012년 6월 14일 13시,목요일,전라남도 담양군 담양읍,경상사고,0,0,2,0,차대차 - 측면직각충돌,직진우회전진행방해,건조,맑음,교차로 - 교차로안,화물,남,41세,상해없음,승용,남,29세,경상
2012061400100337,2012년 6월 14일 15시,목요일,전라남도 영광군 영광읍,경상사고,0,0,2,0,차대차 - 기타,안전운전불이행,건조,맑음,단일로 - 기타,승용,여,36세,상해없음,이륜,남,67세,경상
2012061400100338,2012년 6월 14일 15시,목요일,전라남도 영암군 영암읍,경상사고,0,0,1,0,차대차 - 측면직각충돌,직진우회전진행방해,건조,맑음,교차로 - 교차로안,이륜,남,70세,경상,화물,남,58세,상해없음
2012061400100362,2012년 6월 14일 16시,목요일,전라남도 영암군 학산면,경상사고,0,0,2,0,차대차 - 측면직각충돌,직진우회전진행방해,건조,맑음,교차로 - 교차로안,농기계,남,51세,경상,승용,남,32세,상해없음
2012061400100363,2012년 6월 14일 16시,목요일,전라남도 영암군 신북면,경상사고,0,0,1,0,차대차 - 측면직각충돌,중앙선침범,건조,맑음,단일로 - 기타,승용,남,27세,상해없음,승용,여,27세,경상
2012061400100400,2012년 6월 14일 17시,목요일,전라남도 목포시 석현동,경상사고,0,0,2,0,차대차 - 측면직각충돌,신호위반,건조,맑음,교차로 - 교차로안,이륜,남,16세,경상,승용,여,40세,경상
2012061400100401,2012년 6월 14일 17시,목요일,전라남도 여수시 웅천동,경상사고,0,0,5,0,차대차 - 측면직각충돌,안전거리미확보,건조,맑음,단일로 - 기타,승용,여,46세,상해없음,화물,남,18세,경상
2012061400100402,2012년 6월 14일 17시,목요일,전라남도 영광군 법성면,중상사고,0,1,0,0,차대차 - 기타,직진우회전진행방해,건조,맑음,교차로 - 교차로안,이륜,남,45세,중상,화물,여,45세,상해없음
2012061400100403,2012년 6월 14일 17시,목요일,전라남도 광양시 광양읍,경상사고,0,0,1,0,차대사람 - 횡단중,안전운전불이행,건조,맑음,단일로 - 기타,승용,여,38세,상해없음,보행자,여,9세,경상
2012061400100404,2012년 6월 14일 17시,목요일,전라남도 광양시 중동,경상사고,0,0,1,0,차대차 - 추돌 - 진행중,안전운전불이행,건조,맑음,단일로 - 기타,승용,여,32세,상해없음,승용,남,35세,상해없음
2012061400100449,2012년 6월 14일 18시,목요일,전라남도 진도군 진도읍,중상사고,0,1,0,0,차대사람 - 기타,안전운전불이행,기타,기타,기타 - 기타,승용,여,51세,상해없음,보행자,남,3세,중상
2012061400100450,2012년 6월 14일 18시,목요일,전라남도 광양시 광영동,부상신고사고,0,0,0,2,차대차 - 측면직각충돌,안전운전불이행,건조,맑음,교차로 - 교차로안,승용,남,27세,상해없음,승용,남,33세,부상신고
2012061400100515,2012년 6월 14일 20시,목요일,전라남도 목포시 상동,경상사고,0,0,2,0,차대차 - 측면직각충돌,신호위반,건조,맑음,교차로 - 교차로안,화물,남,41세,상해없음,승용,남,34세,경상
2012061400100578,2012년 6월 14일 22시,목요일,전라남도 해남군 해남읍,경상사고,0,0,1,0,차대사람 - 횡단중,안전운전불이행,건조,맑음,단일로 - 기타,승용,남,34세,상해없음,보행자,남,45세,경상
2012061500100010,2012년 6월 15일 00시,금요일,전라남도 광양시 광양읍,부상신고사고,0,0,0,1,차대사람 - 횡단중,안전운전불이행,건조,맑음,단일로 - 기타,화물,남,48세,상해없음,보행자,남,16세,부상신고
2012061500100067,2012년 6월 15일 04시,금요일,전라남도 여수시 신기동,부상신고사고,0,0,0,1,차대차 - 추돌 - 진행중,안전운전불이행,건조,맑음,교차로 - 교차로부근,기타불명,기타불명,기타불명,기타불명,승용,남,53세,상해없음
2012061500100068,2012년 6월 15일 04시,금요일,전라남도 영광군 법성면,경상사고,0,0,1,0,차대차 - 기타,안전운전불이행,건조,맑음,단일로 - 기타,화물,남,43세,상해없음,승용,남,38세,경상
2012061500100087,2012년 6월 15일 06시,금요일,전라남도 화순군 춘양면,경상사고,0,0,2,0,차대차 - 정면충돌,중앙선침범,건조,맑음,단일로 - 기타,승용,남,43세,상해없음,승용,남,41세,경상
2012061500100105,2012년 6월 15일 07시,금요일,전라남도 목포시 석현동,경상사고,0,0,1,0,차대차 - 측면직각충돌,신호위반,건조,맑음,교차로 - 교차로안,승용,남,61세,상해없음,승용,남,28세,경상
2012061500100106,2012년 6월 15일 07시,금요일,전라남도 여수시 화장동,경상사고,0,0,1,0,차대차 - 추돌 - 진행중,안전거리미확보,건조,맑음,단일로 - 기타,승용,남,26세,상해없음,승용,남,40세,경상
2012061500100143,2012년 6월 15일 08시,금요일,전라남도 목포시 산정동,경상사고,0,0,1,0,차대차 - 추돌 - 진행중,안전운전불이행,건조,맑음,단일로 - 기타,승용,여,29세,상해없음,승용,남,57세,경상
2012061500100144,2012년 6월 15일 08시,금요일,전라남도 완도군 완도읍,중상사고,0,2,1,0,차대차 - 추돌 - 주정차중,안전거리미확보,건조,맑음,단일로 - 기타,승용,남,26세,상해없음,승용,남,35세,중상
2012061500100209,2012년 6월 15일 10시,금요일,전라남도 목포시 옥암동,경상사고,0,0,1,0,차대차 - 측면직각충돌,신호위반,건조,맑음,교차로 - 교차로안,승합,남,51세,상해없음,화물,남,28세,경상
2012061500100210,2012년 6월 15일 10시,금요일,전라남도 순천시 조례동,경상사고,0,0,1,0,차대차 - 기타,안전운전불이행,건조,맑음,단일로 - 기타,승합,남,41세,상해없음,승용,남,18세,경상
2012061500100211,2012년 6월 15일 10시,금요일,전라남도 나주시 안창동,사망사고,1,0,0,0,차량단독 - 전도전복,안전운전불이행,건조,맑음,단일로 - 기타,이륜,남,74세,사망,,,,
2012061500100212,2012년 6월 15일 10시,금요일,전라남도 해남군 마산면,중상사고,0,1,2,0,차대차 - 측면직각충돌,신호위반,건조,맑음,교차로 - 교차로안,승용,남,80세,상해없음,화물,남,42세,경상
2012061500100213,2012년 6월 15일 10시,금요일,전라남도 담양군 용면,중상사고,0,1,0,0,차대차 - 측면직각충돌,중앙선침범,건조,흐림,단일로 - 기타,건설기계,남,39세,상해없음,화물,남,72세,중상
2012061500100238,2012년 6월 15일 11시,금요일,전라남도 목포시 상동,경상사고,0,0,2,0,차대차 - 추돌 - 진행중,차로위반,건조,맑음,단일로 - 기타,화물,남,52세,경상,화물,남,42세,경상
2012061500100264,2012년 6월 15일 12시,금요일,전라남도 고흥군 두원면,경상사고,0,0,1,0,차대차 - 기타,안전운전불이행,습기,비,단일로 - 기타,화물,남,51세,상해없음,화물,남,44세,경상
2012061500100265,2012년 6월 15일 12시,금요일,전라남도 광양시 광양읍,중상사고,0,1,0,0,차대차 - 측면직각충돌,안전거리미확보,습기,비,단일로 - 기타,화물,남,35세,상해없음,이륜,남,16세,중상
2012061500100370,2012년 6월 15일 15시,금요일,전라남도 광양시 옥룡면,중상사고,0,1,0,0,차량단독 - 도로외이탈 - 기타,안전운전불이행,건조,맑음,단일로 - 기타,화물,남,52세,상해없음,,,,
2012061500100406,2012년 6월 15일 16시,금요일,전라남도 순천시 주암면,중상사고,0,1,0,0,차대차 - 기타,안전운전불이행,건조,맑음,교차로 - 교차로안,화물,남,81세,중상,화물,남,40세,상해없음
2012061500100452,2012년 6월 15일 17시,금요일,전라남도 장성군 장성읍,경상사고,0,0,3,0,차대차 - 정면충돌,중앙선침범,건조,맑음,미분류 - 미분류,승용,남,72세,경상,승용,여,46세,경상
2012061500100539,2012년 6월 15일 19시,금요일,전라남도 여수시 종화동,경상사고,0,0,1,0,차대사람 - 기타,안전운전불이행,건조,맑음,교차로 - 교차로안,화물,남,44세,상해없음,보행자,남,70세,경상
2012061500100540,2012년 6월 15일 19시,금요일,전라남도 고흥군 금산면,중상사고,0,1,0,0,차량단독 - 전도전복,안전운전불이행,습기,비,단일로 - 기타,승용,남,56세,상해없음,,,,
2012061500100590,2012년 6월 15일 20시,금요일,전라남도 목포시 상동,중상사고,0,1,0,0,차대사람 - 차도통행중,안전운전불이행,건조,흐림,교차로 - 교차로안,승용,남,40세,상해없음,보행자,남,3세,중상
2012061500100648,2012년 6월 15일 21시,금요일,전라남도 영암군 영암읍,중상사고,0,1,0,0,차대차 - 측면직각충돌,안전운전불이행,건조,맑음,교차로 - 교차로부근,승용,여,49세,상해없음,원동기,남,56세,중상
2012061500100742,2012년 6월 15일 23시,금요일,전라남도 순천시 조례동,경상사고,0,0,1,0,차대차 - 측면직각충돌,안전운전불이행,건조,맑음,단일로 - 기타,승합,남,53세,상해없음,승용,남,55세,상해없음
2012061600100023,2012년 6월 16일 00시,토요일,전라남도 순천시 덕월동,경상사고,0,0,3,0,차대차 - 추돌 - 주정차중,안전운전불이행,건조,맑음,교차로 - 교차로부근,승용,남,42세,상해없음,화물,여,53세,기타불명
2012061600100024,2012년 6월 16일 00시,토요일,전라남도 장성군 장성읍,중상사고,0,1,0,0,차량단독 - 공작물충돌,안전운전불이행,건조,맑음,단일로 - 기타,승용,남,40세,중상,,,,
2012061600100069,2012년 6월 16일 01시,토요일,전라남도 나주시 세지면,사망사고,1,0,0,0,차량단독 - 공작물충돌,안전운전불이행,습기,안개,단일로 - 기타,승용,남,28세,사망,,,,
2012061600100098,2012년 6월 16일 02시,토요일,전라남도 강진군 대구면,중상사고,0,1,0,0,차량단독 - 공작물충돌,안전운전불이행,건조,맑음,단일로 - 기타,화물,남,53세,중상,,,,
2012061600100171,2012년 6월 16일 07시,토요일,전라남도 나주시 송월동,중상사고,0,1,4,0,차량단독 - 공작물충돌,안전운전불이행,기타,안개,단일로 - 기타,승합,남,32세,중상,,,,