사고번호,사고일시,요일,시군구,사고내용,사망자수,중상자수,경상자수,부상신고자수,사고유형,법규위반,노면상태,기상상태,도로형태,가해운전자 차종,가해운전자 성별,가해운전자 연령,가해운전자 상해정도,피해운전자 차종,피해운전자 성별,피해운전자 연령,피해운전자 상해정도
2012062000100613,2012년 6월 20일 23시,수요일,전라남도 광양시 중동,경상사고,0,0,1,0,차대차 - 측면직각충돌,교차로운행방법위반,건조,맑음,교차로 - 교차로안,승용,남,51세,상해없음,이륜,남,17세,상해없음
2012062000100614,2012년 6월 20일 23시,수요일,전라남도 광양시 중동,경상사고,0,0,1,0,차대차 - 정면충돌,중앙선침범,건조,맑음,교차로 - 교차로부근,승용,남,26세,상해없음,승용,남,39세,경상
2012062100100011,2012년 6월 21일 00시,목요일,전라남도 광양시 광양읍,사망사고,1,0,0,0,차대차 - 기타,안전운전불이행,건조,기타,단일로 - 기타,승용,여,33세,상해없음,승용,남,54세,상해없음
2012062100100060,2012년 6월 21일 04시,목요일,전라남도 목포시 옥암동,중상사고,0,1,2,0,차대차 - 측면직각충돌,신호위반,건조,맑음,교차로 - 교차로안,승용,남,53세,중상,승용,남,61세,경상
2012062100100085,2012년 6월 21일 06시,목요일,전라남도 장흥군 대덕읍,경상사고,0,0,1,0,차대사람 - 길가장자리구역통행중,안전운전불이행,습기,흐림,단일로 - 기타,승용,남,59세,상해없음,보행자,여,14세,경상
2012062100100086,2012년 6월 21일 06시,목요일,전라남도 장성군 장성읍,경상사고,0,0,1,0,차대차 - 측면직각충돌,안전운전불이행,건조,맑음,교차로 - 교차로안,자전거,남,21세,경상,승용,남,54세,상해없음
2012062100100087,2012년 6월 21일 06시,목요일,전라남도 광양시 마동,중상사고,0,1,0,0,차대차 - 측면직각충돌,교차로운행방법위반,건조,맑음,교차로 - 교차로안,승용,남,33세,상해없음,화물,남,37세,중상
2012062100100144,2012년 6월 21일 08시,목요일,전라남도 목포시 상동,중상사고,0,1,1,0,차대차 - 측면직각충돌,직진우회전진행방해,건조,맑음,교차로 - 교차로안,승용,여,47세,중상,승용,남,63세,경상
2012062100100145,2012년 6월 21일 08시,목요일,전라남도 영광군 영광읍,경상사고,0,0,1,0,차대차 - 기타,중앙선침범,건조,맑음,단일로 - 기타,승용,남,74세,상해없음,승용,남,58세,경상
2012062100100146,2012년 6월 21일 08시,목요일,전라남도 강진군 병영면,경상사고,0,0,5,0,차대차 - 측면직각충돌,직진우회전진행방해,건조,맑음,교차로 - 교차로안,승합,남,58세,경상,승용,남,59세,경상
2012062100100230,2012년 6월 21일 11시,목요일,전라남도 순천시 조례동,경상사고,0,0,2,0,차대차 - 측면직각충돌,안전거리미확보,건조,맑음,교차로 - 교차로부근,승용,여,47세,상해없음,승용,여,31세,경상
2012062100100256,2012년 6월 21일 12시,목요일,전라남도 장흥군 장흥읍,중상사고,0,1,0,0,차대차 - 측면직각충돌,중앙선침범,건조,맑음,단일로 - 기타,화물,남,61세,상해없음,원동기,남,44세,중상
2012062100100257,2012년 6월 21일 12시,목요일,전라남도 담양군 담양읍,중상사고,0,1,0,0,차대사람 - 기타,안전운전불이행,건조,맑음,단일로 - 기타,화물,남,62세,상해없음,보행자,여,71세,중상
2012062100100258,2012년 6월 21일 12시,목요일,전라남도 광양시 광영동,경상사고,0,0,2,0,차대차 - 측면직각충돌,교차로운행방법위반,건조,맑음,교차로 - 교차로안,승용,여,41세,상해없음,이륜,여,50세,경상
2012062100100316,2012년 6월 21일 14시,목요일,전라남도 광양시 중동,경상사고,0,0,1,0,차대차 - 측면직각충돌,교차로운행방법위반,건조,맑음,교차로 - 교차로안,화물,남,47세,상해없음,승용,남,74세,상해없음
2012062100100317,2012년 6월 21일 14시,목요일,전라남도 구례군 간전면,부상신고사고,0,0,0,1,차량단독 - 전도전복,안전운전불이행,기타,맑음,단일로 - 기타,화물,남,59세,부상신고,,,,
2012062100100350,2012년 6월 21일 15시,목요일,전라남도 목포시 산정동,중상사고,0,1,0,0,차대사람 - 기타,안전운전불이행,건조,맑음,교차로 - 교차로부근,승용,여,46세,상해없음,보행자,여,82세,중상
2012062100100351,2012년 6월 21일 15시,목요일,전라남도 영광군 군서면,중상사고,0,1,0,0,차대차 - 측면직각충돌,안전운전불이행,건조,맑음,교차로 - 교차로안,원동기,남,66세,중상,화물,남,41세,상해없음
2012062100100352,2012년 6월 21일 15시,목요일,전라남도 광양시 광양읍,경상사고,0,0,2,0,차대차 - 측면직각충돌,신호위반,건조,맑음,교차로 - 교차로안,승용,남,49세,상해없음,화물,남,47세,경상
2012062100100377,2012년 6월 21일 16시,목요일,전라남도 순천시 낙안면,경상사고,0,0,2,0,차대차 - 추돌 - 진행중,안전운전불이행,건조,맑음,교차로 - 교차로안,화물,남,69세,경상,화물,남,59세,경상
2012062100100378,2012년 6월 21일 16시,목요일,전라남도 순천시 해룡면,경상사고,0,0,3,0,차대차 - 측면직각충돌,교차로운행방법위반,건조,맑음,교차로 - 교차로안,화물,남,39세,경상,승용,남,57세,경상
2012062100100379,2012년 6월 21일 16시,목요일,전라남도 무안군 청계면,경상사고,0,0,1,0,차대차 - 측면직각충돌,과속,건조,맑음,단일로 - 기타,승용,남,65세,상해없음,이륜,남,64세,경상
2012062100100422,2012년 6월 21일 17시,목요일,전라남도 나주시 다시면,경상사고,0,0,1,0,차대차 - 측면직각충돌,직진우회전진행방해,건조,맑음,교차로 - 교차로안,원동기,남,19세,경상,화물,남,42세,상해없음
2012062100100424,2012년 6월 21일 17시,목요일,전라남도 나주시 성북동,경상사고,0,0,1,0,차대차 - 측면직각충돌,안전거리미확보,건조,맑음,단일로 - 기타,승용,남,71세,상해없음,승용,남,42세,상해없음
2012062100100425,2012년 6월 21일 17시,목요일,전라남도 보성군 벌교읍,중상사고,0,3,0,0,차대차 - 추돌 - 진행중,기타,건조,맑음,교차로 - 교차로안,이륜,남,55세,중상,농기계,남,78세,중상
2012062100100472,2012년 6월 21일 18시,목요일,전라남도 목포시 옥암동,경상사고,0,0,1,0,차대차 - 기타,중앙선침범,건조,맑음,교차로 - 교차로부근,승용,남,47세,상해없음,승용,남,23세,경상
2012062100100506,2012년 6월 21일 19시,목요일,전라남도 담양군 용면,경상사고,0,0,1,0,차대사람 - 기타,안전운전불이행,건조,맑음,단일로 - 기타,화물,남,66세,상해없음,보행자,남,29세,경상
2012062100100507,2012년 6월 21일 19시,목요일,전라남도 무안군 현경면,중상사고,0,1,0,0,차대차 - 추돌 - 진행중,안전거리미확보,건조,맑음,교차로 - 교차로안,화물,남,54세,상해없음,승용,남,55세,중상
2012062100100538,2012년 6월 21일 20시,목요일,전라남도 광양시 중동,경상사고,0,0,1,0,차대차 - 측면직각충돌,안전운전불이행,건조,맑음,단일로 - 기타,승용,여,55세,상해없음,승용,여,55세,경상
2012062100100581,2012년 6월 21일 21시,목요일,전라남도 순천시 가곡동,경상사고,0,0,1,1,차대차 - 기타,직진우회전진행방해,건조,맑음,교차로 - 교차로안,승용,남,56세,부상신고,승합,남,41세,경상
2012062100100612,2012년 6월 21일 22시,목요일,전라남도 순천시 연향동,중상사고,0,1,0,0,차대차 - 추돌 - 주정차중,안전운전불이행,건조,맑음,단일로 - 기타,승용,여,44세,상해없음,자전거,남,14세,중상
2012062200100016,2012년 6월 22일 00시,금요일,전라남도 순천시 매곡동,경상사고,0,0,1,0,차대차 - 추돌 - 주정차중,직진우회전진행방해,건조,맑음,교차로 - 교차로안,승용,남,18세,상해없음,승용,남,49세,상해없음
2012062200100040,2012년 6월 22일 01시,금요일,전라남도 나주시 경현동,경상사고,0,0,2,0,차대차 - 기타,안전운전불이행,건조,기타,교차로 - 교차로안,화물,남,18세,상해없음,화물,남,31세,경상
2012062200100069,2012년 6월 22일 03시,금요일,전라남도 목포시 상동,경상사고,0,0,5,0,차대차 - 기타,안전운전불이행,건조,맑음,단일로 - 기타,승용,남,27세,상해없음,승용,남,29세,경상
2012062200100082,2012년 6월 22일 04시,금요일,전라남도 순천시 중앙동,경상사고,0,0,1,0,차대차 - 추돌 - 주정차중,안전운전불이행,건조,맑음,교차로 - 교차로부근,승용,남,41세,상해없음,승용,남,48세,경상
2012062200100102,2012년 6월 22일 06시,금요일,전라남도 나주시 삼영동,중상사고,0,1,0,0,차대차 - 측면직각충돌,신호위반,건조,맑음,교차로 - 교차로안,승용,남,58세,상해없음,화물,남,57세,중상
2012062200100103,2012년 6월 22일 06시,금요일,전라남도 해남군 화산면,경상사고,0,0,1,0,차대차 - 측면직각충돌,안전운전불이행,건조,맑음,단일로 - 기타,승합,남,49세,상해없음,농기계,남,71세,경상
2012062200100131,2012년 6월 22일 07시,금요일,전라남도 영광군 영광읍,중상사고,0,1,0,0,차대차 - 기타,안전운전불이행,건조,맑음,교차로 - 교차로안,승용,여,53세,상해없음,승용,남,74세,중상
2012062200100132,2012년 6월 22일 07시,금요일,전라남도 화순군 춘양면,경상사고,0,0,4,0,차대차 - 추돌 - 진행중,안전운전불이행,건조,맑음,단일로 - 터널,승용,남,59세,상해없음,승용,남,37세,경상
2012062200100162,2012년 6월 22일 08시,금요일,전라남도 순천시 연향동,경상사고,0,0,1,0,차대차 - 측면직각충돌,신호위반,건조,맑음,교차로 - 교차로안,승용,남,71세,상해없음,승용,여,34세,경상
2012062200100163,2012년 6월 22일 08시,금요일,전라남도 해남군 마산면,중상사고,0,1,1,0,차대차 - 측면직각충돌,교차로운행방법위반,건조,맑음,교차로 - 교차로안,건설기계,남,52세,상해없음,이륜,남,69세,경상
2012062200100245,2012년 6월 22일 10시,금요일,전라남도 목포시 해안동2가,중상사고,0,1,0,0,차대사람 - 기타,안전운전불이행,건조,맑음,단일로 - 기타,승용,남,62세,상해없음,보행자,여,81세,중상
2012062200100246,2012년 6월 22일 10시,금요일,전라남도 장흥군 안양면,경상사고,0,0,1,0,차대차 - 기타,교차로운행방법위반,건조,맑음,교차로 - 교차로안,승합,남,50세,상해없음,화물,여,45세,경상
2012062200100271,2012년 6월 22일 11시,금요일,전라남도 진도군 진도읍,중상사고,0,1,0,0,차대차 - 기타,안전운전불이행,기타,기타,단일로 - 횡단보도부근,이륜,남,75세,상해없음,승용,여,37세,상해없음
2012062200100272,2012년 6월 22일 11시,금요일,전라남도 광양시 광양읍,경상사고,0,0,1,0,차대차 - 측면직각충돌,안전운전불이행,건조,맑음,단일로 - 기타,승용,남,49세,상해없음,이륜,남,43세,경상
2012062200100290,2012년 6월 22일 12시,금요일,전라남도 장흥군 장평면,사망사고,2,0,0,0,차량단독 - 공작물충돌,안전운전불이행,건조,맑음,교차로 - 교차로안,화물,남,79세,사망,,,,
2012062200100313,2012년 6월 22일 13시,금요일,전라남도 나주시 노안면,부상신고사고,0,0,0,1,차량단독 - 도로외이탈 - 추락,안전운전불이행,건조,맑음,단일로 - 기타,승용,남,59세,부상신고,,,,
2012062200100314,2012년 6월 22일 13시,금요일,전라남도 영광군 영광읍,중상사고,0,1,0,0,차대차 - 측면직각충돌,안전운전불이행,건조,맑음,단일로 - 기타,승용,여,56세,상해없음,이륜,남,61세,중상
2012062200100346,2012년 6월 22일 14시,금요일,전라남도 담양군 담양읍,중상사고,0,1,0,0,차대차 - 기타,신호위반,건조,맑음,교차로 - 교차로안,화물,남,48세,상해없음,이륜,남,76세,중상
2012062200100347,2012년 6월 22일 14시,금요일,전라남도 구례군 광의면,경상사고,0,0,1,0,차대사람 - 기타,안전운전불이행,건조,맑음,단일로 - 기타,승용,남,53세,상해없음,보행자,남,32세,경상
2012062200100378,2012년 6월 22일 15시,금요일,전라남도 광양시 광영동,경상사고,0,0,1,0,차대차 - 측면직각충돌,안전운전불이행,건조,맑음,교차로 - 교차로부근,승용,여,37세,상해없음,승용,여,50세,경상
2012062200100420,2012년 6월 22일 16시,금요일,전라남도 나주시 이창동,중상사고,0,1,0,0,차대차 - 측면직각충돌,교차로운행방법위반,건조,맑음,교차로 - 교차로안,승용,남,59세,상해없음,원동기,남,75세,중상
2012062200100449,2012년 6월 22일 17시,금요일,전라남도 여수시 화장동,경상사고,0,0,1,0,차대사람 - 기타,안전운전불이행,건조,맑음,단일로 - 기타,기타불명,기타불명,기타불명,기타불명,보행자,남,3세,경상
2012062200100450,2012년 6월 22일 17시,금요일,전라남도 담양군 고서면,경상사고,0,0,3,0,차대차 - 기타,안전운전불이행,건조,맑음,기타 - 기타,승용,남,56세,경상,승용,남,55세,경상
2012062200100492,2012년 6월 22일 18시,금요일,전라남도 목포시 상락동2가,경상사고,0,0,1,0,차대사람 - 기타,안전운전불이행,건조,맑음,단일로 - 기타,승용,남,59세,상해없음,보행자,남,57세,경상
2012062200100493,2012년 6월 22일 18시,금요일,전라남도 장성군 북일면,경상사고,0,0,1,0,차대차 - 측면직각충돌,교차로운행방법위반,건조,맑음,교차로 - 교차로안,승용,남,52세,상해없음,화물,남,60세,경상
2012062200100494,2012년 6월 22일 18시,금요일,전라남도 담양군 수북면,중상사고,0,1,0,0,차대사람 - 차도통행중,신호위반,건조,맑음,교차로 - 교차로부근,승용,남,29세,상해없음,보행자,남,6세,중상
2012062200100532,2012년 6월 22일 19시,금요일,전라남도 순천시 풍덕동,중상사고,0,1,4,0,차대차 - 측면직각충돌,안전운전불이행,건조,맑음,교차로 - 교차로안,승합,남,36세,상해없음,승용,여,50세,경상
2012062200100570,2012년 6월 22일 20시,금요일,전라남도 광양시 중동,중상사고,0,1,0,0,차대차 - 측면직각충돌,신호위반,건조,맑음,교차로 - 교차로안,승용,남,23세,상해없음,이륜,남,39세,중상
2012062300100015,2012년 6월 23일 00시,토요일,전라남도 화순군 화순읍,중상사고,0,1,0,0,차대사람 - 기타,안전운전불이행,건조,맑음,교차로 - 교차로부근,승용,남,63세,상해없음,보행자,남,43세,중상
2012062300100103,2012년 6월 23일 04시,토요일,전라남도 여수시 선원동,경상사고,0,0,1,0,차대차 - 추돌 - 주정차중,안전운전불이행,건조,맑음,단일로 - 기타,이륜,여,22세,상해없음,승용,남,52세,기타불명
2012062300100133,2012년 6월 23일 06시,토요일,전라남도 목포시 용당동,경상사고,0,0,1,0,차대차 - 기타,교차로운행방법위반,건조,맑음,교차로 - 교차로안,화물,남,42세,상해없음,승용,남,30세,경상
2012062300100134,2012년 6월 23일 06시,토요일,전라남도 여수시 율촌면,경상사고,0,0,1,0,차대차 - 추돌 - 진행중,안전운전불이행,건조,맑음,단일로 - 기타,승용,남,27세,상해없음,승합,남,30세,경상
2012062300100135,2012년 6월 23일 06시,토요일,전라남도 해남군 산이면,경상사고,0,0,1,0,차대차 - 정면충돌,중앙선침범,건조,맑음,단일로 - 기타,승합,남,56세,상해없음,화물,남,34세,경상
2012062300100136,2012년 6월 23일 06시,토요일,전라남도 무안군 현경면,중상사고,0,1,0,0,차대차 - 기타,안전운전불이행,건조,맑음,단일로 - 기타,승용,남,66세,상해없음,이륜,여,65세,중상
2012062300100155,2012년 6월 23일 07시,토요일,전라남도 여수시 화양면,중상사고,0,1,0,0,차량단독 - 기타,안전운전불이행,건조,맑음,단일로 - 기타,승합,남,53세,상해없음,,,,
2012062300100197,2012년 6월 23일 09시,토요일,전라남도 광양시 봉강면,경상사고,0,0,1,0,차대차 - 측면직각충돌,안전운전불이행,건조,맑음,교차로 - 교차로안,화물,남,38세,상해없음,승용,여,30세,경상
2012062300100218,2012년 6월 23일 10시,토요일,전라남도 영광군 영광읍,중상사고,0,1,1,1,차대차 - 추돌 - 진행중,안전운전불이행,건조,맑음,단일로 - 기타,화물,남,55세,부상신고,승용,남,54세,경상
2012062300100219,2012년 6월 23일 10시,토요일,전라남도 함평군 월야면,경상사고,0,0,5,0,차대차 - 측면직각충돌,직진우회전진행방해,건조,맑음,교차로 - 교차로안,승용,남,71세,경상,승용,남,67세,경상
2012062300100220,2012년 6월 23일 10시,토요일,전라남도 완도군 완도읍,경상사고,0,0,1,0,차대차 - 기타,안전운전불이행,건조,맑음,교차로 - 교차로안,승용,여,30세,상해없음,자전거,남,13세,경상
2012062300100251,2012년 6월 23일 11시,토요일,전라남도 여수시 국동,중상사고,0,1,1,0,차대차 - 추돌 - 진행중,안전운전불이행,건조,맑음,교차로 - 교차로부근,화물,남,60세,중상,화물,남,55세,경상
2012062300100252,2012년 6월 23일 11시,토요일,전라남도 영광군 백수읍,중상사고,0,2,3,0,차량단독 - 전도전복,안전운전불이행,건조,맑음,단일로 - 기타,승용,남,24세,경상,,,,
2012062300100281,2012년 6월 23일 12시,토요일,전라남도 여수시 덕충동,경상사고,0,0,1,0,차대차 - 측면직각충돌,신호위반,건조,맑음,교차로 - 교차로안,승용,남,24세,상해없음,승용,남,33세,경상
2012062300100282,2012년 6월 23일 12시,토요일,전라남도 영광군 법성면,경상사고,0,0,1,0,차대차 - 기타,안전운전불이행,건조,맑음,단일로 - 기타,승용,남,36세,상해없음,승용,여,38세,경상
2012062300100311,2012년 6월 23일 13시,토요일,전라남도 목포시 창평동,경상사고,0,0,1,0,차대차 - 측면직각충돌,교차로운행방법위반,건조,맑음,교차로 - 교차로부근,승용,남,35세,상해없음,승용,여,51세,경상
2012062300100312,2012년 6월 23일 13시,토요일,전라남도 순천시 서면,중상사고,0,2,3,2,차대차 - 정면충돌,안전운전불이행,건조,맑음,교차로 - 교차로부근,승용,남,63세,경상,화물,남,59세,경상
2012062300100313,2012년 6월 23일 13시,토요일,전라남도 함평군 학교면,경상사고,0,0,1,0,차대차 - 기타,안전운전불이행,건조,맑음,교차로 - 교차로안,승용,남,66세,상해없음,승용,남,48세,경상
2012062300100314,2012년 6월 23일 13시,토요일,전라남도 영암군 삼호읍,경상사고,0,0,5,0,차대차 - 추돌 - 진행중,안전거리미확보,건조,맑음,단일로 - 기타,승용,남,59세,상해없음,승용,남,33세,경상
2012062300100349,2012년 6월 23일 14시,토요일,전라남도 장흥군 장흥읍,경상사고,0,0,2,0,차대차 - 기타,교차로운행방법위반,건조,맑음,교차로 - 교차로안,승용,여,40세,상해없음,승용,여,40세,경상
2012062300100381,2012년 6월 23일 15시,토요일,전라남도 보성군 회천면,경상사고,0,0,4,0,차대차 - 정면충돌,안전운전불이행,건조,맑음,단일로 - 기타,승용,남,33세,상해없음,승용,남,40세,경상
2012062300100445,2012년 6월 23일 17시,토요일,전라남도 나주시 산정동,중상사고,0,1,0,0,차대차 - 측면직각충돌,신호위반,건조,맑음,교차로 - 교차로안,승용,남,54세,상해없음,원동기,남,43세,중상
2012062300100507,2012년 6월 23일 19시,토요일,전라남도 영암군 군서면,사망사고,1,0,0,0,차대차 - 측면직각충돌,직진우회전진행방해,건조,맑음,교차로 - 교차로안,화물,남,66세,상해없음,이륜,남,58세,사망
2012062300100543,2012년 6월 23일 20시,토요일,전라남도 여수시 학동,중상사고,0,1,0,0,차대사람 - 횡단중,안전운전불이행,건조,맑음,단일로 - 기타,승용,남,39세,상해없음,보행자,남,26세,중상
2012062300100579,2012년 6월 23일 21시,토요일,전라남도 여수시 수정동,경상사고,0,0,1,0,차대사람 - 기타,신호위반,건조,맑음,교차로 - 교차로안,승합,남,55세,기타불명,보행자,남,22세,경상
2012062300100580,2012년 6월 23일 21시,토요일,전라남도 순천시 상사면,중상사고,0,2,0,0,차량단독 - 공작물충돌,안전운전불이행,건조,맑음,단일로 - 기타,승용,남,57세,중상,,,,
2012062300100581,2012년 6월 23일 21시,토요일,전라남도 영암군 삼호읍,경상사고,0,0,4,0,차대차 - 측면직각충돌,안전거리미확보,건조,맑음,단일로 - 기타,승용,남,26세,경상,승용,남,45세,경상
2012062300100614,2012년 6월 23일 22시,토요일,전라남도 여수시 문수동,중상사고,0,1,0,0,차대사람 - 보도통행중,신호위반,건조,맑음,단일로 - 횡단보도상,승용,여,53세,상해없음,보행자,여,34세,중상
2012062300100637,2012년 6월 23일 23시,토요일,전라남도 여수시 중흥동,중상사고,0,1,3,1,차대차 - 측면직각충돌,교차로운행방법위반,건조,맑음,교차로 - 교차로안,승용,남,27세,부상신고,승용,남,32세,경상
2012062300100638,2012년 6월 23일 23시,토요일,전라남도 순천시 남정동,중상사고,0,1,0,0,차대차 - 기타,안전운전불이행,건조,맑음,교차로 - 교차로안,원동기,남,18세,중상,승용,남,55세,상해없음
2012062400100013,2012년 6월 24일 00시,일요일,전라남도 함평군 해보면,중상사고,0,1,0,0,차량단독 - 공작물충돌,안전운전불이행,건조,맑음,단일로 - 교량,승용,남,52세,중상,,,,
2012062400100037,2012년 6월 24일 01시,일요일,전라남도 목포시 산정동,경상사고,0,0,2,0,차대차 - 기타,안전운전불이행,습기,흐림,교차로 - 교차로안,승용,여,32세,상해없음,승용,여,38세,경상
2012062400100065,2012년 6월 24일 03시,일요일,전라남도 목포시 용해동,경상사고,0,0,3,0,차대차 - 추돌 - 주정차중,안전운전불이행,건조,맑음,교차로 - 교차로부근,승용,남,28세,상해없음,승용,남,53세,경상
2012062400100066,2012년 6월 24일 03시,일요일,전라남도 여수시 신월동,중상사고,0,1,0,0,차량단독 - 공작물충돌,안전운전불이행,건조,맑음,단일로 - 기타,승용,남,31세,중상,,,,
2012062400100114,2012년 6월 24일 08시,일요일,전라남도 나주시 남평읍,중상사고,0,1,0,0,차대차 - 측면직각충돌,중앙선침범,건조,맑음,단일로 - 기타,건설기계,남,58세,상해없음,원동기,남,61세,중상
2012062400100115,2012년 6월 24일 08시,일요일,전라남도 영암군 삼호읍,경상사고,0,0,4,0,차대차 - 정면충돌,신호위반,습기,비,교차로 - 교차로안,특수,남,33세,상해없음,화물,남,27세,경상
2012062400100152,2012년 6월 24일 10시,일요일,전라남도 함평군 손불면,경상사고,0,0,2,0,차량단독 - 전도전복,안전운전불이행,습기,비,단일로 - 기타,원동기,남,16세,경상,,,,
2012062400100174,2012년 6월 24일 11시,일요일,전라남도 여수시 여서동,중상사고,0,1,0,0,차대사람 - 횡단중,신호위반,습기,비,단일로 - 횡단보도상,승용,남,38세,상해없음,보행자,여,53세,중상
2012062400100175,2012년 6월 24일 11시,일요일,전라남도 해남군 해남읍,경상사고,0,0,1,0,차대차 - 측면직각충돌,신호위반,습기,비,교차로 - 교차로안,승용,남,40세,경상,승용,남,32세,상해없음
2012062400100198,2012년 6월 24일 12시,일요일,전라남도 순천시 조례동,중상사고,0,1,0,0,차대사람 - 횡단중,보행자보호의무위반,습기,맑음,단일로 - 횡단보도상,화물,남,53세,상해없음,보행자,여,45세,중상
2012062400100222,2012년 6월 24일 13시,일요일,전라남도 목포시 용해동,경상사고,0,0,3,0,차대차 - 측면직각충돌,교차로운행방법위반,건조,맑음,교차로 - 교차로부근,승용,여,53세,경상,승용,남,30세,경상
2012062400100223,2012년 6월 24일 13시,일요일,전라남도 담양군 담양읍,중상사고,0,1,3,0,차대차 - 측면직각충돌,중앙선침범,건조,맑음,단일로 - 기타,승용,여,24세,경상,승용,남,42세,경상
2012062400100249,2012년 6월 24일 14시,일요일,전라남도 장흥군 유치면,중상사고,0,1,5,0,차대차 - 측면직각충돌,중앙선침범,습기,흐림,단일로 - 기타,승용,남,32세,상해없음,승용,남,48세,경상
2012062400100250,2012년 6월 24일 14시,일요일,전라남도 해남군 송지면,경상사고,0,0,3,0,차대차 - 측면직각충돌,신호위반,습기,비,교차로 - 교차로안,화물,남,37세,경상,화물,여,47세,경상
2012062400100272,2012년 6월 24일 15시,일요일,전라남도 나주시 삼영동,경상사고,0,0,6,0,차대차 - 측면직각충돌,안전거리미확보,건조,맑음,단일로 - 기타,승용,남,40세,경상,승용,여,22세,경상
2012062400100341,2012년 6월 24일 17시,일요일,전라남도 완도군 신지면,중상사고,0,1,4,0,차대차 - 정면충돌,안전운전불이행,건조,맑음,단일로 - 교량,승용,여,57세,상해없음,승용,남,56세,경상
2012062400100395,2012년 6월 24일 19시,일요일,전라남도 순천시 인제동,경상사고,0,0,1,0,차대차 - 측면직각충돌,중앙선침범,건조,맑음,교차로 - 교차로안,이륜,남,17세,경상,승합,남,35세,상해없음
2012062400100396,2012년 6월 24일 19시,일요일,전라남도 영광군 묘량면,중상사고,0,2,0,0,차대차 - 기타,안전운전불이행,건조,맑음,단일로 - 기타,화물,남,64세,중상,승용,남,45세,중상
2012062400100455,2012년 6월 24일 21시,일요일,전라남도 목포시 산정동,경상사고,0,0,5,0,차대차 - 측면직각충돌,교차로운행방법위반,건조,맑음,교차로 - 교차로안,화물,남,26세,경상,승용,남,29세,경상
2012062400100456,2012년 6월 24일 21시,일요일,전라남도 고흥군 점암면,경상사고,0,0,2,0,차대차 - 추돌 - 진행중,안전운전불이행,건조,맑음,단일로 - 기타,승용,남,36세,상해없음,화물,여,48세,경상
2012062400100457,2012년 6월 24일 21시,일요일,전라남도 화순군 화순읍,경상사고,0,0,1,0,차대차 - 정면충돌,안전운전불이행,건조,흐림,교차로 - 교차로안,승용,남,45세,상해없음,승용,여,33세,경상
2012062400100458,2012년 6월 24일 21시,일요일,전라남도 영암군 도포면,중상사고,0,1,1,0,차대차 - 정면충돌,중앙선침범,건조,맑음,단일로 - 기타,화물,남,45세,경상,화물,남,40세,중상
2012062400100459,2012년 6월 24일 21시,일요일,전라남도 광양시 광양읍,사망사고,1,0,0,0,차대차 - 측면직각충돌,안전운전불이행,건조,맑음,단일로 - 기타,자전거,여,62세,사망,승용,남,53세,상해없음
2012062400100486,2012년 6월 24일 22시,일요일,전라남도 순천시 덕암동,중상사고,0,1,4,0,차대차 - 측면직각충돌,안전운전불이행,건조,맑음,단일로 - 기타,승용,여,51세,상해없음,승용,남,53세,경상
2012062400100509,2012년 6월 24일 23시,일요일,전라남도 무안군 몽탄면,중상사고,0,1,0,0,차량단독 - 공작물충돌,안전운전불이행,건조,맑음,단일로 - 기타,승용,남,43세,중상,,,,
2012062500100020,2012년 6월 25일 01시,월요일,전라남도 강진군 강진읍,경상사고,0,0,2,0,차량단독 - 도로외이탈 - 추락,안전운전불이행,건조,맑음,교차로 - 교차로부근,이륜,남,17세,경상,,,,
2012062500100063,2012년 6월 25일 06시,월요일,전라남도 순천시 덕암동,경상사고,0,0,1,0,차대차 - 측면직각충돌,안전운전불이행,건조,맑음,단일로 - 기타,승용,남,60세,경상,승합,남,49세,상해없음
2012062500100118,2012년 6월 25일 08시,월요일,전라남도 장흥군 대덕읍,경상사고,0,0,2,0,차대차 - 측면직각충돌,교차로운행방법위반,건조,맑음,교차로 - 교차로안,화물,남,64세,상해없음,승용,남,76세,경상
2012062500100187,2012년 6월 25일 10시,월요일,전라남도 목포시 용해동,경상사고,0,0,1,0,차대차 - 기타,안전운전불이행,건조,맑음,교차로 - 교차로안,화물,남,31세,상해없음,승용,여,36세,경상
2012062500100275,2012년 6월 25일 13시,월요일,전라남도 영광군 영광읍,부상신고사고,0,0,0,1,차대차 - 추돌 - 진행중,안전운전불이행,건조,맑음,교차로 - 교차로부근,이륜,남,72세,부상신고,승합,남,35세,상해없음
2012062500100314,2012년 6월 25일 14시,월요일,전라남도 나주시 문평면,중상사고,0,1,0,0,차량단독 - 도로외이탈 - 추락,안전운전불이행,건조,맑음,단일로 - 기타,농기계,남,61세,중상,,,,
2012062500100315,2012년 6월 25일 14시,월요일,전라남도 함평군 월야면,사망사고,1,0,0,0,차량단독 - 도로외이탈 - 기타,안전운전불이행,건조,맑음,단일로 - 기타,화물,남,59세,사망,,,,
2012062500100350,2012년 6월 25일 15시,월요일,전라남도 나주시 봉황면,중상사고,0,1,0,0,차대차 - 추돌 - 주정차중,안전운전불이행,건조,맑음,교차로 - 교차로부근,원동기,남,71세,중상,승용,남,24세,상해없음
2012062500100351,2012년 6월 25일 15시,월요일,전라남도 장흥군 장흥읍,부상신고사고,0,0,0,1,차대사람 - 길가장자리구역통행중,안전운전불이행,건조,맑음,단일로 - 횡단보도상,화물,남,28세,상해없음,보행자,여,12세,부상신고