사고번호,사고일시,요일,시군구,사고내용,사망자수,중상자수,경상자수,부상신고자수,사고유형,법규위반,노면상태,기상상태,도로형태,가해운전자 차종,가해운전자 성별,가해운전자 연령,가해운전자 상해정도,피해운전자 차종,피해운전자 성별,피해운전자 연령,피해운전자 상해정도
2012062500100352,2012년 6월 25일 15시,월요일,전라남도 완도군 완도읍,경상사고,0,0,1,0,차대차 - 추돌 - 진행중,안전운전불이행,건조,맑음,단일로 - 기타,원동기,남,55세,상해없음,승용,남,34세,상해없음
2012062500100353,2012년 6월 25일 15시,월요일,전라남도 진도군 고군면,중상사고,0,1,0,0,차대사람 - 기타,안전운전불이행,건조,맑음,단일로 - 기타,화물,남,70세,상해없음,보행자,남,87세,중상
2012062500100384,2012년 6월 25일 16시,월요일,전라남도 순천시 대대동,사망사고,1,0,0,0,차대차 - 기타,안전운전불이행,건조,맑음,단일로 - 기타,승용,여,57세,상해없음,원동기,남,70세,사망
2012062500100385,2012년 6월 25일 16시,월요일,전라남도 완도군 노화읍,중상사고,0,1,1,0,차대차 - 정면충돌,중앙선침범,건조,맑음,단일로 - 기타,승용,남,28세,상해없음,화물,남,41세,중상
2012062500100423,2012년 6월 25일 17시,월요일,전라남도 목포시 상동,중상사고,0,1,0,0,차대사람 - 횡단중,안전운전불이행,건조,맑음,교차로 - 교차로안,승합,남,44세,상해없음,보행자,미분류,12세,중상
2012062500100478,2012년 6월 25일 18시,월요일,전라남도 무안군 몽탄면,경상사고,0,0,1,0,차대차 - 기타,안전운전불이행,건조,맑음,교차로 - 교차로안,승용,남,49세,상해없음,원동기,남,63세,경상
2012062500100520,2012년 6월 25일 19시,월요일,전라남도 신안군 도초면,경상사고,0,0,1,0,차량단독 - 전도전복,안전운전불이행,건조,맑음,단일로 - 기타,승용,남,53세,경상,,,,
2012062500100521,2012년 6월 25일 19시,월요일,전라남도 완도군 완도읍,경상사고,0,0,1,0,차대사람 - 보도통행중,안전운전불이행,건조,맑음,단일로 - 기타,자전거,여,60세,상해없음,보행자,남,4세,경상
2012062500100557,2012년 6월 25일 20시,월요일,전라남도 보성군 벌교읍,사망사고,1,0,0,0,차대사람 - 횡단중,보행자보호의무위반,건조,기타,교차로 - 교차로안,승용,남,59세,상해없음,보행자,남,75세,사망
2012062500100589,2012년 6월 25일 21시,월요일,전라남도 순천시 장천동,중상사고,0,1,0,0,차대차 - 기타,신호위반,건조,맑음,교차로 - 교차로안,자전거,남,15세,중상,승용,남,53세,상해없음
2012062500100590,2012년 6월 25일 21시,월요일,전라남도 장흥군 장흥읍,경상사고,0,0,1,0,차대차 - 기타,교차로운행방법위반,건조,맑음,단일로 - 기타,승용,여,52세,경상,화물,남,49세,상해없음
2012062500100643,2012년 6월 25일 23시,월요일,전라남도 목포시 광동1가,경상사고,0,0,1,0,차대차 - 측면직각충돌,교차로운행방법위반,건조,맑음,교차로 - 교차로안,원동기,남,31세,경상,승용,남,44세,상해없음
2012062600100012,2012년 6월 26일 00시,화요일,전라남도 순천시 풍덕동,경상사고,0,0,1,0,차대차 - 추돌 - 진행중,안전운전불이행,건조,맑음,단일로 - 기타,승용,남,49세,상해없음,승용,남,41세,경상
2012062600100027,2012년 6월 26일 01시,화요일,전라남도 순천시 연향동,중상사고,0,1,0,0,차대사람 - 보도통행중,안전운전불이행,건조,맑음,단일로 - 횡단보도상,승용,남,56세,상해없음,보행자,남,22세,중상
2012062600100043,2012년 6월 26일 02시,화요일,전라남도 신안군 지도읍,경상사고,0,0,1,0,차량단독 - 공작물충돌,안전운전불이행,건조,맑음,단일로 - 기타,화물,남,33세,경상,,,,
2012062600100082,2012년 6월 26일 06시,화요일,전라남도 해남군 북평면,중상사고,0,1,0,0,차대차 - 기타,교차로운행방법위반,건조,맑음,교차로 - 교차로안,승용,남,67세,상해없음,원동기,남,36세,중상
2012062600100104,2012년 6월 26일 07시,화요일,전라남도 무안군 삼향읍,경상사고,0,0,2,0,차대차 - 기타,직진우회전진행방해,건조,맑음,교차로 - 교차로안,승용,남,48세,경상,승용,남,36세,경상
2012062600100105,2012년 6월 26일 07시,화요일,전라남도 무안군 무안읍,경상사고,0,0,1,0,차대차 - 기타,안전운전불이행,건조,맑음,단일로 - 기타,자전거,남,12세,경상,이륜,남,48세,상해없음
2012062600100140,2012년 6월 26일 08시,화요일,전라남도 목포시 산정동,경상사고,0,0,4,0,차대차 - 추돌 - 주정차중,안전거리미확보,건조,맑음,단일로 - 기타,승용,여,37세,경상,화물,남,30세,경상
2012062600100169,2012년 6월 26일 09시,화요일,전라남도 여수시 화양면,경상사고,0,0,4,0,차대차 - 측면직각충돌,안전운전불이행,건조,맑음,교차로 - 교차로안,승용,남,59세,경상,농기계,남,47세,경상
2012062600100189,2012년 6월 26일 10시,화요일,전라남도 목포시 연산동,중상사고,0,1,0,0,차대사람 - 횡단중,안전운전불이행,건조,맑음,교차로 - 교차로안,화물,남,39세,상해없음,보행자,남,60세,중상
2012062600100190,2012년 6월 26일 10시,화요일,전라남도 해남군 해남읍,경상사고,0,0,1,0,차대사람 - 기타,불법유턴,건조,맑음,단일로 - 기타,원동기,남,68세,상해없음,보행자,여,49세,경상
2012062600100191,2012년 6월 26일 10시,화요일,전라남도 화순군 능주면,중상사고,0,1,0,0,차대차 - 추돌 - 진행중,안전거리미확보,건조,맑음,교차로 - 교차로부근,화물,남,54세,상해없음,승용,여,47세,중상
2012062600100219,2012년 6월 26일 11시,화요일,전라남도 여수시 중흥동,경상사고,0,0,1,0,차대사람 - 기타,안전운전불이행,건조,맑음,교차로 - 교차로안,화물,남,55세,상해없음,보행자,남,41세,경상
2012062600100220,2012년 6월 26일 11시,화요일,전라남도 고흥군 동강면,경상사고,0,0,1,0,차대차 - 측면직각충돌,안전운전불이행,건조,맑음,교차로 - 교차로부근,화물,남,71세,상해없음,이륜,남,62세,경상
2012062600100297,2012년 6월 26일 14시,화요일,전라남도 나주시 이창동,중상사고,0,1,0,0,차대차 - 기타,차로위반,건조,맑음,단일로 - 기타,원동기,남,56세,상해없음,원동기,남,72세,중상
2012062600100298,2012년 6월 26일 14시,화요일,전라남도 완도군 고금면,중상사고,0,1,0,0,차대차 - 측면직각충돌,교차로운행방법위반,건조,맑음,교차로 - 교차로안,화물,남,44세,상해없음,농기계,남,72세,중상
2012062600100299,2012년 6월 26일 14시,화요일,전라남도 무안군 일로읍,경상사고,0,0,1,0,차대차 - 측면직각충돌,안전운전불이행,건조,맑음,단일로 - 기타,원동기,남,73세,경상,승용,남,67세,상해없음
2012062600100334,2012년 6월 26일 15시,화요일,전라남도 강진군 칠량면,경상사고,0,0,1,1,차대차 - 추돌 - 주정차중,안전운전불이행,건조,맑음,단일로 - 기타,특수,남,52세,부상신고,화물,남,55세,경상
2012062600100335,2012년 6월 26일 15시,화요일,전라남도 강진군 강진읍,경상사고,0,0,1,0,차대차 - 측면직각충돌,직진우회전진행방해,건조,맑음,교차로 - 교차로안,특수,남,54세,상해없음,화물,여,48세,경상
2012062600100336,2012년 6월 26일 15시,화요일,전라남도 구례군 광의면,경상사고,0,0,1,0,차대사람 - 기타,안전운전불이행,건조,맑음,단일로 - 기타,승용,남,46세,상해없음,보행자,남,25세,경상
2012062600100368,2012년 6월 26일 16시,화요일,전라남도 목포시 상동,경상사고,0,0,2,0,차대차 - 측면직각충돌,안전거리미확보,건조,맑음,단일로 - 기타,화물,남,21세,상해없음,화물,여,38세,경상
2012062600100451,2012년 6월 26일 18시,화요일,전라남도 순천시 인제동,중상사고,0,1,0,0,차대사람 - 차도통행중,안전운전불이행,건조,맑음,교차로 - 교차로안,화물,남,51세,상해없음,보행자,남,30세,중상
2012062600100452,2012년 6월 26일 18시,화요일,전라남도 고흥군 동강면,경상사고,0,0,1,0,차대차 - 기타,안전운전불이행,건조,맑음,단일로 - 기타,이륜,여,70세,경상,승용,남,63세,상해없음
2012062600100500,2012년 6월 26일 20시,화요일,전라남도 목포시 용당동,경상사고,0,0,1,0,차대사람 - 차도통행중,안전운전불이행,건조,맑음,단일로 - 기타,승용,남,54세,상해없음,보행자,남,25세,경상
2012062600100501,2012년 6월 26일 20시,화요일,전라남도 광양시 광양읍,경상사고,0,0,2,0,차대차 - 추돌 - 주정차중,안전운전불이행,건조,맑음,교차로 - 교차로부근,승용,남,36세,상해없음,승용,남,56세,경상
2012062600100530,2012년 6월 26일 21시,화요일,전라남도 목포시 상동,경상사고,0,0,1,0,차대차 - 측면직각충돌,직진우회전진행방해,건조,맑음,교차로 - 교차로안,승용,남,48세,상해없음,승용,여,45세,경상
2012062600100531,2012년 6월 26일 21시,화요일,전라남도 목포시 산정동,경상사고,0,0,1,0,차대차 - 측면직각충돌,안전운전불이행,건조,맑음,교차로 - 교차로부근,화물,남,57세,상해없음,승용,남,29세,경상
2012062600100573,2012년 6월 26일 22시,화요일,전라남도 여수시 국동,경상사고,0,0,1,0,차대차 - 추돌 - 주정차중,안전운전불이행,건조,맑음,교차로 - 교차로안,승용,남,39세,상해없음,승합,남,66세,경상
2012062600100612,2012년 6월 26일 23시,화요일,전라남도 여수시 교동,중상사고,0,1,0,0,차대사람 - 횡단중,안전운전불이행,건조,맑음,교차로 - 교차로안,화물,남,65세,상해없음,보행자,남,55세,중상
2012062700100042,2012년 6월 27일 01시,수요일,전라남도 목포시 상동,중상사고,0,1,0,0,차대차 - 추돌 - 주정차중,안전운전불이행,건조,맑음,단일로 - 기타,승용,남,24세,상해없음,승용,남,37세,중상
2012062700100043,2012년 6월 27일 01시,수요일,전라남도 여수시 주삼동,사망사고,1,0,0,0,차량단독 - 전도전복,안전운전불이행,건조,맑음,단일로 - 기타,승용,남,37세,사망,,,,
2012062700100044,2012년 6월 27일 01시,수요일,전라남도 순천시 연향동,중상사고,0,1,2,0,차대차 - 추돌 - 주정차중,안전운전불이행,건조,맑음,교차로 - 교차로부근,화물,남,46세,중상,승합,남,54세,경상
2012062700100045,2012년 6월 27일 01시,수요일,전라남도 영광군 영광읍,중상사고,0,1,0,0,차대사람 - 횡단중,안전운전불이행,건조,맑음,단일로 - 기타,화물,남,49세,상해없음,보행자,남,33세,중상
2012062700100046,2012년 6월 27일 01시,수요일,전라남도 광양시 광양읍,경상사고,0,0,1,0,차량단독 - 전도전복,안전운전불이행,건조,맑음,단일로 - 기타,승용,남,25세,상해없음,,,,
2012062700100060,2012년 6월 27일 02시,수요일,전라남도 함평군 학교면,중상사고,0,1,0,0,차대차 - 측면직각충돌,안전운전불이행,건조,맑음,단일로 - 기타,원동기,남,16세,상해없음,원동기,남,17세,중상
2012062700100081,2012년 6월 27일 04시,수요일,전라남도 여수시 문수동,경상사고,0,0,4,0,차대차 - 추돌 - 진행중,교차로운행방법위반,건조,맑음,교차로 - 교차로안,승용,남,35세,상해없음,승용,남,22세,경상
2012062700100164,2012년 6월 27일 08시,수요일,전라남도 신안군 압해읍,경상사고,0,0,1,0,차대차 - 측면직각충돌,안전운전불이행,건조,맑음,단일로 - 기타,농기계,여,50세,경상,화물,남,53세,상해없음
2012062700100165,2012년 6월 27일 08시,수요일,전라남도 나주시 문평면,중상사고,0,1,0,0,차대차 - 기타,안전운전불이행,건조,맑음,단일로 - 기타,화물,남,70세,상해없음,이륜,남,61세,중상
2012062700100199,2012년 6월 27일 09시,수요일,전라남도 진도군 지산면,중상사고,0,1,0,0,차대차 - 기타,안전운전불이행,건조,맑음,단일로 - 기타,화물,남,53세,상해없음,이륜,남,73세,중상
2012062700100200,2012년 6월 27일 09시,수요일,전라남도 광양시 광양읍,중상사고,0,1,1,0,차대차 - 측면직각충돌,안전운전불이행,건조,맑음,교차로 - 교차로안,승용,여,53세,상해없음,이륜,남,67세,중상
2012062700100237,2012년 6월 27일 10시,수요일,전라남도 나주시 금천면,사망사고,2,1,0,0,차대차 - 정면충돌,중앙선침범,건조,맑음,교차로 - 교차로부근,승용,여,74세,사망,화물,남,60세,중상
2012062700100238,2012년 6월 27일 10시,수요일,전라남도 담양군 담양읍,중상사고,0,3,3,0,차대차 - 측면직각충돌,불법유턴,건조,맑음,단일로 - 기타,승용,남,27세,중상,승용,남,52세,경상
2012062700100263,2012년 6월 27일 11시,수요일,전라남도 나주시 금천면,경상사고,0,0,3,0,차대차 - 측면직각충돌,교차로운행방법위반,건조,맑음,교차로 - 교차로안,승용,남,28세,경상,승용,남,45세,경상
2012062700100373,2012년 6월 27일 15시,수요일,전라남도 여수시 소라면,경상사고,0,0,1,0,차대차 - 측면직각충돌,안전운전불이행,건조,맑음,단일로 - 기타,승용,남,47세,상해없음,승용,남,53세,경상
2012062700100374,2012년 6월 27일 15시,수요일,전라남도 순천시 풍덕동,중상사고,0,1,0,0,차대차 - 측면직각충돌,안전운전불이행,건조,맑음,교차로 - 교차로안,이륜,남,65세,중상,승용,남,58세,상해없음
2012062700100375,2012년 6월 27일 15시,수요일,전라남도 완도군 완도읍,경상사고,0,0,1,0,차대사람 - 횡단중,안전운전불이행,건조,맑음,단일로 - 기타,기타불명,기타불명,기타불명,기타불명,보행자,여,69세,경상
2012062700100376,2012년 6월 27일 15시,수요일,전라남도 광양시 광양읍,경상사고,0,0,1,0,차대차 - 측면직각충돌,안전운전불이행,건조,맑음,교차로 - 교차로부근,승용,남,50세,경상,승합,남,59세,상해없음
2012062700100413,2012년 6월 27일 16시,수요일,전라남도 목포시 산정동,경상사고,0,0,4,0,차대차 - 기타,안전운전불이행,건조,맑음,단일로 - 기타,승용,남,80세,경상,화물,여,61세,경상
2012062700100414,2012년 6월 27일 16시,수요일,전라남도 해남군 송지면,사망사고,1,1,0,0,차대차 - 측면직각충돌,안전운전불이행,건조,맑음,단일로 - 기타,이륜,남,87세,사망,화물,남,30세,중상
2012062700100451,2012년 6월 27일 17시,수요일,전라남도 여수시 문수동,경상사고,0,0,2,0,차대차 - 기타,안전거리미확보,건조,맑음,단일로 - 기타,승합,남,38세,상해없음,승용,여,33세,경상
2012062700100485,2012년 6월 27일 18시,수요일,전라남도 고흥군 과역면,중상사고,0,1,2,0,차대사람 - 차도통행중,안전운전불이행,건조,맑음,단일로 - 기타,이륜,남,17세,경상,보행자,여,6세,중상
2012062700100486,2012년 6월 27일 18시,수요일,전라남도 해남군 화산면,중상사고,0,1,0,0,차량단독 - 도로외이탈 - 기타,안전운전불이행,건조,맑음,단일로 - 기타,이륜,남,57세,중상,,,,
2012062700100518,2012년 6월 27일 19시,수요일,전라남도 순천시 용당동,중상사고,0,1,0,0,차대차 - 측면직각충돌,안전운전불이행,건조,맑음,단일로 - 기타,이륜,남,58세,중상,승용,여,38세,상해없음
2012062700100519,2012년 6월 27일 19시,수요일,전라남도 해남군 삼산면,경상사고,0,0,3,0,차대차 - 측면직각충돌,교차로운행방법위반,건조,맑음,교차로 - 교차로안,승용,남,74세,경상,승합,남,49세,경상
2012062700100520,2012년 6월 27일 19시,수요일,전라남도 화순군 화순읍,중상사고,0,1,4,0,차대차 - 정면충돌,중앙선침범,건조,맑음,단일로 - 기타,승용,남,41세,상해없음,승용,남,49세,경상
2012062700100597,2012년 6월 27일 21시,수요일,전라남도 화순군 동면,경상사고,0,0,1,0,차량단독 - 도로외이탈 - 기타,안전운전불이행,건조,맑음,단일로 - 기타,화물,남,40세,경상,,,,
2012062700100629,2012년 6월 27일 22시,수요일,전라남도 여수시 관문동,경상사고,0,0,1,0,차대사람 - 횡단중,안전운전불이행,건조,맑음,단일로 - 기타,승용,남,23세,상해없음,보행자,남,33세,경상
2012062700100630,2012년 6월 27일 22시,수요일,전라남도 광양시 광영동,경상사고,0,0,1,0,차대차 - 추돌 - 주정차중,안전운전불이행,건조,맑음,교차로 - 교차로부근,승용,남,52세,상해없음,승용,여,50세,상해없음
2012062700100660,2012년 6월 27일 23시,수요일,전라남도 목포시 상동,경상사고,0,0,1,0,차대차 - 기타,안전운전불이행,건조,흐림,단일로 - 기타,승용,여,42세,상해없음,승용,남,51세,경상
2012062700100661,2012년 6월 27일 23시,수요일,전라남도 순천시 조례동,경상사고,0,0,1,0,차대차 - 측면직각충돌,안전운전불이행,건조,맑음,교차로 - 교차로안,승용,남,22세,상해없음,이륜,남,19세,경상
2012062800100016,2012년 6월 28일 00시,목요일,전라남도 순천시 조례동,경상사고,0,0,1,0,차대차 - 측면직각충돌,안전거리미확보,건조,맑음,교차로 - 교차로부근,승용,남,43세,상해없음,이륜,남,34세,경상
2012062800100017,2012년 6월 28일 00시,목요일,전라남도 순천시 조례동,중상사고,0,1,0,0,차대사람 - 횡단중,안전운전불이행,건조,맑음,단일로 - 기타,승용,남,42세,상해없음,보행자,남,50세,중상
2012062800100065,2012년 6월 28일 04시,목요일,전라남도 영암군 영암읍,중상사고,0,1,0,0,차량단독 - 공작물충돌,안전운전불이행,건조,맑음,단일로 - 기타,화물,남,32세,중상,,,,
2012062800100094,2012년 6월 28일 06시,목요일,전라남도 여수시 소호동,중상사고,0,3,0,0,차대차 - 추돌 - 진행중,안전운전불이행,건조,맑음,단일로 - 기타,이륜,남,17세,중상,이륜,남,63세,중상
2012062800100112,2012년 6월 28일 07시,목요일,전라남도 해남군 북평면,중상사고,0,1,0,0,차대사람 - 횡단중,안전운전불이행,건조,맑음,교차로 - 교차로안,화물,남,62세,상해없음,보행자,남,64세,중상
2012062800100113,2012년 6월 28일 07시,목요일,전라남도 담양군 담양읍,경상사고,0,0,3,0,차대차 - 기타,교차로운행방법위반,건조,맑음,교차로 - 교차로안,승용,남,57세,상해없음,승용,남,32세,경상
2012062800100167,2012년 6월 28일 08시,목요일,전라남도 순천시 연향동,경상사고,0,0,1,0,차대사람 - 횡단중,안전운전불이행,건조,맑음,단일로 - 횡단보도상,승용,여,46세,상해없음,보행자,여,5세,경상
2012062800100203,2012년 6월 28일 09시,목요일,전라남도 신안군 장산면,사망사고,1,0,3,0,차대차 - 측면직각충돌,중앙선침범,건조,맑음,단일로 - 기타,승용,여,55세,상해없음,농기계,남,86세,사망
2012062800100204,2012년 6월 28일 09시,목요일,전라남도 강진군 대구면,중상사고,0,1,1,0,차대차 - 정면충돌,중앙선침범,건조,맑음,단일로 - 기타,화물,남,48세,경상,화물,남,40세,중상
2012062800100256,2012년 6월 28일 11시,목요일,전라남도 목포시 동명동,중상사고,0,1,0,0,차대사람 - 횡단중,안전운전불이행,건조,맑음,교차로 - 교차로안,승합,남,66세,상해없음,보행자,여,79세,중상
2012062800100303,2012년 6월 28일 13시,목요일,전라남도 나주시 왕곡면,경상사고,0,0,1,0,차대차 - 정면충돌,중앙선침범,건조,맑음,기타 - 기타,승용,남,69세,경상,화물,남,45세,상해없음
2012062800100328,2012년 6월 28일 14시,목요일,전라남도 고흥군 두원면,경상사고,0,0,1,0,차량단독 - 전도전복,안전운전불이행,건조,맑음,단일로 - 기타,화물,남,30세,경상,,,,
2012062800100329,2012년 6월 28일 14시,목요일,전라남도 장성군 삼계면,경상사고,0,0,1,0,차대사람 - 길가장자리구역통행중,안전운전불이행,건조,맑음,교차로 - 교차로부근,화물,남,43세,상해없음,보행자,남,40세,경상
2012062800100353,2012년 6월 28일 15시,목요일,전라남도 순천시 서면,경상사고,0,0,1,0,차대차 - 측면직각충돌,신호위반,건조,맑음,교차로 - 교차로안,승용,여,50세,상해없음,승용,남,21세,경상
2012062800100354,2012년 6월 28일 15시,목요일,전라남도 광양시 황금동,중상사고,0,1,0,0,차량단독 - 기타,안전운전불이행,건조,맑음,단일로 - 기타,원동기,남,75세,중상,,,,
2012062800100382,2012년 6월 28일 16시,목요일,전라남도 순천시 매곡동,경상사고,0,0,1,0,차대차 - 측면직각충돌,안전운전불이행,건조,맑음,교차로 - 교차로안,승용,남,21세,상해없음,승합,남,46세,상해없음
2012062800100402,2012년 6월 28일 17시,목요일,전라남도 목포시 용해동,경상사고,0,0,1,0,차대사람 - 차도통행중,안전운전불이행,건조,맑음,단일로 - 기타,기타불명,기타불명,기타불명,기타불명,보행자,여,32세,경상
2012062800100403,2012년 6월 28일 17시,목요일,전라남도 순천시 연향동,중상사고,0,1,0,0,차대사람 - 횡단중,안전운전불이행,건조,맑음,단일로 - 기타,승용,남,62세,상해없음,보행자,남,6세,중상
2012062800100404,2012년 6월 28일 17시,목요일,전라남도 강진군 강진읍,중상사고,0,1,0,0,차대차 - 추돌 - 주정차중,안전운전불이행,건조,맑음,단일로 - 기타,화물,남,54세,상해없음,이륜,여,52세,중상
2012062800100431,2012년 6월 28일 18시,목요일,전라남도 여수시 신월동,경상사고,0,0,1,0,차대차 - 추돌 - 주정차중,안전운전불이행,건조,맑음,단일로 - 기타,승용,여,34세,상해없음,승용,여,37세,경상
2012062800100432,2012년 6월 28일 18시,목요일,전라남도 광양시 광양읍,중상사고,0,1,1,0,차대사람 - 기타,보행자보호의무위반,건조,맑음,단일로 - 횡단보도상,원동기,남,71세,경상,보행자,남,67세,중상
2012062800100460,2012년 6월 28일 19시,목요일,전라남도 나주시 이창동,경상사고,0,0,1,0,차대사람 - 기타,안전운전불이행,건조,맑음,단일로 - 기타,승용,기타불명,기타불명,기타불명,보행자,여,54세,경상
2012062800100494,2012년 6월 28일 20시,목요일,전라남도 목포시 석현동,경상사고,0,0,2,0,차대차 - 측면직각충돌,중앙선침범,건조,맑음,단일로 - 기타,승용,남,41세,상해없음,승용,남,39세,경상
2012062800100524,2012년 6월 28일 21시,목요일,전라남도 강진군 성전면,중상사고,0,1,0,0,차대사람 - 기타,안전운전불이행,건조,맑음,단일로 - 기타,기타불명,기타불명,기타불명,기타불명,보행자,남,48세,중상
2012062800100525,2012년 6월 28일 21시,목요일,전라남도 광양시 광양읍,중상사고,0,1,1,0,차대사람 - 기타,안전운전불이행,건조,맑음,단일로 - 기타,원동기,남,17세,경상,보행자,남,70세,중상
2012062800100561,2012년 6월 28일 22시,목요일,전라남도 여수시 돌산읍,경상사고,0,0,5,0,차대차 - 측면직각충돌,안전거리미확보,건조,맑음,교차로 - 교차로부근,승용,남,53세,상해없음,승용,남,24세,경상
2012062800100590,2012년 6월 28일 23시,목요일,전라남도 여수시 봉산동,경상사고,0,0,1,0,차대사람 - 횡단중,안전운전불이행,건조,맑음,단일로 - 기타,승용,남,55세,상해없음,보행자,남,53세,경상
2012062900100072,2012년 6월 29일 02시,금요일,전라남도 순천시 풍덕동,중상사고,0,1,1,0,차대차 - 기타,직진우회전진행방해,건조,맑음,교차로 - 교차로안,승용,남,46세,경상,승용,남,23세,중상
2012062900100073,2012년 6월 29일 02시,금요일,전라남도 순천시 동외동,중상사고,0,3,0,0,차대차 - 측면직각충돌,안전운전불이행,건조,맑음,교차로 - 교차로안,승용,남,58세,상해없음,승용,남,32세,중상
2012062900100097,2012년 6월 29일 04시,금요일,전라남도 목포시 상동,중상사고,0,1,0,0,차대사람 - 횡단중,보행자보호의무위반,건조,맑음,단일로 - 횡단보도상,자전거,남,24세,상해없음,보행자,여,47세,중상
2012062900100135,2012년 6월 29일 07시,금요일,전라남도 담양군 남면,경상사고,0,0,1,0,차대차 - 추돌 - 진행중,안전운전불이행,건조,맑음,단일로 - 기타,승용,남,37세,상해없음,농기계,남,72세,경상
2012062900100170,2012년 6월 29일 08시,금요일,전라남도 해남군 북평면,경상사고,0,0,1,0,차대사람 - 횡단중,안전운전불이행,건조,맑음,단일로 - 기타,이륜,남,71세,상해없음,보행자,남,9세,경상
2012062900100262,2012년 6월 29일 11시,금요일,전라남도 여수시 봉계동,중상사고,0,1,0,0,차량단독 - 기타,안전운전불이행,건조,맑음,교차로 - 교차로부근,승합,남,51세,상해없음,,,,
2012062900100263,2012년 6월 29일 11시,금요일,전라남도 영광군 백수읍,사망사고,1,0,0,0,차대사람 - 길가장자리구역통행중,안전운전불이행,건조,맑음,단일로 - 기타,승용,남,49세,상해없음,보행자,여,73세,사망
2012062900100285,2012년 6월 29일 12시,금요일,전라남도 목포시 동명동,중상사고,0,1,0,0,차대사람 - 기타,안전운전불이행,건조,흐림,단일로 - 기타,승합,남,26세,상해없음,보행자,남,65세,중상
2012062900100286,2012년 6월 29일 12시,금요일,전라남도 여수시 상암동,중상사고,0,1,1,0,차대차 - 측면직각충돌,중앙선침범,건조,흐림,단일로 - 기타,승용,여,46세,중상,승용,남,45세,경상
2012062900100287,2012년 6월 29일 12시,금요일,전라남도 나주시 청동,경상사고,0,0,1,0,차대사람 - 기타,안전운전불이행,건조,맑음,단일로 - 기타,승용,남,77세,상해없음,보행자,남,41세,경상
2012062900100288,2012년 6월 29일 12시,금요일,전라남도 해남군 북평면,중상사고,0,1,2,0,차대차 - 추돌 - 진행중,안전거리미확보,습기,비,단일로 - 기타,화물,남,63세,상해없음,승용,남,38세,경상
2012062900100289,2012년 6월 29일 12시,금요일,전라남도 화순군 남면,중상사고,0,1,1,0,차대차 - 정면충돌,중앙선침범,건조,맑음,단일로 - 기타,승용,남,53세,중상,승용,남,48세,경상
2012062900100290,2012년 6월 29일 12시,금요일,전라남도 영암군 신북면,경상사고,0,0,5,0,차대차 - 측면직각충돌,안전운전불이행,건조,맑음,단일로 - 기타,화물,남,54세,경상,승용,남,27세,경상
2012062900100347,2012년 6월 29일 14시,금요일,전라남도 여수시 여천동,중상사고,0,1,0,0,차대사람 - 기타,안전운전불이행,습기,비,단일로 - 기타,승용,남,54세,상해없음,보행자,여,67세,중상
2012062900100348,2012년 6월 29일 14시,금요일,전라남도 여수시 중앙동,경상사고,0,0,1,0,차대차 - 기타,안전운전불이행,건조,맑음,단일로 - 기타,승합,남,26세,상해없음,화물,남,39세,경상
2012062900100349,2012년 6월 29일 14시,금요일,전라남도 순천시 옥천동,경상사고,0,0,1,0,차대사람 - 기타,안전운전불이행,습기,비,단일로 - 기타,승용,남,62세,상해없음,보행자,여,31세,경상
2012062900100381,2012년 6월 29일 15시,금요일,전라남도 여수시 만흥동,경상사고,0,0,1,0,차대차 - 정면충돌,교차로운행방법위반,습기,비,교차로 - 교차로안,화물,남,48세,상해없음,승용,남,40세,경상
2012062900100382,2012년 6월 29일 15시,금요일,전라남도 영광군 영광읍,경상사고,0,0,3,1,차대차 - 추돌 - 진행중,안전운전불이행,습기,맑음,단일로 - 기타,승용,남,42세,부상신고,승용,남,21세,경상
2012062900100418,2012년 6월 29일 16시,금요일,전라남도 나주시 성북동,경상사고,0,0,1,0,차대차 - 정면충돌,중앙선침범,습기,비,교차로 - 교차로안,화물,남,60세,상해없음,화물,남,32세,경상
2012062900100419,2012년 6월 29일 16시,금요일,전라남도 광양시 광양읍,경상사고,0,0,2,0,차대차 - 측면직각충돌,교차로운행방법위반,습기,흐림,교차로 - 교차로안,승용,남,31세,경상,승용,남,48세,경상
2012062900100420,2012년 6월 29일 16시,금요일,전라남도 구례군 구례읍,중상사고,0,3,2,0,차대차 - 정면충돌,중앙선침범,습기,비,단일로 - 기타,화물,남,60세,상해없음,승용,남,64세,경상
2012062900100450,2012년 6월 29일 17시,금요일,전라남도 장성군 장성읍,경상사고,0,0,2,0,차대차 - 측면직각충돌,신호위반,습기,비,교차로 - 교차로안,승용,남,66세,상해없음,승용,남,41세,경상
2012062900100495,2012년 6월 29일 18시,금요일,전라남도 목포시 옥암동,경상사고,0,0,1,0,차대차 - 측면직각충돌,안전운전불이행,습기,비,교차로 - 교차로안,승용,남,46세,상해없음,승용,여,31세,경상
2012062900100496,2012년 6월 29일 18시,금요일,전라남도 영암군 삼호읍,경상사고,0,0,3,0,차대차 - 측면직각충돌,안전운전불이행,습기,비,단일로 - 기타,승용,남,36세,경상,화물,남,62세,경상