사고번호,사고일시,요일,시군구,사고내용,사망자수,중상자수,경상자수,부상신고자수,사고유형,법규위반,노면상태,기상상태,도로형태,가해운전자 차종,가해운전자 성별,가해운전자 연령,가해운전자 상해정도,피해운전자 차종,피해운전자 성별,피해운전자 연령,피해운전자 상해정도
2012062900100497,2012년 6월 29일 18시,금요일,전라남도 구례군 구례읍,중상사고,0,1,0,0,차대차 - 기타,안전운전불이행,습기,비,단일로 - 기타,화물,남,39세,상해없음,자전거,여,60세,중상
2012062900100536,2012년 6월 29일 19시,금요일,전라남도 여수시 여서동,중상사고,0,1,0,0,차대차 - 기타,안전운전불이행,습기,비,단일로 - 기타,승용,남,46세,상해없음,이륜,남,24세,중상
2012062900100537,2012년 6월 29일 19시,금요일,전라남도 순천시 연향동,경상사고,0,0,1,0,차대차 - 측면직각충돌,안전운전불이행,습기,비,교차로 - 교차로부근,승용,여,47세,상해없음,이륜,남,19세,경상
2012062900100538,2012년 6월 29일 19시,금요일,전라남도 무안군 현경면,중상사고,0,1,1,0,차대차 - 정면충돌,중앙선침범,습기,비,단일로 - 기타,승용,남,57세,상해없음,승용,남,64세,경상
2012062900100539,2012년 6월 29일 19시,금요일,전라남도 광양시 광영동,경상사고,0,0,1,0,차대차 - 추돌 - 주정차중,안전운전불이행,습기,비,교차로 - 교차로안,승용,남,57세,상해없음,승용,남,41세,경상
2012062900100584,2012년 6월 29일 20시,금요일,전라남도 목포시 상동,경상사고,0,0,1,0,차대사람 - 횡단중,안전운전불이행,습기,비,교차로 - 교차로안,승용,남,37세,상해없음,보행자,여,5세,경상
2012062900100585,2012년 6월 29일 20시,금요일,전라남도 장흥군 관산읍,중상사고,0,1,0,0,차대사람 - 길가장자리구역통행중,안전운전불이행,습기,비,교차로 - 교차로안,기타불명,기타불명,기타불명,기타불명,보행자,남,57세,중상
2012062900100586,2012년 6월 29일 20시,금요일,전라남도 광양시 중동,경상사고,0,0,1,0,차대차 - 추돌 - 주정차중,안전운전불이행,습기,비,교차로 - 교차로부근,승용,여,28세,상해없음,승용,남,51세,경상
2012062900100650,2012년 6월 29일 21시,금요일,전라남도 무안군 해제면,중상사고,0,1,0,0,차대사람 - 기타,안전운전불이행,습기,비,교차로 - 교차로부근,승용,남,47세,상해없음,보행자,남,43세,중상
2012062900100730,2012년 6월 29일 22시,금요일,전라남도 목포시 옥암동,경상사고,0,0,1,0,차대차 - 측면직각충돌,직진우회전진행방해,습기,비,교차로 - 교차로안,승용,남,28세,상해없음,승용,남,43세,상해없음
2012062900100731,2012년 6월 29일 22시,금요일,전라남도 영암군 덕진면,경상사고,0,0,1,0,차대차 - 측면직각충돌,신호위반,습기,비,교차로 - 교차로안,승용,남,23세,상해없음,승용,남,32세,경상
2012062900100806,2012년 6월 29일 23시,금요일,전라남도 목포시 용해동,중상사고,0,1,0,0,차대사람 - 횡단중,보행자보호의무위반,습기,비,단일로 - 기타,승용,남,43세,상해없음,보행자,여,56세,중상
2012062900100807,2012년 6월 29일 23시,금요일,전라남도 목포시 용해동,중상사고,0,1,0,0,차대차 - 정면충돌,중앙선침범,습기,비,교차로 - 교차로부근,승용,남,56세,상해없음,이륜,남,40세,중상
2012062900100808,2012년 6월 29일 23시,금요일,전라남도 목포시 용해동,경상사고,0,0,1,0,차대차 - 측면직각충돌,신호위반,습기,비,교차로 - 교차로안,승용,여,39세,상해없음,승용,남,64세,경상
2012062900100809,2012년 6월 29일 23시,금요일,전라남도 여수시 선원동,경상사고,0,0,4,0,차대차 - 기타,안전거리미확보,습기,흐림,단일로 - 기타,화물,남,49세,상해없음,승용,남,47세,경상
2012062900100810,2012년 6월 29일 23시,금요일,전라남도 화순군 화순읍,경상사고,0,0,3,0,차대차 - 측면직각충돌,신호위반,습기,비,교차로 - 교차로안,승용,남,34세,상해없음,승용,남,32세,경상
2012063000100091,2012년 6월 30일 01시,토요일,전라남도 여수시 안산동,경상사고,0,0,2,0,차대차 - 측면직각충돌,신호위반,습기,비,교차로 - 교차로안,승용,남,45세,상해없음,원동기,남,16세,경상
2012063000100092,2012년 6월 30일 01시,토요일,전라남도 고흥군 동일면,사망사고,1,0,0,0,차량단독 - 공작물충돌,안전운전불이행,습기,비,단일로 - 기타,화물,남,55세,사망,,,,
2012063000100142,2012년 6월 30일 02시,토요일,전라남도 목포시 상동,경상사고,0,0,1,0,차량단독 - 공작물충돌,안전운전불이행,습기,비,교차로 - 교차로부근,승용,남,23세,상해없음,,,,
2012063000100291,2012년 6월 30일 08시,토요일,전라남도 해남군 화원면,중상사고,0,1,1,0,차량단독 - 전도전복,안전운전불이행,습기,흐림,단일로 - 기타,승용,남,71세,경상,,,,
2012063000100389,2012년 6월 30일 12시,토요일,전라남도 목포시 산정동,경상사고,0,0,3,0,차대차 - 추돌 - 진행중,차로위반,건조,흐림,교차로 - 교차로부근,승용,남,47세,경상,승용,남,71세,상해없음
2012063000100390,2012년 6월 30일 12시,토요일,전라남도 목포시 옥암동,경상사고,0,0,1,0,차대차 - 추돌 - 진행중,교차로운행방법위반,건조,맑음,교차로 - 교차로안,승용,여,51세,상해없음,승용,여,33세,경상
2012063000100392,2012년 6월 30일 12시,토요일,전라남도 영암군 신북면,중상사고,0,3,7,0,차대차 - 기타,안전운전불이행,습기,흐림,교차로 - 교차로부근,승합,남,63세,경상,화물,남,48세,기타불명
2012063000100410,2012년 6월 30일 13시,토요일,전라남도 나주시 성북동,중상사고,0,1,0,0,차대사람 - 횡단중,안전운전불이행,습기,비,단일로 - 기타,승합,여,42세,상해없음,보행자,여,68세,중상
2012063000100435,2012년 6월 30일 14시,토요일,전라남도 장흥군 장흥읍,경상사고,0,0,1,0,차대차 - 측면직각충돌,교차로운행방법위반,건조,맑음,교차로 - 교차로안,승용,남,45세,상해없음,원동기,남,21세,경상
2012063000100436,2012년 6월 30일 14시,토요일,전라남도 영암군 삼호읍,경상사고,0,0,2,0,차대차 - 추돌 - 주정차중,안전운전불이행,습기,비,교차로 - 교차로부근,승용,남,48세,상해없음,승용,남,38세,경상
2012063000100473,2012년 6월 30일 15시,토요일,전라남도 영암군 덕진면,중상사고,0,1,0,0,차대차 - 측면직각충돌,안전운전불이행,습기,흐림,교차로 - 교차로안,화물,남,39세,상해없음,승용,여,51세,중상
2012063000100474,2012년 6월 30일 15시,토요일,전라남도 광양시 광양읍,중상사고,0,1,0,0,차대차 - 측면직각충돌,안전운전불이행,습기,흐림,단일로 - 기타,승용,남,58세,상해없음,이륜,남,71세,중상
2012063000100475,2012년 6월 30일 15시,토요일,전라남도 구례군 용방면,부상신고사고,0,0,0,1,차량단독 - 전도전복,안전운전불이행,습기,흐림,단일로 - 기타,승용,여,37세,부상신고,,,,
2012063000100499,2012년 6월 30일 16시,토요일,전라남도 여수시 중흥동,경상사고,0,0,1,0,차대차 - 정면충돌,신호위반,습기,비,교차로 - 교차로안,승용,남,33세,상해없음,승용,남,37세,경상
2012063000100500,2012년 6월 30일 16시,토요일,전라남도 광양시 광양읍,경상사고,0,0,1,0,차대차 - 추돌 - 주정차중,안전거리미확보,습기,비,교차로 - 교차로안,승용,남,58세,상해없음,승용,여,30세,경상
2012063000100535,2012년 6월 30일 17시,토요일,전라남도 목포시 용당동,경상사고,0,0,1,0,차대차 - 측면직각충돌,신호위반,습기,비,교차로 - 교차로안,이륜,남,16세,경상,승용,남,60세,상해없음
2012063000100536,2012년 6월 30일 17시,토요일,전라남도 목포시 상동,경상사고,0,0,2,0,차대차 - 측면직각충돌,안전운전불이행,습기,비,교차로 - 교차로안,승용,여,30세,상해없음,승용,남,29세,경상
2012063000100537,2012년 6월 30일 17시,토요일,전라남도 목포시 상동,경상사고,0,0,1,0,차대차 - 측면직각충돌,기타,건조,맑음,교차로 - 교차로부근,기타불명,기타불명,기타불명,기타불명,원동기,남,49세,경상
2012063000100538,2012년 6월 30일 17시,토요일,전라남도 순천시 별량면,경상사고,0,0,2,0,차대차 - 기타,안전거리미확보,건조,맑음,단일로 - 기타,승용,남,43세,상해없음,승용,남,19세,경상
2012063000100572,2012년 6월 30일 18시,토요일,전라남도 광양시 중동,중상사고,0,1,0,0,차대차 - 측면직각충돌,직진우회전진행방해,습기,비,교차로 - 교차로안,승용,여,43세,상해없음,승용,여,36세,상해없음
2012063000100615,2012년 6월 30일 19시,토요일,전라남도 목포시 옥암동,부상신고사고,0,0,0,1,차대차 - 측면직각충돌,안전운전불이행,습기,비,단일로 - 기타,승용,여,37세,상해없음,원동기,남,19세,부상신고
2012063000100655,2012년 6월 30일 20시,토요일,전라남도 목포시 용해동,경상사고,0,0,4,0,차대차 - 추돌 - 진행중,교차로운행방법위반,습기,비,교차로 - 교차로부근,화물,남,68세,경상,승용,남,28세,경상
2012063000100656,2012년 6월 30일 20시,토요일,전라남도 담양군 창평면,경상사고,0,0,1,0,차대차 - 추돌 - 주정차중,안전운전불이행,습기,비,단일로 - 기타,승용,남,31세,상해없음,화물,남,44세,상해없음
2012063000100657,2012년 6월 30일 20시,토요일,전라남도 구례군 구례읍,중상사고,0,2,0,0,차대사람 - 횡단중,안전운전불이행,습기,비,단일로 - 횡단보도부근,승용,남,61세,상해없음,보행자,남,16세,중상
2012063000100712,2012년 6월 30일 21시,토요일,전라남도 순천시 조례동,경상사고,0,0,4,0,차대차 - 기타,기타,습기,비,교차로 - 교차로안,원동기,남,16세,상해없음,승용,남,31세,경상
2012063000100713,2012년 6월 30일 21시,토요일,전라남도 순천시 조례동,경상사고,0,0,1,0,차대차 - 기타,안전운전불이행,습기,흐림,교차로 - 교차로안,승용,남,37세,상해없음,원동기,남,16세,경상
2012063000100767,2012년 6월 30일 22시,토요일,전라남도 여수시 돌산읍,경상사고,0,0,1,0,차대차 - 측면직각충돌,안전운전불이행,습기,흐림,단일로 - 기타,화물,남,51세,상해없음,승합,남,48세,경상
2012063000100768,2012년 6월 30일 22시,토요일,전라남도 순천시 덕암동,중상사고,0,1,0,0,차대사람 - 기타,보행자보호의무위반,습기,비,단일로 - 기타,승용,여,32세,상해없음,보행자,미분류,1세,중상
2012070100100016,2012년 7월 1일 00시,일요일,전라남도 목포시 달동,경상사고,0,0,2,0,차량단독 - 공작물충돌,안전운전불이행,습기,흐림,교차로 - 교차로부근,승용,남,27세,경상,,,,
2012070100100017,2012년 7월 1일 00시,일요일,전라남도 순천시 해룡면,경상사고,0,0,1,0,차대차 - 기타,안전운전불이행,건조,맑음,교차로 - 교차로안,승용,여,46세,상해없음,승용,남,52세,경상
2012070100100045,2012년 7월 1일 01시,일요일,전라남도 목포시 용해동,경상사고,0,0,1,0,차대차 - 측면직각충돌,안전운전불이행,건조,맑음,교차로 - 교차로안,승용,남,49세,상해없음,승용,남,29세,경상
2012070100100046,2012년 7월 1일 01시,일요일,전라남도 광양시 광양읍,중상사고,0,1,2,0,차대차 - 측면직각충돌,교차로운행방법위반,습기,흐림,교차로 - 교차로안,승용,남,29세,경상,승용,남,23세,중상
2012070100100074,2012년 7월 1일 02시,일요일,전라남도 순천시 용당동,부상신고사고,0,0,0,1,차대사람 - 기타,안전운전불이행,건조,맑음,단일로 - 기타,기타불명,기타불명,기타불명,기타불명,보행자,남,38세,부상신고
2012070100100075,2012년 7월 1일 02시,일요일,전라남도 순천시 조례동,경상사고,0,0,3,0,차대차 - 기타,신호위반,건조,맑음,교차로 - 교차로안,승용,남,43세,경상,승용,남,27세,경상
2012070100100106,2012년 7월 1일 05시,일요일,전라남도 화순군 화순읍,경상사고,0,0,1,0,차대사람 - 기타,안전운전불이행,건조,맑음,단일로 - 기타,승용,남,51세,상해없음,보행자,남,29세,경상
2012070100100107,2012년 7월 1일 05시,일요일,전라남도 광양시 광양읍,중상사고,0,1,2,0,차대차 - 측면직각충돌,직진우회전진행방해,건조,흐림,교차로 - 교차로안,화물,남,77세,경상,승용,남,57세,경상
2012070100100119,2012년 7월 1일 06시,일요일,전라남도 순천시 연향동,경상사고,0,0,2,0,차대차 - 정면충돌,안전운전불이행,건조,맑음,교차로 - 교차로안,승용,남,24세,상해없음,승용,남,21세,상해없음
2012070100100120,2012년 7월 1일 06시,일요일,전라남도 광양시 마동,중상사고,0,4,1,0,차대차 - 기타,과속,건조,맑음,교차로 - 교차로부근,승용,남,21세,중상,승용,남,48세,경상
2012070100100128,2012년 7월 1일 07시,일요일,전라남도 목포시 석현동,경상사고,0,0,3,0,차대차 - 측면직각충돌,신호위반,습기,맑음,교차로 - 교차로안,승용,남,34세,경상,승용,남,39세,경상
2012070100100209,2012년 7월 1일 12시,일요일,전라남도 여수시 소호동,경상사고,0,0,1,0,차대사람 - 기타,보행자보호의무위반,건조,맑음,단일로 - 횡단보도상,승용,남,32세,상해없음,보행자,남,10세,경상
2012070100100210,2012년 7월 1일 12시,일요일,전라남도 순천시 서면,경상사고,0,0,4,0,차대차 - 기타,안전거리미확보,건조,맑음,단일로 - 기타,승용,남,31세,상해없음,승용,여,21세,경상
2012070100100211,2012년 7월 1일 12시,일요일,전라남도 완도군 완도읍,경상사고,0,0,1,0,차대차 - 추돌 - 진행중,안전운전불이행,습기,흐림,교차로 - 교차로안,승용,여,45세,기타불명,승용,여,51세,경상
2012070100100256,2012년 7월 1일 14시,일요일,전라남도 해남군 현산면,경상사고,0,0,1,0,차대차 - 측면직각충돌,중앙선침범,건조,맑음,단일로 - 기타,승용,남,74세,상해없음,승합,남,46세,경상
2012070100100257,2012년 7월 1일 14시,일요일,전라남도 무안군 현경면,중상사고,0,1,0,0,차대차 - 기타,직진우회전진행방해,습기,비,교차로 - 교차로안,승용,남,44세,상해없음,승용,여,44세,중상
2012070100100287,2012년 7월 1일 15시,일요일,전라남도 나주시 봉황면,경상사고,0,0,2,0,차대차 - 정면충돌,직진우회전진행방해,습기,비,교차로 - 교차로안,승용,남,77세,상해없음,승용,여,58세,경상
2012070100100288,2012년 7월 1일 15시,일요일,전라남도 광양시 광양읍,경상사고,0,0,2,0,차대차 - 측면직각충돌,직진우회전진행방해,건조,맑음,교차로 - 교차로안,승용,여,30세,상해없음,승용,여,27세,경상
2012070100100289,2012년 7월 1일 15시,일요일,전라남도 광양시 광양읍,중상사고,0,1,0,0,차량단독 - 기타,안전운전불이행,기타,기타,단일로 - 기타,자전거,남,49세,중상,,,,
2012070100100321,2012년 7월 1일 16시,일요일,전라남도 보성군 미력면,경상사고,0,0,1,0,차대차 - 측면직각충돌,교차로운행방법위반,건조,맑음,교차로 - 교차로안,승용,남,21세,상해없음,승용,남,62세,상해없음
2012070100100322,2012년 7월 1일 16시,일요일,전라남도 영암군 삼호읍,경상사고,0,0,5,0,차대차 - 측면직각충돌,직진우회전진행방해,습기,비,교차로 - 교차로안,승용,남,23세,경상,승용,남,33세,경상
2012070100100323,2012년 7월 1일 16시,일요일,전라남도 장성군 장성읍,경상사고,0,0,1,0,차대차 - 추돌 - 주정차중,안전운전불이행,건조,맑음,교차로 - 교차로부근,승용,남,70세,상해없음,화물,남,48세,경상
2012070100100324,2012년 7월 1일 16시,일요일,전라남도 담양군 담양읍,중상사고,0,1,0,0,차대차 - 기타,안전운전불이행,건조,맑음,단일로 - 기타,승용,여,49세,상해없음,자전거,남,34세,중상
2012070100100325,2012년 7월 1일 16시,일요일,전라남도 담양군 창평면,중상사고,0,1,0,0,차대차 - 기타,교차로운행방법위반,건조,맑음,교차로 - 교차로안,이륜,여,56세,중상,승용,여,46세,상해없음
2012070100100356,2012년 7월 1일 17시,일요일,전라남도 목포시 해안동1가,중상사고,0,1,0,0,차대사람 - 횡단중,보행자보호의무위반,건조,맑음,단일로 - 횡단보도부근,화물,남,46세,상해없음,보행자,남,75세,중상
2012070100100357,2012년 7월 1일 17시,일요일,전라남도 무안군 망운면,부상신고사고,0,0,0,5,차대차 - 기타,중앙선침범,건조,맑음,단일로 - 기타,승용,남,31세,상해없음,승용,남,29세,부상신고
2012070100100384,2012년 7월 1일 18시,일요일,전라남도 순천시 생목동,중상사고,0,1,0,0,차대사람 - 기타,안전운전불이행,건조,맑음,단일로 - 기타,승용,여,31세,상해없음,보행자,남,13세,중상
2012070100100438,2012년 7월 1일 20시,일요일,전라남도 목포시 명륜동,경상사고,0,0,1,0,차대사람 - 횡단중,신호위반,건조,맑음,교차로 - 교차로부근,승용,여,24세,상해없음,보행자,남,12세,경상
2012070100100486,2012년 7월 1일 22시,일요일,전라남도 목포시 상동,경상사고,0,0,1,0,차대차 - 정면충돌,중앙선침범,건조,맑음,교차로 - 교차로부근,이륜,남,18세,경상,승용,남,57세,상해없음
2012070100100487,2012년 7월 1일 22시,일요일,전라남도 여수시 학동,중상사고,0,1,0,0,차대차 - 측면직각충돌,중앙선침범,건조,맑음,단일로 - 기타,승용,남,46세,상해없음,원동기,남,17세,중상
2012070100100488,2012년 7월 1일 22시,일요일,전라남도 광양시 광양읍,경상사고,0,0,1,0,차량단독 - 공작물충돌,안전운전불이행,건조,맑음,교차로 - 교차로안,화물,남,38세,경상,,,,
2012070200100052,2012년 7월 2일 05시,월요일,전라남도 여수시 신기동,경상사고,0,0,1,0,차대차 - 추돌 - 주정차중,안전운전불이행,습기,비,교차로 - 교차로안,승용,남,57세,상해없음,승용,남,21세,경상
2012070200100076,2012년 7월 2일 07시,월요일,전라남도 여수시 둔덕동,경상사고,0,0,2,0,차대차 - 추돌 - 주정차중,안전운전불이행,건조,맑음,단일로 - 기타,화물,남,42세,상해없음,승용,남,69세,경상
2012070200100077,2012년 7월 2일 07시,월요일,전라남도 순천시 조례동,중상사고,0,1,0,0,차대사람 - 횡단중,안전운전불이행,건조,맑음,단일로 - 기타,승용,여,46세,상해없음,보행자,남,17세,중상
2012070200100078,2012년 7월 2일 07시,월요일,전라남도 나주시 성북동,중상사고,0,1,0,0,차대사람 - 기타,안전운전불이행,건조,맑음,단일로 - 기타,승용,남,46세,상해없음,보행자,여,84세,중상
2012070200100105,2012년 7월 2일 08시,월요일,전라남도 보성군 미력면,중상사고,0,1,0,0,차대사람 - 길가장자리구역통행중,안전운전불이행,습기,맑음,단일로 - 기타,승용,남,74세,상해없음,보행자,여,77세,중상
2012070200100106,2012년 7월 2일 08시,월요일,전라남도 함평군 월야면,중상사고,0,1,0,0,차량단독 - 도로외이탈 - 추락,안전운전불이행,건조,맑음,단일로 - 기타,건설기계,남,21세,중상,,,,
2012070200100107,2012년 7월 2일 08시,월요일,전라남도 담양군 담양읍,경상사고,0,0,1,0,차대차 - 기타,교차로운행방법위반,건조,맑음,교차로 - 교차로안,화물,남,36세,상해없음,화물,남,61세,상해없음
2012070200100134,2012년 7월 2일 09시,월요일,전라남도 여수시 선원동,경상사고,0,0,1,0,차대사람 - 횡단중,안전운전불이행,건조,맑음,단일로 - 기타,승용,여,31세,상해없음,보행자,남,32세,경상
2012070200100135,2012년 7월 2일 09시,월요일,전라남도 무안군 청계면,중상사고,0,1,0,0,차대사람 - 횡단중,안전운전불이행,건조,맑음,단일로 - 기타,화물,남,62세,상해없음,보행자,남,35세,중상
2012070200100161,2012년 7월 2일 10시,월요일,전라남도 곡성군 겸면,경상사고,0,0,1,0,차대사람 - 길가장자리구역통행중,안전운전불이행,건조,맑음,단일로 - 기타,원동기,남,82세,상해없음,보행자,여,70세,경상
2012070200100223,2012년 7월 2일 12시,월요일,전라남도 목포시 상동,경상사고,0,0,5,0,차대차 - 측면직각충돌,안전운전불이행,건조,맑음,기타 - 기타,승용,남,60세,경상,승용,남,35세,경상
2012070200100224,2012년 7월 2일 12시,월요일,전라남도 완도군 완도읍,중상사고,0,1,0,0,차대사람 - 횡단중,보행자보호의무위반,건조,맑음,단일로 - 횡단보도상,승용,남,53세,상해없음,보행자,여,71세,중상
2012070200100254,2012년 7월 2일 13시,월요일,전라남도 신안군 지도읍,중상사고,0,1,0,0,차대차 - 측면직각충돌,교차로운행방법위반,건조,맑음,단일로 - 기타,원동기,남,68세,중상,승용,여,25세,상해없음
2012070200100255,2012년 7월 2일 13시,월요일,전라남도 진도군 지산면,중상사고,0,1,0,0,차대차 - 측면직각충돌,안전운전불이행,건조,맑음,기타 - 기타,승용,남,75세,상해없음,승용,여,40세,중상
2012070200100256,2012년 7월 2일 13시,월요일,전라남도 광양시 중동,경상사고,0,0,1,0,차대차 - 기타,안전운전불이행,건조,맑음,교차로 - 교차로안,승용,여,55세,상해없음,승용,남,62세,상해없음
2012070200100290,2012년 7월 2일 14시,월요일,전라남도 목포시 산정동,경상사고,0,0,1,0,차대차 - 측면직각충돌,기타,건조,맑음,단일로 - 기타,기타불명,기타불명,기타불명,기타불명,원동기,남,68세,경상
2012070200100324,2012년 7월 2일 15시,월요일,전라남도 목포시 상동,중상사고,0,1,0,0,차대차 - 측면직각충돌,안전운전불이행,건조,흐림,교차로 - 교차로안,원동기,남,17세,중상,승용,남,37세,상해없음
2012070200100325,2012년 7월 2일 15시,월요일,전라남도 목포시 용당동,경상사고,0,0,4,0,차대차 - 측면직각충돌,안전거리미확보,건조,흐림,단일로 - 기타,승용,남,63세,상해없음,승용,남,53세,경상
2012070200100326,2012년 7월 2일 15시,월요일,전라남도 장흥군 장흥읍,경상사고,0,0,1,0,차대차 - 측면직각충돌,교차로운행방법위반,건조,맑음,교차로 - 교차로안,승용,여,43세,상해없음,자전거,남,6세,경상
2012070200100327,2012년 7월 2일 15시,월요일,전라남도 영암군 군서면,경상사고,0,0,2,0,차대차 - 측면직각충돌,안전거리미확보,건조,맑음,단일로 - 기타,승합,남,50세,경상,승용,여,32세,경상
2012070200100328,2012년 7월 2일 15시,월요일,전라남도 장성군 북이면,중상사고,0,1,1,0,차대차 - 측면직각충돌,교차로운행방법위반,건조,맑음,교차로 - 교차로안,승용,남,71세,경상,승용,남,39세,중상
2012070200100329,2012년 7월 2일 15시,월요일,전라남도 완도군 신지면,중상사고,0,1,0,0,차대차 - 측면직각충돌,중앙선침범,건조,맑음,단일로 - 기타,화물,여,53세,상해없음,농기계,남,75세,중상
2012070200100330,2012년 7월 2일 15시,월요일,전라남도 광양시 중동,경상사고,0,0,3,0,차대차 - 정면충돌,신호위반,건조,맑음,교차로 - 교차로안,승용,여,42세,경상,승용,여,47세,경상
2012070200100362,2012년 7월 2일 16시,월요일,전라남도 여수시 덕충동,중상사고,0,1,0,0,차대사람 - 횡단중,안전운전불이행,건조,맑음,단일로 - 기타,화물,남,43세,상해없음,보행자,여,80세,중상
2012070200100405,2012년 7월 2일 17시,월요일,전라남도 장흥군 회진면,경상사고,0,0,1,0,차대차 - 기타,교차로운행방법위반,건조,맑음,교차로 - 교차로안,승용,여,54세,상해없음,원동기,남,64세,경상
2012070200100406,2012년 7월 2일 17시,월요일,전라남도 영암군 삼호읍,경상사고,0,0,1,0,차대차 - 측면직각충돌,신호위반,건조,맑음,교차로 - 교차로안,승용,남,40세,상해없음,승용,남,63세,경상
2012070200100443,2012년 7월 2일 18시,월요일,전라남도 여수시 문수동,경상사고,0,0,2,0,차대차 - 측면직각충돌,교차로운행방법위반,건조,맑음,교차로 - 교차로안,승용,여,60세,상해없음,원동기,남,16세,경상
2012070200100444,2012년 7월 2일 18시,월요일,전라남도 영암군 영암읍,중상사고,0,1,0,0,차대사람 - 기타,안전운전불이행,건조,맑음,단일로 - 기타,화물,남,74세,상해없음,보행자,남,71세,중상
2012070200100476,2012년 7월 2일 19시,월요일,전라남도 여수시 소라면,경상사고,0,0,2,0,차대차 - 측면직각충돌,교차로운행방법위반,건조,맑음,교차로 - 교차로안,승용,남,52세,상해없음,승합,남,39세,경상
2012070200100549,2012년 7월 2일 21시,월요일,전라남도 여수시 문수동,경상사고,0,0,1,0,차대사람 - 횡단중,안전운전불이행,습기,비,단일로 - 기타,승용,남,62세,상해없음,보행자,여,37세,경상
2012070200100550,2012년 7월 2일 21시,월요일,전라남도 여수시 여서동,경상사고,0,0,1,0,차대사람 - 기타,안전운전불이행,습기,비,단일로 - 기타,승용,남,52세,상해없음,보행자,남,52세,경상
2012070200100551,2012년 7월 2일 21시,월요일,전라남도 보성군 득량면,중상사고,0,1,0,0,차대차 - 추돌 - 주정차중,안전운전불이행,습기,비,단일로 - 기타,화물,남,46세,상해없음,승용,여,36세,중상
2012070200100552,2012년 7월 2일 21시,월요일,전라남도 광양시 중동,경상사고,0,0,2,0,차대차 - 기타,직진우회전진행방해,건조,맑음,교차로 - 교차로안,승용,남,21세,경상,승용,남,35세,상해없음
2012070200100585,2012년 7월 2일 22시,월요일,전라남도 여수시 여서동,경상사고,0,0,4,0,차대차 - 측면직각충돌,중앙선침범,건조,맑음,단일로 - 기타,승용,남,40세,상해없음,승용,남,57세,경상
2012070200100609,2012년 7월 2일 23시,월요일,전라남도 해남군 현산면,중상사고,0,2,0,0,차대차 - 정면충돌,중앙선침범,건조,맑음,단일로 - 기타,승용,남,38세,중상,승용,남,49세,중상
2012070300100008,2012년 7월 3일 00시,화요일,전라남도 목포시 산정동,경상사고,0,0,2,0,차대차 - 추돌 - 주정차중,안전운전불이행,건조,맑음,단일로 - 기타,승용,남,51세,상해없음,승용,여,35세,경상
2012070300100026,2012년 7월 3일 01시,화요일,전라남도 진도군 군내면,중상사고,0,1,0,1,차대차 - 측면직각충돌,중앙선침범,건조,맑음,단일로 - 기타,승용,남,27세,상해없음,화물,여,46세,중상
2012070300100036,2012년 7월 3일 02시,화요일,전라남도 광양시 중동,경상사고,0,0,1,0,차량단독 - 공작물충돌,안전운전불이행,건조,맑음,교차로 - 교차로안,승용,남,35세,경상,,,,
2012070300100044,2012년 7월 3일 03시,화요일,전라남도 광양시 중동,경상사고,0,0,2,0,차대차 - 기타,직진우회전진행방해,건조,맑음,교차로 - 교차로안,승용,남,29세,경상,승용,남,56세,경상
2012070300100053,2012년 7월 3일 04시,화요일,전라남도 여수시 여서동,경상사고,0,0,2,0,차대사람 - 횡단중,신호위반,건조,맑음,교차로 - 교차로안,승합,남,65세,상해없음,보행자,남,25세,경상
2012070300100074,2012년 7월 3일 06시,화요일,전라남도 목포시 상동,경상사고,0,0,2,0,차대차 - 측면직각충돌,안전운전불이행,건조,맑음,단일로 - 기타,승용,남,45세,경상,승용,남,56세,경상
2012070300100090,2012년 7월 3일 07시,화요일,전라남도 고흥군 동강면,중상사고,0,1,0,0,차량단독 - 기타,안전운전불이행,건조,맑음,교차로 - 교차로안,화물,남,72세,상해없음,,,,
2012070300100125,2012년 7월 3일 08시,화요일,전라남도 목포시 상동,경상사고,0,0,1,0,차량단독 - 기타,안전운전불이행,건조,맑음,단일로 - 기타,승합,남,50세,상해없음,,,,
2012070300100188,2012년 7월 3일 10시,화요일,전라남도 여수시 학동,중상사고,0,1,0,0,차대사람 - 기타,안전운전불이행,건조,맑음,단일로 - 기타,화물,남,47세,기타불명,보행자,남,40세,상해없음
2012070300100213,2012년 7월 3일 11시,화요일,전라남도 영암군 군서면,경상사고,0,0,1,0,차대차 - 측면직각충돌,안전거리미확보,건조,맑음,단일로 - 기타,원동기,남,67세,경상,승용,여,35세,상해없음
2012070300100214,2012년 7월 3일 11시,화요일,전라남도 광양시 광양읍,중상사고,0,1,1,0,차량단독 - 공작물충돌,안전운전불이행,건조,맑음,단일로 - 기타,화물,여,60세,중상,,,,
2012070300100243,2012년 7월 3일 12시,화요일,전라남도 나주시 성북동,경상사고,0,0,1,0,차량단독 - 기타,안전운전불이행,건조,맑음,단일로 - 기타,승합,남,45세,상해없음,,,,
2012070300100244,2012년 7월 3일 12시,화요일,전라남도 영암군 신북면,경상사고,0,0,1,0,차대차 - 기타,중앙선침범,건조,맑음,단일로 - 기타,자전거,남,84세,경상,화물,남,58세,상해없음
2012070300100272,2012년 7월 3일 13시,화요일,전라남도 나주시 대호동,부상신고사고,0,0,0,1,차량단독 - 공작물충돌,안전운전불이행,건조,맑음,단일로 - 기타,승용,여,48세,부상신고,,,,