사고번호,사고일시,요일,시군구,사고내용,사망자수,중상자수,경상자수,부상신고자수,사고유형,법규위반,노면상태,기상상태,도로형태,가해운전자 차종,가해운전자 성별,가해운전자 연령,가해운전자 상해정도,피해운전자 차종,피해운전자 성별,피해운전자 연령,피해운전자 상해정도
2012071200100295,2012년 7월 12일 14시,목요일,전라남도 목포시 상동,경상사고,0,0,1,0,차대차 - 추돌 - 주정차중,안전거리미확보,건조,맑음,교차로 - 교차로부근,승용,남,23세,상해없음,승용,남,42세,경상
2012071200100296,2012년 7월 12일 14시,목요일,전라남도 순천시 서면,중상사고,0,1,2,0,차대차 - 기타,안전거리미확보,건조,맑음,교차로 - 교차로안,승용,남,22세,상해없음,화물,남,57세,경상
2012071200100297,2012년 7월 12일 14시,목요일,전라남도 해남군 북일면,경상사고,0,0,1,0,차대사람 - 기타,기타,건조,맑음,단일로 - 기타,승용,남,38세,상해없음,보행자,남,7세,경상
2012071200100396,2012년 7월 12일 17시,목요일,전라남도 목포시 상동,경상사고,0,0,1,0,차대차 - 기타,안전운전불이행,건조,맑음,단일로 - 터널,승합,여,30세,상해없음,승용,남,35세,경상
2012071200100397,2012년 7월 12일 17시,목요일,전라남도 순천시 남정동,경상사고,0,0,1,0,차대사람 - 횡단중,안전운전불이행,건조,맑음,단일로 - 기타,화물,여,24세,상해없음,보행자,여,60세,경상
2012071200100398,2012년 7월 12일 17시,목요일,전라남도 나주시 이창동,경상사고,0,0,1,0,차대차 - 기타,차로위반,건조,맑음,기타 - 기타,승용,남,52세,상해없음,이륜,남,23세,경상
2012071200100457,2012년 7월 12일 19시,목요일,전라남도 순천시 장천동,경상사고,0,0,1,0,차대사람 - 횡단중,안전운전불이행,건조,맑음,단일로 - 기타,승용,여,40세,상해없음,보행자,남,53세,경상
2012071200100458,2012년 7월 12일 19시,목요일,전라남도 무안군 삼향읍,경상사고,0,0,1,0,차대사람 - 횡단중,보행자보호의무위반,건조,맑음,교차로 - 교차로안,승합,남,23세,상해없음,보행자,남,6세,경상
2012071200100536,2012년 7월 12일 21시,목요일,전라남도 순천시 해룡면,경상사고,0,0,1,0,차대차 - 측면직각충돌,안전운전불이행,습기,비,교차로 - 교차로안,승용,여,49세,상해없음,이륜,남,21세,경상
2012071200100571,2012년 7월 12일 22시,목요일,전라남도 여수시 주삼동,중상사고,0,1,1,0,차량단독 - 전도전복,안전운전불이행,습기,비,단일로 - 기타,화물,남,33세,경상,,,,
2012071200100572,2012년 7월 12일 22시,목요일,전라남도 광양시 도이동,부상신고사고,0,0,0,1,차대차 - 측면직각충돌,안전운전불이행,건조,흐림,교차로 - 교차로부근,승용,남,27세,부상신고,특수,남,35세,기타불명
2012071300100107,2012년 7월 13일 05시,금요일,전라남도 여수시 돌산읍,사망사고,1,0,0,0,차량단독 - 기타,안전운전불이행,습기,비,단일로 - 기타,화물,남,56세,사망,,,,
2012071300100168,2012년 7월 13일 08시,금요일,전라남도 여수시 국동,경상사고,0,0,3,0,차대차 - 측면직각충돌,교차로운행방법위반,건조,맑음,교차로 - 교차로안,승용,남,61세,상해없음,승용,남,32세,경상
2012071300100169,2012년 7월 13일 08시,금요일,전라남도 여수시 돌산읍,중상사고,0,1,0,0,차대사람 - 기타,안전운전불이행,건조,맑음,단일로 - 기타,승용,여,51세,상해없음,보행자,여,65세,중상
2012071300100259,2012년 7월 13일 12시,금요일,전라남도 화순군 화순읍,중상사고,0,1,0,0,차대사람 - 길가장자리구역통행중,안전운전불이행,건조,흐림,단일로 - 기타,승합,남,41세,상해없음,보행자,남,70세,중상
2012071300100280,2012년 7월 13일 13시,금요일,전라남도 함평군 함평읍,경상사고,0,0,3,0,차대차 - 측면직각충돌,직진우회전진행방해,건조,맑음,교차로 - 교차로안,화물,남,34세,경상,승용,남,33세,경상
2012071300100400,2012년 7월 13일 17시,금요일,전라남도 나주시 금천면,경상사고,0,0,2,0,차대차 - 측면직각충돌,신호위반,건조,맑음,교차로 - 교차로안,승용,남,69세,경상,승용,남,45세,경상
2012071300100401,2012년 7월 13일 17시,금요일,전라남도 나주시 봉황면,경상사고,0,0,3,0,차대차 - 측면직각충돌,교차로운행방법위반,건조,맑음,교차로 - 교차로안,승용,남,58세,상해없음,승합,남,49세,경상
2012071300100402,2012년 7월 13일 17시,금요일,전라남도 강진군 옴천면,경상사고,0,0,2,0,차대차 - 기타,안전운전불이행,건조,맑음,단일로 - 기타,특수,남,49세,상해없음,원동기,여,43세,경상
2012071300100403,2012년 7월 13일 17시,금요일,전라남도 강진군 강진읍,경상사고,0,0,1,0,차대차 - 추돌 - 진행중,기타,건조,맑음,교차로 - 교차로안,승용,남,33세,상해없음,이륜,남,77세,경상
2012071300100442,2012년 7월 13일 18시,금요일,전라남도 목포시 상동,경상사고,0,0,2,0,차대차 - 측면직각충돌,안전운전불이행,습기,흐림,교차로 - 교차로부근,승용,남,60세,경상,승용,남,52세,경상
2012071300100443,2012년 7월 13일 18시,금요일,전라남도 강진군 강진읍,경상사고,0,0,1,0,차대차 - 정면충돌,중앙선침범,건조,맑음,교차로 - 교차로부근,자전거,남,59세,경상,화물,남,52세,상해없음
2012071300100477,2012년 7월 13일 19시,금요일,전라남도 여수시 국동,경상사고,0,0,1,0,차대차 - 기타,교차로운행방법위반,습기,비,교차로 - 교차로안,승용,남,23세,상해없음,승용,남,40세,경상
2012071300100478,2012년 7월 13일 19시,금요일,전라남도 순천시 서면,경상사고,0,0,1,0,차량단독 - 기타,안전운전불이행,건조,맑음,단일로 - 기타,화물,남,47세,상해없음,,,,
2012071300100520,2012년 7월 13일 20시,금요일,전라남도 여수시 선원동,중상사고,0,1,0,0,차대사람 - 횡단중,안전운전불이행,습기,비,단일로 - 기타,승용,남,27세,상해없음,보행자,남,61세,중상
2012071300100521,2012년 7월 13일 20시,금요일,전라남도 순천시 해룡면,경상사고,0,0,4,0,차대차 - 측면직각충돌,신호위반,건조,맑음,교차로 - 교차로안,승용,남,44세,상해없음,승용,여,46세,경상
2012071300100522,2012년 7월 13일 20시,금요일,전라남도 나주시 노안면,경상사고,0,0,2,0,차대사람 - 차도통행중,안전운전불이행,건조,맑음,단일로 - 기타,화물,기타불명,기타불명,기타불명,보행자,여,54세,경상
2012071300100523,2012년 7월 13일 20시,금요일,전라남도 영암군 삼호읍,중상사고,0,5,1,0,차대차 - 정면충돌,신호위반,건조,맑음,교차로 - 교차로안,승용,남,29세,경상,승용,남,40세,중상
2012071300100573,2012년 7월 13일 21시,금요일,전라남도 순천시 해룡면,경상사고,0,0,1,0,차대차 - 측면직각충돌,직진우회전진행방해,건조,맑음,교차로 - 교차로안,승용,남,18세,상해없음,승용,남,45세,경상
2012071300100574,2012년 7월 13일 21시,금요일,전라남도 곡성군 곡성읍,중상사고,0,1,0,0,차대사람 - 차도통행중,안전운전불이행,건조,맑음,단일로 - 기타,승용,남,48세,상해없음,보행자,남,45세,중상
2012071300100616,2012년 7월 13일 22시,금요일,전라남도 여수시 충무동,경상사고,0,0,1,0,차대차 - 기타,안전운전불이행,습기,흐림,교차로 - 교차로부근,승용,남,39세,상해없음,승용,남,56세,경상
2012071300100617,2012년 7월 13일 22시,금요일,전라남도 영암군 삼호읍,경상사고,0,0,2,0,차대차 - 추돌 - 진행중,안전운전불이행,습기,비,교차로 - 교차로부근,승용,여,54세,경상,화물,남,47세,경상
2012071300100652,2012년 7월 13일 23시,금요일,전라남도 순천시 해룡면,경상사고,0,0,3,0,차대차 - 측면직각충돌,신호위반,습기,비,교차로 - 교차로안,승용,남,30세,상해없음,승용,남,43세,경상
2012071400100018,2012년 7월 14일 00시,토요일,전라남도 목포시 경동1가,중상사고,0,2,0,0,차대차 - 측면직각충돌,안전운전불이행,건조,맑음,교차로 - 교차로부근,승용,남,32세,상해없음,원동기,남,70세,중상
2012071400100019,2012년 7월 14일 00시,토요일,전라남도 여수시 둔덕동,사망사고,1,0,0,0,차대사람 - 횡단중,안전운전불이행,습기,비,교차로 - 교차로부근,승용,남,38세,상해없음,보행자,남,60세,사망
2012071400100020,2012년 7월 14일 00시,토요일,전라남도 여수시 미평동,경상사고,0,0,1,0,차대차 - 추돌 - 주정차중,안전거리미확보,습기,비,교차로 - 교차로부근,승합,남,51세,상해없음,승용,남,27세,경상
2012071400100074,2012년 7월 14일 02시,토요일,전라남도 순천시 조곡동,중상사고,0,1,0,0,차대사람 - 횡단중,보행자보호의무위반,습기,흐림,단일로 - 횡단보도상,승용,남,58세,상해없음,보행자,여,67세,중상
2012071400100075,2012년 7월 14일 02시,토요일,전라남도 순천시 조곡동,경상사고,0,0,1,0,차대차 - 기타,안전운전불이행,습기,비,단일로 - 기타,승용,남,58세,상해없음,승합,남,41세,경상
2012071400100076,2012년 7월 14일 02시,토요일,전라남도 광양시 중동,경상사고,0,0,1,0,차대차 - 측면직각충돌,신호위반,습기,비,교차로 - 교차로안,승용,여,22세,상해없음,승용,여,26세,경상
2012071400100133,2012년 7월 14일 05시,토요일,전라남도 목포시 옥암동,중상사고,0,1,0,0,차대차 - 측면직각충돌,신호위반,습기,흐림,교차로 - 교차로안,승용,남,37세,상해없음,승용,남,61세,중상
2012071400100134,2012년 7월 14일 05시,토요일,전라남도 목포시 산정동,경상사고,0,0,1,0,차대차 - 추돌 - 주정차중,안전운전불이행,습기,흐림,단일로 - 기타,화물,남,42세,상해없음,승용,남,54세,경상
2012071400100135,2012년 7월 14일 05시,토요일,전라남도 순천시 대대동,부상신고사고,0,0,0,1,차량단독 - 기타,안전운전불이행,습기,비,단일로 - 기타,화물,남,22세,부상신고,,,,
2012071400100160,2012년 7월 14일 07시,토요일,전라남도 여수시 중흥동,경상사고,0,0,2,0,차대차 - 측면직각충돌,신호위반,건조,맑음,교차로 - 교차로안,화물,남,41세,상해없음,건설기계,남,47세,경상
2012071400100161,2012년 7월 14일 07시,토요일,전라남도 여수시 화치동,중상사고,0,3,0,0,차대차 - 추돌 - 진행중,안전운전불이행,건조,맑음,교차로 - 교차로부근,화물,남,49세,상해없음,승용,남,50세,중상
2012071400100162,2012년 7월 14일 07시,토요일,전라남도 나주시 봉황면,중상사고,0,1,0,0,차대차 - 정면충돌,안전운전불이행,건조,맑음,단일로 - 기타,원동기,남,62세,중상,승용,여,26세,상해없음
2012071400100194,2012년 7월 14일 09시,토요일,전라남도 여수시 중앙동,사망사고,1,0,0,0,차대사람 - 횡단중,보행자보호의무위반,건조,흐림,단일로 - 횡단보도상,승합,남,52세,상해없음,보행자,남,85세,사망
2012071400100220,2012년 7월 14일 10시,토요일,전라남도 해남군 송지면,경상사고,0,0,8,0,차대차 - 정면충돌,중앙선침범,습기,비,단일로 - 기타,승용,여,56세,경상,승용,남,55세,경상
2012071400100243,2012년 7월 14일 11시,토요일,전라남도 무안군 삼향읍,경상사고,0,0,4,1,차대차 - 기타,차로위반,습기,비,단일로 - 기타,승용,남,48세,부상신고,승용,남,39세,경상
2012071400100244,2012년 7월 14일 11시,토요일,전라남도 구례군 구례읍,사망사고,1,0,0,0,차대사람 - 횡단중,안전운전불이행,습기,비,단일로 - 기타,화물,남,62세,상해없음,보행자,여,71세,사망
2012071400100275,2012년 7월 14일 12시,토요일,전라남도 보성군 벌교읍,경상사고,0,0,1,0,차량단독 - 공작물충돌,안전운전불이행,습기,비,단일로 - 기타,승합,남,42세,상해없음,,,,
2012071400100276,2012년 7월 14일 12시,토요일,전라남도 완도군 군외면,경상사고,0,0,1,0,차대사람 - 기타,안전운전불이행,습기,비,기타 - 기타,승용,남,67세,상해없음,보행자,남,64세,경상
2012071400100317,2012년 7월 14일 13시,토요일,전라남도 여수시 여서동,경상사고,0,0,1,0,차대차 - 측면직각충돌,안전운전불이행,습기,비,교차로 - 교차로안,승용,남,19세,상해없음,승용,남,29세,경상
2012071400100318,2012년 7월 14일 13시,토요일,전라남도 무안군 삼향읍,사망사고,1,0,0,0,차대사람 - 기타,기타,습기,비,교차로 - 교차로부근,승합,남,20세,상해없음,보행자,여,71세,사망
2012071400100344,2012년 7월 14일 14시,토요일,전라남도 나주시 이창동,중상사고,0,3,1,0,차대차 - 추돌 - 진행중,안전거리미확보,습기,비,교차로 - 교차로부근,화물,남,63세,상해없음,승용,여,34세,경상
2012071400100345,2012년 7월 14일 14시,토요일,전라남도 화순군 화순읍,중상사고,0,1,0,0,차대사람 - 기타,안전운전불이행,습기,비,교차로 - 교차로안,승합,여,43세,상해없음,보행자,여,66세,중상
2012071400100346,2012년 7월 14일 14시,토요일,전라남도 완도군 완도읍,경상사고,0,0,2,0,차대차 - 측면직각충돌,교차로운행방법위반,건조,맑음,교차로 - 교차로안,승합,여,44세,상해없음,화물,남,69세,경상
2012071400100408,2012년 7월 14일 16시,토요일,전라남도 여수시 안산동,부상신고사고,0,0,0,1,차대차 - 측면직각충돌,안전운전불이행,습기,비,교차로 - 교차로안,승용,남,44세,상해없음,승용,여,53세,부상신고
2012071400100409,2012년 7월 14일 16시,토요일,전라남도 나주시 세지면,중상사고,0,1,1,0,차량단독 - 공작물충돌,안전운전불이행,습기,비,단일로 - 기타,승용,남,56세,상해없음,,,,
2012071400100410,2012년 7월 14일 16시,토요일,전라남도 영광군 영광읍,경상사고,0,0,2,0,차대차 - 기타,직진우회전진행방해,습기,비,교차로 - 교차로안,승용,남,62세,상해없음,화물,남,61세,상해없음
2012071400100411,2012년 7월 14일 16시,토요일,전라남도 광양시 중동,경상사고,0,0,1,0,차대사람 - 기타,안전운전불이행,습기,비,교차로 - 교차로안,승용,남,73세,상해없음,보행자,여,20세,경상
2012071400100458,2012년 7월 14일 17시,토요일,전라남도 여수시 수정동,중상사고,0,1,0,0,차대사람 - 횡단중,안전운전불이행,건조,맑음,단일로 - 횡단보도상,승합,남,62세,상해없음,보행자,남,60세,중상
2012071400100459,2012년 7월 14일 17시,토요일,전라남도 순천시 인제동,경상사고,0,0,1,0,차대사람 - 보도통행중,신호위반,습기,비,단일로 - 횡단보도상,승용,여,53세,상해없음,보행자,여,22세,경상
2012071400100460,2012년 7월 14일 17시,토요일,전라남도 함평군 함평읍,경상사고,0,0,1,0,차대차 - 측면직각충돌,안전운전불이행,습기,비,교차로 - 교차로안,원동기,남,15세,경상,승용,남,46세,상해없음
2012071400100461,2012년 7월 14일 17시,토요일,전라남도 강진군 강진읍,경상사고,0,0,1,0,차대사람 - 기타,안전운전불이행,습기,비,단일로 - 기타,화물,여,53세,상해없음,보행자,남,20세,경상
2012071400100502,2012년 7월 14일 18시,토요일,전라남도 여수시 안산동,경상사고,0,0,1,0,차대사람 - 기타,신호위반,습기,비,단일로 - 횡단보도상,이륜,남,17세,상해없음,보행자,여,21세,경상
2012071400100503,2012년 7월 14일 18시,토요일,전라남도 순천시 연향동,중상사고,0,1,3,0,차대차 - 기타,안전운전불이행,습기,비,미분류 - 미분류,승용,남,18세,상해없음,승용,남,37세,상해없음
2012071400100504,2012년 7월 14일 18시,토요일,전라남도 나주시 송월동,경상사고,0,0,1,0,차량단독 - 기타,안전운전불이행,습기,비,단일로 - 기타,승용,남,39세,경상,,,,
2012071400100506,2012년 7월 14일 18시,토요일,전라남도 영암군 삼호읍,경상사고,0,0,2,0,차대차 - 측면직각충돌,중앙선침범,습기,비,단일로 - 기타,화물,남,61세,상해없음,화물,남,45세,경상
2012071400100547,2012년 7월 14일 19시,토요일,전라남도 목포시 옥암동,부상신고사고,0,0,0,1,차대차 - 기타,안전운전불이행,건조,맑음,단일로 - 기타,기타불명,기타불명,기타불명,기타불명,원동기,남,32세,부상신고
2012071400100548,2012년 7월 14일 19시,토요일,전라남도 화순군 이양면,중상사고,0,1,1,0,차대차 - 정면충돌,중앙선침범,습기,비,단일로 - 기타,승용,남,71세,상해없음,승용,남,68세,경상
2012071400100549,2012년 7월 14일 19시,토요일,전라남도 화순군 화순읍,경상사고,0,0,1,0,차대차 - 측면직각충돌,안전운전불이행,습기,비,단일로 - 기타,승용,남,53세,상해없음,승용,남,78세,경상
2012071400100582,2012년 7월 14일 20시,토요일,전라남도 순천시 남정동,경상사고,0,0,1,0,차대차 - 기타,안전운전불이행,습기,비,교차로 - 교차로안,기타불명,기타불명,기타불명,기타불명,승용,남,28세,경상
2012071400100583,2012년 7월 14일 20시,토요일,전라남도 순천시 중앙동,중상사고,0,1,0,0,차대사람 - 보도통행중,보행자보호의무위반,습기,비,단일로 - 기타,승용,남,24세,상해없음,보행자,여,20세,중상
2012071400100584,2012년 7월 14일 20시,토요일,전라남도 장흥군 안양면,중상사고,0,2,0,0,차대차 - 측면직각충돌,교차로운행방법위반,습기,비,교차로 - 교차로안,승용,여,46세,중상,승합,남,51세,중상
2012071400100651,2012년 7월 14일 21시,토요일,전라남도 목포시 보광동1가,경상사고,0,0,1,0,차대차 - 측면직각충돌,신호위반,습기,비,교차로 - 교차로안,승용,남,29세,상해없음,승용,남,38세,경상
2012071400100652,2012년 7월 14일 21시,토요일,전라남도 여수시 웅천동,경상사고,0,0,3,0,차대차 - 추돌 - 주정차중,안전운전불이행,건조,맑음,교차로 - 교차로부근,승용,남,47세,상해없음,승용,여,47세,경상
2012071400100704,2012년 7월 14일 22시,토요일,전라남도 목포시 옥암동,경상사고,0,0,5,0,차대차 - 추돌 - 주정차중,안전운전불이행,습기,비,교차로 - 교차로부근,승용,남,43세,상해없음,승용,남,44세,경상
2012071400100705,2012년 7월 14일 22시,토요일,전라남도 순천시 연향동,경상사고,0,0,1,0,차대차 - 측면직각충돌,중앙선침범,습기,비,교차로 - 교차로안,승용,남,55세,상해없음,승용,남,30세,경상
2012071400100706,2012년 7월 14일 22시,토요일,전라남도 강진군 강진읍,부상신고사고,0,0,0,1,차대차 - 추돌 - 주정차중,안전운전불이행,습기,비,단일로 - 기타,승용,남,44세,부상신고,건설기계,미분류,91세,기타불명
2012071400100749,2012년 7월 14일 23시,토요일,전라남도 목포시 산정동,부상신고사고,0,0,0,1,차대사람 - 길가장자리구역통행중,안전운전불이행,건조,맑음,단일로 - 기타,기타불명,기타불명,기타불명,기타불명,보행자,남,18세,부상신고
2012071400100750,2012년 7월 14일 23시,토요일,전라남도 여수시 웅천동,중상사고,0,2,1,0,차대차 - 측면직각충돌,교차로운행방법위반,습기,비,단일로 - 기타,승용,남,40세,상해없음,승용,남,32세,중상
2012071400100751,2012년 7월 14일 23시,토요일,전라남도 영암군 삼호읍,경상사고,0,0,3,0,차량단독 - 공작물충돌,안전운전불이행,습기,비,단일로 - 기타,승용,남,36세,경상,,,,
2012071500100029,2012년 7월 15일 00시,일요일,전라남도 목포시 옥암동,중상사고,0,1,0,0,차대사람 - 길가장자리구역통행중,교차로운행방법위반,건조,맑음,단일로 - 기타,승용,여,26세,상해없음,보행자,남,52세,중상
2012071500100064,2012년 7월 15일 01시,일요일,전라남도 여수시 묘도동,경상사고,0,0,2,0,차대사람 - 기타,안전운전불이행,습기,맑음,단일로 - 기타,승합,남,59세,상해없음,보행자,남,24세,경상
2012071500100098,2012년 7월 15일 02시,일요일,전라남도 목포시 상동,경상사고,0,0,3,0,차대차 - 측면직각충돌,직진우회전진행방해,습기,비,교차로 - 교차로안,승용,여,28세,경상,승용,남,41세,경상
2012071500100099,2012년 7월 15일 02시,일요일,전라남도 순천시 조례동,경상사고,0,0,3,0,차대차 - 기타,중앙선침범,습기,비,단일로 - 기타,승용,남,29세,상해없음,승용,여,25세,경상
2012071500100149,2012년 7월 15일 04시,일요일,전라남도 여수시 중앙동,중상사고,0,1,0,0,차대사람 - 보도통행중,보행자보호의무위반,습기,비,단일로 - 기타,승용,남,37세,상해없음,보행자,여,25세,중상
2012071500100202,2012년 7월 15일 07시,일요일,전라남도 영광군 군남면,경상사고,0,0,2,0,차대차 - 추돌 - 진행중,안전운전불이행,습기,비,단일로 - 기타,승용,남,56세,상해없음,화물,남,68세,경상
2012071500100211,2012년 7월 15일 08시,일요일,전라남도 광양시 진상면,사망사고,1,0,4,0,차량단독 - 전도전복,안전운전불이행,습기,비,단일로 - 교량,승합,남,45세,사망,,,,
2012071500100225,2012년 7월 15일 09시,일요일,전라남도 목포시 용해동,경상사고,0,0,2,0,차대차 - 측면직각충돌,신호위반,습기,비,교차로 - 교차로안,승용,남,43세,경상,승용,여,58세,경상
2012071500100226,2012년 7월 15일 09시,일요일,전라남도 여수시 화양면,중상사고,0,1,0,0,차량단독 - 공작물충돌,안전운전불이행,건조,맑음,단일로 - 기타,승용,여,46세,상해없음,,,,
2012071500100244,2012년 7월 15일 10시,일요일,전라남도 목포시 상동,중상사고,0,1,0,0,차대차 - 측면직각충돌,안전운전불이행,습기,비,단일로 - 기타,이륜,남,24세,중상,승용,남,41세,상해없음
2012071500100266,2012년 7월 15일 11시,일요일,전라남도 순천시 주암면,경상사고,0,0,3,0,차대차 - 기타,중앙선침범,습기,흐림,교차로 - 교차로부근,승용,남,64세,상해없음,승합,남,51세,경상
2012071500100344,2012년 7월 15일 14시,일요일,전라남도 순천시 서면,경상사고,0,0,2,0,차대차 - 기타,안전운전불이행,습기,비,단일로 - 기타,승용,남,70세,상해없음,화물,남,37세,경상
2012071500100345,2012년 7월 15일 14시,일요일,전라남도 담양군 대덕면,경상사고,0,0,5,0,차대차 - 추돌 - 진행중,안전운전불이행,건조,흐림,단일로 - 기타,승용,여,52세,경상,승용,남,32세,경상
2012071500100369,2012년 7월 15일 15시,일요일,전라남도 목포시 용해동,경상사고,0,0,1,0,차대사람 - 차도통행중,안전운전불이행,습기,흐림,단일로 - 기타,화물,남,58세,상해없음,보행자,여,70세,경상
2012071500100401,2012년 7월 15일 16시,일요일,전라남도 여수시 소라면,중상사고,0,1,1,0,차량단독 - 기타,안전운전불이행,습기,비,단일로 - 기타,승합,남,63세,중상,,,,
2012071500100402,2012년 7월 15일 16시,일요일,전라남도 장흥군 장흥읍,경상사고,0,0,1,0,차대사람 - 기타,안전운전불이행,건조,맑음,단일로 - 기타,승용,남,49세,상해없음,보행자,여,3세,경상
2012071500100428,2012년 7월 15일 17시,일요일,전라남도 나주시 공산면,사망사고,1,0,3,0,차대차 - 기타,직진우회전진행방해,건조,흐림,교차로 - 교차로안,승용,남,64세,사망,화물,여,44세,경상
2012071500100454,2012년 7월 15일 18시,일요일,전라남도 나주시 다시면,경상사고,0,0,2,0,차대차 - 정면충돌,중앙선침범,건조,맑음,단일로 - 교량,승용,남,63세,상해없음,승용,여,37세,경상
2012071500100527,2012년 7월 15일 20시,일요일,전라남도 목포시 산정동,중상사고,0,1,0,0,차대차 - 추돌 - 진행중,안전운전불이행,건조,맑음,교차로 - 교차로부근,승용,남,66세,상해없음,자전거,남,67세,중상
2012071500100528,2012년 7월 15일 20시,일요일,전라남도 영광군 법성면,경상사고,0,0,3,0,차대차 - 추돌 - 진행중,안전운전불이행,건조,맑음,단일로 - 기타,승용,남,63세,상해없음,승용,남,34세,경상
2012071500100606,2012년 7월 15일 23시,일요일,전라남도 광양시 옥곡면,중상사고,0,1,1,0,차대차 - 추돌 - 주정차중,안전운전불이행,건조,흐림,교차로 - 교차로부근,승용,남,41세,중상,승용,남,59세,경상
2012071600100037,2012년 7월 16일 02시,월요일,전라남도 고흥군 점암면,중상사고,0,1,0,0,차량단독 - 도로외이탈 - 기타,안전운전불이행,건조,맑음,단일로 - 기타,승용,남,23세,중상,,,,
2012071600100052,2012년 7월 16일 04시,월요일,전라남도 순천시 해룡면,중상사고,0,3,0,0,차대차 - 기타,안전거리미확보,건조,맑음,단일로 - 기타,화물,남,53세,중상,화물,남,51세,중상
2012071600100126,2012년 7월 16일 08시,월요일,전라남도 진도군 진도읍,중상사고,0,1,0,0,차대차 - 측면직각충돌,교차로운행방법위반,건조,맑음,교차로 - 교차로안,승용,여,49세,상해없음,이륜,남,79세,중상
2012071600100127,2012년 7월 16일 08시,월요일,전라남도 광양시 광양읍,중상사고,0,1,0,0,차대차 - 측면직각충돌,직진우회전진행방해,건조,맑음,교차로 - 교차로안,이륜,남,73세,중상,승용,남,33세,상해없음
2012071600100160,2012년 7월 16일 09시,월요일,전라남도 목포시 영해동1가,경상사고,0,0,3,0,차대차 - 측면직각충돌,직진우회전진행방해,건조,흐림,교차로 - 교차로안,승용,남,70세,상해없음,승용,남,47세,상해없음
2012071600100161,2012년 7월 16일 09시,월요일,전라남도 순천시 중앙동,경상사고,0,0,1,0,차대차 - 측면직각충돌,안전운전불이행,건조,맑음,단일로 - 기타,이륜,남,75세,경상,승용,남,55세,상해없음
2012071600100188,2012년 7월 16일 10시,월요일,전라남도 여수시 봉계동,경상사고,0,0,1,0,차대차 - 추돌 - 진행중,차로위반,건조,맑음,단일로 - 기타,화물,남,55세,상해없음,화물,남,36세,경상
2012071600100189,2012년 7월 16일 10시,월요일,전라남도 순천시 연향동,경상사고,0,0,2,0,차대차 - 기타,안전운전불이행,건조,맑음,교차로 - 교차로안,승용,남,79세,경상,승용,여,51세,경상
2012071600100242,2012년 7월 16일 12시,월요일,전라남도 목포시 상동,경상사고,0,0,1,0,차대차 - 추돌 - 주정차중,안전거리미확보,건조,흐림,단일로 - 기타,화물,남,31세,상해없음,승용,여,42세,경상
2012071600100243,2012년 7월 16일 12시,월요일,전라남도 여수시 중앙동,경상사고,0,0,1,0,차대차 - 기타,안전거리미확보,건조,맑음,교차로 - 교차로부근,승용,남,55세,상해없음,자전거,남,65세,경상
2012071600100244,2012년 7월 16일 12시,월요일,전라남도 여수시 여서동,경상사고,0,0,2,0,차대차 - 기타,안전운전불이행,건조,맑음,단일로 - 기타,승용,남,29세,상해없음,승용,남,27세,경상
2012071600100245,2012년 7월 16일 12시,월요일,전라남도 광양시 중동,경상사고,0,0,2,0,차대차 - 측면직각충돌,신호위반,건조,맑음,교차로 - 교차로안,승용,여,49세,상해없음,승용,여,24세,경상
2012071600100265,2012년 7월 16일 13시,월요일,전라남도 순천시 영동,경상사고,0,0,1,0,차대차 - 추돌 - 진행중,안전운전불이행,건조,맑음,단일로 - 기타,자전거,남,54세,경상,승용,여,52세,상해없음
2012071600100290,2012년 7월 16일 14시,월요일,전라남도 목포시 상동,경상사고,0,0,1,0,차대차 - 측면직각충돌,안전운전불이행,건조,흐림,단일로 - 기타,승용,남,46세,상해없음,자전거,남,22세,경상
2012071600100317,2012년 7월 16일 15시,월요일,전라남도 보성군 벌교읍,경상사고,0,0,1,0,차대차 - 측면직각충돌,기타,건조,맑음,단일로 - 기타,승용,남,62세,상해없음,원동기,남,51세,경상
2012071600100344,2012년 7월 16일 16시,월요일,전라남도 여수시 신기동,경상사고,0,0,1,0,차대차 - 측면직각충돌,교차로운행방법위반,건조,맑음,교차로 - 교차로안,승합,여,52세,상해없음,화물,남,55세,경상
2012071600100345,2012년 7월 16일 16시,월요일,전라남도 화순군 이양면,사망사고,1,1,3,0,차대차 - 기타,안전운전불이행,건조,맑음,단일로 - 기타,승용,남,31세,중상,승용,여,38세,경상
2012071600100379,2012년 7월 16일 17시,월요일,전라남도 여수시 화양면,경상사고,0,0,1,0,차대차 - 측면직각충돌,교차로운행방법위반,건조,맑음,교차로 - 교차로안,승합,남,59세,상해없음,승용,남,52세,경상
2012071600100380,2012년 7월 16일 17시,월요일,전라남도 순천시 송광면,경상사고,0,0,1,0,차량단독 - 기타,안전운전불이행,건조,맑음,단일로 - 기타,원동기,여,64세,경상,,,,
2012071600100381,2012년 7월 16일 17시,월요일,전라남도 영광군 영광읍,경상사고,0,0,2,0,차대차 - 측면직각충돌,안전운전불이행,건조,맑음,교차로 - 교차로안,승용,여,33세,경상,승용,남,40세,경상