사고번호,사고일시,요일,시군구,사고내용,사망자수,중상자수,경상자수,부상신고자수,사고유형,법규위반,노면상태,기상상태,도로형태,가해운전자 차종,가해운전자 성별,가해운전자 연령,가해운전자 상해정도,피해운전자 차종,피해운전자 성별,피해운전자 연령,피해운전자 상해정도
2012071600100457,2012년 7월 16일 19시,월요일,전라남도 장흥군 장흥읍,사망사고,1,0,0,0,차대사람 - 기타,안전운전불이행,습기,비,단일로 - 기타,승용,남,45세,상해없음,보행자,여,75세,사망
2012071600100515,2012년 7월 16일 21시,월요일,전라남도 목포시 상동,중상사고,0,1,0,0,차대차 - 측면직각충돌,안전운전불이행,건조,흐림,단일로 - 기타,승용,남,58세,상해없음,자전거,여,57세,중상
2012071600100549,2012년 7월 16일 22시,월요일,전라남도 목포시 산정동,중상사고,0,1,0,0,차대사람 - 차도통행중,안전운전불이행,건조,흐림,교차로 - 교차로부근,승용,남,49세,상해없음,보행자,남,15세,중상
2012071600100550,2012년 7월 16일 22시,월요일,전라남도 목포시 죽교동,경상사고,0,0,1,0,차대차 - 측면직각충돌,안전운전불이행,건조,맑음,단일로 - 기타,화물,남,30세,상해없음,승용,남,58세,경상
2012071600100551,2012년 7월 16일 22시,월요일,전라남도 순천시 풍덕동,중상사고,0,1,2,0,차대차 - 측면직각충돌,신호위반,습기,비,단일로 - 기타,승용,남,49세,상해없음,승용,남,44세,경상
2012071600100552,2012년 7월 16일 22시,월요일,전라남도 나주시 석현동,중상사고,0,1,1,0,차대차 - 측면직각충돌,교차로운행방법위반,건조,맑음,교차로 - 교차로안,화물,남,22세,경상,승용,남,50세,중상
2012071600100553,2012년 7월 16일 22시,월요일,전라남도 광양시 광양읍,경상사고,0,0,1,0,차대차 - 추돌 - 진행중,안전운전불이행,건조,맑음,교차로 - 교차로부근,화물,남,39세,상해없음,승용,여,46세,경상
2012071600100574,2012년 7월 16일 23시,월요일,전라남도 무안군 삼향읍,중상사고,0,5,0,0,차대차 - 기타,교차로운행방법위반,건조,흐림,교차로 - 교차로안,승용,남,43세,중상,승용,여,46세,중상
2012071700100019,2012년 7월 17일 00시,화요일,전라남도 광양시 중동,경상사고,0,0,1,0,차대차 - 측면직각충돌,안전운전불이행,습기,비,교차로 - 교차로안,승용,남,28세,상해없음,승용,남,53세,경상
2012071700100037,2012년 7월 17일 01시,화요일,전라남도 목포시 상동,중상사고,0,1,0,0,차대사람 - 횡단중,보행자보호의무위반,건조,흐림,교차로 - 교차로부근,승용,남,22세,상해없음,보행자,남,50세,중상
2012071700100082,2012년 7월 17일 05시,화요일,전라남도 여수시 만흥동,경상사고,0,0,1,0,차량단독 - 전도전복,안전운전불이행,습기,비,단일로 - 기타,승용,남,51세,상해없음,,,,
2012071700100123,2012년 7월 17일 08시,화요일,전라남도 여수시 웅천동,경상사고,0,0,1,0,차대차 - 추돌 - 진행중,안전운전불이행,습기,비,단일로 - 기타,승합,남,62세,상해없음,승용,여,52세,경상
2012071700100165,2012년 7월 17일 10시,화요일,전라남도 목포시 상동,경상사고,0,0,1,0,차대차 - 추돌 - 주정차중,안전운전불이행,습기,비,단일로 - 기타,승용,여,39세,상해없음,승용,여,39세,경상
2012071700100166,2012년 7월 17일 10시,화요일,전라남도 화순군 이양면,중상사고,0,1,1,0,차량단독 - 공작물충돌,과속,습기,비,단일로 - 기타,승용,남,50세,경상,,,,
2012071700100188,2012년 7월 17일 11시,화요일,전라남도 나주시 삼영동,경상사고,0,0,1,0,차대차 - 기타,안전운전불이행,습기,비,기타 - 기타,승용,남,62세,상해없음,승용,남,41세,상해없음
2012071700100189,2012년 7월 17일 11시,화요일,전라남도 보성군 조성면,사망사고,1,0,0,0,차량단독 - 전도전복,안전운전불이행,습기,비,단일로 - 기타,승용,남,28세,사망,,,,
2012071700100212,2012년 7월 17일 12시,화요일,전라남도 순천시 해룡면,경상사고,0,0,3,0,차대차 - 측면직각충돌,안전거리미확보,습기,비,단일로 - 기타,화물,남,51세,상해없음,승용,남,62세,경상
2012071700100213,2012년 7월 17일 12시,화요일,전라남도 영암군 학산면,경상사고,0,0,1,0,차대차 - 측면직각충돌,안전운전불이행,습기,비,교차로 - 교차로안,승용,남,19세,상해없음,승용,남,42세,경상
2012071700100214,2012년 7월 17일 12시,화요일,전라남도 담양군 창평면,중상사고,0,1,0,0,차대차 - 기타,중앙선침범,습기,비,단일로 - 교량,화물,남,53세,상해없음,원동기,남,73세,중상
2012071700100230,2012년 7월 17일 13시,화요일,전라남도 여수시 덕충동,경상사고,0,0,1,0,차대사람 - 기타,안전운전불이행,건조,흐림,단일로 - 기타,승합,남,64세,상해없음,보행자,남,23세,경상
2012071700100249,2012년 7월 17일 14시,화요일,전라남도 순천시 행동,경상사고,0,0,3,0,차대차 - 측면직각충돌,안전거리미확보,습기,맑음,단일로 - 기타,승용,남,33세,상해없음,승용,여,30세,경상
2012071700100294,2012년 7월 17일 15시,화요일,전라남도 나주시 남평읍,경상사고,0,0,1,0,차대차 - 측면직각충돌,교차로운행방법위반,건조,맑음,교차로 - 교차로안,승용,여,52세,상해없음,승용,남,35세,경상
2012071700100295,2012년 7월 17일 15시,화요일,전라남도 장흥군 장흥읍,경상사고,0,0,1,0,차대차 - 기타,중앙선침범,건조,맑음,교차로 - 교차로안,자전거,남,14세,경상,화물,남,51세,상해없음
2012071700100323,2012년 7월 17일 16시,화요일,전라남도 여수시 돌산읍,경상사고,0,0,1,0,차대차 - 기타,안전운전불이행,건조,맑음,단일로 - 기타,화물,남,49세,상해없음,승용,남,20세,경상
2012071700100324,2012년 7월 17일 16시,화요일,전라남도 보성군 벌교읍,경상사고,0,0,3,0,차대차 - 정면충돌,중앙선침범,건조,맑음,단일로 - 기타,승용,남,54세,상해없음,승합,남,41세,경상
2012071700100325,2012년 7월 17일 16시,화요일,전라남도 영암군 삼호읍,경상사고,0,0,1,0,차대차 - 측면직각충돌,직진우회전진행방해,건조,맑음,교차로 - 교차로안,승용,여,45세,경상,승합,남,55세,상해없음
2012071700100456,2012년 7월 17일 20시,화요일,전라남도 순천시 조례동,경상사고,0,0,1,0,차대차 - 측면직각충돌,안전운전불이행,습기,비,교차로 - 교차로안,승용,남,46세,상해없음,원동기,남,21세,경상
2012071700100457,2012년 7월 17일 20시,화요일,전라남도 해남군 북평면,중상사고,0,1,0,0,차대차 - 기타,교차로운행방법위반,건조,맑음,교차로 - 교차로안,승합,남,38세,상해없음,자전거,남,33세,중상
2012071700100458,2012년 7월 17일 20시,화요일,전라남도 해남군 화산면,경상사고,0,0,1,0,차량단독 - 기타,안전운전불이행,건조,맑음,단일로 - 기타,이륜,남,71세,경상,,,,
2012071700100459,2012년 7월 17일 20시,화요일,전라남도 진도군 임회면,중상사고,0,1,0,0,차대사람 - 기타,안전운전불이행,건조,맑음,단일로 - 기타,화물,남,37세,상해없음,보행자,남,56세,중상
2012071800100011,2012년 7월 18일 00시,수요일,전라남도 담양군 담양읍,경상사고,0,0,1,0,차대차 - 기타,교차로운행방법위반,건조,맑음,교차로 - 교차로안,승용,남,22세,상해없음,화물,남,64세,상해없음
2012071800100034,2012년 7월 18일 01시,수요일,전라남도 목포시 용당동,경상사고,0,0,1,0,차량단독 - 공작물충돌,안전운전불이행,습기,흐림,단일로 - 기타,승용,남,23세,상해없음,,,,
2012071800100035,2012년 7월 18일 01시,수요일,전라남도 순천시 동외동,경상사고,0,0,3,0,차대차 - 측면직각충돌,교차로운행방법위반,습기,비,교차로 - 교차로안,승용,남,62세,경상,승용,남,37세,상해없음
2012071800100061,2012년 7월 18일 03시,수요일,전라남도 목포시 남교동,경상사고,0,0,2,0,차대차 - 측면직각충돌,안전운전불이행,습기,맑음,교차로 - 교차로안,승용,여,45세,상해없음,승용,남,28세,경상
2012071800100075,2012년 7월 18일 05시,수요일,전라남도 곡성군 오곡면,경상사고,0,0,1,0,차대차 - 기타,안전운전불이행,건조,맑음,단일로 - 기타,화물,남,38세,상해없음,기타불명,여,76세,경상
2012071800100132,2012년 7월 18일 08시,수요일,전라남도 목포시 산정동,경상사고,0,0,3,0,차대차 - 추돌 - 주정차중,안전거리미확보,건조,흐림,단일로 - 기타,승용,남,50세,상해없음,승용,남,26세,경상
2012071800100133,2012년 7월 18일 08시,수요일,전라남도 여수시 봉산동,중상사고,0,1,0,0,차대차 - 측면직각충돌,교차로운행방법위반,건조,맑음,교차로 - 교차로안,승용,남,53세,상해없음,이륜,남,26세,중상
2012071800100134,2012년 7월 18일 08시,수요일,전라남도 함평군 학교면,경상사고,0,0,1,0,차대차 - 추돌 - 진행중,안전운전불이행,건조,맑음,단일로 - 기타,승합,남,43세,상해없음,승용,남,70세,경상
2012071800100167,2012년 7월 18일 09시,수요일,전라남도 여수시 신월동,경상사고,0,0,3,0,차대차 - 측면직각충돌,차로위반,건조,맑음,단일로 - 기타,승용,여,69세,상해없음,화물,남,63세,상해없음
2012071800100168,2012년 7월 18일 09시,수요일,전라남도 화순군 화순읍,중상사고,0,1,0,0,차대차 - 기타,안전운전불이행,건조,맑음,단일로 - 기타,승용,남,24세,상해없음,원동기,남,72세,중상
2012071800100169,2012년 7월 18일 09시,수요일,전라남도 담양군 봉산면,경상사고,0,0,1,0,차대차 - 기타,안전운전불이행,건조,맑음,단일로 - 기타,승용,남,43세,경상,승합,남,55세,상해없음
2012071800100189,2012년 7월 18일 10시,수요일,전라남도 여수시 충무동,중상사고,0,1,0,0,차대사람 - 기타,안전운전불이행,건조,맑음,단일로 - 기타,화물,남,52세,상해없음,보행자,남,62세,중상
2012071800100227,2012년 7월 18일 11시,수요일,전라남도 목포시 산정동,중상사고,0,1,3,0,차대차 - 기타,안전운전불이행,습기,비,단일로 - 기타,승용,남,71세,중상,화물,남,46세,경상
2012071800100228,2012년 7월 18일 11시,수요일,전라남도 여수시 광무동,중상사고,0,1,0,0,차대사람 - 횡단중,안전운전불이행,습기,비,단일로 - 기타,화물,남,44세,상해없음,보행자,남,82세,중상
2012071800100229,2012년 7월 18일 11시,수요일,전라남도 여수시 선원동,중상사고,0,1,0,0,차대차 - 기타,안전거리미확보,건조,맑음,단일로 - 기타,화물,남,40세,기타불명,이륜,남,27세,중상
2012071800100230,2012년 7월 18일 11시,수요일,전라남도 나주시 영산동,부상신고사고,0,0,0,1,차량단독 - 공작물충돌,안전운전불이행,습기,비,단일로 - 기타,화물,남,49세,부상신고,,,,
2012071800100231,2012년 7월 18일 11시,수요일,전라남도 장성군 삼서면,중상사고,0,2,2,0,차대차 - 측면직각충돌,교차로운행방법위반,습기,비,교차로 - 교차로안,화물,남,65세,중상,화물,남,51세,경상
2012071800100261,2012년 7월 18일 12시,수요일,전라남도 해남군 산이면,경상사고,0,0,1,0,차대차 - 추돌 - 주정차중,안전거리미확보,건조,맑음,교차로 - 교차로부근,승용,여,42세,상해없음,승용,여,49세,상해없음
2012071800100327,2012년 7월 18일 14시,수요일,전라남도 목포시 대양동,중상사고,0,1,0,0,차대차 - 기타,신호위반,건조,흐림,교차로 - 교차로안,승용,남,64세,상해없음,이륜,남,50세,중상
2012071800100362,2012년 7월 18일 15시,수요일,전라남도 해남군 해남읍,중상사고,0,1,0,0,차대차 - 측면직각충돌,안전운전불이행,건조,흐림,단일로 - 기타,승용,남,26세,상해없음,이륜,남,74세,중상
2012071800100396,2012년 7월 18일 16시,수요일,전라남도 여수시 적량동,경상사고,0,0,1,0,차대차 - 추돌 - 진행중,안전운전불이행,습기,비,교차로 - 교차로안,승합,남,54세,상해없음,승용,남,22세,경상
2012071800100397,2012년 7월 18일 16시,수요일,전라남도 순천시 해룡면,중상사고,0,1,0,0,차대차 - 측면직각충돌,안전운전불이행,건조,맑음,단일로 - 기타,승합,남,68세,상해없음,승용,남,38세,상해없음
2012071800100398,2012년 7월 18일 16시,수요일,전라남도 나주시 대호동,경상사고,0,0,2,0,차대차 - 측면직각충돌,안전운전불이행,건조,맑음,교차로 - 교차로안,화물,남,37세,경상,승용,여,26세,경상
2012071800100399,2012년 7월 18일 16시,수요일,전라남도 무안군 삼향읍,중상사고,0,1,2,1,차대차 - 측면직각충돌,불법유턴,건조,맑음,교차로 - 교차로안,승용,남,63세,경상,승용,남,37세,부상신고
2012071800100469,2012년 7월 18일 18시,수요일,전라남도 목포시 석현동,경상사고,0,0,1,0,차대차 - 기타,직진우회전진행방해,건조,맑음,교차로 - 교차로안,승용,여,36세,상해없음,승용,남,51세,경상
2012071800100540,2012년 7월 18일 20시,수요일,전라남도 목포시 광동3가,경상사고,0,0,1,0,차대사람 - 횡단중,안전운전불이행,습기,비,교차로 - 교차로안,승용,남,31세,상해없음,보행자,여,44세,경상
2012071800100541,2012년 7월 18일 20시,수요일,전라남도 목포시 무안동,부상신고사고,0,0,0,1,차대차 - 기타,안전운전불이행,건조,맑음,단일로 - 기타,승용,남,49세,상해없음,화물,남,54세,기타불명
2012071800100542,2012년 7월 18일 20시,수요일,전라남도 순천시 조례동,경상사고,0,0,1,0,차대사람 - 기타,안전운전불이행,습기,비,교차로 - 교차로안,승용,여,44세,상해없음,보행자,여,20세,경상
2012071800100598,2012년 7월 18일 21시,수요일,전라남도 목포시 복만동,부상신고사고,0,0,0,1,차대사람 - 횡단중,안전운전불이행,습기,비,교차로 - 교차로안,승합,남,62세,상해없음,보행자,남,50세,부상신고
2012071800100599,2012년 7월 18일 21시,수요일,전라남도 순천시 조례동,경상사고,0,0,1,0,차대차 - 측면직각충돌,안전운전불이행,습기,비,교차로 - 교차로안,승용,남,41세,상해없음,승용,여,40세,경상
2012071800100600,2012년 7월 18일 21시,수요일,전라남도 순천시 조례동,중상사고,0,1,2,0,차대차 - 추돌 - 주정차중,안전운전불이행,습기,비,교차로 - 교차로부근,승용,남,22세,상해없음,승용,여,40세,중상
2012071800100601,2012년 7월 18일 21시,수요일,전라남도 광양시 중동,경상사고,0,0,1,0,차대사람 - 기타,안전운전불이행,습기,흐림,단일로 - 기타,승용,남,31세,상해없음,보행자,남,46세,경상
2012071800100683,2012년 7월 18일 23시,수요일,전라남도 목포시 산정동,경상사고,0,0,2,0,차대차 - 기타,중앙선침범,습기,비,교차로 - 교차로부근,승용,남,25세,상해없음,승용,남,32세,경상
2012071800100684,2012년 7월 18일 23시,수요일,전라남도 여수시 신기동,경상사고,0,0,1,0,차대차 - 측면직각충돌,안전운전불이행,습기,비,단일로 - 기타,승용,남,47세,상해없음,원동기,남,16세,경상
2012071800100685,2012년 7월 18일 23시,수요일,전라남도 광양시 중동,경상사고,0,0,1,0,차대차 - 기타,안전운전불이행,습기,비,단일로 - 기타,승용,남,60세,상해없음,승용,남,27세,경상
2012071900100017,2012년 7월 19일 00시,목요일,전라남도 여수시 신기동,경상사고,0,0,1,0,차대차 - 측면직각충돌,안전운전불이행,습기,비,교차로 - 교차로안,화물,남,30세,상해없음,승용,남,45세,경상
2012071900100133,2012년 7월 19일 07시,목요일,전라남도 목포시 금동1가,경상사고,0,0,2,0,차대차 - 측면직각충돌,기타,습기,비,교차로 - 교차로안,승용,남,42세,경상,승용,여,39세,상해없음
2012071900100167,2012년 7월 19일 08시,목요일,전라남도 광양시 금호동,중상사고,0,1,1,0,차대차 - 측면직각충돌,중앙선침범,습기,비,교차로 - 교차로부근,화물,남,41세,상해없음,특수,남,50세,중상
2012071900100197,2012년 7월 19일 09시,목요일,전라남도 순천시 연향동,경상사고,0,0,2,0,차대차 - 추돌 - 진행중,차로위반,건조,맑음,단일로 - 기타,승용,여,42세,상해없음,승용,남,32세,경상
2012071900100198,2012년 7월 19일 09시,목요일,전라남도 담양군 담양읍,중상사고,0,2,0,0,차대차 - 측면직각충돌,신호위반,습기,흐림,교차로 - 교차로안,원동기,남,82세,중상,승용,남,62세,상해없음
2012071900100221,2012년 7월 19일 10시,목요일,전라남도 나주시 송월동,경상사고,0,0,1,0,차대차 - 측면직각충돌,교차로운행방법위반,건조,맑음,교차로 - 교차로안,승용,여,30세,상해없음,승용,여,27세,경상
2012071900100222,2012년 7월 19일 10시,목요일,전라남도 구례군 구례읍,사망사고,1,0,0,0,차대사람 - 횡단중,안전운전불이행,건조,맑음,단일로 - 기타,화물,남,61세,상해없음,보행자,여,71세,사망
2012071900100240,2012년 7월 19일 11시,목요일,전라남도 화순군 청풍면,부상신고사고,0,0,0,1,차량단독 - 전도전복,안전운전불이행,건조,맑음,단일로 - 기타,원동기,남,72세,부상신고,,,,
2012071900100256,2012년 7월 19일 12시,목요일,전라남도 담양군 담양읍,경상사고,0,0,2,0,차대차 - 추돌 - 진행중,안전거리미확보,건조,맑음,교차로 - 교차로부근,승용,남,64세,경상,화물,남,49세,경상
2012071900100257,2012년 7월 19일 12시,목요일,전라남도 무안군 무안읍,경상사고,0,0,1,0,차대차 - 기타,직진우회전진행방해,건조,맑음,교차로 - 교차로안,승용,남,59세,상해없음,승용,남,41세,경상
2012071900100287,2012년 7월 19일 13시,목요일,전라남도 신안군 안좌면,사망사고,1,0,0,0,차대사람 - 횡단중,안전운전불이행,건조,흐림,기타 - 기타,이륜,남,65세,상해없음,보행자,여,95세,사망
2012071900100313,2012년 7월 19일 14시,목요일,전라남도 순천시 연향동,경상사고,0,0,2,0,차대차 - 측면직각충돌,신호위반,건조,맑음,교차로 - 교차로안,승합,남,57세,상해없음,승용,여,31세,경상
2012071900100314,2012년 7월 19일 14시,목요일,전라남도 해남군 해남읍,중상사고,0,2,0,0,차대차 - 기타,안전운전불이행,건조,맑음,교차로 - 교차로부근,승용,남,54세,상해없음,승용,여,47세,중상
2012071900100315,2012년 7월 19일 14시,목요일,전라남도 완도군 고금면,중상사고,0,1,0,0,차량단독 - 전도전복,안전운전불이행,습기,비,단일로 - 기타,화물,남,61세,상해없음,,,,
2012071900100341,2012년 7월 19일 15시,목요일,전라남도 목포시 용해동,중상사고,0,1,0,0,차대사람 - 기타,안전운전불이행,건조,맑음,단일로 - 기타,승합,남,43세,상해없음,보행자,남,12세,중상
2012071900100342,2012년 7월 19일 15시,목요일,전라남도 여수시 돌산읍,경상사고,0,0,3,0,차대차 - 측면직각충돌,교차로운행방법위반,건조,맑음,교차로 - 교차로안,승용,여,62세,경상,승합,남,66세,경상
2012071900100376,2012년 7월 19일 16시,목요일,전라남도 해남군 현산면,중상사고,0,1,1,0,차대차 - 측면직각충돌,기타,건조,맑음,교차로 - 교차로안,승용,여,35세,상해없음,이륜,남,74세,경상
2012071900100409,2012년 7월 19일 17시,목요일,전라남도 목포시 상동,경상사고,0,0,3,0,차대차 - 추돌 - 주정차중,안전운전불이행,건조,맑음,교차로 - 교차로부근,승용,남,18세,상해없음,승용,남,41세,경상
2012071900100410,2012년 7월 19일 17시,목요일,전라남도 목포시 상동,경상사고,0,0,1,0,차대차 - 기타,안전운전불이행,건조,맑음,단일로 - 기타,승용,여,43세,상해없음,승용,남,51세,경상
2012071900100411,2012년 7월 19일 17시,목요일,전라남도 여수시 문수동,경상사고,0,0,2,0,차대차 - 추돌 - 진행중,안전운전불이행,건조,맑음,단일로 - 기타,승용,남,57세,기타불명,승용,남,40세,경상
2012071900100412,2012년 7월 19일 17시,목요일,전라남도 순천시 조례동,중상사고,0,1,0,0,차대사람 - 기타,보행자보호의무위반,습기,흐림,단일로 - 기타,승용,여,39세,상해없음,보행자,남,75세,중상
2012071900100442,2012년 7월 19일 18시,목요일,전라남도 여수시 안산동,경상사고,0,0,2,0,차대차 - 기타,신호위반,건조,맑음,교차로 - 교차로안,승용,남,61세,상해없음,승용,남,24세,경상
2012071900100443,2012년 7월 19일 18시,목요일,전라남도 강진군 강진읍,경상사고,0,0,1,0,차대사람 - 횡단중,중앙선침범,건조,맑음,단일로 - 기타,화물,남,19세,상해없음,보행자,남,8세,경상
2012071900100503,2012년 7월 19일 20시,목요일,전라남도 여수시 소라면,경상사고,0,0,2,0,차대차 - 측면직각충돌,중앙선침범,건조,맑음,교차로 - 교차로부근,화물,여,63세,상해없음,승용,여,42세,경상
2012071900100532,2012년 7월 19일 21시,목요일,전라남도 나주시 공산면,경상사고,0,0,1,0,차량단독 - 공작물충돌,안전운전불이행,건조,맑음,교차로 - 교차로부근,승용,남,55세,경상,,,,
2012071900100555,2012년 7월 19일 22시,목요일,전라남도 여수시 공화동,경상사고,0,0,1,0,차대사람 - 길가장자리구역통행중,교차로운행방법위반,건조,맑음,교차로 - 교차로부근,승합,남,54세,상해없음,보행자,남,35세,경상
2012071900100584,2012년 7월 19일 23시,목요일,전라남도 영광군 법성면,중상사고,0,2,0,0,차대사람 - 횡단중,보행자보호의무위반,건조,맑음,단일로 - 횡단보도상,승용,남,30세,상해없음,보행자,남,42세,중상
2012072000100026,2012년 7월 20일 00시,금요일,전라남도 여수시 봉산동,경상사고,0,0,3,0,차대차 - 기타,중앙선침범,건조,맑음,단일로 - 기타,화물,남,36세,상해없음,승용,남,55세,경상
2012072000100254,2012년 7월 20일 11시,금요일,전라남도 목포시 산정동,경상사고,0,0,2,0,차대차 - 추돌 - 주정차중,안전운전불이행,건조,맑음,단일로 - 기타,승용,남,48세,경상,승용,여,53세,경상
2012072000100255,2012년 7월 20일 11시,금요일,전라남도 순천시 해룡면,경상사고,0,0,2,0,차대차 - 기타,안전운전불이행,건조,맑음,교차로 - 교차로안,승용,남,62세,상해없음,승용,남,32세,경상
2012072000100286,2012년 7월 20일 12시,금요일,전라남도 영광군 영광읍,부상신고사고,0,0,0,1,차대차 - 정면충돌,중앙선침범,건조,맑음,교차로 - 교차로안,이륜,남,24세,부상신고,승용,남,58세,상해없음
2012072000100287,2012년 7월 20일 12시,금요일,전라남도 완도군 노화읍,중상사고,0,1,0,0,차대사람 - 횡단중,안전운전불이행,건조,맑음,단일로 - 기타,승용,여,60세,상해없음,보행자,남,75세,중상
2012072000100288,2012년 7월 20일 12시,금요일,전라남도 광양시 광양읍,경상사고,0,0,1,0,차대차 - 기타,안전운전불이행,건조,맑음,교차로 - 교차로안,화물,남,41세,기타불명,승용,남,50세,상해없음
2012072000100312,2012년 7월 20일 13시,금요일,전라남도 화순군 화순읍,중상사고,0,1,1,0,차대차 - 측면직각충돌,신호위반,건조,맑음,교차로 - 교차로안,승용,남,65세,상해없음,화물,남,33세,상해없음
2012072000100346,2012년 7월 20일 14시,금요일,전라남도 나주시 이창동,경상사고,0,0,4,0,차대차 - 측면직각충돌,직진우회전진행방해,건조,맑음,교차로 - 교차로안,승용,남,56세,상해없음,승용,남,19세,경상
2012072000100347,2012년 7월 20일 14시,금요일,전라남도 광양시 광양읍,경상사고,0,0,1,0,차대차 - 정면충돌,안전운전불이행,건조,맑음,단일로 - 기타,이륜,여,53세,상해없음,자전거,여,10세,경상
2012072000100384,2012년 7월 20일 15시,금요일,전라남도 목포시 상동,경상사고,0,0,1,0,차대차 - 측면직각충돌,중앙선침범,건조,맑음,단일로 - 기타,승용,여,46세,상해없음,이륜,남,31세,경상
2012072000100385,2012년 7월 20일 15시,금요일,전라남도 화순군 화순읍,경상사고,0,0,1,0,차대차 - 기타,안전운전불이행,건조,맑음,단일로 - 기타,승용,여,45세,상해없음,승용,남,40세,경상
2012072000100432,2012년 7월 20일 16시,금요일,전라남도 순천시 조례동,경상사고,0,0,1,0,차대차 - 기타,안전운전불이행,건조,맑음,단일로 - 기타,승합,여,61세,상해없음,승용,여,30세,경상
2012072000100469,2012년 7월 20일 17시,금요일,전라남도 목포시 상동,중상사고,0,1,0,0,차대차 - 측면직각충돌,신호위반,건조,맑음,교차로 - 교차로안,승용,남,47세,상해없음,이륜,남,45세,중상
2012072000100470,2012년 7월 20일 17시,금요일,전라남도 여수시 신월동,경상사고,0,0,1,0,차대차 - 추돌 - 진행중,안전거리미확보,건조,맑음,단일로 - 기타,승용,여,45세,상해없음,승용,남,57세,경상
2012072000100511,2012년 7월 20일 18시,금요일,전라남도 장흥군 장흥읍,중상사고,0,1,0,0,차대차 - 측면직각충돌,중앙선침범,건조,맑음,단일로 - 기타,승용,남,32세,상해없음,승용,여,55세,중상
2012072000100512,2012년 7월 20일 18시,금요일,전라남도 장흥군 안양면,중상사고,0,2,2,0,차대차 - 측면직각충돌,신호위반,건조,맑음,교차로 - 교차로안,승용,남,29세,경상,승용,여,26세,중상
2012072000100513,2012년 7월 20일 18시,금요일,전라남도 장흥군 관산읍,경상사고,0,0,3,0,차대차 - 기타,교차로운행방법위반,건조,맑음,교차로 - 교차로안,승용,남,41세,경상,승용,남,39세,경상
2012072000100514,2012년 7월 20일 18시,금요일,전라남도 무안군 현경면,경상사고,0,0,2,0,차대차 - 기타,교차로운행방법위반,건조,맑음,교차로 - 교차로안,승용,남,49세,경상,화물,남,63세,경상
2012072000100546,2012년 7월 20일 19시,금요일,전라남도 여수시 남산동,경상사고,0,0,2,0,차대차 - 측면직각충돌,안전운전불이행,건조,맑음,교차로 - 교차로부근,승용,남,56세,상해없음,승용,남,35세,경상
2012072000100547,2012년 7월 20일 19시,금요일,전라남도 여수시 여서동,경상사고,0,0,1,0,차대차 - 측면직각충돌,안전거리미확보,건조,맑음,단일로 - 기타,승용,남,29세,상해없음,승용,여,57세,경상
2012072000100548,2012년 7월 20일 19시,금요일,전라남도 함평군 손불면,부상신고사고,0,0,0,1,차량단독 - 전도전복,안전운전불이행,건조,맑음,단일로 - 교량,승용,남,62세,부상신고,,,,
2012072000100582,2012년 7월 20일 20시,금요일,전라남도 진도군 진도읍,경상사고,0,0,1,0,차대차 - 추돌 - 진행중,안전운전불이행,기타,기타,교차로 - 교차로안,승합,여,35세,상해없음,자전거,남,55세,경상
2012072000100626,2012년 7월 20일 21시,금요일,전라남도 순천시 동외동,경상사고,0,0,3,0,차대차 - 기타,안전운전불이행,건조,맑음,교차로 - 교차로안,승용,여,47세,경상,승용,남,71세,경상
2012072000100657,2012년 7월 20일 22시,금요일,전라남도 목포시 산정동,경상사고,0,0,1,0,차량단독 - 기타,안전운전불이행,건조,맑음,단일로 - 기타,승용,남,25세,상해없음,,,,
2012072000100658,2012년 7월 20일 22시,금요일,전라남도 여수시 광무동,경상사고,0,0,1,0,차대차 - 측면직각충돌,신호위반,건조,맑음,교차로 - 교차로안,이륜,남,15세,상해없음,승용,남,42세,상해없음
2012072100100019,2012년 7월 21일 00시,토요일,전라남도 여수시 문수동,경상사고,0,0,1,0,차대차 - 추돌 - 주정차중,안전운전불이행,건조,맑음,단일로 - 기타,승용,여,41세,기타불명,화물,남,35세,경상
2012072100100105,2012년 7월 21일 04시,토요일,전라남도 순천시 조례동,경상사고,0,0,1,0,차대차 - 기타,안전운전불이행,건조,맑음,교차로 - 교차로안,승용,남,52세,상해없음,승용,남,35세,상해없음
2012072100100119,2012년 7월 21일 05시,토요일,전라남도 순천시 연향동,경상사고,0,0,1,0,차대차 - 기타,신호위반,건조,맑음,교차로 - 교차로안,승용,남,30세,상해없음,승용,남,47세,경상
2012072100100153,2012년 7월 21일 07시,토요일,전라남도 여수시 여서동,경상사고,0,0,1,0,차대사람 - 횡단중,안전운전불이행,건조,맑음,교차로 - 교차로안,승용,남,41세,상해없음,보행자,여,64세,경상
2012072100100173,2012년 7월 21일 08시,토요일,전라남도 나주시 남평읍,경상사고,0,0,1,0,차대차 - 기타,신호위반,건조,맑음,교차로 - 교차로안,승용,남,55세,상해없음,화물,남,58세,경상
2012072100100174,2012년 7월 21일 08시,토요일,전라남도 광양시 중동,경상사고,0,0,3,0,차대차 - 추돌 - 주정차중,안전거리미확보,기타,맑음,교차로 - 교차로부근,특수,남,52세,상해없음,승용,여,42세,경상
2012072100100223,2012년 7월 21일 10시,토요일,전라남도 여수시 서교동,중상사고,0,1,0,0,차대차 - 기타,안전운전불이행,건조,맑음,단일로 - 기타,승용,남,32세,상해없음,원동기,남,79세,중상