사고번호,사고일시,요일,시군구,사고내용,사망자수,중상자수,경상자수,부상신고자수,사고유형,법규위반,노면상태,기상상태,도로형태,가해운전자 차종,가해운전자 성별,가해운전자 연령,가해운전자 상해정도,피해운전자 차종,피해운전자 성별,피해운전자 연령,피해운전자 상해정도
2012072100100278,2012년 7월 21일 12시,토요일,전라남도 광양시 광양읍,경상사고,0,0,1,0,차대사람 - 보도통행중,안전운전불이행,건조,맑음,단일로 - 기타,승용,남,48세,상해없음,보행자,여,4세,경상
2012072100100318,2012년 7월 21일 13시,토요일,전라남도 여수시 여서동,경상사고,0,0,1,0,차대차 - 기타,교차로운행방법위반,건조,맑음,교차로 - 교차로안,승용,남,41세,상해없음,승용,여,43세,경상
2012072100100319,2012년 7월 21일 13시,토요일,전라남도 영암군 삼호읍,중상사고,0,1,1,0,차대차 - 측면직각충돌,직진우회전진행방해,건조,맑음,교차로 - 교차로안,건설기계,남,50세,상해없음,승용,남,52세,경상
2012072100100352,2012년 7월 21일 14시,토요일,전라남도 목포시 석현동,부상신고사고,0,0,0,1,차대사람 - 기타,안전운전불이행,건조,맑음,기타 - 기타,기타불명,기타불명,기타불명,기타불명,보행자,남,9세,부상신고
2012072100100353,2012년 7월 21일 14시,토요일,전라남도 순천시 연향동,경상사고,0,0,1,0,차대차 - 추돌 - 진행중,신호위반,건조,맑음,단일로 - 기타,자전거,남,44세,경상,승용,여,50세,상해없음
2012072100100386,2012년 7월 21일 15시,토요일,전라남도 여수시 웅천동,경상사고,0,0,1,0,차대차 - 추돌 - 진행중,안전운전불이행,건조,맑음,단일로 - 기타,승용,남,55세,기타불명,승용,여,37세,경상
2012072100100420,2012년 7월 21일 16시,토요일,전라남도 여수시 공화동,중상사고,0,1,0,0,차대사람 - 횡단중,안전운전불이행,건조,맑음,교차로 - 교차로안,승용,남,33세,상해없음,보행자,남,19세,중상
2012072100100421,2012년 7월 21일 16시,토요일,전라남도 영광군 영광읍,중상사고,0,1,0,0,차량단독 - 공작물충돌,안전운전불이행,건조,맑음,단일로 - 기타,이륜,남,67세,중상,,,,
2012072100100422,2012년 7월 21일 16시,토요일,전라남도 담양군 대전면,경상사고,0,0,2,0,차대차 - 기타,교차로운행방법위반,건조,맑음,교차로 - 교차로안,승용,여,32세,경상,승용,남,48세,상해없음
2012072100100423,2012년 7월 21일 16시,토요일,전라남도 무안군 현경면,경상사고,0,0,2,0,차대차 - 기타,중앙선침범,건조,맑음,단일로 - 기타,특수,남,63세,상해없음,승용,남,35세,경상
2012072100100455,2012년 7월 21일 17시,토요일,전라남도 순천시 장천동,경상사고,0,0,7,0,차대차 - 추돌 - 주정차중,안전운전불이행,건조,맑음,단일로 - 기타,승용,남,53세,상해없음,승용,남,63세,경상
2012072100100456,2012년 7월 21일 17시,토요일,전라남도 순천시 해룡면,중상사고,0,1,0,0,차량단독 - 기타,안전운전불이행,건조,맑음,단일로 - 기타,화물,남,51세,중상,,,,
2012072100100496,2012년 7월 21일 18시,토요일,전라남도 여수시 학동,중상사고,0,1,0,0,차대사람 - 보도통행중,보행자보호의무위반,건조,맑음,단일로 - 횡단보도상,승용,남,50세,상해없음,보행자,여,54세,중상
2012072100100497,2012년 7월 21일 18시,토요일,전라남도 담양군 용면,중상사고,0,2,1,0,차대차 - 기타,안전운전불이행,건조,맑음,단일로 - 기타,화물,여,42세,경상,승용,남,54세,상해없음
2012072100100556,2012년 7월 21일 20시,토요일,전라남도 영광군 대마면,경상사고,0,0,1,0,차대차 - 측면직각충돌,안전거리미확보,건조,맑음,단일로 - 기타,승용,남,42세,상해없음,승합,남,36세,경상
2012072100100557,2012년 7월 21일 20시,토요일,전라남도 여수시 오림동,중상사고,0,1,0,0,차대차 - 측면직각충돌,안전거리미확보,건조,맑음,단일로 - 기타,화물,남,45세,기타불명,승용,여,53세,중상
2012072100100558,2012년 7월 21일 20시,토요일,전라남도 진도군 임회면,경상사고,0,0,2,0,차대차 - 추돌 - 진행중,안전운전불이행,건조,맑음,단일로 - 기타,승용,여,64세,상해없음,농기계,남,59세,경상
2012072100100597,2012년 7월 21일 21시,토요일,전라남도 목포시 옥암동,중상사고,0,1,4,0,차대차 - 측면직각충돌,신호위반,건조,맑음,교차로 - 교차로안,승용,남,34세,경상,승용,남,41세,경상
2012072100100598,2012년 7월 21일 21시,토요일,전라남도 여수시 소호동,중상사고,0,1,0,0,차대사람 - 횡단중,보행자보호의무위반,건조,맑음,단일로 - 기타,승용,남,54세,상해없음,보행자,남,7세,중상
2012072100100599,2012년 7월 21일 21시,토요일,전라남도 순천시 생목동,경상사고,0,0,2,0,차대차 - 추돌 - 진행중,안전운전불이행,건조,맑음,교차로 - 교차로안,승용,남,23세,상해없음,승용,남,45세,상해없음
2012072100100600,2012년 7월 21일 21시,토요일,전라남도 화순군 화순읍,경상사고,0,0,1,0,차대차 - 기타,안전운전불이행,건조,흐림,단일로 - 기타,승용,남,42세,상해없음,원동기,남,16세,경상
2012072100100601,2012년 7월 21일 21시,토요일,전라남도 영암군 삼호읍,중상사고,0,1,0,0,차대사람 - 차도통행중,안전운전불이행,건조,맑음,단일로 - 기타,승용,남,48세,상해없음,보행자,남,48세,중상
2012072100100639,2012년 7월 21일 22시,토요일,전라남도 영암군 영암읍,경상사고,0,0,2,0,차대차 - 추돌 - 진행중,안전운전불이행,건조,맑음,단일로 - 기타,승용,남,48세,상해없음,승용,남,31세,경상
2012072100100640,2012년 7월 21일 22시,토요일,전라남도 광양시 중동,중상사고,0,1,0,0,차대차 - 측면직각충돌,안전운전불이행,습기,흐림,교차로 - 교차로안,이륜,남,15세,중상,승용,남,26세,상해없음
2012072100100673,2012년 7월 21일 23시,토요일,전라남도 순천시 저전동,경상사고,0,0,3,0,차대차 - 기타,신호위반,건조,맑음,교차로 - 교차로안,승용,남,55세,상해없음,승용,남,43세,경상
2012072100100674,2012년 7월 21일 23시,토요일,전라남도 광양시 중동,중상사고,0,1,0,0,차대사람 - 차도통행중,안전운전불이행,건조,맑음,교차로 - 교차로안,승용,남,47세,상해없음,보행자,여,53세,중상
2012072200100090,2012년 7월 22일 04시,일요일,전라남도 순천시 조례동,중상사고,0,2,3,0,차대차 - 추돌 - 진행중,안전운전불이행,건조,맑음,교차로 - 교차로부근,승용,남,31세,중상,화물,남,58세,중상
2012072200100116,2012년 7월 22일 06시,일요일,전라남도 영광군 영광읍,중상사고,0,1,0,0,차대차 - 정면충돌,중앙선침범,건조,맑음,단일로 - 기타,화물,남,47세,상해없음,화물,남,65세,중상
2012072200100130,2012년 7월 22일 07시,일요일,전라남도 목포시 대안동,사망사고,1,0,0,0,차대차 - 기타,안전운전불이행,건조,맑음,단일로 - 기타,원동기,남,62세,사망,승용,남,66세,상해없음
2012072200100131,2012년 7월 22일 07시,일요일,전라남도 여수시 오림동,중상사고,0,2,0,0,차대사람 - 횡단중,안전운전불이행,건조,맑음,단일로 - 기타,승합,남,52세,상해없음,보행자,여,73세,중상
2012072200100152,2012년 7월 22일 09시,일요일,전라남도 목포시 상동,경상사고,0,0,1,0,차대차 - 기타,교차로운행방법위반,건조,맑음,교차로 - 교차로안,승용,남,21세,상해없음,승용,여,24세,경상
2012072200100153,2012년 7월 22일 09시,일요일,전라남도 장흥군 장흥읍,경상사고,0,0,4,0,차대차 - 기타,교차로운행방법위반,건조,맑음,교차로 - 교차로안,승용,여,50세,경상,승합,남,69세,경상
2012072200100154,2012년 7월 22일 09시,일요일,전라남도 광양시 옥룡면,중상사고,0,1,6,0,차대차 - 정면충돌,중앙선침범,건조,맑음,단일로 - 기타,승용,남,65세,경상,화물,남,67세,경상
2012072200100176,2012년 7월 22일 10시,일요일,전라남도 여수시 돌산읍,중상사고,0,1,0,0,차대사람 - 기타,안전운전불이행,건조,맑음,단일로 - 기타,승용,남,45세,상해없음,보행자,남,43세,중상
2012072200100177,2012년 7월 22일 10시,일요일,전라남도 나주시 성북동,중상사고,0,1,2,0,차대차 - 정면충돌,안전운전불이행,건조,맑음,기타 - 기타,자전거,남,69세,중상,승합,남,40세,상해없음
2012072200100178,2012년 7월 22일 10시,일요일,전라남도 함평군 해보면,중상사고,0,1,1,0,차대차 - 정면충돌,안전운전불이행,건조,맑음,단일로 - 기타,원동기,남,71세,중상,승용,남,47세,경상
2012072200100201,2012년 7월 22일 11시,일요일,전라남도 순천시 조례동,경상사고,0,0,1,0,차대차 - 측면직각충돌,직진우회전진행방해,건조,맑음,교차로 - 교차로안,승용,여,49세,상해없음,승용,남,31세,경상
2012072200100202,2012년 7월 22일 11시,일요일,전라남도 순천시 풍덕동,경상사고,0,0,1,0,차대사람 - 기타,안전운전불이행,습기,비,단일로 - 기타,승용,여,53세,상해없음,보행자,여,45세,경상
2012072200100203,2012년 7월 22일 11시,일요일,전라남도 고흥군 고흥읍,중상사고,0,1,0,0,차대사람 - 기타,안전운전불이행,건조,맑음,단일로 - 기타,원동기,남,41세,상해없음,보행자,여,68세,중상
2012072200100204,2012년 7월 22일 11시,일요일,전라남도 보성군 미력면,경상사고,0,0,4,0,차대차 - 측면직각충돌,안전거리미확보,건조,맑음,단일로 - 기타,승용,여,62세,경상,화물,남,33세,경상
2012072200100205,2012년 7월 22일 11시,일요일,전라남도 무안군 삼향읍,경상사고,0,0,1,0,차대차 - 기타,교차로운행방법위반,건조,맑음,교차로 - 교차로안,이륜,남,62세,경상,승용,여,34세,상해없음
2012072200100226,2012년 7월 22일 12시,일요일,전라남도 구례군 산동면,중상사고,0,1,0,0,차대사람 - 횡단중,안전운전불이행,건조,맑음,단일로 - 기타,승용,여,45세,상해없음,보행자,여,43세,중상
2012072200100256,2012년 7월 22일 13시,일요일,전라남도 무안군 망운면,중상사고,0,1,1,0,차량단독 - 공작물충돌,안전운전불이행,건조,맑음,단일로 - 기타,승용,남,77세,경상,,,,
2012072200100285,2012년 7월 22일 14시,일요일,전라남도 목포시 죽교동,경상사고,0,0,1,0,차대차 - 기타,안전운전불이행,건조,맑음,단일로 - 기타,승합,남,43세,상해없음,승용,남,39세,상해없음
2012072200100286,2012년 7월 22일 14시,일요일,전라남도 여수시 수정동,경상사고,0,0,1,0,차대사람 - 횡단중,보행자보호의무위반,건조,맑음,단일로 - 횡단보도상,승용,여,36세,상해없음,보행자,남,9세,경상
2012072200100287,2012년 7월 22일 14시,일요일,전라남도 순천시 조곡동,중상사고,0,1,0,0,차대사람 - 기타,안전운전불이행,건조,맑음,단일로 - 기타,기타불명,기타불명,기타불명,기타불명,보행자,남,14세,중상
2012072200100315,2012년 7월 22일 15시,일요일,전라남도 보성군 보성읍,경상사고,0,0,1,0,차대차 - 측면직각충돌,안전운전불이행,건조,맑음,단일로 - 기타,승용,여,24세,상해없음,승합,남,57세,경상
2012072200100316,2012년 7월 22일 15시,일요일,전라남도 장성군 황룡면,중상사고,0,1,0,0,차대차 - 측면직각충돌,교차로운행방법위반,건조,맑음,교차로 - 교차로안,승용,여,38세,상해없음,이륜,남,67세,중상
2012072200100317,2012년 7월 22일 15시,일요일,전라남도 담양군 대전면,중상사고,0,2,1,0,차대차 - 측면직각충돌,신호위반,건조,맑음,교차로 - 교차로안,승용,남,61세,중상,승용,남,47세,경상
2012072200100348,2012년 7월 22일 16시,일요일,전라남도 영광군 백수읍,경상사고,0,0,1,0,차대차 - 측면직각충돌,안전운전불이행,건조,맑음,교차로 - 교차로안,이륜,남,59세,경상,승용,남,57세,상해없음
2012072200100386,2012년 7월 22일 17시,일요일,전라남도 목포시 동명동,경상사고,0,0,1,0,차대차 - 측면직각충돌,안전운전불이행,건조,기타,교차로 - 교차로안,승용,남,60세,상해없음,승용,남,48세,경상
2012072200100387,2012년 7월 22일 17시,일요일,전라남도 영광군 영광읍,경상사고,0,0,1,1,차대차 - 추돌 - 진행중,안전운전불이행,건조,맑음,교차로 - 교차로안,화물,남,64세,부상신고,승용,여,38세,경상
2012072200100418,2012년 7월 22일 18시,일요일,전라남도 여수시 돌산읍,경상사고,0,0,2,0,차대차 - 측면직각충돌,중앙선침범,건조,맑음,단일로 - 기타,승용,남,59세,상해없음,화물,남,29세,경상
2012072200100419,2012년 7월 22일 18시,일요일,전라남도 해남군 해남읍,경상사고,0,0,4,0,차대차 - 기타,중앙선침범,건조,맑음,단일로 - 기타,화물,남,51세,상해없음,승용,여,34세,경상
2012072200100420,2012년 7월 22일 18시,일요일,전라남도 보성군 미력면,사망사고,1,0,0,0,차량단독 - 공작물충돌,안전운전불이행,건조,맑음,단일로 - 기타,농기계,남,72세,사망,,,,
2012072200100421,2012년 7월 22일 18시,일요일,전라남도 화순군 화순읍,중상사고,0,2,2,0,차대차 - 측면직각충돌,신호위반,건조,맑음,교차로 - 교차로안,화물,남,52세,중상,승합,남,50세,경상
2012072200100422,2012년 7월 22일 18시,일요일,전라남도 광양시 중동,경상사고,0,0,1,0,차대사람 - 횡단중,보행자보호의무위반,건조,맑음,단일로 - 기타,승용,남,40세,상해없음,보행자,남,13세,경상
2012072200100449,2012년 7월 22일 19시,일요일,전라남도 나주시 문평면,경상사고,0,0,3,0,차대차 - 기타,중앙선침범,건조,맑음,단일로 - 기타,승용,남,51세,상해없음,승용,남,31세,경상
2012072200100472,2012년 7월 22일 20시,일요일,전라남도 목포시 상동,경상사고,0,0,1,0,차대차 - 측면직각충돌,안전운전불이행,건조,맑음,단일로 - 기타,화물,남,50세,상해없음,승용,남,27세,경상
2012072200100473,2012년 7월 22일 20시,일요일,전라남도 영암군 삼호읍,중상사고,0,1,0,0,차대사람 - 차도통행중,안전운전불이행,건조,맑음,교차로 - 교차로안,승용,남,54세,상해없음,보행자,남,48세,중상
2012072200100474,2012년 7월 22일 20시,일요일,전라남도 무안군 현경면,중상사고,0,1,1,0,차대사람 - 기타,안전운전불이행,건조,맑음,교차로 - 교차로안,화물,여,51세,경상,보행자,남,60세,중상
2012072200100475,2012년 7월 22일 20시,일요일,전라남도 광양시 중동,중상사고,0,1,0,0,차대차 - 추돌 - 진행중,안전운전불이행,건조,맑음,교차로 - 교차로부근,이륜,남,54세,중상,승용,남,42세,상해없음
2012072200100501,2012년 7월 22일 21시,일요일,전라남도 여수시 여서동,경상사고,0,0,2,0,차대차 - 추돌 - 주정차중,안전운전불이행,건조,맑음,단일로 - 기타,승용,남,38세,상해없음,승용,여,30세,경상
2012072200100517,2012년 7월 22일 22시,일요일,전라남도 순천시 해룡면,경상사고,0,0,3,0,차대차 - 추돌 - 진행중,안전거리미확보,건조,맑음,단일로 - 기타,승용,여,36세,상해없음,승용,남,52세,경상
2012072200100532,2012년 7월 22일 23시,일요일,전라남도 순천시 덕암동,사망사고,1,0,0,0,차대사람 - 횡단중,과속,건조,맑음,교차로 - 교차로안,승용,남,41세,상해없음,보행자,여,58세,사망
2012072300100031,2012년 7월 23일 02시,월요일,전라남도 순천시 주암면,중상사고,0,2,0,0,차량단독 - 공작물충돌,안전운전불이행,건조,맑음,단일로 - 기타,승용,남,21세,중상,,,,
2012072300100071,2012년 7월 23일 07시,월요일,전라남도 여수시 해산동,경상사고,0,0,5,0,차대차 - 추돌 - 주정차중,안전거리미확보,건조,맑음,단일로 - 기타,승용,남,52세,상해없음,승용,여,54세,경상
2012072300100105,2012년 7월 23일 08시,월요일,전라남도 여수시 화치동,경상사고,0,0,1,0,차대차 - 기타,중앙선침범,건조,흐림,단일로 - 기타,화물,남,32세,기타불명,승용,남,26세,경상
2012072300100106,2012년 7월 23일 08시,월요일,전라남도 강진군 군동면,경상사고,0,0,2,0,차대차 - 추돌 - 주정차중,안전거리미확보,건조,맑음,단일로 - 기타,승용,여,41세,경상,승용,여,40세,경상
2012072300100107,2012년 7월 23일 08시,월요일,전라남도 강진군 마량면,중상사고,0,1,0,0,차대차 - 정면충돌,안전운전불이행,건조,맑음,교차로 - 교차로안,승용,남,61세,상해없음,원동기,남,78세,중상
2012072300100138,2012년 7월 23일 09시,월요일,전라남도 여수시 문수동,경상사고,0,0,1,0,차대차 - 기타,안전운전불이행,건조,맑음,교차로 - 교차로안,승용,남,56세,기타불명,승용,남,38세,경상
2012072300100163,2012년 7월 23일 10시,월요일,전라남도 여수시 문수동,경상사고,0,0,1,0,차대차 - 추돌 - 주정차중,안전거리미확보,건조,맑음,단일로 - 기타,승용,남,52세,상해없음,이륜,남,63세,상해없음
2012072300100164,2012년 7월 23일 10시,월요일,전라남도 여수시 율촌면,중상사고,0,1,1,0,차대차 - 추돌 - 진행중,안전거리미확보,건조,맑음,단일로 - 기타,화물,남,30세,기타불명,승합,남,56세,경상
2012072300100165,2012년 7월 23일 10시,월요일,전라남도 장흥군 관산읍,경상사고,0,0,2,0,차대차 - 측면직각충돌,중앙선침범,건조,맑음,단일로 - 기타,승용,여,54세,경상,화물,남,68세,경상
2012072300100166,2012년 7월 23일 10시,월요일,전라남도 해남군 해남읍,경상사고,0,0,1,0,차대차 - 측면직각충돌,안전운전불이행,건조,맑음,단일로 - 기타,승용,여,52세,경상,화물,남,66세,상해없음
2012072300100203,2012년 7월 23일 11시,월요일,전라남도 강진군 도암면,중상사고,0,1,0,0,차대차 - 정면충돌,중앙선침범,건조,맑음,단일로 - 기타,이륜,남,79세,상해없음,원동기,남,74세,중상
2012072300100240,2012년 7월 23일 12시,월요일,전라남도 여수시 만흥동,중상사고,0,1,0,0,차대차 - 추돌 - 진행중,안전운전불이행,건조,맑음,단일로 - 기타,승용,남,22세,상해없음,화물,남,53세,중상
2012072300100241,2012년 7월 23일 12시,월요일,전라남도 여수시 오림동,경상사고,0,0,2,0,차대차 - 기타,차로위반,건조,맑음,단일로 - 기타,승용,남,66세,상해없음,승용,남,32세,경상
2012072300100242,2012년 7월 23일 12시,월요일,전라남도 여수시 학동,경상사고,0,0,6,0,차대차 - 측면직각충돌,신호위반,건조,맑음,교차로 - 교차로안,승용,여,54세,상해없음,승용,남,34세,경상
2012072300100243,2012년 7월 23일 12시,월요일,전라남도 나주시 다시면,경상사고,0,0,1,0,차대차 - 측면직각충돌,교차로운행방법위반,건조,맑음,교차로 - 교차로안,화물,남,45세,상해없음,원동기,남,74세,경상
2012072300100244,2012년 7월 23일 12시,월요일,전라남도 구례군 토지면,중상사고,0,1,0,0,차량단독 - 전도전복,안전운전불이행,건조,맑음,단일로 - 기타,승용,남,73세,상해없음,,,,
2012072300100273,2012년 7월 23일 13시,월요일,전라남도 완도군 신지면,경상사고,0,0,1,0,차대차 - 기타,중앙선침범,건조,맑음,단일로 - 기타,승용,여,52세,상해없음,화물,남,39세,경상
2012072300100371,2012년 7월 23일 16시,월요일,전라남도 목포시 유달동,중상사고,0,1,0,0,차대사람 - 횡단중,안전운전불이행,건조,맑음,단일로 - 기타,기타불명,기타불명,기타불명,기타불명,보행자,남,51세,중상
2012072300100372,2012년 7월 23일 16시,월요일,전라남도 화순군 남면,중상사고,0,1,0,0,차대사람 - 기타,안전운전불이행,건조,맑음,기타 - 기타,화물,남,54세,상해없음,보행자,남,64세,중상
2012072300100373,2012년 7월 23일 16시,월요일,전라남도 광양시 중동,경상사고,0,0,2,0,차대차 - 측면직각충돌,교차로운행방법위반,건조,맑음,교차로 - 교차로안,특수,남,51세,상해없음,승용,여,28세,경상
2012072300100402,2012년 7월 23일 17시,월요일,전라남도 순천시 조례동,경상사고,0,0,2,0,차대차 - 추돌 - 진행중,안전운전불이행,건조,맑음,교차로 - 교차로부근,승용,남,42세,상해없음,승용,여,43세,경상
2012072300100403,2012년 7월 23일 17시,월요일,전라남도 순천시 왕지동,경상사고,0,0,1,0,차대차 - 기타,안전운전불이행,건조,맑음,교차로 - 교차로부근,원동기,남,17세,경상,승용,여,44세,상해없음
2012072300100444,2012년 7월 23일 18시,월요일,전라남도 여수시 문수동,경상사고,0,0,1,0,차대차 - 기타,신호위반,건조,맑음,교차로 - 교차로부근,화물,남,18세,상해없음,자전거,남,32세,경상
2012072300100445,2012년 7월 23일 18시,월요일,전라남도 해남군 삼산면,경상사고,0,0,1,0,차대차 - 측면직각충돌,안전운전불이행,건조,맑음,단일로 - 기타,화물,남,48세,상해없음,승용,남,50세,경상
2012072300100446,2012년 7월 23일 18시,월요일,전라남도 영암군 신북면,경상사고,0,0,1,0,차량단독 - 기타,기타,건조,맑음,단일로 - 기타,승합,남,57세,상해없음,,,,
2012072300100478,2012년 7월 23일 19시,월요일,전라남도 여수시 율촌면,경상사고,0,0,1,0,차대사람 - 횡단중,안전운전불이행,건조,맑음,단일로 - 기타,기타불명,기타불명,기타불명,기타불명,보행자,여,8세,경상
2012072300100479,2012년 7월 23일 19시,월요일,전라남도 순천시 해룡면,중상사고,0,2,0,0,차대차 - 측면직각충돌,안전운전불이행,건조,맑음,교차로 - 교차로안,이륜,남,67세,중상,승용,여,57세,상해없음
2012072300100547,2012년 7월 23일 21시,월요일,전라남도 곡성군 목사동면,중상사고,0,1,0,0,차대차 - 기타,안전운전불이행,건조,맑음,단일로 - 기타,화물,남,49세,상해없음,화물,남,55세,상해없음
2012072400100078,2012년 7월 24일 06시,화요일,전라남도 순천시 인월동,중상사고,0,2,1,0,차대차 - 추돌 - 주정차중,안전운전불이행,건조,맑음,교차로 - 교차로부근,승용,남,41세,중상,화물,남,40세,경상
2012072400100099,2012년 7월 24일 07시,화요일,전라남도 순천시 연향동,경상사고,0,0,1,0,차대차 - 기타,안전운전불이행,건조,맑음,기타 - 기타,승용,남,47세,상해없음,승용,남,28세,경상
2012072400100100,2012년 7월 24일 07시,화요일,전라남도 영암군 신북면,경상사고,0,0,6,0,차대차 - 측면직각충돌,안전거리미확보,건조,맑음,단일로 - 기타,건설기계,남,38세,경상,승용,남,55세,경상
2012072400100101,2012년 7월 24일 07시,화요일,전라남도 완도군 군외면,경상사고,0,0,1,0,차량단독 - 기타,안전운전불이행,건조,맑음,단일로 - 기타,승용,여,28세,상해없음,,,,
2012072400100139,2012년 7월 24일 08시,화요일,전라남도 고흥군 남양면,경상사고,0,0,1,0,차대차 - 기타,안전거리미확보,건조,맑음,단일로 - 기타,승용,남,48세,상해없음,승용,남,44세,경상
2012072400100175,2012년 7월 24일 09시,화요일,전라남도 여수시 광무동,중상사고,0,1,0,0,차대사람 - 차도통행중,안전운전불이행,건조,맑음,단일로 - 기타,승용,남,54세,상해없음,보행자,여,80세,중상
2012072400100176,2012년 7월 24일 09시,화요일,전라남도 여수시 신기동,경상사고,0,0,1,0,차대차 - 측면직각충돌,안전운전불이행,건조,맑음,교차로 - 교차로안,승용,남,75세,기타불명,승합,남,50세,경상
2012072400100177,2012년 7월 24일 09시,화요일,전라남도 순천시 동외동,경상사고,0,0,2,0,차대차 - 정면충돌,교차로운행방법위반,건조,맑음,교차로 - 교차로안,승용,남,35세,상해없음,승용,남,64세,상해없음
2012072400100204,2012년 7월 24일 10시,화요일,전라남도 고흥군 대서면,중상사고,0,1,0,0,차대차 - 기타,안전운전불이행,건조,맑음,단일로 - 기타,승용,남,56세,상해없음,이륜,남,72세,중상
2012072400100205,2012년 7월 24일 10시,화요일,전라남도 보성군 복내면,중상사고,0,1,0,1,차대차 - 측면직각충돌,교차로운행방법위반,건조,맑음,교차로 - 교차로안,화물,남,50세,상해없음,화물,남,51세,중상
2012072400100206,2012년 7월 24일 10시,화요일,전라남도 화순군 화순읍,부상신고사고,0,0,0,1,차대차 - 측면직각충돌,신호위반,건조,맑음,교차로 - 교차로안,건설기계,남,41세,상해없음,승용,남,55세,부상신고
2012072400100207,2012년 7월 24일 10시,화요일,전라남도 담양군 담양읍,중상사고,0,1,0,0,차대사람 - 기타,안전운전불이행,건조,맑음,단일로 - 기타,화물,남,25세,상해없음,보행자,남,19세,중상
2012072400100227,2012년 7월 24일 11시,화요일,전라남도 목포시 죽교동,경상사고,0,0,1,0,차대차 - 기타,교차로운행방법위반,건조,맑음,교차로 - 교차로안,승용,남,43세,상해없음,이륜,남,63세,경상
2012072400100228,2012년 7월 24일 11시,화요일,전라남도 여수시 봉산동,경상사고,0,0,1,0,차대사람 - 횡단중,신호위반,건조,맑음,교차로 - 교차로부근,승용,여,53세,상해없음,보행자,여,18세,경상
2012072400100229,2012년 7월 24일 11시,화요일,전라남도 함평군 함평읍,부상신고사고,0,0,0,1,차대차 - 측면직각충돌,안전운전불이행,건조,맑음,단일로 - 기타,이륜,남,78세,부상신고,승용,남,34세,상해없음
2012072400100293,2012년 7월 24일 13시,화요일,전라남도 목포시 산정동,경상사고,0,0,2,0,차대차 - 측면직각충돌,직진우회전진행방해,건조,맑음,교차로 - 교차로안,승용,남,40세,경상,승용,여,28세,경상
2012072400100294,2012년 7월 24일 13시,화요일,전라남도 광양시 광양읍,경상사고,0,0,1,0,차대차 - 측면직각충돌,신호위반,건조,맑음,교차로 - 교차로안,승용,남,39세,상해없음,승용,여,33세,경상
2012072400100324,2012년 7월 24일 14시,화요일,전라남도 신안군 임자면,중상사고,0,1,1,0,차대차 - 정면충돌,안전운전불이행,건조,맑음,단일로 - 기타,승용,남,59세,상해없음,이륜,남,17세,중상
2012072400100325,2012년 7월 24일 14시,화요일,전라남도 보성군 벌교읍,경상사고,0,0,3,0,차대차 - 정면충돌,중앙선침범,건조,맑음,단일로 - 기타,이륜,남,39세,상해없음,승용,남,56세,상해없음
2012072400100326,2012년 7월 24일 14시,화요일,전라남도 영광군 백수읍,경상사고,0,0,3,0,차대차 - 기타,안전운전불이행,건조,맑음,교차로 - 교차로안,화물,남,47세,상해없음,승용,남,45세,경상
2012072400100327,2012년 7월 24일 14시,화요일,전라남도 영암군 삼호읍,사망사고,1,0,1,0,차대차 - 측면직각충돌,직진우회전진행방해,건조,맑음,교차로 - 교차로안,화물,남,50세,사망,화물,남,47세,경상
2012072400100328,2012년 7월 24일 14시,화요일,전라남도 완도군 완도읍,중상사고,0,1,0,0,차대사람 - 횡단중,안전운전불이행,건조,맑음,단일로 - 기타,화물,남,75세,기타불명,보행자,여,8세,중상
2012072400100363,2012년 7월 24일 15시,화요일,전라남도 여수시 수정동,중상사고,0,1,0,0,차대사람 - 보도통행중,안전운전불이행,건조,맑음,단일로 - 기타,승용,남,31세,상해없음,보행자,남,63세,중상
2012072400100364,2012년 7월 24일 15시,화요일,전라남도 여수시 문수동,중상사고,0,1,0,0,차대사람 - 보도통행중,신호위반,건조,맑음,단일로 - 횡단보도상,승용,남,56세,상해없음,보행자,여,70세,중상
2012072400100365,2012년 7월 24일 15시,화요일,전라남도 여수시 교동,경상사고,0,0,2,0,차대차 - 측면직각충돌,교차로운행방법위반,건조,맑음,교차로 - 교차로안,승합,남,53세,상해없음,승용,남,39세,경상
2012072400100400,2012년 7월 24일 16시,화요일,전라남도 여수시 공화동,부상신고사고,0,0,0,1,차대사람 - 차도통행중,안전운전불이행,건조,맑음,단일로 - 기타,승용,남,49세,상해없음,보행자,남,37세,부상신고
2012072400100401,2012년 7월 24일 16시,화요일,전라남도 순천시 해룡면,경상사고,0,0,1,0,차대차 - 추돌 - 진행중,안전거리미확보,건조,맑음,단일로 - 기타,특수,남,63세,상해없음,승용,남,24세,경상
2012072400100402,2012년 7월 24일 16시,화요일,전라남도 영암군 영암읍,중상사고,0,1,1,0,차대차 - 추돌 - 주정차중,안전운전불이행,건조,맑음,교차로 - 교차로부근,승용,여,63세,중상,화물,남,39세,경상
2012072400100403,2012년 7월 24일 16시,화요일,전라남도 무안군 무안읍,중상사고,0,1,0,0,차대차 - 측면직각충돌,안전운전불이행,건조,맑음,교차로 - 교차로안,승용,남,27세,상해없음,원동기,남,86세,중상