사고번호,사고일시,요일,시군구,사고내용,사망자수,중상자수,경상자수,부상신고자수,사고유형,법규위반,노면상태,기상상태,도로형태,가해운전자 차종,가해운전자 성별,가해운전자 연령,가해운전자 상해정도,피해운전자 차종,피해운전자 성별,피해운전자 연령,피해운전자 상해정도
2012072400100446,2012년 7월 24일 17시,화요일,전라남도 진도군 진도읍,중상사고,0,1,0,0,차대차 - 추돌 - 진행중,안전운전불이행,기타,맑음,교차로 - 교차로부근,화물,여,34세,상해없음,이륜,남,52세,중상
2012072400100494,2012년 7월 24일 18시,화요일,전라남도 여수시 화장동,중상사고,0,1,0,0,차대사람 - 횡단중,안전운전불이행,건조,맑음,단일로 - 기타,승용,남,49세,상해없음,보행자,남,6세,중상
2012072400100495,2012년 7월 24일 18시,화요일,전라남도 영암군 삼호읍,경상사고,0,0,2,0,차대차 - 측면직각충돌,안전운전불이행,건조,맑음,단일로 - 기타,이륜,남,33세,경상,승용,남,39세,경상
2012072400100496,2012년 7월 24일 18시,화요일,전라남도 무안군 삼향읍,중상사고,0,1,0,0,차대사람 - 횡단중,보행자보호의무위반,건조,맑음,단일로 - 횡단보도상,승합,남,27세,상해없음,보행자,남,51세,중상
2012072400100527,2012년 7월 24일 19시,화요일,전라남도 목포시 상동,중상사고,0,1,1,0,차대차 - 측면직각충돌,신호위반,건조,기타,교차로 - 교차로안,원동기,남,17세,중상,승용,남,27세,경상
2012072400100528,2012년 7월 24일 19시,화요일,전라남도 고흥군 도양읍,경상사고,0,0,1,0,차대차 - 기타,교차로운행방법위반,건조,맑음,교차로 - 교차로안,승용,남,54세,상해없음,승용,여,35세,경상
2012072400100529,2012년 7월 24일 19시,화요일,전라남도 장성군 장성읍,중상사고,0,1,0,0,차대차 - 측면직각충돌,안전운전불이행,건조,맑음,교차로 - 교차로안,기타불명,기타불명,기타불명,기타불명,자전거,남,40세,중상
2012072400100641,2012년 7월 24일 22시,화요일,전라남도 순천시 동외동,경상사고,0,0,4,0,차대차 - 추돌 - 진행중,안전운전불이행,건조,맑음,교차로 - 교차로안,승용,남,40세,상해없음,승용,여,42세,경상
2012072500100048,2012년 7월 25일 02시,수요일,전라남도 목포시 용해동,중상사고,0,1,0,0,차대사람 - 기타,안전운전불이행,건조,맑음,교차로 - 교차로안,승용,여,24세,상해없음,보행자,남,30세,중상
2012072500100049,2012년 7월 25일 02시,수요일,전라남도 여수시 미평동,사망사고,1,0,0,0,차대사람 - 횡단중,안전운전불이행,건조,맑음,교차로 - 교차로안,화물,남,51세,상해없음,보행자,남,41세,사망
2012072500100057,2012년 7월 25일 03시,수요일,전라남도 목포시 옥암동,중상사고,0,1,0,0,차대사람 - 기타,안전운전불이행,건조,맑음,단일로 - 기타,기타불명,기타불명,기타불명,기타불명,보행자,남,49세,중상
2012072500100074,2012년 7월 25일 05시,수요일,전라남도 장성군 장성읍,중상사고,0,1,0,0,차량단독 - 기타,안전운전불이행,건조,맑음,단일로 - 기타,농기계,남,65세,중상,,,,
2012072500100145,2012년 7월 25일 08시,수요일,전라남도 나주시 남평읍,경상사고,0,0,1,0,차대사람 - 횡단중,안전운전불이행,건조,맑음,교차로 - 교차로안,화물,남,37세,상해없음,보행자,여,82세,경상
2012072500100146,2012년 7월 25일 08시,수요일,전라남도 고흥군 도화면,중상사고,0,1,0,0,차대사람 - 기타,안전운전불이행,건조,맑음,교차로 - 교차로부근,승용,남,49세,상해없음,보행자,여,43세,중상
2012072500100147,2012년 7월 25일 08시,수요일,전라남도 구례군 산동면,중상사고,0,1,0,0,차량단독 - 전도전복,안전운전불이행,건조,맑음,단일로 - 기타,이륜,남,83세,중상,,,,
2012072500100174,2012년 7월 25일 09시,수요일,전라남도 순천시 조례동,중상사고,0,1,0,0,차대차 - 기타,신호위반,건조,맑음,교차로 - 교차로안,농기계,남,76세,중상,승용,여,37세,상해없음
2012072500100203,2012년 7월 25일 10시,수요일,전라남도 목포시 산정동,경상사고,0,0,1,0,차량단독 - 기타,안전운전불이행,건조,맑음,단일로 - 기타,승용,남,55세,상해없음,,,,
2012072500100204,2012년 7월 25일 10시,수요일,전라남도 여수시 여서동,경상사고,0,0,1,0,차대차 - 측면직각충돌,차로위반,건조,맑음,단일로 - 기타,승용,남,54세,상해없음,원동기,남,19세,경상
2012072500100205,2012년 7월 25일 10시,수요일,전라남도 순천시 장천동,중상사고,0,1,0,0,차대사람 - 기타,안전운전불이행,건조,맑음,단일로 - 기타,화물,여,40세,상해없음,보행자,남,50세,중상
2012072500100206,2012년 7월 25일 10시,수요일,전라남도 영암군 영암읍,중상사고,0,1,0,0,차대차 - 추돌 - 진행중,안전운전불이행,건조,맑음,단일로 - 기타,기타불명,기타불명,기타불명,기타불명,원동기,남,81세,중상
2012072500100270,2012년 7월 25일 12시,수요일,전라남도 해남군 현산면,경상사고,0,0,3,0,차대차 - 추돌 - 주정차중,안전거리미확보,건조,맑음,단일로 - 기타,승용,남,28세,상해없음,승용,남,63세,경상
2012072500100300,2012년 7월 25일 13시,수요일,전라남도 순천시 황전면,경상사고,0,0,1,0,차량단독 - 기타,안전운전불이행,건조,맑음,단일로 - 기타,원동기,남,69세,경상,,,,
2012072500100341,2012년 7월 25일 14시,수요일,전라남도 목포시 대안동,경상사고,0,0,2,0,차대차 - 추돌 - 주정차중,안전운전불이행,건조,맑음,교차로 - 교차로부근,승용,남,53세,상해없음,승용,남,35세,경상
2012072500100367,2012년 7월 25일 15시,수요일,전라남도 순천시 해룡면,경상사고,0,0,1,0,차대차 - 기타,안전거리미확보,건조,맑음,단일로 - 기타,건설기계,남,47세,상해없음,승용,남,32세,경상
2012072500100368,2012년 7월 25일 15시,수요일,전라남도 나주시 다시면,중상사고,0,1,3,0,차대차 - 측면직각충돌,신호위반,건조,맑음,교차로 - 교차로안,승용,남,58세,경상,승용,남,35세,중상
2012072500100369,2012년 7월 25일 15시,수요일,전라남도 영광군 영광읍,경상사고,0,0,1,0,차대사람 - 횡단중,안전운전불이행,건조,맑음,단일로 - 기타,승용,남,63세,상해없음,보행자,여,54세,경상
2012072500100402,2012년 7월 25일 16시,수요일,전라남도 순천시 낙안면,경상사고,0,0,1,0,차량단독 - 공작물충돌,안전운전불이행,건조,맑음,단일로 - 기타,승용,여,48세,경상,,,,
2012072500100476,2012년 7월 25일 18시,수요일,전라남도 신안군 팔금면,중상사고,0,1,0,0,차량단독 - 공작물충돌,안전운전불이행,건조,맑음,단일로 - 기타,화물,남,53세,중상,,,,
2012072500100477,2012년 7월 25일 18시,수요일,전라남도 목포시 상동,경상사고,0,0,3,0,차대차 - 추돌 - 주정차중,안전운전불이행,건조,맑음,단일로 - 기타,승용,남,70세,상해없음,승용,남,44세,경상
2012072500100478,2012년 7월 25일 18시,수요일,전라남도 장성군 장성읍,경상사고,0,0,4,2,차대차 - 기타,차로위반,건조,맑음,단일로 - 기타,화물,남,49세,경상,승용,여,40세,경상
2012072500100520,2012년 7월 25일 19시,수요일,전라남도 순천시 남정동,경상사고,0,0,1,0,차대차 - 기타,안전운전불이행,건조,맑음,교차로 - 교차로안,승용,남,57세,상해없음,자전거,남,14세,경상
2012072500100521,2012년 7월 25일 19시,수요일,전라남도 순천시 연향동,경상사고,0,0,1,0,차대차 - 기타,교차로운행방법위반,건조,맑음,교차로 - 교차로안,승용,여,28세,상해없음,승용,여,29세,경상
2012072500100595,2012년 7월 25일 21시,수요일,전라남도 목포시 옥암동,경상사고,0,0,1,0,차대차 - 추돌 - 진행중,차로위반,건조,맑음,단일로 - 기타,승용,남,51세,상해없음,승합,남,40세,경상
2012072500100596,2012년 7월 25일 21시,수요일,전라남도 광양시 광양읍,경상사고,0,0,1,0,차대차 - 기타,안전운전불이행,건조,맑음,단일로 - 기타,화물,남,48세,상해없음,승용,여,25세,경상
2012072500100629,2012년 7월 25일 22시,수요일,전라남도 여수시 신기동,부상신고사고,0,0,0,1,차대사람 - 보도통행중,신호위반,건조,맑음,단일로 - 기타,승용,남,49세,기타불명,보행자,남,59세,부상신고
2012072600100059,2012년 7월 26일 03시,목요일,전라남도 여수시 오림동,경상사고,0,0,2,0,차대차 - 기타,중앙선침범,건조,맑음,교차로 - 교차로부근,승용,남,36세,기타불명,승용,남,46세,경상
2012072600100070,2012년 7월 26일 04시,목요일,전라남도 무안군 삼향읍,중상사고,0,1,1,0,차대차 - 추돌 - 진행중,안전운전불이행,건조,맑음,미분류 - 미분류,승용,남,45세,중상,화물,남,40세,경상
2012072600100100,2012년 7월 26일 06시,목요일,전라남도 순천시 대룡동,부상신고사고,0,0,0,1,차대사람 - 기타,안전운전불이행,건조,맑음,단일로 - 기타,승용,기타불명,기타불명,기타불명,보행자,남,76세,부상신고
2012072600100117,2012년 7월 26일 07시,목요일,전라남도 순천시 덕암동,중상사고,0,2,1,0,차대차 - 측면직각충돌,신호위반,건조,맑음,교차로 - 교차로안,이륜,남,67세,중상,승용,남,51세,상해없음
2012072600100154,2012년 7월 26일 08시,목요일,전라남도 순천시 연향동,경상사고,0,0,1,0,차대차 - 측면직각충돌,안전운전불이행,건조,맑음,단일로 - 기타,승용,남,50세,상해없음,승용,여,42세,경상
2012072600100155,2012년 7월 26일 08시,목요일,전라남도 해남군 황산면,중상사고,0,1,0,0,차대사람 - 기타,안전운전불이행,건조,맑음,단일로 - 기타,승합,남,49세,상해없음,보행자,여,82세,중상
2012072600100191,2012년 7월 26일 09시,목요일,전라남도 여수시 신월동,중상사고,0,1,0,0,차대차 - 기타,교차로운행방법위반,건조,맑음,교차로 - 교차로안,승합,남,41세,상해없음,자전거,남,35세,중상
2012072600100216,2012년 7월 26일 10시,목요일,전라남도 신안군 압해읍,경상사고,0,0,1,0,차대차 - 기타,중앙선침범,건조,맑음,단일로 - 기타,승용,남,61세,상해없음,승용,여,37세,경상
2012072600100217,2012년 7월 26일 10시,목요일,전라남도 영암군 신북면,중상사고,0,8,8,0,차대차 - 측면직각충돌,과속,건조,맑음,교차로 - 교차로부근,승합,여,23세,경상,승용,남,33세,경상
2012072600100218,2012년 7월 26일 10시,목요일,전라남도 장성군 삼계면,경상사고,0,0,1,0,차대차 - 기타,안전운전불이행,건조,맑음,기타 - 기타,원동기,남,74세,경상,승용,남,31세,상해없음
2012072600100219,2012년 7월 26일 10시,목요일,전라남도 강진군 신전면,중상사고,0,1,1,2,차대차 - 측면직각충돌,직진우회전진행방해,건조,맑음,교차로 - 교차로안,승용,남,69세,상해없음,화물,남,51세,경상
2012072600100257,2012년 7월 26일 11시,목요일,전라남도 여수시 문수동,중상사고,0,1,0,0,차대사람 - 기타,안전운전불이행,건조,맑음,단일로 - 기타,승용,여,51세,상해없음,보행자,여,41세,중상
2012072600100258,2012년 7월 26일 11시,목요일,전라남도 순천시 서면,경상사고,0,0,1,0,차대차 - 추돌 - 주정차중,안전운전불이행,건조,맑음,교차로 - 교차로안,화물,남,48세,경상,화물,남,46세,상해없음
2012072600100259,2012년 7월 26일 11시,목요일,전라남도 나주시 남평읍,경상사고,0,0,3,0,차대차 - 정면충돌,교차로운행방법위반,건조,맑음,교차로 - 교차로안,승용,여,35세,경상,승용,남,30세,경상
2012072600100260,2012년 7월 26일 11시,목요일,전라남도 영광군 백수읍,경상사고,0,0,4,0,차대차 - 정면충돌,중앙선침범,건조,맑음,단일로 - 기타,승용,남,64세,상해없음,승합,남,57세,경상
2012072600100289,2012년 7월 26일 12시,목요일,전라남도 순천시 황전면,경상사고,0,0,1,0,차량단독 - 기타,안전운전불이행,건조,맑음,단일로 - 기타,승용,남,20세,경상,,,,
2012072600100324,2012년 7월 26일 13시,목요일,전라남도 여수시 선원동,사망사고,1,0,0,0,차대사람 - 횡단중,신호위반,건조,맑음,단일로 - 횡단보도상,화물,남,53세,상해없음,보행자,여,88세,사망
2012072600100325,2012년 7월 26일 13시,목요일,전라남도 순천시 중앙동,중상사고,0,1,0,0,차대사람 - 횡단중,보행자보호의무위반,건조,맑음,단일로 - 기타,승용,여,36세,상해없음,보행자,여,9세,중상
2012072600100326,2012년 7월 26일 13시,목요일,전라남도 장흥군 장흥읍,경상사고,0,0,2,0,차대차 - 기타,안전운전불이행,건조,맑음,단일로 - 기타,화물,남,20세,경상,승용,남,22세,경상
2012072600100327,2012년 7월 26일 13시,목요일,전라남도 곡성군 오곡면,중상사고,0,1,0,1,차대차 - 기타,안전운전불이행,건조,맑음,단일로 - 기타,이륜,남,82세,부상신고,승용,남,30세,상해없음
2012072600100328,2012년 7월 26일 13시,목요일,전라남도 광양시 광영동,경상사고,0,0,1,0,차대차 - 측면직각충돌,직진우회전진행방해,건조,맑음,교차로 - 교차로안,화물,남,40세,상해없음,승용,남,48세,경상
2012072600100363,2012년 7월 26일 14시,목요일,전라남도 목포시 무안동,경상사고,0,0,2,0,차대차 - 기타,신호위반,건조,맑음,교차로 - 교차로안,이륜,남,21세,경상,승용,남,56세,경상
2012072600100364,2012년 7월 26일 14시,목요일,전라남도 광양시 중동,경상사고,0,0,1,0,차대사람 - 횡단중,보행자보호의무위반,건조,맑음,단일로 - 기타,승용,여,62세,상해없음,보행자,여,12세,경상
2012072600100408,2012년 7월 26일 15시,목요일,전라남도 순천시 덕암동,중상사고,0,1,0,0,차대사람 - 기타,보행자보호의무위반,건조,맑음,단일로 - 횡단보도상,화물,남,48세,상해없음,보행자,여,56세,중상
2012072600100436,2012년 7월 26일 16시,목요일,전라남도 목포시 무안동,경상사고,0,0,1,0,차대차 - 기타,안전운전불이행,건조,맑음,단일로 - 기타,승용,남,51세,상해없음,승용,남,35세,경상
2012072600100471,2012년 7월 26일 17시,목요일,전라남도 목포시 산정동,경상사고,0,0,1,0,차대차 - 기타,안전운전불이행,건조,맑음,기타 - 기타,승용,남,41세,기타불명,화물,남,39세,경상
2012072600100472,2012년 7월 26일 17시,목요일,전라남도 순천시 연향동,경상사고,0,0,1,0,차대차 - 추돌 - 진행중,안전운전불이행,건조,맑음,단일로 - 기타,화물,남,40세,경상,화물,남,52세,상해없음
2012072600100512,2012년 7월 26일 18시,목요일,전라남도 목포시 옥암동,경상사고,0,0,1,0,차대차 - 기타,중앙선침범,건조,맑음,단일로 - 기타,승용,여,41세,상해없음,승용,여,30세,경상
2012072600100513,2012년 7월 26일 18시,목요일,전라남도 장흥군 장흥읍,경상사고,0,0,1,0,차대사람 - 기타,안전운전불이행,건조,맑음,단일로 - 기타,승용,여,29세,상해없음,보행자,남,14세,경상
2012072600100547,2012년 7월 26일 19시,목요일,전라남도 순천시 오천동,사망사고,1,0,0,0,차대차 - 측면직각충돌,안전운전불이행,건조,맑음,교차로 - 교차로부근,화물,남,46세,상해없음,자전거,남,79세,사망
2012072600100605,2012년 7월 26일 21시,목요일,전라남도 목포시 대성동,경상사고,0,0,1,0,차대차 - 기타,직진우회전진행방해,건조,맑음,교차로 - 교차로안,승용,남,29세,상해없음,자전거,남,21세,경상
2012072600100606,2012년 7월 26일 21시,목요일,전라남도 목포시 산정동,경상사고,0,0,1,0,차대사람 - 길가장자리구역통행중,안전운전불이행,건조,맑음,단일로 - 기타,승용,여,33세,상해없음,보행자,남,46세,경상
2012072600100607,2012년 7월 26일 21시,목요일,전라남도 강진군 강진읍,경상사고,0,0,1,0,차대차 - 측면직각충돌,직진우회전진행방해,건조,맑음,교차로 - 교차로안,승용,남,43세,상해없음,원동기,남,42세,상해없음
2012072600100608,2012년 7월 26일 21시,목요일,전라남도 무안군 청계면,부상신고사고,0,0,0,1,차량단독 - 공작물충돌,안전운전불이행,건조,맑음,교차로 - 교차로부근,화물,남,45세,부상신고,,,,
2012072600100638,2012년 7월 26일 22시,목요일,전라남도 함평군 함평읍,중상사고,0,1,0,0,차대차 - 정면충돌,안전운전불이행,건조,맑음,단일로 - 기타,자전거,여,21세,중상,승용,남,25세,상해없음
2012072700100010,2012년 7월 27일 00시,금요일,전라남도 나주시 남평읍,중상사고,0,2,1,0,차량단독 - 공작물충돌,안전운전불이행,건조,맑음,단일로 - 기타,승용,남,23세,경상,,,,
2012072700100031,2012년 7월 27일 01시,금요일,전라남도 목포시 상동,중상사고,0,1,1,0,차대차 - 기타,신호위반,건조,맑음,교차로 - 교차로안,이륜,남,17세,중상,승용,남,55세,경상
2012072700100032,2012년 7월 27일 01시,금요일,전라남도 순천시 해룡면,경상사고,0,0,3,0,차대차 - 기타,직진우회전진행방해,건조,맑음,교차로 - 교차로안,승용,여,24세,경상,승용,남,36세,경상
2012072700100033,2012년 7월 27일 01시,금요일,전라남도 영광군 영광읍,중상사고,0,1,0,0,차량단독 - 도로외이탈 - 기타,안전운전불이행,건조,맑음,단일로 - 기타,승용,남,30세,중상,,,,
2012072700100034,2012년 7월 27일 01시,금요일,전라남도 나주시 노안면,중상사고,0,1,2,0,차대차 - 추돌 - 주정차중,안전운전불이행,건조,맑음,단일로 - 기타,승용,남,32세,경상,승용,남,28세,상해없음
2012072700100058,2012년 7월 27일 03시,금요일,전라남도 여수시 광무동,중상사고,0,2,0,0,차량단독 - 공작물충돌,안전운전불이행,건조,맑음,단일로 - 기타,승용,남,22세,상해없음,,,,
2012072700100067,2012년 7월 27일 04시,금요일,전라남도 목포시 서산동,경상사고,0,0,2,0,차대차 - 기타,안전운전불이행,건조,맑음,단일로 - 기타,승용,기타불명,42세,기타불명,승합,남,41세,기타불명
2012072700100141,2012년 7월 27일 08시,금요일,전라남도 순천시 별량면,중상사고,0,1,0,0,차량단독 - 기타,안전운전불이행,건조,맑음,단일로 - 기타,승합,남,45세,상해없음,,,,
2012072700100213,2012년 7월 27일 10시,금요일,전라남도 목포시 상동,경상사고,0,0,2,0,차대차 - 기타,안전운전불이행,건조,맑음,단일로 - 기타,승용,여,64세,상해없음,승용,남,27세,경상
2012072700100214,2012년 7월 27일 10시,금요일,전라남도 목포시 죽교동,경상사고,0,0,1,0,차대차 - 기타,안전운전불이행,건조,맑음,교차로 - 교차로안,승용,남,57세,경상,화물,남,25세,상해없음
2012072700100215,2012년 7월 27일 10시,금요일,전라남도 무안군 무안읍,경상사고,0,0,1,0,차대차 - 기타,차로위반,건조,맑음,단일로 - 기타,화물,남,47세,상해없음,이륜,남,78세,경상
2012072700100257,2012년 7월 27일 11시,금요일,전라남도 순천시 중앙동,중상사고,0,1,0,0,차대차 - 기타,안전운전불이행,건조,맑음,단일로 - 기타,승용,여,25세,상해없음,자전거,남,82세,중상
2012072700100258,2012년 7월 27일 11시,금요일,전라남도 순천시 연향동,중상사고,0,1,0,0,차대차 - 측면직각충돌,안전운전불이행,건조,맑음,교차로 - 교차로안,승용,남,54세,상해없음,승용,여,54세,중상
2012072700100259,2012년 7월 27일 11시,금요일,전라남도 영암군 영암읍,중상사고,0,1,4,0,차대차 - 측면직각충돌,안전운전불이행,건조,맑음,교차로 - 교차로안,승용,여,37세,경상,승용,남,32세,중상
2012072700100260,2012년 7월 27일 11시,금요일,전라남도 곡성군 겸면,중상사고,0,2,1,0,차대사람 - 횡단중,안전운전불이행,건조,맑음,단일로 - 기타,원동기,남,74세,경상,보행자,남,80세,중상
2012072700100261,2012년 7월 27일 11시,금요일,전라남도 무안군 무안읍,경상사고,0,0,1,0,차대사람 - 보도통행중,보행자보호의무위반,건조,맑음,교차로 - 교차로안,승용,남,44세,상해없음,보행자,남,43세,경상
2012072700100262,2012년 7월 27일 11시,금요일,전라남도 함평군 함평읍,경상사고,0,0,2,1,차량단독 - 기타,안전운전불이행,건조,맑음,단일로 - 기타,승용,남,19세,부상신고,,,,
2012072700100289,2012년 7월 27일 12시,금요일,전라남도 해남군 현산면,경상사고,0,0,2,0,차대차 - 기타,중앙선침범,건조,맑음,단일로 - 기타,승용,기타불명,기타불명,기타불명,특수,남,32세,상해없음
2012072700100319,2012년 7월 27일 13시,금요일,전라남도 영광군 영광읍,중상사고,0,1,0,0,차량단독 - 전도전복,안전운전불이행,건조,맑음,단일로 - 기타,화물,남,58세,상해없음,,,,
2012072700100345,2012년 7월 27일 14시,금요일,전라남도 화순군 화순읍,경상사고,0,0,3,0,차대차 - 정면충돌,신호위반,건조,맑음,교차로 - 교차로안,승합,남,58세,상해없음,화물,남,29세,경상
2012072700100346,2012년 7월 27일 14시,금요일,전라남도 영암군 신북면,경상사고,0,0,1,0,차대사람 - 횡단중,중앙선침범,건조,맑음,단일로 - 기타,원동기,남,76세,상해없음,보행자,여,51세,경상
2012072700100347,2012년 7월 27일 14시,금요일,전라남도 영암군 삼호읍,경상사고,0,0,1,0,차대차 - 기타,안전운전불이행,건조,맑음,단일로 - 기타,승용,여,40세,상해없음,원동기,남,36세,경상
2012072700100379,2012년 7월 27일 15시,금요일,전라남도 순천시 조례동,경상사고,0,0,1,0,차대차 - 기타,신호위반,건조,맑음,교차로 - 교차로안,승용,여,47세,상해없음,승용,여,37세,경상
2012072700100380,2012년 7월 27일 15시,금요일,전라남도 광양시 광양읍,중상사고,0,1,0,0,차대사람 - 횡단중,보행자보호의무위반,건조,맑음,교차로 - 교차로부근,승합,남,30세,상해없음,보행자,여,69세,중상
2012072700100417,2012년 7월 27일 16시,금요일,전라남도 곡성군 삼기면,중상사고,0,1,0,0,차량단독 - 전도전복,안전운전불이행,건조,맑음,단일로 - 기타,원동기,남,75세,중상,,,,
2012072700100418,2012년 7월 27일 16시,금요일,전라남도 광양시 광양읍,경상사고,0,0,3,0,차대차 - 측면직각충돌,신호위반,건조,맑음,교차로 - 교차로안,승용,여,53세,경상,화물,남,53세,경상
2012072700100462,2012년 7월 27일 17시,금요일,전라남도 순천시 생목동,경상사고,0,0,1,0,차대차 - 추돌 - 주정차중,안전운전불이행,건조,맑음,단일로 - 기타,승용,남,27세,상해없음,승용,남,52세,경상
2012072700100463,2012년 7월 27일 17시,금요일,전라남도 영암군 영암읍,중상사고,0,1,1,0,차대차 - 측면직각충돌,교차로운행방법위반,건조,맑음,교차로 - 교차로안,승용,남,56세,상해없음,화물,남,43세,경상
2012072700100506,2012년 7월 27일 18시,금요일,전라남도 순천시 중앙동,경상사고,0,0,1,0,차대사람 - 횡단중,안전운전불이행,건조,맑음,단일로 - 횡단보도상,승용,여,49세,상해없음,보행자,남,13세,경상
2012072700100533,2012년 7월 27일 19시,금요일,전라남도 나주시 다시면,경상사고,0,0,2,0,차대차 - 기타,안전운전불이행,건조,맑음,단일로 - 기타,화물,기타불명,기타불명,기타불명,자전거,남,72세,경상
2012072700100534,2012년 7월 27일 19시,금요일,전라남도 광양시 태인동,경상사고,0,0,1,0,차대사람 - 보도통행중,안전운전불이행,건조,맑음,단일로 - 기타,승합,여,49세,상해없음,보행자,남,53세,경상
2012072700100574,2012년 7월 27일 20시,금요일,전라남도 신안군 임자면,중상사고,0,1,0,0,차량단독 - 기타,안전운전불이행,건조,흐림,단일로 - 기타,원동기,남,66세,중상,,,,
2012072700100617,2012년 7월 27일 21시,금요일,전라남도 목포시 옥암동,경상사고,0,0,1,0,차대차 - 기타,안전운전불이행,건조,맑음,교차로 - 교차로안,승용,여,44세,경상,승용,남,34세,상해없음
2012072700100618,2012년 7월 27일 21시,금요일,전라남도 목포시 옥암동,경상사고,0,0,2,0,차대차 - 기타,안전운전불이행,건조,흐림,단일로 - 기타,승용,남,44세,상해없음,승용,남,35세,경상
2012072700100619,2012년 7월 27일 21시,금요일,전라남도 순천시 풍덕동,경상사고,0,0,1,0,차대차 - 측면직각충돌,안전운전불이행,건조,맑음,단일로 - 기타,승용,남,37세,상해없음,승용,남,40세,경상
2012072700100693,2012년 7월 27일 23시,금요일,전라남도 여수시 둔덕동,중상사고,0,2,2,0,차대차 - 기타,안전운전불이행,건조,맑음,단일로 - 기타,승용,남,48세,상해없음,승용,남,27세,중상
2012072700100694,2012년 7월 27일 23시,금요일,전라남도 고흥군 금산면,중상사고,0,1,0,0,차대차 - 측면직각충돌,안전운전불이행,건조,맑음,단일로 - 횡단보도상,승용,남,53세,상해없음,자전거,남,14세,중상
2012072800100014,2012년 7월 28일 00시,토요일,전라남도 나주시 노안면,경상사고,0,0,2,0,차대차 - 추돌 - 주정차중,안전운전불이행,건조,맑음,교차로 - 교차로부근,승용,남,26세,상해없음,승용,남,53세,경상
2012072800100102,2012년 7월 28일 05시,토요일,전라남도 해남군 송지면,경상사고,0,0,3,0,차량단독 - 공작물충돌,안전운전불이행,습기,비,단일로 - 기타,승용,남,41세,경상,,,,
2012072800100156,2012년 7월 28일 08시,토요일,전라남도 나주시 노안면,중상사고,0,1,0,0,차대차 - 기타,기타,건조,맑음,교차로 - 교차로안,승용,남,32세,상해없음,원동기,여,49세,중상
2012072800100182,2012년 7월 28일 09시,토요일,전라남도 여수시 웅천동,중상사고,0,2,4,0,차대차 - 추돌 - 진행중,안전운전불이행,건조,맑음,교차로 - 교차로안,승용,남,51세,상해없음,승용,여,21세,중상
2012072800100207,2012년 7월 28일 10시,토요일,전라남도 여수시 문수동,부상신고사고,0,0,0,1,차대사람 - 횡단중,안전운전불이행,건조,맑음,교차로 - 교차로안,기타불명,기타불명,기타불명,기타불명,보행자,여,22세,부상신고
2012072800100208,2012년 7월 28일 10시,토요일,전라남도 순천시 덕월동,경상사고,0,0,2,0,차대차 - 추돌 - 진행중,안전운전불이행,건조,맑음,교차로 - 교차로안,승용,남,62세,상해없음,화물,남,40세,상해없음
2012072800100209,2012년 7월 28일 10시,토요일,전라남도 순천시 서면,중상사고,0,1,0,0,차대차 - 추돌 - 진행중,안전운전불이행,건조,맑음,교차로 - 교차로부근,화물,남,42세,상해없음,원동기,여,56세,중상
2012072800100263,2012년 7월 28일 12시,토요일,전라남도 함평군 해보면,중상사고,0,1,0,0,차대차 - 추돌 - 진행중,안전운전불이행,건조,맑음,단일로 - 터널,화물,남,43세,상해없음,농기계,남,48세,중상
2012072800100264,2012년 7월 28일 12시,토요일,전라남도 완도군 완도읍,경상사고,0,0,1,0,차대차 - 측면직각충돌,신호위반,건조,맑음,교차로 - 교차로안,원동기,남,70세,상해없음,승용,남,65세,상해없음
2012072800100298,2012년 7월 28일 13시,토요일,전라남도 순천시 서면,중상사고,0,1,3,0,차대차 - 정면충돌,신호위반,건조,맑음,교차로 - 교차로안,승용,남,42세,중상,특수,남,42세,경상
2012072800100299,2012년 7월 28일 13시,토요일,전라남도 영광군 법성면,경상사고,0,0,2,0,차대차 - 기타,안전운전불이행,건조,맑음,단일로 - 기타,승용,남,35세,상해없음,승용,여,25세,경상
2012072800100300,2012년 7월 28일 13시,토요일,전라남도 곡성군 삼기면,중상사고,0,1,0,0,차대차 - 기타,중앙선침범,건조,맑음,단일로 - 기타,이륜,남,59세,중상,승용,남,24세,상해없음
2012072800100332,2012년 7월 28일 14시,토요일,전라남도 순천시 승주읍,중상사고,0,1,0,0,차량단독 - 기타,안전운전불이행,건조,맑음,단일로 - 기타,이륜,남,70세,중상,,,,
2012072800100365,2012년 7월 28일 15시,토요일,전라남도 목포시 석현동,중상사고,0,1,2,0,차대차 - 측면직각충돌,안전운전불이행,건조,맑음,단일로 - 기타,건설기계,남,49세,상해없음,승용,남,28세,중상
2012072800100366,2012년 7월 28일 15시,토요일,전라남도 장흥군 장흥읍,부상신고사고,0,0,0,1,차대사람 - 횡단중,안전운전불이행,건조,맑음,단일로 - 기타,승용,남,51세,상해없음,보행자,남,62세,부상신고
2012072800100367,2012년 7월 28일 15시,토요일,전라남도 화순군 동복면,부상신고사고,0,0,0,1,차량단독 - 전도전복,안전운전불이행,건조,맑음,기타 - 기타,농기계,남,74세,부상신고,,,,
2012072800100396,2012년 7월 28일 16시,토요일,전라남도 나주시 삼영동,경상사고,0,0,1,0,차대차 - 측면직각충돌,안전거리미확보,건조,맑음,단일로 - 기타,승용,남,44세,상해없음,승용,여,52세,경상