사고번호,사고일시,요일,시군구,사고내용,사망자수,중상자수,경상자수,부상신고자수,사고유형,법규위반,노면상태,기상상태,도로형태,가해운전자 차종,가해운전자 성별,가해운전자 연령,가해운전자 상해정도,피해운전자 차종,피해운전자 성별,피해운전자 연령,피해운전자 상해정도
2012072800100468,2012년 7월 28일 18시,토요일,전라남도 순천시 해룡면,경상사고,0,0,3,0,차대차 - 측면직각충돌,안전운전불이행,건조,맑음,교차로 - 교차로안,승용,여,45세,경상,승용,남,38세,경상
2012072800100469,2012년 7월 28일 18시,토요일,전라남도 나주시 남평읍,중상사고,0,1,4,1,차대차 - 측면직각충돌,교차로운행방법위반,건조,맑음,교차로 - 교차로안,승용,남,54세,부상신고,승용,남,39세,경상
2012072800100470,2012년 7월 28일 18시,토요일,전라남도 나주시 보산동,경상사고,0,0,1,1,차대차 - 측면직각충돌,안전거리미확보,건조,맑음,단일로 - 기타,승용,여,57세,부상신고,승용,남,39세,경상
2012072800100471,2012년 7월 28일 18시,토요일,전라남도 곡성군 곡성읍,경상사고,0,0,4,0,차대차 - 측면직각충돌,안전거리미확보,건조,맑음,교차로 - 교차로부근,화물,남,37세,상해없음,승용,남,26세,경상
2012072800100502,2012년 7월 28일 19시,토요일,전라남도 여수시 웅천동,중상사고,0,1,0,0,차대사람 - 보도통행중,안전운전불이행,건조,맑음,단일로 - 기타,승용,남,31세,상해없음,보행자,남,4세,중상
2012072800100540,2012년 7월 28일 20시,토요일,전라남도 순천시 조례동,경상사고,0,0,8,0,차대차 - 추돌 - 주정차중,안전운전불이행,건조,맑음,교차로 - 교차로안,승용,남,38세,상해없음,승용,여,32세,경상
2012072800100587,2012년 7월 28일 21시,토요일,전라남도 목포시 산정동,중상사고,0,1,0,0,차대사람 - 횡단중,안전운전불이행,건조,맑음,단일로 - 기타,승용,남,64세,상해없음,보행자,남,60세,중상
2012072800100588,2012년 7월 28일 21시,토요일,전라남도 강진군 강진읍,중상사고,0,1,0,0,차대차 - 측면직각충돌,중앙선침범,건조,맑음,단일로 - 기타,화물,남,52세,기타불명,승용,여,36세,중상
2012072800100651,2012년 7월 28일 23시,토요일,전라남도 영암군 덕진면,경상사고,0,0,3,0,차대차 - 추돌 - 주정차중,안전운전불이행,건조,맑음,교차로 - 교차로부근,승용,남,56세,상해없음,승용,남,38세,경상
2012072900100013,2012년 7월 29일 00시,일요일,전라남도 목포시 연산동,경상사고,0,0,1,0,차대차 - 기타,안전운전불이행,건조,맑음,단일로 - 기타,승용,남,39세,경상,승용,남,59세,상해없음
2012072900100079,2012년 7월 29일 04시,일요일,전라남도 목포시 상동,중상사고,0,1,0,0,차대사람 - 기타,안전운전불이행,건조,맑음,단일로 - 기타,승용,남,42세,상해없음,보행자,남,30세,중상
2012072900100089,2012년 7월 29일 05시,일요일,전라남도 목포시 서산동,중상사고,0,1,0,0,차대차 - 측면직각충돌,안전운전불이행,건조,맑음,단일로 - 기타,승용,남,45세,상해없음,이륜,남,83세,중상
2012072900100129,2012년 7월 29일 08시,일요일,전라남도 목포시 상동,경상사고,0,0,1,0,차량단독 - 공작물충돌,안전운전불이행,건조,맑음,단일로 - 기타,승용,남,25세,경상,,,,
2012072900100130,2012년 7월 29일 08시,일요일,전라남도 화순군 도곡면,중상사고,0,1,0,0,차대차 - 추돌 - 진행중,안전운전불이행,건조,맑음,교차로 - 교차로안,승용,남,36세,상해없음,원동기,남,63세,중상
2012072900100131,2012년 7월 29일 08시,일요일,전라남도 진도군 군내면,중상사고,0,2,2,1,차대차 - 측면직각충돌,중앙선침범,기타,기타,단일로 - 교량,승용,남,61세,부상신고,승용,남,33세,중상
2012072900100146,2012년 7월 29일 09시,일요일,전라남도 순천시 풍덕동,중상사고,0,1,0,0,차대차 - 추돌 - 진행중,안전거리미확보,건조,맑음,단일로 - 기타,승용,남,52세,상해없음,원동기,남,58세,중상
2012072900100187,2012년 7월 29일 11시,일요일,전라남도 여수시 만흥동,중상사고,0,2,0,0,차대차 - 기타,안전운전불이행,건조,맑음,교차로 - 교차로부근,승용,남,36세,상해없음,승용,남,39세,상해없음
2012072900100188,2012년 7월 29일 11시,일요일,전라남도 완도군 신지면,경상사고,0,0,1,0,차대차 - 추돌 - 진행중,안전운전불이행,건조,맑음,교차로 - 교차로안,승용,남,27세,상해없음,화물,여,59세,경상
2012072900100213,2012년 7월 29일 12시,일요일,전라남도 여수시 교동,부상신고사고,0,0,0,1,차대사람 - 기타,보행자보호의무위반,건조,맑음,단일로 - 횡단보도상,승용,남,43세,상해없음,보행자,남,25세,부상신고
2012072900100214,2012년 7월 29일 12시,일요일,전라남도 장성군 삼서면,사망사고,1,0,0,0,차량단독 - 기타,안전운전불이행,건조,맑음,교차로 - 교차로안,승용,남,47세,사망,,,,
2012072900100236,2012년 7월 29일 13시,일요일,전라남도 순천시 별량면,경상사고,0,0,1,0,차대차 - 추돌 - 진행중,안전거리미확보,건조,맑음,단일로 - 기타,승용,남,23세,상해없음,승용,남,74세,경상
2012072900100237,2012년 7월 29일 13시,일요일,전라남도 장흥군 대덕읍,경상사고,0,0,3,0,차대차 - 측면직각충돌,중앙선침범,건조,맑음,단일로 - 기타,승용,남,18세,상해없음,승용,남,48세,경상
2012072900100238,2012년 7월 29일 13시,일요일,전라남도 영광군 불갑면,중상사고,0,1,0,0,차대차 - 기타,직진우회전진행방해,건조,맑음,교차로 - 교차로안,이륜,남,75세,중상,화물,남,51세,상해없음
2012072900100260,2012년 7월 29일 14시,일요일,전라남도 순천시 풍덕동,경상사고,0,0,1,0,차대차 - 추돌 - 진행중,안전거리미확보,건조,맑음,단일로 - 기타,승용,여,38세,상해없음,승용,남,22세,경상
2012072900100261,2012년 7월 29일 14시,일요일,전라남도 영광군 대마면,경상사고,0,0,3,0,차대차 - 기타,신호위반,건조,맑음,교차로 - 교차로안,승용,남,62세,상해없음,승합,남,54세,상해없음
2012072900100262,2012년 7월 29일 14시,일요일,전라남도 담양군 담양읍,경상사고,0,0,6,0,차대차 - 측면직각충돌,교차로운행방법위반,건조,맑음,교차로 - 교차로안,화물,남,24세,경상,승용,남,48세,경상
2012072900100263,2012년 7월 29일 14시,일요일,전라남도 담양군 대전면,중상사고,0,1,1,0,차대차 - 기타,신호위반,건조,맑음,교차로 - 교차로안,화물,남,64세,상해없음,화물,남,64세,경상
2012072900100289,2012년 7월 29일 15시,일요일,전라남도 여수시 율촌면,중상사고,0,1,0,0,차량단독 - 도로외이탈 - 추락,안전운전불이행,건조,맑음,단일로 - 기타,승용,남,52세,중상,,,,
2012072900100290,2012년 7월 29일 15시,일요일,전라남도 여수시 돌산읍,경상사고,0,0,2,0,차대차 - 추돌 - 주정차중,안전운전불이행,건조,맑음,교차로 - 교차로안,승용,남,69세,기타불명,승용,남,32세,경상
2012072900100291,2012년 7월 29일 15시,일요일,전라남도 순천시 중앙동,경상사고,0,0,1,0,차대사람 - 기타,신호위반,건조,맑음,기타 - 기타,원동기,남,18세,상해없음,보행자,남,18세,경상
2012072900100292,2012년 7월 29일 15시,일요일,전라남도 보성군 복내면,중상사고,0,1,0,0,차대차 - 추돌 - 진행중,안전운전불이행,건조,맑음,단일로 - 기타,화물,남,63세,상해없음,농기계,남,71세,중상
2012072900100293,2012년 7월 29일 15시,일요일,전라남도 화순군 능주면,사망사고,1,2,1,0,차량단독 - 공작물충돌,안전운전불이행,건조,맑음,단일로 - 기타,승용,여,34세,경상,,,,
2012072900100326,2012년 7월 29일 16시,일요일,전라남도 목포시 상동,경상사고,0,0,2,0,차대차 - 측면직각충돌,안전거리미확보,건조,맑음,교차로 - 교차로부근,승용,남,73세,상해없음,승용,남,34세,경상
2012072900100327,2012년 7월 29일 16시,일요일,전라남도 목포시 옥암동,중상사고,0,1,1,0,차대차 - 추돌 - 진행중,안전운전불이행,건조,맑음,교차로 - 교차로부근,화물,남,50세,상해없음,승용,여,27세,경상
2012072900100328,2012년 7월 29일 16시,일요일,전라남도 영암군 시종면,사망사고,1,0,0,0,차량단독 - 전도전복,안전운전불이행,건조,맑음,단일로 - 기타,원동기,남,52세,사망,,,,
2012072900100329,2012년 7월 29일 16시,일요일,전라남도 강진군 대구면,경상사고,0,0,4,0,차대차 - 추돌 - 진행중,안전거리미확보,건조,맑음,교차로 - 교차로부근,승용,남,67세,상해없음,승용,남,68세,경상
2012072900100368,2012년 7월 29일 17시,일요일,전라남도 신안군 압해읍,경상사고,0,0,2,1,차대차 - 정면충돌,중앙선침범,건조,맑음,단일로 - 기타,승용,남,39세,부상신고,승용,남,31세,경상
2012072900100369,2012년 7월 29일 17시,일요일,전라남도 여수시 선원동,경상사고,0,0,3,0,차대차 - 기타,신호위반,건조,맑음,교차로 - 교차로안,화물,남,66세,상해없음,승용,남,59세,경상
2012072900100370,2012년 7월 29일 17시,일요일,전라남도 순천시 낙안면,중상사고,0,1,0,0,차대차 - 추돌 - 진행중,안전운전불이행,건조,맑음,단일로 - 기타,승용,남,34세,상해없음,이륜,남,54세,중상
2012072900100371,2012년 7월 29일 17시,일요일,전라남도 순천시 주암면,사망사고,1,0,0,0,차대차 - 측면직각충돌,안전운전불이행,건조,맑음,단일로 - 기타,화물,남,72세,상해없음,이륜,남,74세,사망
2012072900100372,2012년 7월 29일 17시,일요일,전라남도 나주시 남평읍,경상사고,0,0,4,0,차대차 - 측면직각충돌,중앙선침범,건조,맑음,단일로 - 기타,승용,남,40세,경상,승용,남,31세,경상
2012072900100373,2012년 7월 29일 17시,일요일,전라남도 영암군 금정면,중상사고,0,1,5,0,차대차 - 측면직각충돌,신호위반,건조,맑음,교차로 - 교차로안,승용,남,40세,경상,승용,남,44세,중상
2012072900100402,2012년 7월 29일 18시,일요일,전라남도 목포시 옥암동,경상사고,0,0,2,0,차대차 - 측면직각충돌,직진우회전진행방해,건조,맑음,교차로 - 교차로안,승합,남,23세,경상,승용,남,35세,경상
2012072900100403,2012년 7월 29일 18시,일요일,전라남도 나주시 공산면,경상사고,0,0,1,0,차량단독 - 도로외이탈 - 추락,안전운전불이행,건조,맑음,단일로 - 기타,승용,남,78세,경상,,,,
2012072900100404,2012년 7월 29일 18시,일요일,전라남도 해남군 삼산면,경상사고,0,0,1,0,차대차 - 추돌 - 주정차중,안전운전불이행,건조,맑음,단일로 - 기타,원동기,남,50세,경상,화물,남,47세,기타불명
2012072900100431,2012년 7월 29일 19시,일요일,전라남도 무안군 일로읍,경상사고,0,0,2,0,차량단독 - 공작물충돌,안전운전불이행,건조,맑음,교차로 - 교차로부근,화물,남,47세,경상,,,,
2012072900100465,2012년 7월 29일 20시,일요일,전라남도 신안군 지도읍,중상사고,0,1,0,0,차량단독 - 전도전복,안전운전불이행,건조,맑음,단일로 - 기타,이륜,남,64세,중상,,,,
2012072900100466,2012년 7월 29일 20시,일요일,전라남도 구례군 구례읍,경상사고,0,0,1,0,차대차 - 측면직각충돌,안전운전불이행,건조,맑음,단일로 - 기타,화물,남,41세,상해없음,원동기,남,24세,경상
2012072900100490,2012년 7월 29일 21시,일요일,전라남도 여수시 학동,경상사고,0,0,1,0,차대차 - 기타,신호위반,건조,맑음,교차로 - 교차로안,승용,남,62세,상해없음,이륜,남,16세,경상
2012072900100530,2012년 7월 29일 23시,일요일,전라남도 여수시 연등동,경상사고,0,0,1,0,차대차 - 기타,안전운전불이행,건조,맑음,단일로 - 기타,승용,남,27세,상해없음,승합,남,58세,경상
2012072900100531,2012년 7월 29일 23시,일요일,전라남도 순천시 석현동,중상사고,0,1,0,0,차대사람 - 횡단중,보행자보호의무위반,건조,맑음,교차로 - 교차로안,이륜,남,40세,상해없음,보행자,남,21세,중상
2012073000100110,2012년 7월 30일 08시,월요일,전라남도 순천시 풍덕동,경상사고,0,0,1,0,차대차 - 기타,안전운전불이행,건조,맑음,교차로 - 교차로부근,승용,남,52세,상해없음,승용,남,51세,상해없음
2012073000100147,2012년 7월 30일 09시,월요일,전라남도 여수시 신월동,경상사고,0,0,1,0,차대차 - 측면직각충돌,안전운전불이행,건조,맑음,단일로 - 기타,이륜,남,65세,상해없음,승용,여,27세,경상
2012073000100148,2012년 7월 30일 09시,월요일,전라남도 순천시 황전면,중상사고,0,1,0,0,차대차 - 기타,안전운전불이행,건조,맑음,교차로 - 교차로안,승용,남,41세,상해없음,원동기,남,82세,중상
2012073000100149,2012년 7월 30일 09시,월요일,전라남도 화순군 청풍면,중상사고,0,1,0,0,차량단독 - 전도전복,안전운전불이행,건조,맑음,단일로 - 기타,농기계,남,67세,상해없음,,,,
2012073000100180,2012년 7월 30일 10시,월요일,전라남도 여수시 미평동,경상사고,0,0,1,0,차대사람 - 횡단중,신호위반,건조,맑음,단일로 - 기타,승용,남,53세,상해없음,보행자,남,9세,경상
2012073000100213,2012년 7월 30일 11시,월요일,전라남도 구례군 용방면,중상사고,0,1,0,0,차량단독 - 공작물충돌,안전운전불이행,건조,맑음,단일로 - 기타,승용,남,21세,상해없음,,,,
2012073000100241,2012년 7월 30일 12시,월요일,전라남도 장흥군 장동면,경상사고,0,0,2,0,차대차 - 기타,안전운전불이행,건조,맑음,단일로 - 터널,승용,남,44세,경상,화물,남,35세,경상
2012073000100275,2012년 7월 30일 13시,월요일,전라남도 신안군 압해읍,경상사고,0,0,1,0,차대사람 - 기타,안전운전불이행,건조,맑음,단일로 - 기타,화물,남,51세,상해없음,보행자,여,62세,경상
2012073000100276,2012년 7월 30일 13시,월요일,전라남도 여수시 봉산동,경상사고,0,0,1,0,차대차 - 기타,안전운전불이행,건조,맑음,교차로 - 교차로안,승합,남,50세,상해없음,승용,여,32세,경상
2012073000100277,2012년 7월 30일 13시,월요일,전라남도 나주시 동강면,중상사고,0,1,1,0,차대차 - 측면직각충돌,안전운전불이행,건조,맑음,교차로 - 교차로안,화물,남,59세,경상,화물,남,62세,중상
2012073000100278,2012년 7월 30일 13시,월요일,전라남도 곡성군 입면,경상사고,0,0,1,0,차대차 - 기타,교차로운행방법위반,건조,맑음,교차로 - 교차로안,화물,여,64세,상해없음,원동기,남,66세,경상
2012073000100279,2012년 7월 30일 13시,월요일,전라남도 무안군 삼향읍,경상사고,0,0,1,0,차대차 - 측면직각충돌,안전운전불이행,건조,맑음,단일로 - 횡단보도상,자전거,여,19세,경상,승용,남,28세,상해없음
2012073000100280,2012년 7월 30일 13시,월요일,전라남도 광양시 광영동,중상사고,0,1,3,0,차대차 - 추돌 - 주정차중,안전운전불이행,건조,맑음,교차로 - 교차로부근,승용,남,27세,상해없음,승용,여,45세,중상
2012073000100319,2012년 7월 30일 14시,월요일,전라남도 장흥군 장흥읍,부상신고사고,0,0,0,1,차량단독 - 기타,안전운전불이행,건조,맑음,단일로 - 기타,승합,남,44세,부상신고,,,,
2012073000100320,2012년 7월 30일 14시,월요일,전라남도 화순군 춘양면,경상사고,0,0,2,0,차대차 - 측면직각충돌,교차로운행방법위반,건조,맑음,교차로 - 교차로안,화물,남,67세,상해없음,승용,남,61세,경상
2012073000100361,2012년 7월 30일 15시,월요일,전라남도 순천시 풍덕동,경상사고,0,0,1,0,차대차 - 기타,안전운전불이행,건조,맑음,교차로 - 교차로안,승용,남,66세,상해없음,원동기,남,52세,경상
2012073000100362,2012년 7월 30일 15시,월요일,전라남도 나주시 왕곡면,경상사고,0,0,5,0,차대차 - 추돌 - 진행중,안전거리미확보,건조,맑음,단일로 - 기타,화물,남,50세,상해없음,승용,남,53세,경상
2012073000100399,2012년 7월 30일 16시,월요일,전라남도 여수시 화장동,중상사고,0,1,0,0,차대차 - 기타,안전운전불이행,건조,맑음,단일로 - 기타,화물,여,52세,상해없음,이륜,남,20세,중상
2012073000100400,2012년 7월 30일 16시,월요일,전라남도 순천시 가곡동,경상사고,0,0,2,0,차대차 - 기타,안전운전불이행,건조,맑음,단일로 - 기타,원동기,남,62세,기타불명,승용,남,39세,상해없음
2012073000100401,2012년 7월 30일 16시,월요일,전라남도 나주시 세지면,경상사고,0,0,1,0,차대차 - 추돌 - 진행중,안전거리미확보,건조,맑음,단일로 - 기타,승용,남,67세,상해없음,승용,여,41세,경상
2012073000100402,2012년 7월 30일 16시,월요일,전라남도 광양시 중동,경상사고,0,0,1,0,차대차 - 측면직각충돌,직진우회전진행방해,건조,맑음,교차로 - 교차로안,승용,남,27세,상해없음,이륜,남,37세,경상
2012073000100434,2012년 7월 30일 17시,월요일,전라남도 해남군 송지면,중상사고,0,2,1,0,차대차 - 정면충돌,중앙선침범,건조,맑음,단일로 - 기타,승용,여,46세,경상,승용,남,32세,중상
2012073000100481,2012년 7월 30일 18시,월요일,전라남도 영암군 영암읍,중상사고,0,1,0,0,차대사람 - 횡단중,안전운전불이행,건조,맑음,교차로 - 교차로안,승용,남,42세,상해없음,보행자,남,62세,중상
2012073000100513,2012년 7월 30일 19시,월요일,전라남도 순천시 서면,경상사고,0,0,1,0,차량단독 - 공작물충돌,안전운전불이행,건조,맑음,단일로 - 기타,승용,남,64세,기타불명,,,,
2012073000100547,2012년 7월 30일 20시,월요일,전라남도 여수시 웅천동,경상사고,0,0,3,0,차대차 - 추돌 - 주정차중,안전운전불이행,습기,흐림,단일로 - 기타,승용,남,56세,상해없음,승용,여,29세,경상
2012073000100577,2012년 7월 30일 21시,월요일,전라남도 담양군 담양읍,경상사고,0,0,2,0,차대차 - 측면직각충돌,교차로운행방법위반,건조,맑음,교차로 - 교차로안,승용,남,27세,경상,승용,여,47세,상해없음
2012073100100034,2012년 7월 31일 01시,화요일,전라남도 순천시 연향동,부상신고사고,0,0,0,1,차대사람 - 기타,안전운전불이행,건조,맑음,단일로 - 기타,승용,남,37세,기타불명,보행자,여,35세,부상신고
2012073100100035,2012년 7월 31일 01시,화요일,전라남도 영암군 학산면,사망사고,1,0,0,0,차대사람 - 횡단중,안전운전불이행,건조,맑음,단일로 - 기타,승용,남,39세,상해없음,보행자,여,79세,사망
2012073100100043,2012년 7월 31일 02시,화요일,전라남도 여수시 학동,경상사고,0,0,1,0,차대차 - 추돌 - 주정차중,안전운전불이행,건조,맑음,단일로 - 기타,승용,여,23세,상해없음,승용,남,26세,경상
2012073100100056,2012년 7월 31일 04시,화요일,전라남도 장흥군 장흥읍,경상사고,0,0,2,0,차대차 - 기타,신호위반,건조,맑음,교차로 - 교차로안,승용,여,35세,경상,화물,남,36세,경상
2012073100100067,2012년 7월 31일 06시,화요일,전라남도 신안군 증도면,경상사고,0,0,1,0,차량단독 - 공작물충돌,안전운전불이행,건조,맑음,단일로 - 기타,승용,남,41세,경상,,,,
2012073100100113,2012년 7월 31일 08시,화요일,전라남도 장흥군 회진면,경상사고,0,0,3,0,차대차 - 측면직각충돌,중앙선침범,건조,맑음,단일로 - 기타,화물,남,41세,경상,승용,여,38세,경상
2012073100100114,2012년 7월 31일 08시,화요일,전라남도 장흥군 장흥읍,경상사고,0,0,1,0,차대차 - 기타,안전운전불이행,건조,맑음,교차로 - 교차로안,승용,여,48세,경상,승용,남,72세,상해없음
2012073100100165,2012년 7월 31일 10시,화요일,전라남도 광양시 광양읍,경상사고,0,0,1,0,차대차 - 측면직각충돌,교차로운행방법위반,건조,맑음,교차로 - 교차로안,특수,남,47세,상해없음,승용,남,54세,경상
2012073100100192,2012년 7월 31일 11시,화요일,전라남도 목포시 산정동,경상사고,0,0,1,0,차대차 - 측면직각충돌,안전운전불이행,건조,맑음,단일로 - 기타,승용,여,50세,경상,승용,남,44세,상해없음
2012073100100193,2012년 7월 31일 11시,화요일,전라남도 해남군 해남읍,경상사고,0,0,4,0,차대차 - 추돌 - 주정차중,안전운전불이행,건조,맑음,단일로 - 기타,화물,남,67세,상해없음,승용,남,33세,경상
2012073100100194,2012년 7월 31일 11시,화요일,전라남도 진도군 고군면,경상사고,0,0,4,0,차대차 - 측면직각충돌,교차로운행방법위반,건조,맑음,기타 - 기타,승용,남,63세,상해없음,화물,남,29세,경상
2012073100100230,2012년 7월 31일 12시,화요일,전라남도 순천시 매곡동,경상사고,0,0,1,0,차대차 - 기타,직진우회전진행방해,건조,맑음,교차로 - 교차로안,승용,남,39세,상해없음,원동기,남,34세,경상
2012073100100231,2012년 7월 31일 12시,화요일,전라남도 보성군 미력면,경상사고,0,0,1,0,차대차 - 측면직각충돌,교차로운행방법위반,건조,맑음,교차로 - 교차로안,승용,남,44세,기타불명,승용,남,44세,경상
2012073100100256,2012년 7월 31일 13시,화요일,전라남도 목포시 상동,경상사고,0,0,1,0,차대차 - 측면직각충돌,안전운전불이행,건조,맑음,단일로 - 기타,화물,남,34세,상해없음,이륜,남,28세,경상
2012073100100257,2012년 7월 31일 13시,화요일,전라남도 여수시 공화동,경상사고,0,0,2,0,차대차 - 측면직각충돌,교차로운행방법위반,건조,맑음,교차로 - 교차로안,승합,남,35세,상해없음,승용,남,62세,경상
2012073100100258,2012년 7월 31일 13시,화요일,전라남도 여수시 여서동,중상사고,0,2,1,0,차대차 - 기타,안전운전불이행,건조,맑음,교차로 - 교차로안,화물,남,57세,상해없음,승용,남,32세,중상
2012073100100259,2012년 7월 31일 13시,화요일,전라남도 고흥군 봉래면,경상사고,0,0,2,0,차대차 - 기타,중앙선침범,건조,맑음,단일로 - 기타,화물,남,62세,상해없음,승용,남,69세,경상
2012073100100285,2012년 7월 31일 14시,화요일,전라남도 여수시 충무동,경상사고,0,0,1,0,차대사람 - 기타,안전운전불이행,건조,맑음,단일로 - 기타,승용,남,57세,상해없음,보행자,남,53세,경상
2012073100100319,2012년 7월 31일 15시,화요일,전라남도 여수시 중앙동,부상신고사고,0,0,0,1,차대사람 - 기타,안전운전불이행,건조,맑음,단일로 - 기타,승용,기타불명,기타불명,기타불명,보행자,여,11세,부상신고
2012073100100320,2012년 7월 31일 15시,화요일,전라남도 장흥군 용산면,중상사고,0,1,0,0,차량단독 - 기타,안전운전불이행,건조,맑음,단일로 - 기타,화물,여,52세,중상,,,,
2012073100100321,2012년 7월 31일 15시,화요일,전라남도 담양군 대전면,중상사고,0,3,1,0,차대차 - 측면직각충돌,직진우회전진행방해,건조,맑음,교차로 - 교차로안,승용,여,61세,경상,화물,남,43세,중상
2012073100100350,2012년 7월 31일 16시,화요일,전라남도 영광군 백수읍,중상사고,0,1,2,0,차대차 - 추돌 - 진행중,안전운전불이행,건조,맑음,단일로 - 기타,승용,남,29세,상해없음,승용,남,33세,경상
2012073100100384,2012년 7월 31일 17시,화요일,전라남도 목포시 산정동,경상사고,0,0,2,0,차대차 - 측면직각충돌,안전운전불이행,건조,맑음,교차로 - 교차로부근,승용,여,50세,상해없음,승용,여,28세,경상
2012073100100385,2012년 7월 31일 17시,화요일,전라남도 순천시 풍덕동,중상사고,0,1,0,0,차대사람 - 길가장자리구역통행중,안전운전불이행,건조,맑음,교차로 - 교차로부근,이륜,여,24세,상해없음,보행자,여,60세,중상
2012073100100386,2012년 7월 31일 17시,화요일,전라남도 영광군 영광읍,중상사고,0,1,0,0,차대차 - 측면직각충돌,중앙선침범,건조,맑음,단일로 - 기타,승합,남,52세,상해없음,이륜,남,35세,중상
2012073100100418,2012년 7월 31일 18시,화요일,전라남도 영암군 삼호읍,경상사고,0,0,1,0,차대차 - 측면직각충돌,신호위반,건조,맑음,교차로 - 교차로안,승합,남,60세,상해없음,승용,남,28세,경상
2012073100100451,2012년 7월 31일 19시,화요일,전라남도 진도군 지산면,부상신고사고,0,0,0,1,차량단독 - 전도전복,안전운전불이행,건조,맑음,단일로 - 기타,이륜,여,63세,부상신고,,,,
2012073100100479,2012년 7월 31일 20시,화요일,전라남도 나주시 노안면,경상사고,0,0,1,0,차대사람 - 차도통행중,안전운전불이행,건조,맑음,교차로 - 교차로안,승용,남,41세,상해없음,보행자,여,72세,경상
2012073100100480,2012년 7월 31일 20시,화요일,전라남도 담양군 수북면,경상사고,0,0,2,0,차대차 - 기타,안전운전불이행,건조,맑음,교차로 - 교차로안,승용,남,46세,상해없음,승용,여,54세,경상
2012073100100516,2012년 7월 31일 21시,화요일,전라남도 순천시 장천동,중상사고,0,1,1,0,차대사람 - 기타,안전운전불이행,건조,맑음,단일로 - 횡단보도상,원동기,남,17세,중상,보행자,여,20세,경상
2012073100100517,2012년 7월 31일 21시,화요일,전라남도 화순군 화순읍,경상사고,0,0,4,0,차대차 - 측면직각충돌,교차로운행방법위반,건조,맑음,교차로 - 교차로안,승용,여,52세,경상,승용,여,49세,경상
2012073100100558,2012년 7월 31일 22시,화요일,전라남도 광양시 광영동,경상사고,0,0,2,0,차대차 - 측면직각충돌,불법유턴,건조,맑음,교차로 - 교차로안,승용,기타불명,기타불명,기타불명,승용,남,42세,경상
2012073100100592,2012년 7월 31일 23시,화요일,전라남도 여수시 공화동,경상사고,0,0,1,0,차대차 - 추돌 - 진행중,차로위반,건조,맑음,단일로 - 기타,승용,남,49세,상해없음,승합,남,51세,경상
2012073100100593,2012년 7월 31일 23시,화요일,전라남도 순천시 조례동,부상신고사고,0,0,0,1,차대차 - 측면직각충돌,안전운전불이행,건조,맑음,단일로 - 기타,기타불명,기타불명,기타불명,기타불명,이륜,남,16세,상해없음
2012073100100594,2012년 7월 31일 23시,화요일,전라남도 광양시 중동,부상신고사고,0,0,0,1,차대사람 - 횡단중,보행자보호의무위반,건조,맑음,단일로 - 기타,승용,남,52세,상해없음,보행자,남,41세,부상신고
2012080100100048,2012년 8월 1일 03시,수요일,전라남도 순천시 서면,중상사고,0,1,0,0,차량단독 - 공작물충돌,안전운전불이행,건조,맑음,단일로 - 기타,승용,남,28세,중상,,,,
2012080100100049,2012년 8월 1일 03시,수요일,전라남도 장흥군 장흥읍,경상사고,0,0,1,0,차대차 - 기타,안전운전불이행,건조,맑음,단일로 - 기타,승용,남,44세,경상,승용,남,41세,기타불명
2012080100100079,2012년 8월 1일 06시,수요일,전라남도 목포시 용당동,경상사고,0,0,4,0,차대차 - 측면직각충돌,안전운전불이행,건조,맑음,단일로 - 기타,승용,남,46세,상해없음,승용,남,38세,상해없음
2012080100100094,2012년 8월 1일 07시,수요일,전라남도 나주시 다시면,중상사고,0,1,0,0,차대차 - 기타,신호위반,건조,맑음,교차로 - 교차로안,특수,남,44세,상해없음,승합,남,51세,상해없음
2012080100100137,2012년 8월 1일 09시,수요일,전라남도 고흥군 도화면,중상사고,0,1,0,0,차량단독 - 기타,안전운전불이행,건조,맑음,교차로 - 교차로안,이륜,남,81세,중상,,,,
2012080100100201,2012년 8월 1일 11시,수요일,전라남도 순천시 상사면,중상사고,0,1,0,0,차대차 - 기타,안전운전불이행,건조,맑음,단일로 - 기타,승용,남,73세,상해없음,이륜,남,77세,중상
2012080100100202,2012년 8월 1일 11시,수요일,전라남도 순천시 서면,중상사고,0,1,0,0,차량단독 - 공작물충돌,안전운전불이행,건조,맑음,단일로 - 기타,화물,남,44세,상해없음,,,,
2012080100100225,2012년 8월 1일 12시,수요일,전라남도 목포시 죽교동,경상사고,0,0,3,0,차대차 - 측면직각충돌,안전거리미확보,건조,맑음,단일로 - 기타,승용,남,38세,경상,승용,남,51세,경상
2012080100100256,2012년 8월 1일 13시,수요일,전라남도 여수시 신기동,경상사고,0,0,2,0,차대차 - 기타,안전운전불이행,건조,맑음,단일로 - 기타,승용,여,43세,상해없음,승용,여,39세,경상
2012080100100257,2012년 8월 1일 13시,수요일,전라남도 순천시 해룡면,경상사고,0,0,1,0,차대차 - 측면직각충돌,안전운전불이행,건조,맑음,단일로 - 기타,승용,남,49세,상해없음,승용,여,41세,경상
2012080100100258,2012년 8월 1일 13시,수요일,전라남도 담양군 담양읍,중상사고,0,4,1,0,차대차 - 추돌 - 주정차중,안전운전불이행,건조,맑음,단일로 - 횡단보도부근,승용,남,56세,상해없음,승용,여,27세,중상