사고번호,사고일시,요일,시군구,사고내용,사망자수,중상자수,경상자수,부상신고자수,사고유형,법규위반,노면상태,기상상태,도로형태,가해운전자 차종,가해운전자 성별,가해운전자 연령,가해운전자 상해정도,피해운전자 차종,피해운전자 성별,피해운전자 연령,피해운전자 상해정도
2012080100100259,2012년 8월 1일 13시,수요일,전라남도 구례군 구례읍,경상사고,0,0,5,0,차대차 - 측면직각충돌,교차로운행방법위반,건조,맑음,교차로 - 교차로안,승용,남,62세,경상,승용,남,53세,상해없음
2012080100100288,2012년 8월 1일 14시,수요일,전라남도 완도군 완도읍,경상사고,0,0,3,0,차대차 - 기타,안전운전불이행,건조,맑음,단일로 - 기타,승용,여,45세,상해없음,승용,남,46세,경상
2012080100100323,2012년 8월 1일 15시,수요일,전라남도 강진군 군동면,중상사고,0,1,0,0,차대차 - 측면직각충돌,기타,건조,맑음,교차로 - 교차로안,승용,남,51세,상해없음,이륜,남,75세,중상
2012080100100324,2012년 8월 1일 15시,수요일,전라남도 담양군 대전면,경상사고,0,0,3,0,차대차 - 기타,교차로운행방법위반,건조,맑음,교차로 - 교차로안,승용,여,54세,상해없음,승용,여,43세,경상
2012080100100325,2012년 8월 1일 15시,수요일,전라남도 광양시 마동,경상사고,0,0,3,0,차대차 - 측면직각충돌,교차로운행방법위반,건조,맑음,교차로 - 교차로안,화물,여,47세,경상,승합,여,41세,경상
2012080100100348,2012년 8월 1일 16시,수요일,전라남도 장흥군 장흥읍,경상사고,0,0,2,0,차대차 - 측면직각충돌,안전운전불이행,건조,맑음,교차로 - 교차로안,승용,남,18세,상해없음,승용,남,56세,경상
2012080100100349,2012년 8월 1일 16시,수요일,전라남도 담양군 담양읍,경상사고,0,0,3,0,차대차 - 기타,안전운전불이행,건조,맑음,단일로 - 기타,화물,남,66세,상해없음,승용,여,29세,경상
2012080100100378,2012년 8월 1일 17시,수요일,전라남도 순천시 조례동,경상사고,0,0,4,0,차대차 - 측면직각충돌,안전운전불이행,건조,맑음,미분류 - 미분류,승용,남,45세,경상,화물,남,47세,경상
2012080100100379,2012년 8월 1일 17시,수요일,전라남도 장흥군 장흥읍,경상사고,0,0,1,0,차대차 - 추돌 - 주정차중,안전운전불이행,건조,맑음,교차로 - 교차로부근,화물,남,46세,상해없음,승용,여,59세,경상
2012080100100380,2012년 8월 1일 17시,수요일,전라남도 진도군 진도읍,중상사고,0,1,0,0,차량단독 - 전도전복,안전운전불이행,기타,기타,기타 - 기타,승용,남,64세,상해없음,,,,
2012080100100381,2012년 8월 1일 17시,수요일,전라남도 광양시 금호동,경상사고,0,0,1,0,차대차 - 기타,안전운전불이행,건조,맑음,교차로 - 교차로부근,화물,남,58세,상해없음,승용,남,45세,경상
2012080100100416,2012년 8월 1일 18시,수요일,전라남도 목포시 용당동,경상사고,0,0,1,0,차량단독 - 기타,안전운전불이행,건조,맑음,단일로 - 기타,승용,남,53세,상해없음,,,,
2012080100100417,2012년 8월 1일 18시,수요일,전라남도 고흥군 도양읍,경상사고,0,0,1,0,차대사람 - 보도통행중,안전운전불이행,건조,맑음,단일로 - 기타,승용,남,29세,상해없음,보행자,여,52세,경상
2012080100100418,2012년 8월 1일 18시,수요일,전라남도 화순군 화순읍,중상사고,0,1,3,0,차대차 - 측면직각충돌,교차로운행방법위반,건조,맑음,교차로 - 교차로안,승용,여,23세,경상,승용,남,38세,경상
2012080100100419,2012년 8월 1일 18시,수요일,전라남도 장성군 삼계면,경상사고,0,0,1,0,차대차 - 기타,안전운전불이행,건조,맑음,단일로 - 기타,화물,남,27세,상해없음,화물,여,39세,경상
2012080100100420,2012년 8월 1일 18시,수요일,전라남도 무안군 현경면,중상사고,0,1,2,0,차대차 - 측면직각충돌,중앙선침범,건조,맑음,단일로 - 기타,승용,남,52세,경상,승용,남,52세,중상
2012080100100421,2012년 8월 1일 18시,수요일,전라남도 광양시 봉강면,중상사고,0,4,1,0,차대차 - 정면충돌,중앙선침범,건조,맑음,단일로 - 기타,승합,남,44세,경상,승용,남,56세,중상
2012080100100454,2012년 8월 1일 19시,수요일,전라남도 목포시 상동,경상사고,0,0,1,0,차대사람 - 기타,안전운전불이행,건조,맑음,단일로 - 기타,승용,남,52세,상해없음,보행자,남,39세,경상
2012080100100455,2012년 8월 1일 19시,수요일,전라남도 여수시 학동,중상사고,0,1,0,0,차대사람 - 기타,안전운전불이행,건조,맑음,단일로 - 기타,승용,여,48세,상해없음,보행자,남,19세,중상
2012080100100456,2012년 8월 1일 19시,수요일,전라남도 여수시 소호동,중상사고,0,2,0,0,차대차 - 기타,안전운전불이행,건조,맑음,교차로 - 교차로부근,원동기,남,14세,중상,특수,남,42세,기타불명
2012080100100457,2012년 8월 1일 19시,수요일,전라남도 순천시 조례동,경상사고,0,0,1,0,차대사람 - 기타,보행자보호의무위반,건조,맑음,단일로 - 기타,승용,남,21세,상해없음,보행자,남,48세,경상
2012080100100479,2012년 8월 1일 20시,수요일,전라남도 순천시 외서면,경상사고,0,0,2,0,차대차 - 기타,안전운전불이행,건조,맑음,단일로 - 기타,화물,남,54세,경상,농기계,남,76세,기타불명
2012080100100517,2012년 8월 1일 21시,수요일,전라남도 목포시 상동,경상사고,0,0,1,0,차대차 - 추돌 - 진행중,교차로운행방법위반,건조,맑음,교차로 - 교차로안,승용,여,37세,경상,승용,남,31세,상해없음
2012080100100518,2012년 8월 1일 21시,수요일,전라남도 순천시 중앙동,경상사고,0,0,1,0,차대차 - 측면직각충돌,안전운전불이행,건조,맑음,교차로 - 교차로안,승용,남,29세,상해없음,승합,남,47세,상해없음
2012080100100519,2012년 8월 1일 21시,수요일,전라남도 광양시 중동,경상사고,0,0,1,0,차대차 - 측면직각충돌,교차로운행방법위반,건조,맑음,교차로 - 교차로안,승용,남,59세,상해없음,승용,남,27세,상해없음
2012080100100520,2012년 8월 1일 21시,수요일,전라남도 구례군 구례읍,경상사고,0,0,1,0,차대차 - 기타,안전운전불이행,건조,맑음,단일로 - 교량,승용,남,72세,상해없음,화물,남,46세,경상
2012080100100543,2012년 8월 1일 22시,수요일,전라남도 여수시 소라면,중상사고,0,1,0,0,차대차 - 측면직각충돌,중앙선침범,건조,맑음,단일로 - 기타,승용,남,49세,상해없음,이륜,여,43세,중상
2012080100100544,2012년 8월 1일 22시,수요일,전라남도 순천시 연향동,경상사고,0,0,1,0,차대차 - 추돌 - 주정차중,신호위반,건조,맑음,교차로 - 교차로안,승용,남,41세,상해없음,승용,남,43세,상해없음
2012080200100062,2012년 8월 2일 05시,목요일,전라남도 화순군 능주면,경상사고,0,0,1,0,차대차 - 기타,안전운전불이행,건조,맑음,단일로 - 기타,화물,여,50세,상해없음,원동기,남,72세,경상
2012080200100063,2012년 8월 2일 05시,목요일,전라남도 구례군 문척면,부상신고사고,0,0,0,1,차량단독 - 전도전복,안전운전불이행,건조,맑음,단일로 - 기타,이륜,남,69세,부상신고,,,,
2012080200100071,2012년 8월 2일 06시,목요일,전라남도 완도군 보길면,경상사고,0,0,1,0,차대사람 - 길가장자리구역통행중,안전운전불이행,건조,맑음,단일로 - 기타,승용,남,59세,상해없음,보행자,남,58세,경상
2012080200100107,2012년 8월 2일 08시,목요일,전라남도 목포시 옥암동,경상사고,0,0,1,0,차대차 - 측면직각충돌,신호위반,건조,맑음,교차로 - 교차로안,승용,여,30세,상해없음,승용,여,42세,경상
2012080200100108,2012년 8월 2일 08시,목요일,전라남도 순천시 장천동,중상사고,0,1,0,0,차대사람 - 횡단중,보행자보호의무위반,건조,맑음,단일로 - 횡단보도상,화물,남,53세,상해없음,보행자,여,76세,중상
2012080200100109,2012년 8월 2일 08시,목요일,전라남도 영암군 삼호읍,중상사고,0,2,1,0,차대차 - 측면직각충돌,안전운전불이행,건조,맑음,단일로 - 기타,화물,남,76세,중상,승합,남,66세,경상
2012080200100131,2012년 8월 2일 09시,목요일,전라남도 목포시 용당동,중상사고,0,1,0,0,차대차 - 기타,안전운전불이행,건조,맑음,단일로 - 기타,원동기,남,57세,중상,승용,남,60세,기타불명
2012080200100132,2012년 8월 2일 09시,목요일,전라남도 고흥군 두원면,경상사고,0,0,1,0,차대차 - 측면직각충돌,안전운전불이행,건조,맑음,단일로 - 기타,원동기,남,79세,경상,화물,남,41세,상해없음
2012080200100188,2012년 8월 2일 11시,목요일,전라남도 여수시 중앙동,중상사고,0,1,0,0,차대사람 - 기타,보행자보호의무위반,건조,맑음,단일로 - 횡단보도상,승용,여,64세,상해없음,보행자,여,56세,중상
2012080200100189,2012년 8월 2일 11시,목요일,전라남도 나주시 동강면,사망사고,1,0,0,0,차량단독 - 기타,안전운전불이행,건조,맑음,단일로 - 기타,농기계,남,72세,사망,,,,
2012080200100190,2012년 8월 2일 11시,목요일,전라남도 무안군 삼향읍,경상사고,0,0,2,0,차대차 - 측면직각충돌,신호위반,건조,맑음,교차로 - 교차로안,화물,남,58세,상해없음,승용,남,54세,경상
2012080200100219,2012년 8월 2일 12시,목요일,전라남도 여수시 돌산읍,중상사고,0,1,0,0,차대차 - 기타,안전운전불이행,건조,맑음,단일로 - 기타,승용,남,61세,상해없음,승용,여,42세,상해없음
2012080200100250,2012년 8월 2일 13시,목요일,전라남도 순천시 조례동,중상사고,0,1,0,0,차대사람 - 횡단중,보행자보호의무위반,건조,맑음,교차로 - 교차로안,승합,여,39세,상해없음,보행자,여,66세,중상
2012080200100251,2012년 8월 2일 13시,목요일,전라남도 고흥군 점암면,경상사고,0,0,1,0,차대차 - 정면충돌,안전운전불이행,건조,맑음,단일로 - 기타,이륜,남,73세,경상,승용,남,60세,상해없음
2012080200100252,2012년 8월 2일 13시,목요일,전라남도 보성군 조성면,중상사고,0,1,2,0,차량단독 - 도로외이탈 - 추락,안전운전불이행,습기,흐림,단일로 - 기타,승용,남,20세,경상,,,,
2012080200100278,2012년 8월 2일 14시,목요일,전라남도 순천시 송광면,경상사고,0,0,4,0,차대차 - 정면충돌,중앙선침범,건조,맑음,단일로 - 기타,승용,남,62세,경상,승용,여,56세,경상
2012080200100304,2012년 8월 2일 15시,목요일,전라남도 여수시 봉산동,중상사고,0,1,0,0,차대차 - 기타,중앙선침범,건조,맑음,단일로 - 기타,자전거,남,53세,중상,승용,여,32세,상해없음
2012080200100305,2012년 8월 2일 15시,목요일,전라남도 순천시 해룡면,경상사고,0,0,1,0,차대차 - 추돌 - 주정차중,안전운전불이행,건조,맑음,단일로 - 기타,승용,남,42세,상해없음,승용,여,35세,경상
2012080200100345,2012년 8월 2일 16시,목요일,전라남도 순천시 석현동,경상사고,0,0,1,0,차대차 - 추돌 - 진행중,안전운전불이행,건조,맑음,단일로 - 기타,승용,남,28세,상해없음,승용,남,61세,경상
2012080200100346,2012년 8월 2일 16시,목요일,전라남도 해남군 화산면,경상사고,0,0,1,0,차대차 - 기타,교차로운행방법위반,건조,맑음,교차로 - 교차로부근,화물,남,42세,상해없음,농기계,남,79세,경상
2012080200100347,2012년 8월 2일 16시,목요일,전라남도 무안군 현경면,경상사고,0,0,4,0,차대차 - 측면직각충돌,중앙선침범,건조,맑음,단일로 - 기타,화물,남,58세,상해없음,승용,남,53세,경상
2012080200100348,2012년 8월 2일 16시,목요일,전라남도 무안군 현경면,경상사고,0,0,2,0,차대차 - 기타,안전거리미확보,건조,맑음,단일로 - 기타,화물,남,38세,상해없음,승용,여,53세,경상
2012080200100412,2012년 8월 2일 18시,목요일,전라남도 목포시 옥암동,경상사고,0,0,3,0,차대차 - 기타,안전운전불이행,건조,맑음,단일로 - 기타,화물,남,30세,경상,화물,남,30세,경상
2012080200100413,2012년 8월 2일 18시,목요일,전라남도 목포시 용해동,중상사고,0,1,1,0,차대사람 - 보도통행중,안전운전불이행,건조,맑음,단일로 - 기타,승용,여,53세,경상,보행자,여,75세,중상
2012080200100414,2012년 8월 2일 18시,목요일,전라남도 순천시 조례동,중상사고,0,2,1,0,차대차 - 측면직각충돌,교차로운행방법위반,건조,맑음,교차로 - 교차로안,승용,여,32세,경상,승합,남,49세,상해없음
2012080200100490,2012년 8월 2일 20시,목요일,전라남도 목포시 동명동,경상사고,0,0,2,0,차대차 - 기타,안전운전불이행,건조,맑음,단일로 - 기타,승용,남,52세,상해없음,승용,남,64세,경상
2012080200100491,2012년 8월 2일 20시,목요일,전라남도 여수시 문수동,경상사고,0,0,1,1,차대차 - 기타,안전운전불이행,건조,맑음,단일로 - 기타,기타불명,기타불명,기타불명,기타불명,승합,남,42세,경상
2012080200100492,2012년 8월 2일 20시,목요일,전라남도 순천시 대룡동,경상사고,0,0,1,0,차대차 - 측면직각충돌,신호위반,건조,맑음,교차로 - 교차로부근,승용,여,45세,상해없음,승용,여,32세,경상
2012080200100493,2012년 8월 2일 20시,목요일,전라남도 장흥군 장흥읍,경상사고,0,0,1,0,차대사람 - 기타,안전운전불이행,건조,맑음,단일로 - 기타,승용,남,31세,상해없음,보행자,남,7세,경상
2012080200100527,2012년 8월 2일 21시,목요일,전라남도 화순군 남면,중상사고,0,1,0,0,차량단독 - 전도전복,안전운전불이행,건조,맑음,단일로 - 기타,승용,남,41세,중상,,,,
2012080200100528,2012년 8월 2일 21시,목요일,전라남도 영암군 영암읍,경상사고,0,0,1,0,차대사람 - 차도통행중,안전운전불이행,건조,맑음,단일로 - 기타,승용,여,39세,상해없음,보행자,남,29세,경상
2012080200100529,2012년 8월 2일 21시,목요일,전라남도 광양시 중동,경상사고,0,0,1,0,차대사람 - 보도통행중,안전운전불이행,건조,맑음,단일로 - 횡단보도부근,승용,남,44세,상해없음,보행자,남,48세,경상
2012080200100549,2012년 8월 2일 22시,목요일,전라남도 순천시 옥천동,경상사고,0,0,1,0,차대차 - 추돌 - 주정차중,안전운전불이행,건조,맑음,단일로 - 교량,이륜,남,68세,경상,승용,남,32세,상해없음
2012080200100579,2012년 8월 2일 23시,목요일,전라남도 여수시 오림동,경상사고,0,0,3,0,차대차 - 측면직각충돌,안전운전불이행,건조,맑음,단일로 - 기타,승용,여,51세,기타불명,승용,남,58세,경상
2012080200100580,2012년 8월 2일 23시,목요일,전라남도 여수시 중흥동,경상사고,0,0,4,0,차대차 - 추돌 - 주정차중,안전거리미확보,건조,맑음,교차로 - 교차로부근,승용,남,21세,상해없음,승용,남,50세,경상
2012080200100581,2012년 8월 2일 23시,목요일,전라남도 여수시 중흥동,경상사고,0,0,4,0,차대차 - 측면직각충돌,차로위반,건조,맑음,단일로 - 기타,승합,남,66세,상해없음,승용,남,49세,경상
2012080200100582,2012년 8월 2일 23시,목요일,전라남도 순천시 서면,중상사고,0,1,6,0,차대차 - 측면직각충돌,안전운전불이행,건조,맑음,단일로 - 기타,승합,남,40세,경상,승용,남,43세,경상
2012080200100583,2012년 8월 2일 23시,목요일,전라남도 순천시 가곡동,중상사고,0,1,1,0,차대차 - 추돌 - 주정차중,안전운전불이행,건조,맑음,단일로 - 기타,승합,남,49세,상해없음,승용,남,49세,경상
2012080200100584,2012년 8월 2일 23시,목요일,전라남도 광양시 마동,경상사고,0,0,2,0,차대사람 - 차도통행중,보행자보호의무위반,건조,맑음,단일로 - 기타,원동기,남,17세,경상,보행자,남,51세,경상
2012080300100030,2012년 8월 3일 01시,금요일,전라남도 순천시 조례동,경상사고,0,0,3,0,차대차 - 추돌 - 주정차중,안전운전불이행,건조,맑음,교차로 - 교차로부근,승용,남,50세,상해없음,승용,남,43세,경상
2012080300100056,2012년 8월 3일 04시,금요일,전라남도 영암군 삼호읍,사망사고,1,0,0,0,차량단독 - 도로외이탈 - 기타,안전운전불이행,건조,맑음,교차로 - 교차로안,승용,남,30세,사망,,,,
2012080300100057,2012년 8월 3일 04시,금요일,전라남도 강진군 도암면,경상사고,0,0,1,0,차대차 - 추돌 - 진행중,안전운전불이행,건조,맑음,단일로 - 기타,승용,남,38세,상해없음,승용,남,53세,경상
2012080300100104,2012년 8월 3일 07시,금요일,전라남도 여수시 신기동,중상사고,0,1,0,0,차대사람 - 길가장자리구역통행중,안전운전불이행,건조,맑음,단일로 - 기타,승용,남,43세,상해없음,보행자,남,38세,중상
2012080300100122,2012년 8월 3일 08시,금요일,전라남도 여수시 화치동,중상사고,0,2,2,0,차대차 - 기타,안전운전불이행,건조,맑음,단일로 - 기타,승합,남,56세,상해없음,화물,남,55세,중상
2012080300100123,2012년 8월 3일 08시,금요일,전라남도 장성군 북하면,경상사고,0,0,1,0,차대차 - 기타,안전운전불이행,건조,맑음,단일로 - 기타,화물,남,37세,상해없음,승용,남,40세,상해없음
2012080300100144,2012년 8월 3일 09시,금요일,전라남도 고흥군 동강면,경상사고,0,0,2,0,차대차 - 추돌 - 진행중,안전거리미확보,건조,맑음,단일로 - 기타,승용,남,45세,상해없음,승용,남,56세,경상
2012080300100208,2012년 8월 3일 11시,금요일,전라남도 여수시 월내동,경상사고,0,0,1,0,차대차 - 기타,안전거리미확보,건조,맑음,교차로 - 교차로부근,승용,남,30세,상해없음,승용,여,33세,경상
2012080300100240,2012년 8월 3일 12시,금요일,전라남도 곡성군 삼기면,경상사고,0,0,1,0,차대차 - 기타,안전운전불이행,건조,맑음,단일로 - 기타,특수,남,41세,상해없음,승용,여,29세,경상
2012080300100264,2012년 8월 3일 13시,금요일,전라남도 여수시 낙포동,사망사고,1,1,2,0,차대차 - 측면직각충돌,교차로운행방법위반,건조,맑음,교차로 - 교차로안,건설기계,남,53세,상해없음,승용,남,58세,경상
2012080300100289,2012년 8월 3일 14시,금요일,전라남도 순천시 서면,중상사고,0,1,1,0,차대차 - 측면직각충돌,기타,건조,맑음,교차로 - 교차로안,승용,남,30세,중상,승용,남,42세,경상
2012080300100313,2012년 8월 3일 15시,금요일,전라남도 목포시 산정동,경상사고,0,0,1,0,차대차 - 측면직각충돌,직진우회전진행방해,건조,맑음,교차로 - 교차로안,승용,남,23세,상해없음,자전거,남,14세,경상
2012080300100314,2012년 8월 3일 15시,금요일,전라남도 순천시 장천동,사망사고,1,0,0,0,차대사람 - 횡단중,신호위반,건조,맑음,단일로 - 횡단보도상,승합,남,56세,상해없음,보행자,여,70세,사망
2012080300100315,2012년 8월 3일 15시,금요일,전라남도 순천시 가곡동,중상사고,0,1,0,0,차대차 - 측면직각충돌,안전운전불이행,건조,맑음,단일로 - 기타,이륜,남,16세,상해없음,승용,여,46세,중상
2012080300100355,2012년 8월 3일 16시,금요일,전라남도 화순군 동복면,사망사고,1,0,0,0,차대사람 - 기타,안전운전불이행,건조,맑음,단일로 - 기타,승용,남,40세,상해없음,보행자,여,91세,사망
2012080300100439,2012년 8월 3일 18시,금요일,전라남도 신안군 압해읍,중상사고,0,2,2,0,차량단독 - 공작물충돌,안전운전불이행,건조,맑음,단일로 - 기타,승합,남,36세,중상,,,,
2012080300100440,2012년 8월 3일 18시,금요일,전라남도 강진군 군동면,경상사고,0,0,2,0,차대차 - 추돌 - 진행중,안전거리미확보,건조,맑음,교차로 - 교차로부근,원동기,남,53세,경상,승용,남,31세,상해없음
2012080300100484,2012년 8월 3일 19시,금요일,전라남도 화순군 화순읍,경상사고,0,0,1,0,차대차 - 추돌 - 진행중,안전운전불이행,건조,맑음,단일로 - 기타,승용,남,46세,상해없음,승용,남,48세,경상
2012080300100513,2012년 8월 3일 20시,금요일,전라남도 목포시 산정동,경상사고,0,0,1,0,차대차 - 추돌 - 주정차중,안전운전불이행,건조,맑음,단일로 - 기타,승용,남,51세,상해없음,승용,남,37세,상해없음
2012080300100514,2012년 8월 3일 20시,금요일,전라남도 여수시 신월동,사망사고,1,3,1,0,차대차 - 측면직각충돌,안전거리미확보,건조,맑음,단일로 - 기타,승용,남,25세,중상,승용,남,30세,중상
2012080300100515,2012년 8월 3일 20시,금요일,전라남도 영암군 신북면,경상사고,0,0,8,0,차대차 - 측면직각충돌,안전운전불이행,건조,맑음,교차로 - 교차로안,승용,남,30세,경상,승용,남,43세,경상
2012080300100516,2012년 8월 3일 20시,금요일,전라남도 강진군 칠량면,중상사고,0,3,0,0,차대차 - 추돌 - 진행중,안전운전불이행,건조,맑음,단일로 - 기타,화물,남,48세,상해없음,농기계,남,50세,중상
2012080300100553,2012년 8월 3일 21시,금요일,전라남도 신안군 지도읍,중상사고,0,1,0,0,차량단독 - 공작물충돌,안전운전불이행,건조,맑음,단일로 - 교량,화물,남,51세,중상,,,,
2012080300100554,2012년 8월 3일 21시,금요일,전라남도 여수시 화양면,경상사고,0,0,1,0,차대차 - 기타,안전운전불이행,건조,맑음,단일로 - 기타,화물,남,63세,상해없음,농기계,남,68세,경상
2012080300100555,2012년 8월 3일 21시,금요일,전라남도 순천시 연향동,경상사고,0,0,1,0,차대차 - 측면직각충돌,안전운전불이행,건조,맑음,교차로 - 교차로부근,승용,남,32세,상해없음,승용,여,42세,경상
2012080300100556,2012년 8월 3일 21시,금요일,전라남도 해남군 해남읍,경상사고,0,0,2,0,차대차 - 측면직각충돌,신호위반,건조,맑음,교차로 - 교차로안,승합,여,51세,상해없음,승합,남,50세,경상
2012080300100588,2012년 8월 3일 22시,금요일,전라남도 목포시 상동,중상사고,0,1,0,0,차대사람 - 횡단중,보행자보호의무위반,건조,맑음,단일로 - 횡단보도부근,승용,남,23세,상해없음,보행자,여,28세,중상
2012080400100028,2012년 8월 4일 01시,토요일,전라남도 무안군 삼향읍,중상사고,0,1,5,0,차대차 - 기타,교차로운행방법위반,건조,맑음,교차로 - 교차로안,승용,남,41세,경상,승용,여,44세,경상
2012080400100029,2012년 8월 4일 01시,토요일,전라남도 진도군 군내면,경상사고,0,0,3,0,차대차 - 추돌 - 진행중,중앙선침범,건조,맑음,교차로 - 교차로부근,승용,남,44세,상해없음,승용,남,18세,경상
2012080400100030,2012년 8월 4일 01시,토요일,전라남도 광양시 금호동,경상사고,0,0,2,0,차대차 - 측면직각충돌,교차로운행방법위반,건조,맑음,교차로 - 교차로부근,승용,남,51세,상해없음,승용,남,28세,경상
2012080400100041,2012년 8월 4일 02시,토요일,전라남도 목포시 용해동,중상사고,0,1,0,0,차량단독 - 공작물충돌,안전운전불이행,건조,맑음,단일로 - 교량,승용,남,29세,중상,,,,
2012080400100042,2012년 8월 4일 02시,토요일,전라남도 광양시 광영동,중상사고,0,1,0,0,차대사람 - 차도통행중,안전운전불이행,건조,맑음,교차로 - 교차로부근,승용,남,34세,상해없음,보행자,남,25세,중상
2012080400100065,2012년 8월 4일 04시,토요일,전라남도 여수시 안산동,중상사고,0,1,0,0,차대차 - 정면충돌,중앙선침범,건조,맑음,단일로 - 기타,승용,남,56세,상해없음,승용,남,26세,중상
2012080400100100,2012년 8월 4일 07시,토요일,전라남도 여수시 돌산읍,경상사고,0,0,1,0,차량단독 - 공작물충돌,안전운전불이행,건조,맑음,단일로 - 기타,승용,남,44세,상해없음,,,,
2012080400100109,2012년 8월 4일 08시,토요일,전라남도 함평군 손불면,중상사고,0,2,0,0,차량단독 - 도로외이탈 - 기타,안전운전불이행,건조,맑음,단일로 - 기타,승용,여,44세,중상,,,,
2012080400100129,2012년 8월 4일 09시,토요일,전라남도 여수시 문수동,경상사고,0,0,1,0,차대사람 - 횡단중,신호위반,건조,맑음,교차로 - 교차로부근,승합,남,39세,상해없음,보행자,남,50세,경상
2012080400100156,2012년 8월 4일 10시,토요일,전라남도 여수시 돌산읍,경상사고,0,0,1,0,차대차 - 기타,안전거리미확보,건조,맑음,단일로 - 기타,승용,남,57세,상해없음,승용,남,32세,상해없음
2012080400100218,2012년 8월 4일 12시,토요일,전라남도 목포시 옥암동,경상사고,0,0,2,0,차대차 - 추돌 - 진행중,안전거리미확보,건조,맑음,교차로 - 교차로부근,승용,남,27세,상해없음,승용,여,45세,경상
2012080400100219,2012년 8월 4일 12시,토요일,전라남도 나주시 삼영동,경상사고,0,0,4,0,차대차 - 기타,교차로운행방법위반,건조,맑음,교차로 - 교차로안,승용,남,62세,상해없음,승용,여,43세,경상
2012080400100220,2012년 8월 4일 12시,토요일,전라남도 해남군 북일면,경상사고,0,0,6,0,차대차 - 측면직각충돌,교차로운행방법위반,건조,맑음,교차로 - 교차로안,승용,남,43세,경상,승용,남,49세,경상
2012080400100249,2012년 8월 4일 13시,토요일,전라남도 장흥군 안양면,경상사고,0,0,1,0,차대차 - 기타,안전운전불이행,건조,맑음,단일로 - 기타,원동기,남,36세,경상,농기계,남,64세,상해없음
2012080400100283,2012년 8월 4일 14시,토요일,전라남도 장성군 삼서면,중상사고,0,3,1,0,차량단독 - 전도전복,안전운전불이행,건조,맑음,단일로 - 기타,승용,남,63세,경상,,,,
2012080400100284,2012년 8월 4일 14시,토요일,전라남도 강진군 신전면,경상사고,0,0,1,0,차량단독 - 도로외이탈 - 기타,안전운전불이행,건조,맑음,단일로 - 기타,승용,남,21세,상해없음,,,,
2012080400100285,2012년 8월 4일 14시,토요일,전라남도 강진군 군동면,경상사고,0,0,1,0,차대차 - 측면직각충돌,안전운전불이행,건조,맑음,교차로 - 교차로안,승용,남,70세,상해없음,승용,남,38세,상해없음
2012080400100286,2012년 8월 4일 14시,토요일,전라남도 담양군 창평면,경상사고,0,0,1,0,차대차 - 추돌 - 진행중,안전운전불이행,건조,맑음,단일로 - 기타,승용,남,60세,상해없음,승용,남,54세,경상
2012080400100318,2012년 8월 4일 15시,토요일,전라남도 여수시 교동,경상사고,0,0,1,0,차대사람 - 기타,안전운전불이행,건조,맑음,교차로 - 교차로안,승용,남,62세,상해없음,보행자,남,1세,경상
2012080400100319,2012년 8월 4일 15시,토요일,전라남도 담양군 남면,경상사고,0,0,2,0,차대차 - 기타,교차로운행방법위반,건조,맑음,교차로 - 교차로안,화물,남,27세,상해없음,승용,남,35세,경상
2012080400100346,2012년 8월 4일 16시,토요일,전라남도 해남군 마산면,중상사고,0,1,5,0,차대차 - 측면직각충돌,신호위반,건조,맑음,교차로 - 교차로안,승용,남,41세,상해없음,승용,남,34세,중상
2012080400100347,2012년 8월 4일 16시,토요일,전라남도 영암군 삼호읍,경상사고,0,0,1,0,차대차 - 추돌 - 주정차중,안전운전불이행,건조,맑음,교차로 - 교차로부근,승용,남,52세,상해없음,승용,남,34세,경상
2012080400100348,2012년 8월 4일 16시,토요일,전라남도 강진군 칠량면,경상사고,0,0,2,0,차량단독 - 도로외이탈 - 기타,안전운전불이행,건조,맑음,단일로 - 기타,승용,남,54세,경상,,,,
2012080400100381,2012년 8월 4일 17시,토요일,전라남도 보성군 벌교읍,경상사고,0,0,4,0,차대차 - 정면충돌,안전운전불이행,건조,맑음,교차로 - 교차로안,승용,여,29세,경상,승용,남,52세,경상
2012080400100408,2012년 8월 4일 18시,토요일,전라남도 여수시 신기동,중상사고,0,1,0,0,차대차 - 측면직각충돌,신호위반,건조,맑음,교차로 - 교차로안,승용,남,54세,상해없음,이륜,남,60세,중상
2012080400100409,2012년 8월 4일 18시,토요일,전라남도 영암군 삼호읍,경상사고,0,0,2,0,차대차 - 측면직각충돌,안전운전불이행,건조,맑음,단일로 - 기타,화물,남,60세,상해없음,승용,남,29세,경상
2012080400100410,2012년 8월 4일 18시,토요일,전라남도 장성군 진원면,경상사고,0,0,2,0,차대차 - 측면직각충돌,교차로운행방법위반,건조,맑음,교차로 - 교차로안,승용,여,35세,경상,승용,남,32세,경상
2012080400100440,2012년 8월 4일 19시,토요일,전라남도 진도군 지산면,중상사고,0,1,0,0,차대차 - 측면직각충돌,안전운전불이행,건조,맑음,단일로 - 기타,승용,여,63세,상해없음,이륜,남,53세,중상
2012080400100441,2012년 8월 4일 19시,토요일,전라남도 광양시 중동,경상사고,0,0,1,0,차대차 - 측면직각충돌,안전거리미확보,건조,맑음,교차로 - 교차로부근,승용,남,58세,상해없음,이륜,남,18세,경상
2012080400100473,2012년 8월 4일 20시,토요일,전라남도 순천시 연향동,경상사고,0,0,2,0,차대차 - 기타,신호위반,건조,맑음,교차로 - 교차로안,승용,여,35세,경상,승용,남,51세,경상