사고번호,사고일시,요일,시군구,사고내용,사망자수,중상자수,경상자수,부상신고자수,사고유형,법규위반,노면상태,기상상태,도로형태,가해운전자 차종,가해운전자 성별,가해운전자 연령,가해운전자 상해정도,피해운전자 차종,피해운전자 성별,피해운전자 연령,피해운전자 상해정도
2012081300100107,2012년 8월 13일 08시,월요일,전라남도 나주시 다시면,부상신고사고,0,0,0,1,차량단독 - 공작물충돌,안전운전불이행,습기,비,단일로 - 기타,승용,남,29세,부상신고,,,,
2012081300100131,2012년 8월 13일 09시,월요일,전라남도 여수시 월내동,경상사고,0,0,1,0,차대차 - 추돌 - 진행중,안전운전불이행,건조,맑음,단일로 - 기타,화물,남,60세,상해없음,승용,남,57세,상해없음
2012081300100192,2012년 8월 13일 11시,월요일,전라남도 나주시 경현동,경상사고,0,0,1,0,차대차 - 기타,기타,습기,비,단일로 - 기타,건설기계,남,40세,상해없음,승합,남,51세,경상
2012081300100193,2012년 8월 13일 11시,월요일,전라남도 해남군 해남읍,중상사고,0,1,0,0,차대차 - 기타,안전운전불이행,건조,맑음,단일로 - 기타,화물,남,47세,상해없음,자전거,남,88세,중상
2012081300100194,2012년 8월 13일 11시,월요일,전라남도 광양시 광영동,경상사고,0,0,1,0,차대차 - 측면직각충돌,교차로운행방법위반,건조,맑음,교차로 - 교차로안,화물,남,29세,상해없음,승용,남,58세,경상
2012081300100228,2012년 8월 13일 12시,월요일,전라남도 여수시 미평동,중상사고,0,1,2,0,차대차 - 추돌 - 주정차중,안전운전불이행,습기,비,미분류 - 미분류,승용,남,48세,상해없음,승용,남,33세,중상
2012081300100229,2012년 8월 13일 12시,월요일,전라남도 화순군 화순읍,중상사고,0,1,1,2,차대차 - 추돌 - 진행중,안전운전불이행,건조,맑음,단일로 - 기타,화물,남,28세,상해없음,승용,여,50세,경상
2012081300100230,2012년 8월 13일 12시,월요일,전라남도 영암군 학산면,경상사고,0,0,1,0,차량단독 - 공작물충돌,안전운전불이행,습기,비,단일로 - 기타,화물,남,33세,경상,,,,
2012081300100291,2012년 8월 13일 14시,월요일,전라남도 목포시 대양동,경상사고,0,0,3,0,차대차 - 추돌 - 진행중,안전운전불이행,습기,흐림,단일로 - 기타,승용,남,55세,경상,승용,남,75세,경상
2012081300100331,2012년 8월 13일 15시,월요일,전라남도 신안군 압해읍,경상사고,0,0,1,0,차대차 - 기타,안전운전불이행,건조,맑음,단일로 - 기타,기타불명,기타불명,기타불명,기타불명,자전거,남,86세,경상
2012081300100332,2012년 8월 13일 15시,월요일,전라남도 순천시 해룡면,중상사고,0,1,1,0,차대차 - 추돌 - 주정차중,안전운전불이행,건조,맑음,교차로 - 교차로부근,화물,남,36세,상해없음,승합,남,56세,중상
2012081300100333,2012년 8월 13일 15시,월요일,전라남도 영광군 영광읍,중상사고,0,1,0,0,차대차 - 기타,안전운전불이행,습기,비,단일로 - 기타,이륜,남,32세,중상,화물,남,33세,상해없음
2012081300100368,2012년 8월 13일 16시,월요일,전라남도 목포시 상동,중상사고,0,1,1,0,차대차 - 추돌 - 진행중,안전운전불이행,습기,비,교차로 - 교차로부근,승용,남,21세,상해없음,승용,여,38세,중상
2012081300100369,2012년 8월 13일 16시,월요일,전라남도 여수시 신기동,경상사고,0,0,1,0,차대사람 - 횡단중,안전운전불이행,건조,맑음,단일로 - 기타,이륜,남,17세,상해없음,보행자,여,13세,경상
2012081300100370,2012년 8월 13일 16시,월요일,전라남도 해남군 화원면,중상사고,0,1,1,0,차량단독 - 공작물충돌,안전운전불이행,건조,맑음,교차로 - 교차로안,화물,남,63세,경상,,,,
2012081300100404,2012년 8월 13일 17시,월요일,전라남도 영광군 영광읍,부상신고사고,0,0,0,1,차대차 - 기타,안전운전불이행,습기,비,단일로 - 기타,이륜,남,17세,부상신고,승용,남,53세,상해없음
2012081300100439,2012년 8월 13일 18시,월요일,전라남도 여수시 덕충동,경상사고,0,0,2,0,차대차 - 추돌 - 진행중,안전거리미확보,건조,맑음,단일로 - 기타,승용,남,19세,상해없음,화물,남,53세,경상
2012081300100523,2012년 8월 13일 20시,월요일,전라남도 순천시 연향동,경상사고,0,0,1,0,차대차 - 추돌 - 주정차중,안전운전불이행,건조,맑음,교차로 - 교차로안,승용,남,49세,상해없음,승용,남,45세,경상
2012081300100524,2012년 8월 13일 20시,월요일,전라남도 순천시 조례동,경상사고,0,0,1,0,차대차 - 기타,차로위반,건조,맑음,교차로 - 교차로부근,승용,남,21세,상해없음,원동기,남,18세,경상
2012081300100525,2012년 8월 13일 20시,월요일,전라남도 영광군 영광읍,중상사고,0,1,0,0,차대사람 - 횡단중,안전운전불이행,습기,비,단일로 - 기타,화물,남,59세,상해없음,보행자,남,43세,중상
2012081300100608,2012년 8월 13일 23시,월요일,전라남도 보성군 보성읍,사망사고,1,1,0,0,차량단독 - 전도전복,안전운전불이행,습기,비,단일로 - 기타,승용,남,39세,사망,,,,
2012081400100028,2012년 8월 14일 01시,화요일,전라남도 나주시 송월동,부상신고사고,0,0,0,1,차량단독 - 공작물충돌,안전운전불이행,건조,맑음,단일로 - 기타,승용,남,43세,부상신고,,,,
2012081400100029,2012년 8월 14일 01시,화요일,전라남도 영암군 삼호읍,중상사고,0,1,1,0,차량단독 - 공작물충돌,안전운전불이행,건조,맑음,단일로 - 기타,승용,남,28세,경상,,,,
2012081400100090,2012년 8월 14일 06시,화요일,전라남도 여수시 돌산읍,중상사고,0,4,1,0,차대차 - 기타,중앙선침범,습기,흐림,단일로 - 기타,화물,남,51세,상해없음,화물,남,61세,중상
2012081400100203,2012년 8월 14일 11시,화요일,전라남도 해남군 해남읍,경상사고,0,0,2,0,차량단독 - 전도전복,안전운전불이행,건조,맑음,단일로 - 기타,이륜,남,71세,경상,,,,
2012081400100320,2012년 8월 14일 15시,화요일,전라남도 보성군 벌교읍,경상사고,0,0,1,0,차량단독 - 전도전복,안전운전불이행,습기,맑음,단일로 - 기타,화물,남,46세,경상,,,,
2012081400100362,2012년 8월 14일 16시,화요일,전라남도 여수시 소호동,중상사고,0,6,0,0,차대차 - 기타,중앙선침범,습기,비,단일로 - 기타,화물,남,59세,상해없음,승합,남,52세,중상
2012081400100363,2012년 8월 14일 16시,화요일,전라남도 순천시 용당동,중상사고,0,3,0,0,차대차 - 측면직각충돌,신호위반,건조,맑음,교차로 - 교차로안,승용,남,58세,중상,승용,남,73세,중상
2012081400100385,2012년 8월 14일 17시,화요일,전라남도 목포시 산정동,경상사고,0,0,1,0,차대사람 - 기타,안전운전불이행,건조,맑음,단일로 - 기타,승용,여,39세,상해없음,보행자,남,30세,경상
2012081400100386,2012년 8월 14일 17시,화요일,전라남도 해남군 해남읍,경상사고,0,0,2,0,차대차 - 측면직각충돌,교차로운행방법위반,건조,맑음,교차로 - 교차로안,이륜,남,17세,경상,승용,남,47세,상해없음
2012081400100387,2012년 8월 14일 17시,화요일,전라남도 화순군 춘양면,중상사고,0,1,0,0,차대사람 - 기타,안전운전불이행,건조,맑음,단일로 - 기타,승용,여,39세,상해없음,보행자,남,2세,중상
2012081400100428,2012년 8월 14일 18시,화요일,전라남도 여수시 주삼동,중상사고,0,1,2,0,차대차 - 추돌 - 주정차중,안전거리미확보,습기,비,단일로 - 기타,승용,남,48세,기타불명,승용,남,29세,기타불명
2012081400100429,2012년 8월 14일 18시,화요일,전라남도 여수시 선원동,경상사고,0,0,1,0,차대차 - 추돌 - 주정차중,안전운전불이행,습기,비,교차로 - 교차로부근,승용,여,51세,상해없음,승용,여,44세,경상
2012081400100430,2012년 8월 14일 18시,화요일,전라남도 영암군 삼호읍,경상사고,0,0,2,0,차대차 - 측면직각충돌,안전운전불이행,건조,맑음,교차로 - 교차로부근,화물,남,53세,경상,화물,남,51세,경상
2012081400100466,2012년 8월 14일 19시,화요일,전라남도 목포시 용당동,경상사고,0,0,1,0,차대차 - 측면직각충돌,직진우회전진행방해,건조,맑음,교차로 - 교차로안,승용,남,32세,상해없음,자전거,남,37세,경상
2012081400100467,2012년 8월 14일 19시,화요일,전라남도 여수시 충무동,중상사고,0,1,0,0,차대사람 - 횡단중,안전운전불이행,건조,흐림,단일로 - 횡단보도상,승용,남,33세,상해없음,보행자,남,57세,중상
2012081400100468,2012년 8월 14일 19시,화요일,전라남도 순천시 조례동,경상사고,0,0,2,0,차대차 - 기타,안전운전불이행,건조,맑음,교차로 - 교차로부근,승합,남,71세,상해없음,승용,남,29세,경상
2012081400100567,2012년 8월 14일 21시,화요일,전라남도 목포시 용해동,경상사고,0,0,2,0,차대차 - 측면직각충돌,신호위반,건조,맑음,교차로 - 교차로안,승용,남,30세,경상,승용,여,46세,경상
2012081400100619,2012년 8월 14일 22시,화요일,전라남도 순천시 연향동,경상사고,0,0,2,0,차대차 - 기타,안전운전불이행,습기,흐림,단일로 - 기타,승용,남,41세,상해없음,승용,남,33세,경상
2012081500100036,2012년 8월 15일 00시,수요일,전라남도 순천시 조례동,경상사고,0,0,2,0,차대차 - 기타,안전운전불이행,건조,맑음,교차로 - 교차로안,승용,남,30세,상해없음,승용,남,53세,경상
2012081500100078,2012년 8월 15일 01시,수요일,전라남도 광양시 광양읍,경상사고,0,0,2,0,차대차 - 정면충돌,중앙선침범,습기,비,단일로 - 교량,승용,남,22세,상해없음,승용,여,48세,경상
2012081500100194,2012년 8월 15일 05시,수요일,전라남도 목포시 산정동,경상사고,0,0,8,0,차대차 - 측면직각충돌,신호위반,건조,맑음,교차로 - 교차로안,승용,남,26세,경상,승용,남,33세,경상
2012081500100195,2012년 8월 15일 05시,수요일,전라남도 해남군 산이면,사망사고,2,1,0,0,차량단독 - 도로외이탈 - 추락,안전운전불이행,건조,맑음,단일로 - 기타,승용,남,27세,사망,,,,
2012081500100294,2012년 8월 15일 11시,수요일,전라남도 완도군 신지면,중상사고,0,1,0,0,차대차 - 기타,안전운전불이행,건조,맑음,단일로 - 기타,건설기계,남,50세,상해없음,이륜,남,71세,중상
2012081500100313,2012년 8월 15일 12시,수요일,전라남도 구례군 광의면,부상신고사고,0,0,0,4,차대차 - 추돌 - 진행중,안전거리미확보,건조,맑음,교차로 - 교차로안,승용,남,55세,상해없음,승용,남,40세,상해없음
2012081500100329,2012년 8월 15일 13시,수요일,전라남도 순천시 연향동,경상사고,0,0,4,0,차대차 - 측면직각충돌,교차로운행방법위반,건조,맑음,교차로 - 교차로안,승용,여,39세,상해없음,승용,남,23세,경상
2012081500100330,2012년 8월 15일 13시,수요일,전라남도 장성군 삼계면,경상사고,0,0,1,0,차대차 - 측면직각충돌,안전운전불이행,건조,흐림,단일로 - 기타,농기계,남,68세,경상,화물,남,40세,상해없음
2012081500100352,2012년 8월 15일 14시,수요일,전라남도 순천시 황전면,경상사고,0,0,1,0,차대차 - 추돌 - 주정차중,안전운전불이행,건조,맑음,교차로 - 교차로부근,화물,남,69세,상해없음,승합,남,56세,경상
2012081500100369,2012년 8월 15일 15시,수요일,전라남도 여수시 신기동,중상사고,0,3,1,0,차대차 - 측면직각충돌,신호위반,건조,맑음,교차로 - 교차로안,승용,남,29세,상해없음,승용,남,29세,중상
2012081500100370,2012년 8월 15일 15시,수요일,전라남도 해남군 산이면,경상사고,0,0,1,0,차대차 - 측면직각충돌,안전운전불이행,건조,흐림,단일로 - 기타,원동기,남,57세,경상,승합,남,33세,상해없음
2012081500100371,2012년 8월 15일 15시,수요일,전라남도 영광군 법성면,부상신고사고,0,0,0,1,차대차 - 기타,안전운전불이행,건조,맑음,단일로 - 기타,이륜,남,45세,부상신고,승합,남,56세,상해없음
2012081500100390,2012년 8월 15일 16시,수요일,전라남도 순천시 동외동,중상사고,0,1,0,0,차대사람 - 횡단중,안전운전불이행,건조,맑음,단일로 - 기타,승용,여,47세,상해없음,보행자,남,8세,중상
2012081500100391,2012년 8월 15일 16시,수요일,전라남도 함평군 학교면,경상사고,0,0,1,0,차대차 - 추돌 - 주정차중,안전운전불이행,건조,맑음,단일로 - 기타,화물,남,65세,상해없음,화물,남,51세,경상
2012081500100510,2012년 8월 15일 20시,수요일,전라남도 여수시 문수동,경상사고,0,0,4,0,차대차 - 추돌 - 주정차중,중앙선침범,건조,흐림,단일로 - 기타,승용,남,45세,상해없음,승합,남,45세,경상
2012081500100584,2012년 8월 15일 22시,수요일,전라남도 목포시 용해동,중상사고,0,1,0,0,차대사람 - 기타,안전운전불이행,습기,흐림,단일로 - 기타,승합,남,24세,상해없음,보행자,여,66세,중상
2012081500100585,2012년 8월 15일 22시,수요일,전라남도 구례군 토지면,중상사고,0,1,0,0,차량단독 - 기타,안전운전불이행,건조,맑음,단일로 - 기타,화물,남,38세,중상,,,,
2012081500100602,2012년 8월 15일 23시,수요일,전라남도 여수시 관문동,사망사고,1,0,0,0,차대사람 - 횡단중,안전운전불이행,습기,비,단일로 - 횡단보도상,승용,남,53세,상해없음,보행자,여,72세,사망
2012081600100046,2012년 8월 16일 03시,목요일,전라남도 목포시 죽교동,중상사고,0,1,3,0,차대차 - 정면충돌,중앙선침범,습기,비,단일로 - 기타,화물,여,19세,경상,승용,여,21세,경상
2012081600100047,2012년 8월 16일 03시,목요일,전라남도 나주시 동강면,경상사고,0,0,1,0,차량단독 - 공작물충돌,안전운전불이행,습기,비,기타 - 기타,승용,남,37세,경상,,,,
2012081600100074,2012년 8월 16일 06시,목요일,전라남도 순천시 해룡면,중상사고,0,1,0,0,차량단독 - 공작물충돌,안전운전불이행,건조,맑음,단일로 - 기타,화물,남,40세,중상,,,,
2012081600100075,2012년 8월 16일 06시,목요일,전라남도 나주시 세지면,경상사고,0,0,2,0,차대차 - 정면충돌,중앙선침범,습기,비,교차로 - 교차로부근,승용,남,46세,상해없음,승용,여,44세,경상
2012081600100147,2012년 8월 16일 09시,목요일,전라남도 담양군 창평면,중상사고,0,1,0,0,차대차 - 측면직각충돌,교차로운행방법위반,습기,비,교차로 - 교차로안,승용,여,47세,상해없음,원동기,남,72세,중상
2012081600100169,2012년 8월 16일 10시,목요일,전라남도 여수시 덕충동,사망사고,1,0,0,0,차대사람 - 보도통행중,신호위반,건조,맑음,교차로 - 교차로안,화물,남,37세,상해없음,보행자,남,73세,사망
2012081600100170,2012년 8월 16일 10시,목요일,전라남도 해남군 현산면,중상사고,0,3,3,0,차대차 - 측면직각충돌,교차로운행방법위반,건조,맑음,교차로 - 교차로안,승합,여,55세,경상,승용,남,51세,경상
2012081600100202,2012년 8월 16일 11시,목요일,전라남도 신안군 지도읍,경상사고,0,0,4,0,차대차 - 기타,안전거리미확보,건조,기타,단일로 - 기타,화물,남,56세,상해없음,승용,여,38세,경상
2012081600100203,2012년 8월 16일 11시,목요일,전라남도 광양시 광양읍,경상사고,0,0,2,0,차대차 - 측면직각충돌,신호위반,건조,맑음,교차로 - 교차로안,원동기,남,64세,경상,승용,남,37세,상해없음
2012081600100229,2012년 8월 16일 12시,목요일,전라남도 광양시 중동,경상사고,0,0,1,0,차대차 - 측면직각충돌,안전운전불이행,건조,맑음,교차로 - 교차로부근,승용,남,26세,상해없음,원동기,남,30세,경상
2012081600100255,2012년 8월 16일 13시,목요일,전라남도 나주시 남평읍,경상사고,0,0,2,0,차대차 - 측면직각충돌,신호위반,건조,맑음,교차로 - 교차로안,화물,남,19세,상해없음,승용,남,57세,경상
2012081600100284,2012년 8월 16일 14시,목요일,전라남도 강진군 군동면,경상사고,0,0,2,0,차대차 - 측면직각충돌,신호위반,습기,비,교차로 - 교차로안,승용,남,41세,상해없음,승용,여,38세,경상
2012081600100285,2012년 8월 16일 14시,목요일,전라남도 곡성군 죽곡면,경상사고,0,0,1,0,차량단독 - 전도전복,기타,습기,비,단일로 - 기타,화물,여,51세,경상,,,,
2012081600100319,2012년 8월 16일 15시,목요일,전라남도 여수시 여서동,경상사고,0,0,1,0,차대차 - 측면직각충돌,안전운전불이행,건조,맑음,교차로 - 교차로안,승용,남,56세,상해없음,승용,남,34세,경상
2012081600100351,2012년 8월 16일 16시,목요일,전라남도 목포시 산정동,경상사고,0,0,1,0,차대차 - 기타,안전운전불이행,건조,기타,단일로 - 기타,화물,남,61세,상해없음,승용,여,54세,경상
2012081600100379,2012년 8월 16일 17시,목요일,전라남도 여수시 돌산읍,경상사고,0,0,5,0,차대차 - 기타,안전운전불이행,습기,흐림,단일로 - 기타,승용,남,46세,상해없음,승합,남,51세,상해없음
2012081600100380,2012년 8월 16일 17시,목요일,전라남도 영광군 홍농읍,경상사고,0,0,1,0,차대사람 - 기타,보행자보호의무위반,건조,맑음,단일로 - 기타,승용,여,41세,상해없음,보행자,남,8세,경상
2012081600100381,2012년 8월 16일 17시,목요일,전라남도 진도군 진도읍,중상사고,0,1,0,0,차대사람 - 기타,안전운전불이행,건조,맑음,단일로 - 기타,화물,남,32세,상해없음,보행자,남,82세,중상
2012081600100382,2012년 8월 16일 17시,목요일,전라남도 진도군 군내면,경상사고,0,0,1,0,차대차 - 측면직각충돌,안전운전불이행,건조,맑음,단일로 - 기타,승용,여,49세,경상,승합,남,48세,상해없음
2012081600100411,2012년 8월 16일 18시,목요일,전라남도 영암군 영암읍,중상사고,0,2,0,0,차대차 - 측면직각충돌,직진우회전진행방해,건조,맑음,교차로 - 교차로안,화물,남,65세,중상,화물,남,67세,중상
2012081600100488,2012년 8월 16일 20시,목요일,전라남도 목포시 용해동,중상사고,0,2,0,0,차대사람 - 기타,안전운전불이행,건조,기타,단일로 - 기타,승합,남,45세,상해없음,보행자,여,58세,중상
2012081600100489,2012년 8월 16일 20시,목요일,전라남도 순천시 해룡면,경상사고,0,0,1,0,차대차 - 측면직각충돌,안전운전불이행,건조,맑음,단일로 - 기타,이륜,남,16세,상해없음,이륜,남,17세,경상
2012081600100520,2012년 8월 16일 21시,목요일,전라남도 목포시 상동,경상사고,0,0,2,0,차대차 - 기타,안전거리미확보,건조,기타,단일로 - 기타,승용,남,51세,상해없음,승용,남,40세,경상
2012081600100544,2012년 8월 16일 22시,목요일,전라남도 장성군 삼계면,중상사고,0,2,1,1,차대차 - 정면충돌,중앙선침범,습기,흐림,단일로 - 기타,승용,남,49세,부상신고,승용,남,38세,경상
2012081600100578,2012년 8월 16일 23시,목요일,전라남도 나주시 봉황면,경상사고,0,0,1,0,차량단독 - 도로외이탈 - 기타,안전운전불이행,건조,맑음,단일로 - 기타,승용,남,27세,경상,,,,
2012081700100015,2012년 8월 17일 00시,금요일,전라남도 장흥군 회진면,경상사고,0,0,1,0,차량단독 - 기타,안전운전불이행,건조,맑음,단일로 - 기타,화물,남,48세,경상,,,,
2012081700100068,2012년 8월 17일 05시,금요일,전라남도 순천시 연향동,경상사고,0,0,1,0,차대차 - 측면직각충돌,안전운전불이행,건조,맑음,교차로 - 교차로안,승용,남,37세,상해없음,자전거,남,41세,경상
2012081700100091,2012년 8월 17일 07시,금요일,전라남도 목포시 산정동,경상사고,0,0,1,0,차대차 - 기타,안전운전불이행,건조,기타,교차로 - 교차로안,승합,남,45세,상해없음,자전거,남,22세,경상
2012081700100116,2012년 8월 17일 08시,금요일,전라남도 목포시 동명동,경상사고,0,0,1,0,차대차 - 측면직각충돌,안전운전불이행,건조,맑음,교차로 - 교차로안,화물,기타불명,기타불명,기타불명,승용,남,45세,경상
2012081700100142,2012년 8월 17일 09시,금요일,전라남도 여수시 문수동,경상사고,0,0,1,0,차대차 - 기타,안전거리미확보,건조,맑음,교차로 - 교차로부근,승용,남,19세,기타불명,승합,남,59세,경상
2012081700100186,2012년 8월 17일 11시,금요일,전라남도 화순군 화순읍,경상사고,0,0,1,0,차대차 - 추돌 - 진행중,안전운전불이행,건조,맑음,단일로 - 터널,승합,남,28세,기타불명,승용,여,39세,경상
2012081700100187,2012년 8월 17일 11시,금요일,전라남도 화순군 화순읍,경상사고,0,0,2,0,차대차 - 추돌 - 진행중,안전거리미확보,건조,맑음,단일로 - 터널,승용,여,39세,상해없음,화물,남,71세,경상
2012081700100219,2012년 8월 17일 12시,금요일,전라남도 목포시 산정동,중상사고,0,1,0,0,차대차 - 기타,안전거리미확보,건조,맑음,교차로 - 교차로부근,자전거,남,8세,중상,화물,남,32세,상해없음
2012081700100220,2012년 8월 17일 12시,금요일,전라남도 여수시 신덕동,중상사고,0,3,0,0,차대차 - 측면직각충돌,안전운전불이행,건조,맑음,교차로 - 교차로안,기타불명,기타불명,기타불명,기타불명,승용,여,49세,중상
2012081700100244,2012년 8월 17일 13시,금요일,전라남도 목포시 산정동,경상사고,0,0,1,0,차대사람 - 기타,안전운전불이행,습기,비,단일로 - 기타,승용,남,44세,상해없음,보행자,남,49세,경상
2012081700100245,2012년 8월 17일 13시,금요일,전라남도 함평군 월야면,중상사고,0,1,1,0,차대차 - 추돌 - 주정차중,안전운전불이행,건조,맑음,단일로 - 기타,화물,남,58세,경상,농기계,남,51세,기타불명
2012081700100246,2012년 8월 17일 13시,금요일,전라남도 무안군 무안읍,경상사고,0,0,1,0,차대차 - 측면직각충돌,안전운전불이행,건조,맑음,교차로 - 교차로안,화물,남,56세,상해없음,이륜,남,18세,경상
2012081700100268,2012년 8월 17일 14시,금요일,전라남도 순천시 조곡동,경상사고,0,0,1,0,차량단독 - 기타,안전운전불이행,건조,맑음,단일로 - 기타,승합,남,53세,상해없음,,,,
2012081700100269,2012년 8월 17일 14시,금요일,전라남도 영암군 신북면,중상사고,0,1,0,0,차대차 - 측면직각충돌,직진우회전진행방해,건조,맑음,교차로 - 교차로안,농기계,남,62세,중상,승합,남,43세,상해없음
2012081700100295,2012년 8월 17일 15시,금요일,전라남도 구례군 구례읍,중상사고,0,1,0,0,차대차 - 측면직각충돌,교차로운행방법위반,건조,맑음,교차로 - 교차로안,승용,남,36세,상해없음,승용,남,29세,상해없음
2012081700100333,2012년 8월 17일 16시,금요일,전라남도 장흥군 안양면,경상사고,0,0,1,0,차대사람 - 길가장자리구역통행중,안전운전불이행,건조,맑음,단일로 - 기타,기타불명,기타불명,기타불명,기타불명,보행자,남,42세,경상
2012081700100334,2012년 8월 17일 16시,금요일,전라남도 해남군 송지면,경상사고,0,0,3,0,차대차 - 측면직각충돌,중앙선침범,건조,맑음,단일로 - 기타,화물,남,55세,경상,화물,남,34세,경상
2012081700100335,2012년 8월 17일 16시,금요일,전라남도 구례군 산동면,부상신고사고,0,0,0,1,차대사람 - 기타,안전운전불이행,건조,맑음,기타 - 기타,승용,남,33세,상해없음,보행자,남,61세,부상신고
2012081700100370,2012년 8월 17일 17시,금요일,전라남도 여수시 율촌면,경상사고,0,0,1,0,차대차 - 기타,안전운전불이행,건조,맑음,단일로 - 기타,승용,남,54세,상해없음,화물,남,39세,경상
2012081700100371,2012년 8월 17일 17시,금요일,전라남도 고흥군 고흥읍,경상사고,0,0,2,0,차대차 - 기타,안전운전불이행,건조,맑음,단일로 - 기타,승용,남,52세,상해없음,승용,남,27세,경상
2012081700100372,2012년 8월 17일 17시,금요일,전라남도 해남군 해남읍,중상사고,0,2,6,0,차대차 - 추돌 - 진행중,안전운전불이행,건조,맑음,단일로 - 기타,승용,남,36세,상해없음,화물,남,72세,중상
2012081700100373,2012년 8월 17일 17시,금요일,전라남도 보성군 미력면,중상사고,0,1,0,0,차대차 - 측면직각충돌,교차로운행방법위반,건조,맑음,교차로 - 교차로안,화물,남,60세,상해없음,승용,여,54세,중상
2012081700100374,2012년 8월 17일 17시,금요일,전라남도 영암군 덕진면,경상사고,0,0,4,0,차대차 - 측면직각충돌,안전거리미확보,건조,맑음,교차로 - 교차로부근,승용,남,30세,상해없음,승용,여,41세,경상
2012081700100375,2012년 8월 17일 17시,금요일,전라남도 곡성군 석곡면,중상사고,0,1,0,0,차대차 - 측면직각충돌,교차로운행방법위반,건조,맑음,교차로 - 교차로안,승합,남,29세,상해없음,원동기,남,73세,중상
2012081700100376,2012년 8월 17일 17시,금요일,전라남도 함평군 엄다면,중상사고,0,1,0,0,차대차 - 추돌 - 주정차중,안전운전불이행,건조,맑음,단일로 - 기타,승용,남,61세,상해없음,승합,남,47세,상해없음
2012081700100412,2012년 8월 17일 18시,금요일,전라남도 여수시 학동,중상사고,0,1,0,0,차대차 - 측면직각충돌,교차로운행방법위반,건조,맑음,교차로 - 교차로안,승합,여,55세,상해없음,자전거,남,7세,중상
2012081700100414,2012년 8월 17일 18시,금요일,전라남도 광양시 광양읍,경상사고,0,0,1,0,차대차 - 측면직각충돌,신호위반,건조,맑음,교차로 - 교차로안,승용,남,32세,상해없음,승용,여,45세,경상
2012081700100490,2012년 8월 17일 20시,금요일,전라남도 목포시 연산동,중상사고,0,1,0,0,차대차 - 기타,중앙선침범,건조,맑음,단일로 - 기타,자전거,남,47세,중상,승용,남,45세,상해없음
2012081700100491,2012년 8월 17일 20시,금요일,전라남도 순천시 덕암동,경상사고,0,0,2,0,차대차 - 기타,안전운전불이행,건조,맑음,단일로 - 기타,이륜,남,71세,상해없음,승용,남,35세,경상
2012081700100612,2012년 8월 17일 23시,금요일,전라남도 순천시 서면,경상사고,0,0,2,0,차대차 - 추돌 - 진행중,안전거리미확보,건조,맑음,단일로 - 기타,화물,남,54세,경상,특수,남,61세,경상
2012081800100014,2012년 8월 18일 00시,토요일,전라남도 여수시 학동,중상사고,0,1,0,0,차대사람 - 기타,안전운전불이행,건조,맑음,단일로 - 기타,승용,남,40세,기타불명,보행자,남,19세,중상
2012081800100084,2012년 8월 18일 03시,토요일,전라남도 광양시 광영동,경상사고,0,0,1,0,차대차 - 추돌 - 주정차중,안전운전불이행,습기,비,교차로 - 교차로부근,승용,여,55세,상해없음,승용,남,27세,경상
2012081800100156,2012년 8월 18일 08시,토요일,전라남도 여수시 율촌면,중상사고,0,1,2,0,차대차 - 측면직각충돌,안전운전불이행,건조,맑음,단일로 - 기타,승용,여,39세,상해없음,승용,남,56세,경상
2012081800100157,2012년 8월 18일 08시,토요일,전라남도 보성군 벌교읍,중상사고,0,1,2,0,차량단독 - 공작물충돌,안전운전불이행,건조,맑음,단일로 - 횡단보도부근,승용,남,38세,경상,,,,
2012081800100158,2012년 8월 18일 08시,토요일,전라남도 영암군 영암읍,사망사고,1,3,1,0,차대차 - 측면직각충돌,기타,건조,맑음,교차로 - 교차로안,특수,남,45세,상해없음,승용,여,36세,중상
2012081800100179,2012년 8월 18일 09시,토요일,전라남도 무안군 현경면,중상사고,0,1,0,0,차대차 - 기타,안전운전불이행,건조,맑음,단일로 - 기타,원동기,남,63세,중상,화물,남,47세,상해없음
2012081800100220,2012년 8월 18일 11시,토요일,전라남도 목포시 상동,부상신고사고,0,0,0,1,차대사람 - 기타,안전운전불이행,건조,맑음,단일로 - 기타,기타불명,기타불명,기타불명,기타불명,보행자,남,29세,부상신고
2012081800100221,2012년 8월 18일 11시,토요일,전라남도 목포시 대성동,중상사고,0,1,0,0,차대차 - 기타,중앙선침범,건조,맑음,단일로 - 교량,화물,남,39세,상해없음,자전거,남,17세,중상
2012081800100222,2012년 8월 18일 11시,토요일,전라남도 보성군 벌교읍,중상사고,0,1,0,0,차대차 - 정면충돌,중앙선침범,건조,맑음,단일로 - 기타,화물,여,34세,상해없음,원동기,남,19세,중상
2012081800100223,2012년 8월 18일 11시,토요일,전라남도 화순군 도곡면,중상사고,0,1,1,0,차대차 - 측면직각충돌,안전운전불이행,건조,맑음,단일로 - 기타,승용,남,61세,중상,건설기계,남,45세,경상
2012081800100251,2012년 8월 18일 12시,토요일,전라남도 순천시 조곡동,중상사고,0,1,0,0,차대차 - 측면직각충돌,안전거리미확보,건조,맑음,단일로 - 기타,승용,남,62세,상해없음,이륜,남,30세,중상