사고번호,사고일시,요일,시군구,사고내용,사망자수,중상자수,경상자수,부상신고자수,사고유형,법규위반,노면상태,기상상태,도로형태,가해운전자 차종,가해운전자 성별,가해운전자 연령,가해운전자 상해정도,피해운전자 차종,피해운전자 성별,피해운전자 연령,피해운전자 상해정도
2012081800100252,2012년 8월 18일 12시,토요일,전라남도 화순군 화순읍,경상사고,0,0,1,0,차대차 - 기타,안전운전불이행,건조,맑음,기타 - 기타,승용,여,31세,상해없음,자전거,남,10세,경상
2012081800100282,2012년 8월 18일 13시,토요일,전라남도 여수시 둔덕동,중상사고,0,2,4,0,차대차 - 추돌 - 주정차중,안전운전불이행,습기,맑음,단일로 - 기타,승합,남,54세,상해없음,승용,남,32세,중상
2012081800100316,2012년 8월 18일 14시,토요일,전라남도 담양군 봉산면,경상사고,0,0,1,0,차량단독 - 기타,안전운전불이행,건조,맑음,교차로 - 교차로부근,승용,남,35세,경상,,,,
2012081800100317,2012년 8월 18일 14시,토요일,전라남도 광양시 중동,경상사고,0,0,1,0,차대차 - 측면직각충돌,교차로운행방법위반,건조,맑음,교차로 - 교차로안,승용,남,21세,상해없음,승용,남,44세,경상
2012081800100349,2012년 8월 18일 15시,토요일,전라남도 목포시 옥암동,경상사고,0,0,4,0,차대차 - 측면직각충돌,직진우회전진행방해,건조,맑음,교차로 - 교차로안,승용,남,18세,경상,승용,남,44세,경상
2012081800100350,2012년 8월 18일 15시,토요일,전라남도 고흥군 고흥읍,경상사고,0,0,1,0,차대사람 - 기타,안전운전불이행,건조,맑음,단일로 - 기타,승용,남,69세,상해없음,보행자,남,4세,경상
2012081800100384,2012년 8월 18일 16시,토요일,전라남도 여수시 화장동,경상사고,0,0,1,0,차대차 - 기타,안전운전불이행,건조,맑음,단일로 - 기타,승용,여,34세,상해없음,자전거,남,22세,경상
2012081800100385,2012년 8월 18일 16시,토요일,전라남도 장흥군 회진면,중상사고,0,1,0,0,차대차 - 기타,안전운전불이행,건조,맑음,단일로 - 기타,화물,남,56세,상해없음,자전거,남,64세,중상
2012081800100386,2012년 8월 18일 16시,토요일,전라남도 담양군 담양읍,경상사고,0,0,3,0,차대차 - 기타,안전거리미확보,건조,맑음,단일로 - 기타,승용,여,22세,상해없음,승용,여,24세,경상
2012081800100413,2012년 8월 18일 17시,토요일,전라남도 보성군 벌교읍,경상사고,0,0,1,0,차대차 - 추돌 - 진행중,안전운전불이행,건조,맑음,단일로 - 기타,승용,남,50세,기타불명,화물,남,54세,경상
2012081800100414,2012년 8월 18일 17시,토요일,전라남도 강진군 칠량면,경상사고,0,0,3,0,차대차 - 추돌 - 진행중,안전운전불이행,건조,맑음,교차로 - 교차로안,화물,남,66세,상해없음,승용,남,52세,경상
2012081800100439,2012년 8월 18일 18시,토요일,전라남도 화순군 동면,경상사고,0,0,1,0,차량단독 - 기타,안전운전불이행,건조,맑음,단일로 - 기타,이륜,남,61세,경상,,,,
2012081800100477,2012년 8월 18일 19시,토요일,전라남도 목포시 동명동,경상사고,0,0,4,0,차대차 - 측면직각충돌,직진우회전진행방해,건조,맑음,교차로 - 교차로안,승용,남,63세,경상,승용,여,25세,경상
2012081800100478,2012년 8월 18일 19시,토요일,전라남도 구례군 광의면,중상사고,0,1,0,0,차대사람 - 기타,안전운전불이행,건조,맑음,단일로 - 기타,화물,여,44세,상해없음,보행자,여,38세,중상
2012081800100510,2012년 8월 18일 20시,토요일,전라남도 목포시 옥암동,경상사고,0,0,2,0,차대차 - 추돌 - 진행중,안전거리미확보,건조,맑음,단일로 - 교량,이륜,남,21세,경상,이륜,남,18세,경상
2012081800100511,2012년 8월 18일 20시,토요일,전라남도 화순군 남면,중상사고,0,2,0,0,차대차 - 추돌 - 진행중,안전거리미확보,건조,맑음,교차로 - 교차로부근,승용,남,59세,상해없음,승용,남,49세,중상
2012081800100512,2012년 8월 18일 20시,토요일,전라남도 장성군 삼계면,사망사고,1,0,0,0,차대사람 - 횡단중,안전운전불이행,건조,흐림,교차로 - 교차로안,화물,남,60세,상해없음,보행자,여,79세,사망
2012081800100543,2012년 8월 18일 21시,토요일,전라남도 목포시 상동,경상사고,0,0,1,0,차대차 - 추돌 - 주정차중,안전운전불이행,건조,맑음,교차로 - 교차로부근,승용,남,20세,상해없음,승용,남,35세,경상
2012081800100544,2012년 8월 18일 21시,토요일,전라남도 광양시 광영동,경상사고,0,0,1,0,차대사람 - 횡단중,보행자보호의무위반,건조,맑음,단일로 - 횡단보도상,승용,여,47세,상해없음,보행자,여,56세,경상
2012081900100016,2012년 8월 19일 00시,일요일,전라남도 광양시 광양읍,경상사고,0,0,2,0,차대차 - 측면직각충돌,교차로운행방법위반,건조,맑음,교차로 - 교차로안,화물,남,19세,상해없음,승용,여,36세,경상
2012081900100017,2012년 8월 19일 00시,일요일,전라남도 광양시 중동,경상사고,0,0,1,0,차대차 - 추돌 - 주정차중,안전운전불이행,건조,맑음,교차로 - 교차로부근,승용,남,28세,상해없음,승용,남,30세,상해없음
2012081900100076,2012년 8월 19일 04시,일요일,전라남도 순천시 연향동,경상사고,0,0,1,0,차대사람 - 기타,안전운전불이행,건조,맑음,단일로 - 기타,승용,여,19세,상해없음,보행자,남,18세,경상
2012081900100090,2012년 8월 19일 05시,일요일,전라남도 순천시 해룡면,경상사고,0,0,1,0,차대사람 - 기타,안전운전불이행,건조,맑음,단일로 - 기타,기타불명,기타불명,기타불명,기타불명,보행자,남,49세,경상
2012081900100105,2012년 8월 19일 06시,일요일,전라남도 순천시 해룡면,경상사고,0,0,2,0,차량단독 - 공작물충돌,안전운전불이행,건조,맑음,단일로 - 기타,승용,남,56세,경상,,,,
2012081900100156,2012년 8월 19일 10시,일요일,전라남도 화순군 도곡면,중상사고,0,1,0,0,차량단독 - 전도전복,안전운전불이행,건조,맑음,단일로 - 기타,특수,남,57세,상해없음,,,,
2012081900100157,2012년 8월 19일 10시,일요일,전라남도 광양시 도이동,경상사고,0,0,1,0,차대차 - 측면직각충돌,직진우회전진행방해,건조,맑음,교차로 - 교차로안,승용,여,48세,상해없음,승용,남,36세,경상
2012081900100188,2012년 8월 19일 12시,일요일,전라남도 장흥군 장흥읍,부상신고사고,0,0,0,1,차대차 - 측면직각충돌,안전운전불이행,건조,맑음,단일로 - 기타,승용,남,56세,상해없음,자전거,여,54세,부상신고
2012081900100206,2012년 8월 19일 13시,일요일,전라남도 목포시 옥암동,경상사고,0,0,2,0,차대차 - 측면직각충돌,신호위반,건조,맑음,교차로 - 교차로안,승용,여,48세,경상,승용,남,51세,경상
2012081900100207,2012년 8월 19일 13시,일요일,전라남도 여수시 돌산읍,경상사고,0,0,3,0,차대차 - 측면직각충돌,교차로운행방법위반,건조,맑음,교차로 - 교차로안,승용,남,48세,상해없음,승용,여,32세,경상
2012081900100208,2012년 8월 19일 13시,일요일,전라남도 나주시 남평읍,경상사고,0,0,4,0,차대차 - 기타,직진우회전진행방해,습기,비,교차로 - 교차로안,승용,남,38세,경상,승합,남,40세,경상
2012081900100235,2012년 8월 19일 14시,일요일,전라남도 영암군 삼호읍,경상사고,0,0,8,0,차대차 - 기타,신호위반,건조,맑음,교차로 - 교차로안,승용,남,45세,상해없음,승용,남,19세,경상
2012081900100236,2012년 8월 19일 14시,일요일,전라남도 완도군 완도읍,부상신고사고,0,0,0,1,차대차 - 추돌 - 주정차중,안전운전불이행,건조,맑음,단일로 - 기타,화물,남,57세,상해없음,승용,남,46세,상해없음
2012081900100288,2012년 8월 19일 16시,일요일,전라남도 화순군 화순읍,경상사고,0,0,2,0,차대차 - 기타,안전운전불이행,건조,맑음,단일로 - 기타,기타불명,기타불명,기타불명,기타불명,승용,여,58세,경상
2012081900100336,2012년 8월 19일 18시,일요일,전라남도 나주시 영산동,경상사고,0,0,2,0,차대차 - 측면직각충돌,안전운전불이행,건조,맑음,교차로 - 교차로안,승용,여,41세,상해없음,승용,남,42세,상해없음
2012081900100337,2012년 8월 19일 18시,일요일,전라남도 장성군 장성읍,중상사고,0,3,1,0,차대차 - 측면직각충돌,교차로운행방법위반,건조,맑음,교차로 - 교차로안,승용,남,68세,경상,승용,남,34세,중상
2012081900100369,2012년 8월 19일 19시,일요일,전라남도 광양시 중동,경상사고,0,0,1,0,차대차 - 기타,교차로운행방법위반,건조,맑음,교차로 - 교차로부근,원동기,남,48세,경상,승용,남,31세,상해없음
2012081900100397,2012년 8월 19일 20시,일요일,전라남도 함평군 함평읍,중상사고,0,1,0,0,차대사람 - 차도통행중,안전운전불이행,건조,맑음,단일로 - 기타,승용,남,50세,상해없음,보행자,여,85세,중상
2012081900100398,2012년 8월 19일 20시,일요일,전라남도 함평군 함평읍,경상사고,0,0,4,0,차대차 - 측면직각충돌,교차로운행방법위반,건조,맑음,교차로 - 교차로안,화물,남,56세,상해없음,승용,남,46세,경상
2012082000100032,2012년 8월 20일 02시,월요일,전라남도 목포시 상동,부상신고사고,0,0,0,1,차량단독 - 공작물충돌,안전운전불이행,건조,맑음,교차로 - 교차로부근,승용,남,26세,부상신고,,,,
2012082000100050,2012년 8월 20일 04시,월요일,전라남도 목포시 산정동,부상신고사고,0,0,0,1,차량단독 - 기타,안전운전불이행,건조,맑음,단일로 - 기타,이륜,남,71세,부상신고,,,,
2012082000100107,2012년 8월 20일 07시,월요일,전라남도 순천시 해룡면,경상사고,0,0,1,0,차대차 - 기타,안전운전불이행,건조,맑음,교차로 - 교차로안,승용,여,29세,상해없음,원동기,남,26세,경상
2012082000100108,2012년 8월 20일 07시,월요일,전라남도 순천시 장천동,중상사고,0,1,0,0,차대사람 - 기타,안전운전불이행,건조,맑음,교차로 - 교차로안,화물,남,38세,상해없음,보행자,여,61세,중상
2012082000100170,2012년 8월 20일 09시,월요일,전라남도 목포시 용당동,경상사고,0,0,2,0,차대차 - 기타,신호위반,건조,맑음,교차로 - 교차로안,승용,남,24세,상해없음,승용,남,65세,경상
2012082000100171,2012년 8월 20일 09시,월요일,전라남도 영광군 묘량면,경상사고,0,0,2,0,차대차 - 기타,안전운전불이행,건조,맑음,단일로 - 기타,승용,여,59세,경상,승용,남,38세,경상
2012082000100172,2012년 8월 20일 09시,월요일,전라남도 강진군 칠량면,중상사고,0,1,0,0,차대차 - 측면직각충돌,직진우회전진행방해,건조,맑음,교차로 - 교차로안,승용,남,48세,상해없음,원동기,남,73세,중상
2012082000100211,2012년 8월 20일 11시,월요일,전라남도 강진군 군동면,경상사고,0,0,3,0,차대차 - 측면직각충돌,직진우회전진행방해,건조,맑음,교차로 - 교차로안,승용,남,37세,경상,승용,여,59세,경상
2012082000100271,2012년 8월 20일 13시,월요일,전라남도 목포시 옥암동,경상사고,0,0,1,0,차대차 - 기타,안전거리미확보,건조,맑음,단일로 - 기타,이륜,남,22세,경상,승용,남,40세,상해없음
2012082000100272,2012년 8월 20일 13시,월요일,전라남도 영광군 영광읍,중상사고,0,1,0,0,차대차 - 기타,교차로운행방법위반,습기,비,교차로 - 교차로안,승용,여,40세,상해없음,이륜,남,53세,중상
2012082000100273,2012년 8월 20일 13시,월요일,전라남도 영암군 영암읍,사망사고,1,0,0,0,차대차 - 추돌 - 진행중,안전운전불이행,건조,맑음,단일로 - 기타,화물,남,67세,상해없음,이륜,여,66세,사망
2012082000100300,2012년 8월 20일 14시,월요일,전라남도 여수시 학동,경상사고,0,0,1,0,차대사람 - 횡단중,신호위반,건조,맑음,단일로 - 기타,원동기,남,18세,상해없음,보행자,남,6세,경상
2012082000100301,2012년 8월 20일 14시,월요일,전라남도 나주시 문평면,경상사고,0,0,2,0,차대차 - 기타,신호위반,건조,맑음,교차로 - 교차로안,화물,남,55세,경상,건설기계,남,48세,경상
2012082000100302,2012년 8월 20일 14시,월요일,전라남도 보성군 벌교읍,중상사고,0,6,3,0,차대차 - 측면직각충돌,안전거리미확보,건조,맑음,단일로 - 기타,승용,남,66세,경상,승합,남,36세,중상
2012082000100303,2012년 8월 20일 14시,월요일,전라남도 함평군 손불면,중상사고,0,1,2,0,차대차 - 정면충돌,중앙선침범,습기,흐림,단일로 - 기타,이륜,남,64세,중상,화물,남,65세,경상
2012082000100304,2012년 8월 20일 14시,월요일,전라남도 담양군 담양읍,경상사고,0,0,2,0,차대차 - 기타,교차로운행방법위반,건조,흐림,교차로 - 교차로안,화물,남,52세,상해없음,원동기,남,77세,경상
2012082000100362,2012년 8월 20일 16시,월요일,전라남도 나주시 이창동,경상사고,0,0,1,0,차대차 - 측면직각충돌,안전운전불이행,건조,맑음,단일로 - 기타,화물,남,76세,상해없음,승용,남,37세,상해없음
2012082000100393,2012년 8월 20일 17시,월요일,전라남도 목포시 죽교동,중상사고,0,1,0,0,차대사람 - 횡단중,보행자보호의무위반,건조,맑음,단일로 - 횡단보도상,승용,여,56세,상해없음,보행자,여,67세,중상
2012082000100394,2012년 8월 20일 17시,월요일,전라남도 광양시 중동,경상사고,0,0,1,0,차대사람 - 횡단중,안전운전불이행,건조,맑음,단일로 - 기타,승용,여,52세,상해없음,보행자,남,6세,경상
2012082000100431,2012년 8월 20일 18시,월요일,전라남도 순천시 조례동,경상사고,0,0,3,0,차대차 - 추돌 - 주정차중,안전운전불이행,습기,비,교차로 - 교차로부근,화물,여,56세,상해없음,승용,남,31세,경상
2012082000100432,2012년 8월 20일 18시,월요일,전라남도 장성군 삼서면,중상사고,0,1,1,0,차량단독 - 공작물충돌,안전운전불이행,습기,비,단일로 - 기타,승용,남,65세,상해없음,,,,
2012082000100462,2012년 8월 20일 19시,월요일,전라남도 여수시 미평동,경상사고,0,0,1,0,차대차 - 측면직각충돌,안전거리미확보,건조,맑음,단일로 - 기타,화물,남,63세,상해없음,승용,여,48세,경상
2012082000100504,2012년 8월 20일 20시,월요일,전라남도 목포시 용해동,중상사고,0,1,0,0,차대차 - 기타,신호위반,건조,맑음,교차로 - 교차로안,승용,남,32세,상해없음,이륜,남,40세,중상
2012082000100595,2012년 8월 20일 22시,월요일,전라남도 목포시 산정동,경상사고,0,0,6,0,차대차 - 기타,직진우회전진행방해,습기,비,교차로 - 교차로안,승용,남,63세,경상,승합,남,24세,경상
2012082000100596,2012년 8월 20일 22시,월요일,전라남도 나주시 대호동,경상사고,0,0,1,0,차대차 - 기타,교차로운행방법위반,건조,맑음,교차로 - 교차로안,승용,남,19세,상해없음,원동기,남,23세,경상
2012082000100597,2012년 8월 20일 22시,월요일,전라남도 광양시 금호동,경상사고,0,0,1,0,차대차 - 정면충돌,중앙선침범,건조,맑음,단일로 - 기타,승용,남,33세,상해없음,승용,남,31세,경상
2012082100100047,2012년 8월 21일 01시,화요일,전라남도 목포시 옥암동,경상사고,0,0,1,0,차대차 - 추돌 - 주정차중,안전운전불이행,건조,맑음,단일로 - 기타,승용,남,40세,상해없음,승용,남,48세,경상
2012082100100048,2012년 8월 21일 01시,화요일,전라남도 영암군 덕진면,중상사고,0,1,1,0,차량단독 - 공작물충돌,안전운전불이행,건조,맑음,교차로 - 교차로안,승용,여,41세,상해없음,,,,
2012082100100115,2012년 8월 21일 06시,화요일,전라남도 순천시 조례동,경상사고,0,0,1,0,차대차 - 측면직각충돌,신호위반,건조,맑음,교차로 - 교차로안,승합,남,53세,상해없음,승용,남,53세,경상
2012082100100161,2012년 8월 21일 08시,화요일,전라남도 완도군 완도읍,중상사고,0,1,0,0,차대차 - 추돌 - 진행중,중앙선침범,건조,맑음,단일로 - 기타,화물,남,47세,상해없음,이륜,남,22세,중상
2012082100100189,2012년 8월 21일 09시,화요일,전라남도 순천시 남내동,중상사고,0,1,0,0,차량단독 - 기타,안전운전불이행,건조,맑음,단일로 - 기타,자전거,여,55세,중상,,,,
2012082100100190,2012년 8월 21일 09시,화요일,전라남도 화순군 화순읍,중상사고,0,1,0,0,차대사람 - 기타,안전운전불이행,건조,맑음,교차로 - 교차로부근,화물,남,52세,상해없음,보행자,여,77세,중상
2012082100100246,2012년 8월 21일 11시,화요일,전라남도 여수시 화양면,경상사고,0,0,2,0,차대차 - 측면직각충돌,중앙선침범,건조,맑음,단일로 - 기타,건설기계,남,49세,상해없음,승용,여,58세,경상
2012082100100247,2012년 8월 21일 11시,화요일,전라남도 곡성군 곡성읍,중상사고,0,1,0,0,차대사람 - 횡단중,안전운전불이행,건조,맑음,단일로 - 기타,승용,여,27세,상해없음,보행자,여,58세,중상
2012082100100248,2012년 8월 21일 11시,화요일,전라남도 곡성군 석곡면,중상사고,0,1,0,0,차대차 - 기타,안전운전불이행,건조,흐림,단일로 - 기타,기타불명,기타불명,기타불명,기타불명,승용,남,39세,중상
2012082100100273,2012년 8월 21일 12시,화요일,전라남도 순천시 대룡동,경상사고,0,0,1,0,차대차 - 측면직각충돌,안전운전불이행,건조,맑음,단일로 - 기타,승용,여,30세,경상,승용,남,35세,상해없음
2012082100100274,2012년 8월 21일 12시,화요일,전라남도 담양군 담양읍,경상사고,0,0,2,0,차대차 - 기타,교차로운행방법위반,건조,맑음,교차로 - 교차로안,승용,남,26세,상해없음,승용,여,50세,경상
2012082100100317,2012년 8월 21일 13시,화요일,전라남도 곡성군 석곡면,경상사고,0,0,3,0,차대차 - 정면충돌,안전운전불이행,건조,흐림,단일로 - 기타,화물,남,41세,경상,승용,남,58세,경상
2012082100100349,2012년 8월 21일 14시,화요일,전라남도 해남군 해남읍,경상사고,0,0,1,0,차대차 - 측면직각충돌,신호위반,습기,흐림,교차로 - 교차로안,화물,남,35세,상해없음,승용,남,64세,경상
2012082100100376,2012년 8월 21일 15시,화요일,전라남도 순천시 덕암동,중상사고,0,1,0,0,차대차 - 측면직각충돌,안전운전불이행,습기,비,교차로 - 교차로안,화물,남,46세,상해없음,승용,남,49세,중상
2012082100100406,2012년 8월 21일 16시,화요일,전라남도 보성군 웅치면,중상사고,0,1,1,0,차대차 - 정면충돌,안전운전불이행,건조,맑음,단일로 - 기타,화물,남,61세,경상,화물,남,35세,중상
2012082100100443,2012년 8월 21일 17시,화요일,전라남도 순천시 해룡면,경상사고,0,0,4,0,차대차 - 측면직각충돌,신호위반,건조,맑음,교차로 - 교차로안,승용,남,27세,경상,승용,남,57세,경상
2012082100100444,2012년 8월 21일 17시,화요일,전라남도 나주시 금천면,경상사고,0,0,3,0,차량단독 - 공작물충돌,안전운전불이행,건조,맑음,단일로 - 기타,승용,여,28세,경상,,,,
2012082100100445,2012년 8월 21일 17시,화요일,전라남도 무안군 무안읍,경상사고,0,0,2,0,차대차 - 기타,안전운전불이행,건조,맑음,단일로 - 기타,화물,남,42세,경상,화물,남,42세,경상
2012082100100483,2012년 8월 21일 18시,화요일,전라남도 영암군 삼호읍,중상사고,0,1,0,0,차량단독 - 전도전복,안전운전불이행,건조,맑음,단일로 - 기타,이륜,남,34세,중상,,,,
2012082100100558,2012년 8월 21일 20시,화요일,전라남도 여수시 신월동,경상사고,0,0,2,0,차대차 - 추돌 - 주정차중,안전운전불이행,건조,맑음,단일로 - 기타,승용,남,53세,상해없음,승용,여,35세,경상
2012082100100594,2012년 8월 21일 21시,화요일,전라남도 여수시 문수동,중상사고,0,1,0,0,차대사람 - 횡단중,보행자보호의무위반,건조,흐림,단일로 - 횡단보도상,승용,남,69세,상해없음,보행자,남,21세,중상
2012082100100595,2012년 8월 21일 21시,화요일,전라남도 장성군 북이면,중상사고,0,1,2,0,차대사람 - 차도통행중,안전운전불이행,습기,흐림,단일로 - 기타,승용,남,41세,상해없음,보행자,여,28세,중상
2012082100100662,2012년 8월 21일 23시,화요일,전라남도 여수시 신월동,경상사고,0,0,2,0,차대차 - 추돌 - 주정차중,안전운전불이행,건조,맑음,단일로 - 기타,승용,남,37세,상해없음,승용,여,26세,경상
2012082200100112,2012년 8월 22일 06시,수요일,전라남도 광양시 마동,경상사고,0,0,1,0,차대차 - 측면직각충돌,신호위반,건조,맑음,교차로 - 교차로안,화물,남,42세,상해없음,승용,남,41세,경상
2012082200100152,2012년 8월 22일 08시,수요일,전라남도 목포시 산정동,중상사고,0,1,0,0,차대사람 - 기타,신호위반,습기,비,단일로 - 기타,화물,남,63세,상해없음,보행자,여,76세,중상
2012082200100209,2012년 8월 22일 10시,수요일,전라남도 목포시 산정동,경상사고,0,0,1,0,차대차 - 측면직각충돌,안전운전불이행,건조,맑음,단일로 - 기타,승용,남,36세,상해없음,원동기,남,58세,경상
2012082200100210,2012년 8월 22일 10시,수요일,전라남도 담양군 대전면,중상사고,0,4,1,0,차량단독 - 도로외이탈 - 추락,안전운전불이행,습기,비,단일로 - 기타,승용,남,24세,중상,,,,
2012082200100236,2012년 8월 22일 11시,수요일,전라남도 목포시 대양동,중상사고,0,1,1,0,차대차 - 추돌 - 진행중,안전운전불이행,습기,비,단일로 - 기타,화물,남,47세,기타불명,승용,남,64세,중상
2012082200100237,2012년 8월 22일 11시,수요일,전라남도 보성군 겸백면,중상사고,0,1,0,0,차대차 - 측면직각충돌,중앙선침범,습기,비,단일로 - 기타,승용,남,43세,상해없음,원동기,남,61세,중상
2012082200100297,2012년 8월 22일 13시,수요일,전라남도 영암군 삼호읍,경상사고,0,0,2,0,차대차 - 측면직각충돌,불법유턴,습기,비,교차로 - 교차로부근,승용,여,25세,경상,화물,남,43세,경상
2012082200100329,2012년 8월 22일 14시,수요일,전라남도 고흥군 점암면,경상사고,0,0,1,0,차량단독 - 공작물충돌,안전운전불이행,습기,비,단일로 - 기타,승용,남,30세,경상,,,,
2012082200100330,2012년 8월 22일 14시,수요일,전라남도 영암군 삼호읍,경상사고,0,0,3,0,차대차 - 추돌 - 진행중,안전운전불이행,건조,맑음,교차로 - 교차로안,화물,남,66세,경상,화물,남,44세,경상
2012082200100331,2012년 8월 22일 14시,수요일,전라남도 구례군 구례읍,경상사고,0,0,1,0,차대차 - 기타,안전운전불이행,건조,흐림,교차로 - 교차로부근,화물,여,45세,상해없음,원동기,여,70세,경상
2012082200100372,2012년 8월 22일 15시,수요일,전라남도 여수시 남면,경상사고,0,0,1,0,차대차 - 정면충돌,중앙선침범,습기,비,단일로 - 기타,화물,남,68세,상해없음,승합,남,59세,경상
2012082200100398,2012년 8월 22일 16시,수요일,전라남도 순천시 덕암동,경상사고,0,0,2,0,차대차 - 측면직각충돌,교차로운행방법위반,습기,비,교차로 - 교차로안,승용,남,56세,경상,승용,남,23세,경상
2012082200100430,2012년 8월 22일 17시,수요일,전라남도 목포시 호남동,중상사고,0,1,0,0,차대차 - 측면직각충돌,안전운전불이행,건조,맑음,단일로 - 기타,승용,남,72세,상해없음,원동기,여,33세,중상
2012082200100516,2012년 8월 22일 20시,수요일,전라남도 무안군 삼향읍,경상사고,0,0,1,0,차대차 - 기타,중앙선침범,건조,맑음,단일로 - 기타,화물,여,31세,상해없음,승용,남,26세,경상
2012082200100517,2012년 8월 22일 20시,수요일,전라남도 순천시 서면,경상사고,0,0,1,0,차대차 - 추돌 - 주정차중,안전운전불이행,건조,맑음,단일로 - 터널,화물,남,47세,상해없음,승용,남,61세,경상
2012082200100595,2012년 8월 22일 22시,수요일,전라남도 여수시 돌산읍,중상사고,0,1,1,0,차량단독 - 공작물충돌,안전운전불이행,습기,비,단일로 - 기타,승용,여,38세,상해없음,,,,
2012082200100596,2012년 8월 22일 22시,수요일,전라남도 순천시 연향동,경상사고,0,0,1,0,차대사람 - 차도통행중,안전운전불이행,습기,비,단일로 - 기타,원동기,남,65세,상해없음,보행자,남,56세,경상
2012082200100624,2012년 8월 22일 23시,수요일,전라남도 순천시 조례동,경상사고,0,0,1,0,차대차 - 측면직각충돌,안전운전불이행,습기,비,교차로 - 교차로부근,승용,남,48세,상해없음,이륜,남,18세,경상
2012082200100625,2012년 8월 22일 23시,수요일,전라남도 순천시 동외동,경상사고,0,0,1,0,차대차 - 측면직각충돌,안전운전불이행,습기,비,교차로 - 교차로안,화물,남,52세,상해없음,승용,남,52세,경상
2012082300100018,2012년 8월 23일 00시,목요일,전라남도 무안군 삼향읍,경상사고,0,0,2,0,차대차 - 기타,직진우회전진행방해,건조,맑음,교차로 - 교차로안,승용,남,21세,상해없음,승용,남,29세,상해없음
2012082300100038,2012년 8월 23일 01시,목요일,전라남도 목포시 산정동,경상사고,0,0,1,0,차대차 - 기타,불법유턴,건조,맑음,단일로 - 기타,승용,남,42세,상해없음,승용,남,25세,경상
2012082300100065,2012년 8월 23일 04시,목요일,전라남도 영암군 삼호읍,경상사고,0,0,1,0,차량단독 - 전도전복,안전운전불이행,습기,흐림,단일로 - 기타,승용,남,31세,경상,,,,
2012082300100116,2012년 8월 23일 07시,목요일,전라남도 장흥군 부산면,경상사고,0,0,1,0,차대차 - 기타,중앙선침범,습기,흐림,단일로 - 기타,화물,남,34세,상해없음,승용,여,52세,경상
2012082300100140,2012년 8월 23일 08시,목요일,전라남도 무안군 삼향읍,경상사고,0,0,2,0,차량단독 - 전도전복,안전운전불이행,건조,맑음,단일로 - 기타,이륜,남,19세,경상,,,,
2012082300100141,2012년 8월 23일 08시,목요일,전라남도 광양시 광양읍,경상사고,0,0,2,0,차대차 - 측면직각충돌,직진우회전진행방해,습기,비,교차로 - 교차로안,승용,여,40세,경상,승용,남,55세,경상
2012082300100168,2012년 8월 23일 09시,목요일,전라남도 순천시 연향동,경상사고,0,0,1,0,차대차 - 측면직각충돌,신호위반,습기,비,교차로 - 교차로안,승용,남,39세,상해없음,승용,남,53세,경상
2012082300100218,2012년 8월 23일 11시,목요일,전라남도 완도군 고금면,중상사고,0,4,0,0,차대차 - 정면충돌,중앙선침범,습기,비,단일로 - 기타,화물,남,35세,중상,화물,남,67세,중상
2012082300100242,2012년 8월 23일 12시,목요일,전라남도 여수시 국동,경상사고,0,0,2,0,차대차 - 측면직각충돌,신호위반,습기,비,교차로 - 교차로안,화물,남,50세,기타불명,승용,남,30세,경상
2012082300100243,2012년 8월 23일 12시,목요일,전라남도 광양시 중동,중상사고,0,1,0,0,차대차 - 기타,안전운전불이행,습기,비,교차로 - 교차로부근,승용,남,45세,상해없음,승용,여,35세,중상
2012082300100260,2012년 8월 23일 13시,목요일,전라남도 영암군 삼호읍,경상사고,0,0,1,0,차대차 - 측면직각충돌,교차로운행방법위반,건조,맑음,교차로 - 교차로부근,승합,여,55세,상해없음,승합,남,46세,상해없음
2012082300100261,2012년 8월 23일 13시,목요일,전라남도 영암군 삼호읍,경상사고,0,0,1,0,차대사람 - 기타,안전운전불이행,건조,맑음,교차로 - 교차로부근,화물,남,47세,상해없음,보행자,남,45세,경상
2012082300100262,2012년 8월 23일 13시,목요일,전라남도 광양시 태인동,사망사고,1,0,0,0,차대차 - 측면직각충돌,중앙선침범,습기,비,교차로 - 교차로부근,화물,남,32세,상해없음,화물,남,51세,사망
2012082300100294,2012년 8월 23일 14시,목요일,전라남도 여수시 문수동,경상사고,0,0,1,0,차대차 - 기타,안전거리미확보,습기,비,단일로 - 기타,승용,여,59세,상해없음,승용,여,40세,경상
2012082300100295,2012년 8월 23일 14시,목요일,전라남도 광양시 봉강면,중상사고,0,1,1,0,차량단독 - 전도전복,안전운전불이행,건조,맑음,단일로 - 기타,화물,남,32세,상해없음,,,,
2012082300100379,2012년 8월 23일 17시,목요일,전라남도 목포시 상동,경상사고,0,0,2,0,차대차 - 기타,직진우회전진행방해,습기,흐림,교차로 - 교차로부근,승용,여,39세,경상,승합,남,23세,경상
2012082300100419,2012년 8월 23일 18시,목요일,전라남도 목포시 용해동,중상사고,0,1,0,0,차대차 - 추돌 - 주정차중,안전거리미확보,건조,맑음,단일로 - 터널,승용,남,38세,상해없음,승용,남,47세,상해없음
2012082300100447,2012년 8월 23일 19시,목요일,전라남도 여수시 신월동,중상사고,0,1,1,0,차대차 - 기타,안전운전불이행,습기,비,단일로 - 기타,승합,남,63세,경상,승합,남,56세,상해없음