사고번호,사고일시,요일,시군구,사고내용,사망자수,중상자수,경상자수,부상신고자수,사고유형,법규위반,노면상태,기상상태,도로형태,가해운전자 차종,가해운전자 성별,가해운전자 연령,가해운전자 상해정도,피해운전자 차종,피해운전자 성별,피해운전자 연령,피해운전자 상해정도
2012082700100299,2012년 8월 27일 13시,월요일,전라남도 장흥군 장흥읍,경상사고,0,0,1,0,차대차 - 기타,중앙선침범,건조,맑음,단일로 - 기타,자전거,여,42세,경상,화물,남,48세,상해없음
2012082700100300,2012년 8월 27일 13시,월요일,전라남도 영광군 영광읍,경상사고,0,0,1,0,차대차 - 측면직각충돌,교차로운행방법위반,건조,맑음,교차로 - 교차로안,승합,남,67세,상해없음,승용,남,42세,경상
2012082700100301,2012년 8월 27일 13시,월요일,전라남도 광양시 옥곡면,경상사고,0,0,3,0,차대차 - 정면충돌,중앙선침범,건조,맑음,단일로 - 기타,승용,여,52세,상해없음,승용,남,60세,경상
2012082700100329,2012년 8월 27일 14시,월요일,전라남도 순천시 외서면,중상사고,0,2,0,0,차대차 - 측면직각충돌,안전운전불이행,건조,맑음,단일로 - 기타,승용,여,53세,상해없음,원동기,남,72세,중상
2012082700100361,2012년 8월 27일 15시,월요일,전라남도 목포시 용당동,경상사고,0,0,1,0,차대차 - 기타,안전운전불이행,건조,맑음,교차로 - 교차로부근,승용,여,28세,상해없음,자전거,남,87세,경상
2012082700100362,2012년 8월 27일 15시,월요일,전라남도 목포시 호남동,중상사고,0,1,0,0,차대차 - 추돌 - 주정차중,안전운전불이행,건조,맑음,단일로 - 기타,이륜,남,63세,중상,승용,남,47세,기타불명
2012082700100363,2012년 8월 27일 15시,월요일,전라남도 나주시 석현동,경상사고,0,0,1,1,차대차 - 추돌 - 주정차중,안전운전불이행,건조,맑음,교차로 - 교차로안,승용,여,28세,부상신고,승용,여,46세,경상
2012082700100413,2012년 8월 27일 16시,월요일,전라남도 진도군 임회면,경상사고,0,0,2,0,차대차 - 정면충돌,중앙선침범,건조,맑음,단일로 - 기타,승용,남,22세,상해없음,화물,남,48세,경상
2012082700100448,2012년 8월 27일 17시,월요일,전라남도 목포시 옥암동,경상사고,0,0,1,0,차대차 - 측면직각충돌,안전운전불이행,습기,흐림,단일로 - 기타,승용,남,33세,상해없음,승용,남,35세,경상
2012082700100505,2012년 8월 27일 19시,월요일,전라남도 목포시 상동,사망사고,1,0,0,0,차대사람 - 횡단중,안전운전불이행,습기,흐림,교차로 - 교차로안,승용,남,48세,상해없음,보행자,남,57세,사망
2012082700100582,2012년 8월 27일 22시,월요일,전라남도 여수시 신월동,경상사고,0,0,1,0,차대차 - 측면직각충돌,안전운전불이행,습기,비,단일로 - 기타,승용,남,65세,상해없음,승용,남,33세,경상
2012082700100612,2012년 8월 27일 23시,월요일,전라남도 여수시 학동,경상사고,0,0,1,0,차대차 - 추돌 - 주정차중,안전운전불이행,습기,비,교차로 - 교차로부근,화물,남,48세,기타불명,승용,남,41세,경상
2012082800100032,2012년 8월 28일 01시,화요일,전라남도 나주시 세지면,경상사고,0,0,1,0,차량단독 - 공작물충돌,안전운전불이행,습기,비,단일로 - 기타,승용,남,30세,경상,,,,
2012082800100146,2012년 8월 28일 10시,화요일,전라남도 화순군 이양면,중상사고,0,4,0,0,차량단독 - 공작물충돌,안전운전불이행,습기,비,단일로 - 기타,승용,남,56세,중상,,,,
2012082800100167,2012년 8월 28일 11시,화요일,전라남도 목포시 옥암동,경상사고,0,0,1,0,차대차 - 추돌 - 주정차중,안전운전불이행,습기,비,교차로 - 교차로부근,승용,남,47세,상해없음,화물,남,47세,경상
2012082800100168,2012년 8월 28일 11시,화요일,전라남도 완도군 금당면,중상사고,0,1,0,0,차대사람 - 횡단중,안전운전불이행,습기,흐림,단일로 - 기타,승용,남,63세,상해없음,보행자,남,78세,중상
2012082800100169,2012년 8월 28일 11시,화요일,전라남도 광양시 광양읍,경상사고,0,0,1,0,차대차 - 측면직각충돌,신호위반,습기,비,교차로 - 교차로안,승용,여,35세,상해없음,승용,남,41세,경상
2012082800100199,2012년 8월 28일 13시,화요일,전라남도 목포시 상동,중상사고,0,1,0,0,차대차 - 측면직각충돌,중앙선침범,습기,비,단일로 - 기타,화물,남,61세,상해없음,화물,남,43세,중상
2012082800100200,2012년 8월 28일 13시,화요일,전라남도 순천시 조례동,부상신고사고,0,0,0,1,차대차 - 기타,안전운전불이행,습기,흐림,단일로 - 기타,승용,여,60세,상해없음,승용,여,25세,상해없음
2012082800100201,2012년 8월 28일 13시,화요일,전라남도 해남군 해남읍,경상사고,0,0,3,0,차대차 - 측면직각충돌,교차로운행방법위반,습기,비,교차로 - 교차로안,승용,남,44세,상해없음,화물,여,50세,경상
2012082800100202,2012년 8월 28일 13시,화요일,전라남도 완도군 군외면,부상신고사고,0,0,0,1,차대차 - 추돌 - 진행중,차로위반,습기,비,단일로 - 기타,승용,남,34세,상해없음,승용,남,63세,부상신고
2012082800100214,2012년 8월 28일 14시,화요일,전라남도 영광군 영광읍,중상사고,0,1,0,0,차대사람 - 기타,안전운전불이행,습기,비,교차로 - 교차로안,승용,여,31세,상해없음,보행자,여,58세,중상
2012082800100232,2012년 8월 28일 15시,화요일,전라남도 목포시 죽교동,경상사고,0,0,1,0,차대차 - 정면충돌,안전운전불이행,건조,맑음,단일로 - 기타,화물,남,60세,상해없음,승용,여,45세,경상
2012082800100233,2012년 8월 28일 15시,화요일,전라남도 담양군 담양읍,경상사고,0,0,1,0,차대차 - 기타,안전운전불이행,습기,비,단일로 - 기타,승용,남,28세,경상,승합,남,43세,상해없음
2012082800100242,2012년 8월 28일 16시,화요일,전라남도 목포시 상동,경상사고,0,0,2,0,차대차 - 추돌 - 진행중,안전운전불이행,습기,비,단일로 - 기타,승용,남,43세,상해없음,승용,남,25세,경상
2012082800100243,2012년 8월 28일 16시,화요일,전라남도 광양시 중동,경상사고,0,0,1,0,차대차 - 측면직각충돌,교차로운행방법위반,습기,비,교차로 - 교차로안,승용,남,66세,상해없음,승용,여,38세,경상
2012082800100264,2012년 8월 28일 17시,화요일,전라남도 담양군 금성면,사망사고,1,1,1,0,차대차 - 기타,안전운전불이행,습기,비,단일로 - 기타,화물,남,66세,중상,승용,남,33세,경상
2012082800100303,2012년 8월 28일 19시,화요일,전라남도 목포시 옥암동,경상사고,0,0,3,0,차대차 - 측면직각충돌,직진우회전진행방해,습기,비,교차로 - 교차로안,승용,남,24세,경상,승용,남,46세,경상
2012082800100304,2012년 8월 28일 19시,화요일,전라남도 광양시 광양읍,경상사고,0,0,1,0,차대차 - 측면직각충돌,교차로운행방법위반,건조,맑음,교차로 - 교차로안,원동기,남,52세,경상,승용,남,55세,상해없음
2012082800100305,2012년 8월 28일 19시,화요일,전라남도 담양군 창평면,경상사고,0,0,3,0,차대차 - 기타,안전운전불이행,습기,비,단일로 - 기타,승용,남,31세,상해없음,승용,남,48세,경상
2012082800100340,2012년 8월 28일 20시,화요일,전라남도 목포시 용당동,중상사고,0,1,2,0,차대차 - 추돌 - 주정차중,안전운전불이행,습기,비,단일로 - 기타,승용,남,40세,경상,승용,남,45세,경상
2012082800100341,2012년 8월 28일 20시,화요일,전라남도 광양시 광양읍,경상사고,0,0,1,0,차대차 - 측면직각충돌,안전운전불이행,건조,맑음,교차로 - 교차로안,승용,여,30세,경상,승용,남,23세,상해없음
2012082800100429,2012년 8월 28일 23시,화요일,전라남도 여수시 학동,중상사고,0,1,0,0,차대차 - 추돌 - 주정차중,안전운전불이행,건조,맑음,교차로 - 교차로부근,승용,남,26세,상해없음,승용,남,33세,기타불명
2012082900100026,2012년 8월 29일 01시,수요일,전라남도 순천시 해룡면,경상사고,0,0,1,0,차량단독 - 공작물충돌,안전운전불이행,건조,맑음,단일로 - 기타,승용,남,46세,경상,,,,
2012082900100058,2012년 8월 29일 05시,수요일,전라남도 장성군 황룡면,중상사고,0,1,0,0,차대차 - 추돌 - 진행중,안전거리미확보,건조,흐림,단일로 - 기타,승용,남,29세,상해없음,자전거,남,73세,중상
2012082900100067,2012년 8월 29일 06시,수요일,전라남도 화순군 화순읍,중상사고,0,1,0,0,차대차 - 기타,중앙선침범,건조,맑음,교차로 - 교차로부근,승용,여,50세,상해없음,원동기,남,37세,중상
2012082900100109,2012년 8월 29일 08시,수요일,전라남도 담양군 봉산면,중상사고,0,1,1,0,차대차 - 측면직각충돌,직진우회전진행방해,건조,맑음,교차로 - 교차로안,원동기,남,65세,중상,승용,여,33세,경상
2012082900100168,2012년 8월 29일 10시,수요일,전라남도 순천시 옥천동,경상사고,0,0,1,0,차량단독 - 전도전복,안전운전불이행,건조,맑음,단일로 - 기타,승용,남,66세,상해없음,,,,
2012082900100169,2012년 8월 29일 10시,수요일,전라남도 강진군 군동면,경상사고,0,0,1,0,차대차 - 측면직각충돌,안전운전불이행,습기,흐림,단일로 - 기타,원동기,여,77세,경상,승용,여,39세,상해없음
2012082900100198,2012년 8월 29일 11시,수요일,전라남도 무안군 무안읍,경상사고,0,0,1,0,차대사람 - 횡단중,안전운전불이행,건조,맑음,단일로 - 기타,이륜,남,23세,상해없음,보행자,남,47세,경상
2012082900100272,2012년 8월 29일 14시,수요일,전라남도 나주시 중앙동,사망사고,1,0,0,0,차대차 - 측면직각충돌,교차로운행방법위반,건조,맑음,교차로 - 교차로안,승용,남,38세,상해없음,원동기,남,71세,사망
2012082900100273,2012년 8월 29일 14시,수요일,전라남도 화순군 도암면,사망사고,1,0,0,0,차대차 - 추돌 - 진행중,과속,건조,맑음,교차로 - 교차로안,승합,남,60세,상해없음,이륜,여,67세,사망
2012082900100349,2012년 8월 29일 16시,수요일,전라남도 목포시 석현동,경상사고,0,0,2,0,차대차 - 측면직각충돌,중앙선침범,건조,맑음,교차로 - 교차로부근,승용,남,31세,상해없음,승용,남,66세,경상
2012082900100351,2012년 8월 29일 16시,수요일,전라남도 나주시 금천면,경상사고,0,0,1,0,차대사람 - 기타,안전운전불이행,건조,흐림,단일로 - 기타,화물,기타불명,기타불명,기타불명,보행자,남,32세,경상
2012082900100393,2012년 8월 29일 17시,수요일,전라남도 여수시 학동,경상사고,0,0,1,0,차대차 - 기타,교차로운행방법위반,건조,맑음,교차로 - 교차로안,승용,여,64세,상해없음,승합,남,50세,경상
2012082900100394,2012년 8월 29일 17시,수요일,전라남도 나주시 세지면,경상사고,0,0,1,0,차대차 - 측면직각충돌,안전운전불이행,건조,맑음,단일로 - 기타,화물,남,48세,상해없음,자전거,남,65세,경상
2012082900100395,2012년 8월 29일 17시,수요일,전라남도 영암군 신북면,중상사고,0,1,0,0,차대사람 - 차도통행중,안전운전불이행,습기,흐림,교차로 - 교차로안,화물,남,31세,상해없음,보행자,여,52세,중상
2012082900100396,2012년 8월 29일 17시,수요일,전라남도 곡성군 곡성읍,중상사고,0,1,0,0,차대차 - 기타,교차로운행방법위반,습기,비,교차로 - 교차로안,화물,남,59세,상해없음,원동기,남,69세,중상
2012082900100447,2012년 8월 29일 18시,수요일,전라남도 나주시 송월동,경상사고,0,0,1,0,차대차 - 측면직각충돌,안전운전불이행,습기,비,교차로 - 교차로부근,화물,남,58세,상해없음,승합,남,42세,경상
2012082900100501,2012년 8월 29일 19시,수요일,전라남도 순천시 조례동,중상사고,0,1,0,0,차대사람 - 기타,안전운전불이행,건조,맑음,단일로 - 기타,승용,남,52세,상해없음,보행자,여,65세,중상
2012082900100502,2012년 8월 29일 19시,수요일,전라남도 나주시 성북동,경상사고,0,0,1,0,차대사람 - 보도통행중,안전운전불이행,습기,비,교차로 - 교차로부근,승용,여,35세,상해없음,보행자,남,14세,경상
2012082900100576,2012년 8월 29일 21시,수요일,전라남도 여수시 여서동,경상사고,0,0,1,0,차대차 - 기타,안전운전불이행,습기,비,교차로 - 교차로안,원동기,남,15세,경상,승용,남,64세,상해없음
2012082900100577,2012년 8월 29일 21시,수요일,전라남도 영광군 영광읍,중상사고,0,1,0,0,차대사람 - 기타,안전운전불이행,습기,비,단일로 - 기타,승용,남,51세,상해없음,보행자,남,64세,중상
2012082900100578,2012년 8월 29일 21시,수요일,전라남도 강진군 강진읍,중상사고,0,2,0,0,차대사람 - 기타,안전운전불이행,습기,흐림,단일로 - 기타,승용,여,47세,상해없음,보행자,남,43세,중상
2012082900100614,2012년 8월 29일 22시,수요일,전라남도 목포시 옥암동,경상사고,0,0,1,0,차대차 - 측면직각충돌,안전운전불이행,건조,맑음,단일로 - 기타,승용,여,46세,상해없음,원동기,남,17세,경상
2012082900100615,2012년 8월 29일 22시,수요일,전라남도 여수시 돌산읍,경상사고,0,0,2,0,차대차 - 추돌 - 진행중,안전운전불이행,습기,비,교차로 - 교차로안,승용,여,52세,상해없음,화물,남,38세,경상
2012082900100655,2012년 8월 29일 23시,수요일,전라남도 목포시 상동,경상사고,0,0,4,0,차대차 - 기타,신호위반,습기,비,교차로 - 교차로안,승용,남,45세,상해없음,승용,남,32세,경상
2012082900100656,2012년 8월 29일 23시,수요일,전라남도 무안군 삼향읍,경상사고,0,0,2,0,차대차 - 추돌 - 주정차중,안전운전불이행,습기,비,단일로 - 기타,승용,남,42세,경상,화물,남,40세,기타불명
2012083000100024,2012년 8월 30일 00시,목요일,전라남도 담양군 창평면,경상사고,0,0,1,0,차대차 - 측면직각충돌,과속,습기,비,단일로 - 기타,승용,남,42세,상해없음,특수,남,44세,상해없음
2012083000100101,2012년 8월 30일 06시,목요일,전라남도 장성군 북이면,사망사고,1,3,7,0,차대사람 - 기타,안전운전불이행,습기,비,단일로 - 기타,승합,여,52세,상해없음,보행자,남,46세,사망
2012083000100159,2012년 8월 30일 08시,목요일,전라남도 목포시 상동,경상사고,0,0,1,0,차대차 - 측면직각충돌,안전운전불이행,습기,비,교차로 - 교차로부근,승용,여,57세,상해없음,승용,여,38세,경상
2012083000100160,2012년 8월 30일 08시,목요일,전라남도 목포시 산정동,중상사고,0,1,0,0,차대사람 - 횡단중,안전운전불이행,습기,비,단일로 - 기타,승용,남,54세,상해없음,보행자,여,54세,중상
2012083000100161,2012년 8월 30일 08시,목요일,전라남도 강진군 병영면,경상사고,0,0,2,0,차량단독 - 기타,안전운전불이행,습기,비,단일로 - 기타,승합,남,54세,경상,,,,
2012083000100192,2012년 8월 30일 09시,목요일,전라남도 목포시 연산동,경상사고,0,0,1,0,차대차 - 추돌 - 주정차중,안전거리미확보,습기,비,단일로 - 교량,승용,남,60세,상해없음,승용,남,36세,경상
2012083000100193,2012년 8월 30일 09시,목요일,전라남도 광양시 중동,경상사고,0,0,1,0,차대차 - 추돌 - 주정차중,안전운전불이행,습기,비,교차로 - 교차로부근,승용,남,34세,상해없음,이륜,남,34세,경상
2012083000100283,2012년 8월 30일 13시,목요일,전라남도 순천시 외서면,경상사고,0,0,3,0,차대차 - 측면직각충돌,안전운전불이행,건조,흐림,교차로 - 교차로안,화물,남,61세,상해없음,승합,남,59세,경상
2012083000100332,2012년 8월 30일 15시,목요일,전라남도 순천시 서면,경상사고,0,0,2,0,차대차 - 추돌 - 진행중,안전운전불이행,건조,맑음,단일로 - 기타,승용,남,59세,상해없음,승용,여,53세,경상
2012083000100372,2012년 8월 30일 17시,목요일,전라남도 고흥군 동강면,중상사고,0,1,0,0,차대차 - 기타,안전운전불이행,건조,맑음,단일로 - 기타,화물,남,37세,상해없음,원동기,남,62세,중상
2012083000100399,2012년 8월 30일 18시,목요일,전라남도 순천시 장천동,중상사고,0,1,0,0,차대차 - 추돌 - 주정차중,안전운전불이행,건조,맑음,단일로 - 기타,화물,남,47세,상해없음,원동기,남,74세,중상
2012083000100441,2012년 8월 30일 19시,목요일,전라남도 목포시 산정동,경상사고,0,0,1,0,차대사람 - 기타,안전운전불이행,습기,흐림,단일로 - 기타,이륜,남,16세,상해없음,보행자,여,16세,경상
2012083000100442,2012년 8월 30일 19시,목요일,전라남도 장흥군 대덕읍,중상사고,0,1,0,0,차대사람 - 길가장자리구역통행중,안전운전불이행,건조,맑음,단일로 - 기타,화물,남,62세,상해없음,보행자,남,71세,중상
2012083000100482,2012년 8월 30일 20시,목요일,전라남도 장성군 장성읍,중상사고,0,1,0,0,차대차 - 정면충돌,안전운전불이행,건조,맑음,교차로 - 교차로안,승용,남,45세,상해없음,원동기,남,18세,중상
2012083000100483,2012년 8월 30일 20시,목요일,전라남도 광양시 봉강면,중상사고,0,1,0,0,차대사람 - 길가장자리구역통행중,안전운전불이행,건조,흐림,단일로 - 기타,화물,남,59세,상해없음,보행자,남,51세,중상
2012083000100515,2012년 8월 30일 21시,목요일,전라남도 목포시 상동,경상사고,0,0,2,0,차대차 - 추돌 - 진행중,안전거리미확보,습기,비,단일로 - 기타,승용,남,43세,상해없음,승용,남,31세,경상
2012083000100551,2012년 8월 30일 22시,목요일,전라남도 목포시 옥암동,경상사고,0,0,2,0,차대차 - 추돌 - 주정차중,안전운전불이행,건조,맑음,교차로 - 교차로부근,승용,남,35세,상해없음,승용,남,39세,경상
2012083000100552,2012년 8월 30일 22시,목요일,전라남도 목포시 상동,경상사고,0,0,1,0,차대차 - 측면직각충돌,안전운전불이행,습기,흐림,교차로 - 교차로안,승용,남,44세,상해없음,승용,남,43세,상해없음
2012083000100553,2012년 8월 30일 22시,목요일,전라남도 광양시 광영동,경상사고,0,0,1,0,차대차 - 측면직각충돌,안전운전불이행,건조,맑음,단일로 - 기타,화물,남,36세,상해없음,승용,여,37세,경상
2012083100100041,2012년 8월 31일 01시,금요일,전라남도 광양시 광양읍,사망사고,1,2,1,0,차대차 - 추돌 - 주정차중,안전운전불이행,건조,맑음,단일로 - 기타,승용,여,55세,중상,승용,여,47세,사망
2012083100100057,2012년 8월 31일 02시,금요일,전라남도 순천시 조례동,경상사고,0,0,2,0,차대차 - 추돌 - 진행중,안전운전불이행,건조,맑음,단일로 - 기타,승용,남,36세,상해없음,승용,남,65세,경상
2012083100100098,2012년 8월 31일 06시,금요일,전라남도 여수시 화양면,사망사고,1,0,0,0,차대차 - 기타,안전거리미확보,건조,맑음,단일로 - 기타,승합,남,40세,상해없음,농기계,남,68세,사망
2012083100100115,2012년 8월 31일 07시,금요일,전라남도 순천시 연향동,중상사고,0,1,0,0,차대차 - 기타,신호위반,건조,맑음,교차로 - 교차로부근,승합,남,64세,상해없음,자전거,남,63세,중상
2012083100100158,2012년 8월 31일 08시,금요일,전라남도 여수시 선원동,중상사고,0,1,0,0,차대사람 - 횡단중,안전운전불이행,건조,맑음,단일로 - 기타,승용,남,54세,상해없음,보행자,남,65세,중상
2012083100100198,2012년 8월 31일 09시,금요일,전라남도 장흥군 용산면,중상사고,0,2,0,0,차대차 - 정면충돌,중앙선침범,건조,맑음,단일로 - 기타,승용,남,24세,중상,화물,남,56세,중상
2012083100100234,2012년 8월 31일 10시,금요일,전라남도 고흥군 풍양면,경상사고,0,0,1,0,차대차 - 측면직각충돌,안전운전불이행,건조,맑음,단일로 - 기타,화물,남,44세,상해없음,화물,남,53세,경상
2012083100100235,2012년 8월 31일 10시,금요일,전라남도 광양시 성황동,경상사고,0,0,1,0,차대차 - 측면직각충돌,안전운전불이행,건조,맑음,교차로 - 교차로부근,승용,남,41세,상해없음,승용,여,56세,경상
2012083100100261,2012년 8월 31일 11시,금요일,전라남도 여수시 선원동,부상신고사고,0,0,0,1,차대차 - 측면직각충돌,신호위반,건조,맑음,교차로 - 교차로안,승용,남,60세,기타불명,승용,남,33세,부상신고
2012083100100262,2012년 8월 31일 11시,금요일,전라남도 나주시 다시면,경상사고,0,0,1,0,차량단독 - 공작물충돌,안전운전불이행,건조,맑음,단일로 - 기타,농기계,남,72세,경상,,,,
2012083100100280,2012년 8월 31일 12시,금요일,전라남도 광양시 광양읍,경상사고,0,0,2,0,차대차 - 측면직각충돌,신호위반,건조,맑음,교차로 - 교차로안,승용,여,36세,상해없음,승용,여,52세,경상
2012083100100324,2012년 8월 31일 14시,금요일,전라남도 목포시 용당동,중상사고,0,1,0,0,차대차 - 기타,안전운전불이행,건조,기타,단일로 - 기타,승용,남,61세,상해없음,자전거,남,85세,중상
2012083100100325,2012년 8월 31일 14시,금요일,전라남도 완도군 완도읍,경상사고,0,0,1,0,차대사람 - 횡단중,안전운전불이행,건조,맑음,단일로 - 횡단보도부근,승용,여,39세,상해없음,보행자,여,10세,경상
2012083100100354,2012년 8월 31일 15시,금요일,전라남도 순천시 풍덕동,중상사고,0,1,2,0,차대차 - 기타,안전운전불이행,건조,맑음,교차로 - 교차로안,화물,남,37세,중상,승용,남,45세,경상
2012083100100355,2012년 8월 31일 15시,금요일,전라남도 영암군 도포면,사망사고,1,0,0,0,차량단독 - 도로외이탈 - 추락,안전운전불이행,건조,맑음,단일로 - 기타,이륜,남,80세,사망,,,,
2012083100100356,2012년 8월 31일 15시,금요일,전라남도 곡성군 곡성읍,경상사고,0,0,3,0,차대차 - 측면직각충돌,교차로운행방법위반,건조,맑음,교차로 - 교차로안,승용,여,37세,경상,승용,여,40세,상해없음
2012083100100385,2012년 8월 31일 16시,금요일,전라남도 여수시 연등동,경상사고,0,0,1,0,차대차 - 추돌 - 진행중,차로위반,건조,맑음,단일로 - 기타,승용,남,53세,상해없음,승용,여,37세,경상
2012083100100386,2012년 8월 31일 16시,금요일,전라남도 순천시 동외동,경상사고,0,0,2,0,차대차 - 기타,안전운전불이행,건조,맑음,교차로 - 교차로안,승용,남,57세,상해없음,승용,남,52세,경상
2012083100100387,2012년 8월 31일 16시,금요일,전라남도 영광군 영광읍,경상사고,0,0,4,0,차대차 - 추돌 - 진행중,안전운전불이행,건조,맑음,단일로 - 기타,승용,남,50세,상해없음,승용,남,61세,경상
2012083100100424,2012년 8월 31일 17시,금요일,전라남도 목포시 상동,경상사고,0,0,1,0,차대차 - 기타,안전운전불이행,건조,기타,단일로 - 기타,자전거,남,60세,경상,자전거,남,38세,상해없음
2012083100100425,2012년 8월 31일 17시,금요일,전라남도 여수시 교동,경상사고,0,0,2,0,차대차 - 기타,안전운전불이행,건조,맑음,단일로 - 기타,승용,남,65세,기타불명,승용,남,61세,경상
2012083100100426,2012년 8월 31일 17시,금요일,전라남도 장흥군 안양면,경상사고,0,0,3,0,차대차 - 추돌 - 진행중,안전운전불이행,건조,맑음,단일로 - 기타,원동기,남,67세,경상,승용,남,31세,경상
2012083100100468,2012년 8월 31일 18시,금요일,전라남도 여수시 선원동,중상사고,0,1,0,0,차대차 - 측면직각충돌,안전거리미확보,건조,맑음,교차로 - 교차로부근,승용,남,43세,상해없음,승용,남,20세,중상
2012083100100469,2012년 8월 31일 18시,금요일,전라남도 여수시 율촌면,경상사고,0,0,5,0,차대차 - 추돌 - 진행중,안전운전불이행,건조,맑음,단일로 - 기타,화물,남,32세,경상,승용,남,41세,경상
2012083100100470,2012년 8월 31일 18시,금요일,전라남도 여수시 율촌면,경상사고,0,0,3,0,차대차 - 추돌 - 진행중,안전운전불이행,건조,맑음,단일로 - 기타,승용,남,42세,상해없음,승용,남,53세,경상
2012083100100471,2012년 8월 31일 18시,금요일,전라남도 영암군 삼호읍,경상사고,0,0,2,0,차대차 - 측면직각충돌,직진우회전진행방해,건조,맑음,교차로 - 교차로안,화물,남,60세,경상,승용,남,39세,경상
2012083100100472,2012년 8월 31일 18시,금요일,전라남도 완도군 완도읍,중상사고,0,1,0,0,차대차 - 기타,신호위반,건조,맑음,교차로 - 교차로안,원동기,남,70세,중상,승용,남,38세,상해없음
2012083100100522,2012년 8월 31일 19시,금요일,전라남도 진도군 진도읍,부상신고사고,0,0,0,1,차대사람 - 기타,보행자보호의무위반,건조,맑음,단일로 - 횡단보도상,승용,여,44세,상해없음,보행자,여,72세,부상신고
2012083100100565,2012년 8월 31일 20시,금요일,전라남도 화순군 화순읍,경상사고,0,0,4,0,차대차 - 추돌 - 진행중,안전거리미확보,건조,맑음,단일로 - 기타,승용,남,37세,경상,화물,남,63세,상해없음
2012083100100603,2012년 8월 31일 21시,금요일,전라남도 목포시 대양동,중상사고,0,2,3,0,차대차 - 기타,안전운전불이행,건조,기타,단일로 - 기타,승용,여,49세,경상,화물,남,26세,중상
2012083100100604,2012년 8월 31일 21시,금요일,전라남도 영암군 삼호읍,경상사고,0,0,1,0,차대차 - 측면직각충돌,안전운전불이행,건조,맑음,단일로 - 기타,승합,남,30세,상해없음,원동기,남,40세,경상
2012083100100605,2012년 8월 31일 21시,금요일,전라남도 광양시 중동,경상사고,0,0,1,0,차대차 - 추돌 - 주정차중,안전운전불이행,건조,맑음,교차로 - 교차로부근,승용,남,29세,상해없음,승용,남,29세,경상
2012083100100647,2012년 8월 31일 22시,금요일,전라남도 순천시 별량면,경상사고,0,0,1,0,차량단독 - 공작물충돌,안전운전불이행,건조,맑음,단일로 - 기타,승용,남,36세,경상,,,,
2012083100100648,2012년 8월 31일 22시,금요일,전라남도 광양시 중동,경상사고,0,0,1,0,차대차 - 측면직각충돌,불법유턴,건조,맑음,교차로 - 교차로부근,승용,남,41세,상해없음,승용,남,31세,경상
2012083100100686,2012년 8월 31일 23시,금요일,전라남도 목포시 산정동,경상사고,0,0,4,0,차대차 - 기타,안전운전불이행,건조,기타,단일로 - 기타,원동기,남,60세,경상,승용,남,28세,경상
2012083100100687,2012년 8월 31일 23시,금요일,전라남도 순천시 조례동,경상사고,0,0,1,0,차대차 - 기타,안전운전불이행,건조,맑음,단일로 - 기타,승용,남,31세,상해없음,승용,남,22세,경상
2012083100100688,2012년 8월 31일 23시,금요일,전라남도 고흥군 금산면,사망사고,1,0,0,0,차량단독 - 공작물충돌,안전운전불이행,건조,맑음,단일로 - 기타,이륜,남,35세,사망,,,,
2012083100100689,2012년 8월 31일 23시,금요일,전라남도 보성군 회천면,경상사고,0,0,1,0,차량단독 - 도로외이탈 - 기타,안전운전불이행,건조,맑음,단일로 - 기타,승용,여,50세,경상,,,,
2012090100100023,2012년 9월 1일 00시,토요일,전라남도 여수시 신기동,경상사고,0,0,6,0,차대차 - 추돌 - 진행중,안전운전불이행,건조,맑음,교차로 - 교차로부근,승용,남,36세,상해없음,승용,남,45세,경상
2012090100100024,2012년 9월 1일 00시,토요일,전라남도 여수시 여서동,경상사고,0,0,1,0,차대사람 - 기타,안전운전불이행,건조,맑음,단일로 - 기타,기타불명,기타불명,기타불명,기타불명,보행자,남,40세,경상
2012090100100025,2012년 9월 1일 00시,토요일,전라남도 광양시 광양읍,중상사고,0,1,0,0,차대차 - 측면직각충돌,안전운전불이행,건조,맑음,단일로 - 기타,승용,남,31세,상해없음,승용,남,60세,중상
2012090100100059,2012년 9월 1일 01시,토요일,전라남도 목포시 산정동,경상사고,0,0,5,0,차량단독 - 공작물충돌,안전운전불이행,건조,기타,교차로 - 교차로안,승용,남,23세,경상,,,,
2012090100100060,2012년 9월 1일 01시,토요일,전라남도 순천시 덕암동,경상사고,0,0,2,0,차대사람 - 횡단중,안전운전불이행,건조,맑음,교차로 - 교차로부근,승용,남,31세,상해없음,보행자,여,39세,경상
2012090100100147,2012년 9월 1일 06시,토요일,전라남도 목포시 산정동,사망사고,1,0,0,0,차대사람 - 보도통행중,기타,건조,맑음,단일로 - 기타,승용,남,70세,상해없음,보행자,여,62세,사망
2012090100100190,2012년 9월 1일 08시,토요일,전라남도 해남군 현산면,경상사고,0,0,1,0,차대차 - 기타,중앙선침범,건조,맑음,단일로 - 기타,화물,남,65세,기타불명,승용,남,23세,경상
2012090100100191,2012년 9월 1일 08시,토요일,전라남도 무안군 일로읍,중상사고,0,1,1,0,차대차 - 측면직각충돌,직진우회전진행방해,건조,맑음,교차로 - 교차로안,승합,남,58세,경상,승용,남,49세,중상