사고번호,사고일시,요일,시군구,사고내용,사망자수,중상자수,경상자수,부상신고자수,사고유형,법규위반,노면상태,기상상태,도로형태,가해운전자 차종,가해운전자 성별,가해운전자 연령,가해운전자 상해정도,피해운전자 차종,피해운전자 성별,피해운전자 연령,피해운전자 상해정도
2012090100100211,2012년 9월 1일 09시,토요일,전라남도 순천시 덕암동,중상사고,0,1,0,0,차대차 - 측면직각충돌,안전운전불이행,건조,맑음,단일로 - 기타,승용,남,61세,상해없음,이륜,남,67세,중상
2012090100100235,2012년 9월 1일 10시,토요일,전라남도 여수시 광무동,경상사고,0,0,1,0,차대차 - 기타,신호위반,건조,맑음,교차로 - 교차로안,승용,남,73세,기타불명,승용,남,27세,상해없음
2012090100100266,2012년 9월 1일 11시,토요일,전라남도 목포시 상동,경상사고,0,0,1,0,차대차 - 기타,불법유턴,건조,맑음,교차로 - 교차로안,원동기,남,82세,경상,승용,남,38세,상해없음
2012090100100296,2012년 9월 1일 12시,토요일,전라남도 여수시 문수동,경상사고,0,0,1,0,차대사람 - 횡단중,보행자보호의무위반,건조,맑음,단일로 - 기타,승용,남,57세,상해없음,보행자,남,4세,경상
2012090100100297,2012년 9월 1일 12시,토요일,전라남도 여수시 화양면,중상사고,0,2,9,0,차대차 - 정면충돌,중앙선침범,건조,맑음,단일로 - 기타,승합,남,52세,상해없음,승합,남,46세,중상
2012090100100298,2012년 9월 1일 12시,토요일,전라남도 화순군 능주면,사망사고,1,0,2,0,차대차 - 추돌 - 주정차중,안전운전불이행,건조,맑음,단일로 - 기타,승용,여,39세,사망,화물,남,51세,상해없음
2012090100100299,2012년 9월 1일 12시,토요일,전라남도 담양군 월산면,경상사고,0,0,1,0,차대차 - 기타,차로위반,건조,맑음,단일로 - 기타,화물,남,49세,상해없음,자전거,남,36세,경상
2012090100100332,2012년 9월 1일 13시,토요일,전라남도 순천시 중앙동,경상사고,0,0,2,0,차대사람 - 횡단중,보행자보호의무위반,건조,맑음,단일로 - 횡단보도상,승용,여,52세,상해없음,보행자,여,16세,경상
2012090100100362,2012년 9월 1일 14시,토요일,전라남도 목포시 용당동,경상사고,0,0,1,0,차대차 - 기타,안전운전불이행,건조,맑음,교차로 - 교차로안,승용,남,25세,상해없음,원동기,남,46세,경상
2012090100100363,2012년 9월 1일 14시,토요일,전라남도 장흥군 장흥읍,중상사고,0,2,2,0,차대차 - 측면직각충돌,교차로운행방법위반,건조,맑음,교차로 - 교차로안,승용,남,38세,중상,승용,여,44세,경상
2012090100100364,2012년 9월 1일 14시,토요일,전라남도 영암군 도포면,경상사고,0,0,1,0,차대사람 - 기타,안전운전불이행,건조,맑음,단일로 - 기타,승용,남,40세,상해없음,보행자,남,87세,경상
2012090100100365,2012년 9월 1일 14시,토요일,전라남도 강진군 강진읍,경상사고,0,0,1,0,차대차 - 측면직각충돌,직진우회전진행방해,건조,맑음,교차로 - 교차로안,승용,여,32세,상해없음,승용,남,43세,경상
2012090100100428,2012년 9월 1일 16시,토요일,전라남도 여수시 연등동,중상사고,0,1,0,0,차대차 - 측면직각충돌,안전거리미확보,건조,맑음,단일로 - 기타,화물,남,66세,상해없음,원동기,남,42세,중상
2012090100100429,2012년 9월 1일 16시,토요일,전라남도 여수시 서교동,중상사고,0,1,1,0,차대차 - 추돌 - 진행중,안전운전불이행,건조,맑음,교차로 - 교차로안,화물,남,46세,상해없음,승용,여,41세,경상
2012090100100430,2012년 9월 1일 16시,토요일,전라남도 해남군 해남읍,경상사고,0,0,1,0,차대차 - 측면직각충돌,안전운전불이행,건조,맑음,단일로 - 기타,승용,남,62세,상해없음,승합,남,25세,경상
2012090100100469,2012년 9월 1일 17시,토요일,전라남도 화순군 화순읍,경상사고,0,0,5,0,차대차 - 추돌 - 진행중,안전운전불이행,건조,맑음,단일로 - 기타,승용,남,56세,상해없음,승용,여,34세,경상
2012090100100505,2012년 9월 1일 18시,토요일,전라남도 곡성군 삼기면,부상신고사고,0,0,0,1,차대차 - 측면직각충돌,안전운전불이행,건조,맑음,기타 - 기타,원동기,여,78세,부상신고,승용,남,41세,상해없음
2012090100100506,2012년 9월 1일 18시,토요일,전라남도 광양시 옥룡면,중상사고,0,3,1,0,차대차 - 정면충돌,중앙선침범,건조,맑음,단일로 - 기타,승용,남,29세,경상,승용,여,38세,중상
2012090100100539,2012년 9월 1일 19시,토요일,전라남도 목포시 상동,중상사고,0,1,0,0,차대차 - 기타,기타,건조,맑음,단일로 - 기타,기타불명,남,38세,중상,기타불명,남,53세,기타불명
2012090100100574,2012년 9월 1일 20시,토요일,전라남도 순천시 덕월동,경상사고,0,0,1,0,차대차 - 기타,안전운전불이행,건조,맑음,교차로 - 교차로부근,화물,남,56세,상해없음,승용,남,56세,경상
2012090100100613,2012년 9월 1일 21시,토요일,전라남도 순천시 연향동,경상사고,0,0,6,0,차대차 - 추돌 - 주정차중,안전거리미확보,건조,맑음,단일로 - 기타,승용,남,59세,상해없음,승용,남,23세,경상
2012090100100674,2012년 9월 1일 23시,토요일,전라남도 광양시 광양읍,경상사고,0,0,2,0,차대차 - 추돌 - 진행중,안전거리미확보,건조,맑음,교차로 - 교차로부근,승용,여,50세,상해없음,이륜,남,16세,경상
2012090200100045,2012년 9월 2일 02시,일요일,전라남도 여수시 여서동,경상사고,0,0,1,0,차대차 - 측면직각충돌,안전운전불이행,건조,맑음,단일로 - 기타,승용,기타불명,기타불명,기타불명,승용,여,34세,경상
2012090200100046,2012년 9월 2일 02시,일요일,전라남도 나주시 성북동,경상사고,0,0,4,0,차대차 - 추돌 - 주정차중,안전운전불이행,건조,맑음,교차로 - 교차로부근,승용,남,32세,경상,승용,남,39세,경상
2012090200100147,2012년 9월 2일 09시,일요일,전라남도 순천시 조례동,중상사고,0,1,2,0,차대차 - 측면직각충돌,신호위반,건조,맑음,교차로 - 교차로안,승용,여,38세,경상,승용,남,56세,경상
2012090200100194,2012년 9월 2일 11시,일요일,전라남도 보성군 회천면,경상사고,0,0,2,0,차대차 - 측면직각충돌,교차로운행방법위반,건조,맑음,교차로 - 교차로안,승용,남,31세,상해없음,화물,남,60세,상해없음
2012090200100240,2012년 9월 2일 13시,일요일,전라남도 여수시 선원동,경상사고,0,0,3,0,차대차 - 측면직각충돌,교차로운행방법위반,건조,맑음,교차로 - 교차로안,승용,여,55세,경상,승용,남,31세,경상
2012090200100241,2012년 9월 2일 13시,일요일,전라남도 나주시 이창동,경상사고,0,0,2,0,차대차 - 기타,안전거리미확보,건조,맑음,교차로 - 교차로부근,화물,남,62세,상해없음,승용,여,27세,경상
2012090200100242,2012년 9월 2일 13시,일요일,전라남도 보성군 벌교읍,중상사고,0,2,0,0,차대차 - 추돌 - 진행중,안전운전불이행,건조,맑음,단일로 - 기타,승용,남,58세,상해없음,승용,여,49세,중상
2012090200100260,2012년 9월 2일 14시,일요일,전라남도 순천시 중앙동,경상사고,0,0,1,0,차대사람 - 횡단중,보행자보호의무위반,건조,맑음,단일로 - 기타,화물,남,36세,상해없음,보행자,남,17세,경상
2012090200100261,2012년 9월 2일 14시,일요일,전라남도 구례군 용방면,중상사고,0,1,1,0,차대차 - 측면직각충돌,안전운전불이행,건조,맑음,단일로 - 기타,승용,남,62세,상해없음,승용,남,59세,중상
2012090200100296,2012년 9월 2일 15시,일요일,전라남도 순천시 연향동,경상사고,0,0,3,0,차대차 - 추돌 - 주정차중,안전운전불이행,건조,맑음,단일로 - 기타,승용,여,45세,상해없음,승용,남,41세,상해없음
2012090200100327,2012년 9월 2일 16시,일요일,전라남도 해남군 북평면,경상사고,0,0,2,0,차대차 - 추돌 - 주정차중,안전운전불이행,건조,맑음,교차로 - 교차로부근,화물,남,55세,상해없음,승용,여,43세,경상
2012090200100354,2012년 9월 2일 17시,일요일,전라남도 나주시 공산면,중상사고,0,1,0,0,차대차 - 기타,직진우회전진행방해,건조,맑음,교차로 - 교차로안,승합,남,45세,상해없음,원동기,남,70세,중상
2012090200100390,2012년 9월 2일 18시,일요일,전라남도 진도군 임회면,사망사고,1,0,0,0,차대차 - 측면직각충돌,중앙선침범,기타,기타,단일로 - 횡단보도부근,이륜,남,50세,사망,화물,남,63세,상해없음
2012090200100422,2012년 9월 2일 19시,일요일,전라남도 목포시 옥암동,경상사고,0,0,1,0,차대차 - 기타,안전운전불이행,건조,맑음,단일로 - 기타,자전거,여,10세,경상,화물,남,48세,상해없음
2012090200100455,2012년 9월 2일 20시,일요일,전라남도 목포시 상동,경상사고,0,0,1,0,차대차 - 측면직각충돌,교차로운행방법위반,건조,맑음,교차로 - 교차로부근,승용,남,39세,상해없음,이륜,남,19세,경상
2012090200100456,2012년 9월 2일 20시,일요일,전라남도 목포시 연산동,경상사고,0,0,2,0,차대차 - 추돌 - 주정차중,안전운전불이행,건조,맑음,교차로 - 교차로부근,승용,남,30세,상해없음,승용,남,40세,경상
2012090200100485,2012년 9월 2일 21시,일요일,전라남도 나주시 남평읍,중상사고,0,1,0,0,차대사람 - 횡단중,안전운전불이행,건조,기타,단일로 - 기타,승용,남,44세,상해없음,보행자,여,77세,중상
2012090200100486,2012년 9월 2일 21시,일요일,전라남도 강진군 군동면,경상사고,0,0,2,0,차대차 - 기타,신호위반,건조,맑음,교차로 - 교차로부근,기타불명,기타불명,기타불명,기타불명,승합,남,31세,경상
2012090200100512,2012년 9월 2일 22시,일요일,전라남도 강진군 마량면,경상사고,0,0,1,0,차대차 - 측면직각충돌,중앙선침범,건조,맑음,단일로 - 기타,승용,남,21세,상해없음,화물,남,58세,경상
2012090300100010,2012년 9월 3일 00시,월요일,전라남도 목포시 옥암동,경상사고,0,0,1,0,차대사람 - 횡단중,안전운전불이행,건조,맑음,교차로 - 교차로안,승합,여,42세,상해없음,보행자,여,31세,경상
2012090300100022,2012년 9월 3일 01시,월요일,전라남도 영광군 백수읍,부상신고사고,0,0,0,1,차량단독 - 전도전복,안전운전불이행,건조,맑음,단일로 - 기타,승용,남,34세,부상신고,,,,
2012090300100031,2012년 9월 3일 02시,월요일,전라남도 광양시 중동,중상사고,0,1,1,0,차대차 - 측면직각충돌,신호위반,건조,맑음,교차로 - 교차로안,승용,남,22세,경상,승용,남,44세,중상
2012090300100083,2012년 9월 3일 07시,월요일,전라남도 여수시 평여동,중상사고,0,1,1,0,차대차 - 추돌 - 진행중,안전운전불이행,건조,맑음,교차로 - 교차로부근,승합,여,48세,상해없음,승용,남,69세,경상
2012090300100152,2012년 9월 3일 09시,월요일,전라남도 나주시 반남면,중상사고,0,1,0,0,차량단독 - 전도전복,안전운전불이행,건조,맑음,단일로 - 기타,건설기계,남,27세,중상,,,,
2012090300100186,2012년 9월 3일 10시,월요일,전라남도 신안군 흑산면,중상사고,0,1,0,0,차대사람 - 보도통행중,안전운전불이행,건조,맑음,단일로 - 기타,특수,남,49세,상해없음,보행자,여,53세,중상
2012090300100187,2012년 9월 3일 10시,월요일,전라남도 나주시 공산면,부상신고사고,0,0,0,1,차대차 - 측면직각충돌,안전운전불이행,건조,맑음,교차로 - 교차로부근,원동기,남,75세,부상신고,승용,남,57세,상해없음
2012090300100296,2012년 9월 3일 14시,월요일,전라남도 고흥군 대서면,경상사고,0,0,2,0,차대차 - 기타,교차로운행방법위반,건조,맑음,교차로 - 교차로안,승용,여,63세,경상,승용,여,49세,경상
2012090300100339,2012년 9월 3일 15시,월요일,전라남도 여수시 율촌면,경상사고,0,0,2,0,차대차 - 측면직각충돌,안전거리미확보,건조,맑음,단일로 - 기타,승용,남,43세,상해없음,승합,남,39세,경상
2012090300100371,2012년 9월 3일 16시,월요일,전라남도 영광군 영광읍,경상사고,0,0,2,0,차대차 - 측면직각충돌,직진우회전진행방해,건조,맑음,교차로 - 교차로안,승용,남,55세,상해없음,화물,남,26세,경상
2012090300100372,2012년 9월 3일 16시,월요일,전라남도 장성군 서삼면,중상사고,0,1,0,0,차대차 - 기타,기타,건조,맑음,교차로 - 교차로안,승용,남,31세,상해없음,원동기,남,79세,중상
2012090300100373,2012년 9월 3일 16시,월요일,전라남도 무안군 망운면,경상사고,0,0,1,0,차대차 - 기타,안전운전불이행,건조,맑음,단일로 - 기타,원동기,남,64세,경상,승용,남,28세,상해없음
2012090300100374,2012년 9월 3일 16시,월요일,전라남도 광양시 광양읍,사망사고,1,0,0,0,차량단독 - 공작물충돌,안전운전불이행,건조,맑음,단일로 - 기타,화물,남,54세,사망,,,,
2012090300100375,2012년 9월 3일 16시,월요일,전라남도 광양시 마동,중상사고,0,1,0,0,차대차 - 측면직각충돌,중앙선침범,건조,맑음,교차로 - 교차로부근,승용,여,27세,상해없음,승용,여,46세,중상
2012090300100411,2012년 9월 3일 17시,월요일,전라남도 나주시 공산면,부상신고사고,0,0,0,1,차량단독 - 전도전복,안전운전불이행,건조,맑음,단일로 - 기타,화물,남,69세,부상신고,,,,
2012090300100439,2012년 9월 3일 18시,월요일,전라남도 목포시 죽교동,중상사고,0,1,2,0,차대차 - 측면직각충돌,안전거리미확보,건조,맑음,단일로 - 기타,승용,남,19세,경상,승용,여,60세,중상
2012090300100440,2012년 9월 3일 18시,월요일,전라남도 순천시 조례동,경상사고,0,0,1,0,차대차 - 추돌 - 주정차중,안전운전불이행,건조,맑음,기타 - 기타,승용,남,67세,상해없음,승용,남,46세,경상
2012090300100441,2012년 9월 3일 18시,월요일,전라남도 고흥군 남양면,경상사고,0,0,1,0,차대차 - 기타,안전운전불이행,건조,맑음,단일로 - 기타,화물,남,65세,상해없음,농기계,여,67세,경상
2012090300100488,2012년 9월 3일 19시,월요일,전라남도 나주시 남평읍,경상사고,0,0,3,1,차대차 - 추돌 - 주정차중,안전운전불이행,건조,맑음,단일로 - 교량,화물,남,52세,부상신고,승용,남,50세,경상
2012090300100598,2012년 9월 3일 22시,월요일,전라남도 목포시 용당동,경상사고,0,0,3,0,차대차 - 측면직각충돌,안전운전불이행,건조,맑음,단일로 - 기타,승용,남,38세,경상,이륜,남,15세,경상
2012090300100599,2012년 9월 3일 22시,월요일,전라남도 순천시 조례동,중상사고,0,1,0,0,차대사람 - 기타,안전운전불이행,건조,맑음,단일로 - 기타,승용,여,40세,상해없음,보행자,남,15세,중상
2012090300100600,2012년 9월 3일 22시,월요일,전라남도 장성군 황룡면,경상사고,0,0,1,0,차대차 - 추돌 - 주정차중,안전운전불이행,건조,맑음,단일로 - 기타,승용,남,39세,경상,농기계,남,50세,기타불명
2012090300100624,2012년 9월 3일 23시,월요일,전라남도 목포시 옥암동,경상사고,0,0,2,0,차대차 - 측면직각충돌,안전거리미확보,건조,맑음,단일로 - 기타,화물,남,20세,상해없음,승용,남,35세,경상
2012090400100028,2012년 9월 4일 02시,화요일,전라남도 완도군 완도읍,중상사고,0,1,0,0,차대차 - 추돌 - 주정차중,안전운전불이행,건조,맑음,단일로 - 기타,이륜,남,15세,중상,승용,여,60세,기타불명
2012090400100034,2012년 9월 4일 03시,화요일,전라남도 목포시 상동,경상사고,0,0,1,0,차대차 - 추돌 - 주정차중,안전운전불이행,습기,비,단일로 - 기타,승용,여,32세,경상,특수,남,40세,기타불명
2012090400100094,2012년 9월 4일 07시,화요일,전라남도 신안군 압해읍,중상사고,0,1,0,0,차대사람 - 횡단중,안전운전불이행,습기,비,교차로 - 교차로안,화물,남,56세,상해없음,보행자,여,70세,중상
2012090400100095,2012년 9월 4일 07시,화요일,전라남도 순천시 연향동,경상사고,0,0,1,0,차대차 - 기타,안전거리미확보,습기,흐림,단일로 - 기타,승용,남,49세,상해없음,화물,여,49세,경상
2012090400100096,2012년 9월 4일 07시,화요일,전라남도 순천시 남정동,중상사고,0,1,0,0,차대사람 - 기타,안전운전불이행,건조,맑음,단일로 - 기타,승용,여,54세,상해없음,보행자,남,53세,중상
2012090400100134,2012년 9월 4일 08시,화요일,전라남도 여수시 둔덕동,중상사고,0,1,0,0,차량단독 - 공작물충돌,안전운전불이행,습기,비,교차로 - 교차로부근,승용,남,43세,상해없음,,,,
2012090400100135,2012년 9월 4일 08시,화요일,전라남도 여수시 상암동,사망사고,1,0,1,0,차대차 - 측면직각충돌,중앙선침범,습기,비,단일로 - 기타,승용,남,44세,경상,승용,남,50세,사망
2012090400100136,2012년 9월 4일 08시,화요일,전라남도 함평군 함평읍,경상사고,0,0,4,1,차대차 - 측면직각충돌,불법유턴,건조,흐림,교차로 - 교차로안,승용,남,50세,부상신고,승용,남,59세,경상
2012090400100161,2012년 9월 4일 09시,화요일,전라남도 목포시 옥암동,경상사고,0,0,1,0,차대차 - 기타,안전운전불이행,습기,맑음,교차로 - 교차로부근,승합,여,34세,상해없음,이륜,남,24세,경상
2012090400100162,2012년 9월 4일 09시,화요일,전라남도 순천시 덕월동,경상사고,0,0,1,0,차대차 - 측면직각충돌,신호위반,건조,맑음,교차로 - 교차로안,화물,남,65세,상해없음,승용,남,52세,경상
2012090400100163,2012년 9월 4일 09시,화요일,전라남도 나주시 남평읍,경상사고,0,0,1,0,차대차 - 정면충돌,중앙선침범,습기,비,단일로 - 기타,화물,남,54세,상해없음,건설기계,남,51세,경상
2012090400100164,2012년 9월 4일 09시,화요일,전라남도 해남군 해남읍,사망사고,2,0,0,0,차량단독 - 도로외이탈 - 추락,안전운전불이행,건조,흐림,단일로 - 기타,농기계,남,72세,사망,,,,
2012090400100188,2012년 9월 4일 10시,화요일,전라남도 고흥군 도양읍,사망사고,1,0,0,0,차대차 - 기타,교차로운행방법위반,건조,맑음,교차로 - 교차로안,화물,남,59세,상해없음,원동기,남,73세,사망
2012090400100211,2012년 9월 4일 11시,화요일,전라남도 순천시 송광면,사망사고,1,1,0,0,차량단독 - 전도전복,안전운전불이행,건조,맑음,단일로 - 기타,화물,남,65세,사망,,,,
2012090400100212,2012년 9월 4일 11시,화요일,전라남도 나주시 다도면,중상사고,0,1,0,0,차대사람 - 횡단중,안전운전불이행,습기,비,단일로 - 기타,화물,남,53세,상해없음,보행자,남,59세,중상
2012090400100213,2012년 9월 4일 11시,화요일,전라남도 나주시 남평읍,경상사고,0,0,1,0,차대차 - 추돌 - 주정차중,안전거리미확보,습기,비,단일로 - 교량,화물,남,45세,상해없음,승용,여,28세,경상
2012090400100235,2012년 9월 4일 12시,화요일,전라남도 여수시 공화동,중상사고,0,1,0,0,차대사람 - 횡단중,안전운전불이행,건조,맑음,교차로 - 교차로안,승용,남,42세,상해없음,보행자,여,82세,중상
2012090400100236,2012년 9월 4일 12시,화요일,전라남도 고흥군 도화면,중상사고,0,1,0,0,차대차 - 기타,안전운전불이행,건조,맑음,단일로 - 기타,승용,남,63세,상해없음,이륜,여,63세,중상
2012090400100237,2012년 9월 4일 12시,화요일,전라남도 해남군 현산면,경상사고,0,0,5,0,차량단독 - 공작물충돌,안전운전불이행,건조,맑음,단일로 - 기타,승용,여,59세,경상,,,,
2012090400100264,2012년 9월 4일 13시,화요일,전라남도 장성군 황룡면,경상사고,0,0,1,1,차대차 - 측면직각충돌,교차로운행방법위반,습기,비,교차로 - 교차로안,화물,남,59세,부상신고,화물,남,54세,경상
2012090400100297,2012년 9월 4일 14시,화요일,전라남도 구례군 구례읍,경상사고,0,0,2,0,차대차 - 측면직각충돌,교차로운행방법위반,건조,맑음,교차로 - 교차로안,화물,남,51세,상해없음,승용,남,30세,경상
2012090400100325,2012년 9월 4일 15시,화요일,전라남도 신안군 자은면,사망사고,1,1,0,0,차대차 - 측면직각충돌,직진우회전진행방해,습기,비,교차로 - 교차로안,승용,남,48세,중상,승용,남,60세,사망
2012090400100326,2012년 9월 4일 15시,화요일,전라남도 영암군 삼호읍,경상사고,0,0,1,0,차대차 - 추돌 - 주정차중,안전운전불이행,습기,비,단일로 - 기타,화물,남,41세,상해없음,승용,여,29세,경상
2012090400100355,2012년 9월 4일 16시,화요일,전라남도 순천시 서면,경상사고,0,0,2,0,차대차 - 기타,안전운전불이행,건조,맑음,교차로 - 교차로안,기타불명,기타불명,기타불명,기타불명,승용,여,60세,경상
2012090400100356,2012년 9월 4일 16시,화요일,전라남도 고흥군 포두면,경상사고,0,0,2,0,차대차 - 측면직각충돌,교차로운행방법위반,건조,맑음,교차로 - 교차로안,승용,여,49세,상해없음,화물,남,55세,경상
2012090400100394,2012년 9월 4일 17시,화요일,전라남도 무안군 무안읍,경상사고,0,0,2,0,차대차 - 측면직각충돌,직진우회전진행방해,건조,맑음,교차로 - 교차로안,승용,남,29세,경상,화물,남,48세,상해없음
2012090400100439,2012년 9월 4일 18시,화요일,전라남도 목포시 용당동,경상사고,0,0,1,0,차대차 - 기타,안전운전불이행,건조,맑음,단일로 - 기타,승합,남,52세,상해없음,이륜,여,67세,경상
2012090400100440,2012년 9월 4일 18시,화요일,전라남도 신안군 안좌면,중상사고,0,1,0,0,차대사람 - 차도통행중,안전운전불이행,습기,비,단일로 - 횡단보도부근,승합,남,48세,상해없음,보행자,남,10세,중상
2012090400100441,2012년 9월 4일 18시,화요일,전라남도 해남군 계곡면,사망사고,1,0,0,0,차량단독 - 도로외이탈 - 기타,안전운전불이행,건조,맑음,단일로 - 기타,농기계,남,65세,사망,,,,
2012090400100491,2012년 9월 4일 19시,화요일,전라남도 목포시 용당동,경상사고,0,0,2,0,차대차 - 추돌 - 진행중,안전운전불이행,건조,흐림,단일로 - 횡단보도부근,승합,남,63세,상해없음,승용,여,51세,경상
2012090400100492,2012년 9월 4일 19시,화요일,전라남도 여수시 율촌면,경상사고,0,0,1,0,차대차 - 기타,신호위반,건조,맑음,교차로 - 교차로안,승용,여,53세,상해없음,승합,남,26세,상해없음
2012090400100493,2012년 9월 4일 19시,화요일,전라남도 화순군 화순읍,중상사고,0,1,0,0,차대사람 - 횡단중,안전운전불이행,건조,기타,단일로 - 기타,화물,여,40세,상해없음,보행자,남,59세,중상
2012090400100494,2012년 9월 4일 19시,화요일,전라남도 장성군 삼서면,중상사고,0,2,0,0,차량단독 - 공작물충돌,안전운전불이행,습기,비,단일로 - 기타,화물,남,68세,중상,,,,
2012090400100556,2012년 9월 4일 20시,화요일,전라남도 목포시 옥암동,중상사고,0,1,3,0,차대차 - 기타,안전운전불이행,습기,비,단일로 - 횡단보도부근,승용,여,42세,경상,승용,남,35세,경상
2012090400100595,2012년 9월 4일 21시,화요일,전라남도 곡성군 곡성읍,중상사고,0,1,0,0,차대사람 - 횡단중,안전운전불이행,습기,비,교차로 - 교차로안,승용,여,43세,상해없음,보행자,남,54세,중상
2012090400100644,2012년 9월 4일 22시,화요일,전라남도 고흥군 점암면,사망사고,1,0,0,0,차량단독 - 기타,안전운전불이행,건조,맑음,단일로 - 기타,이륜,남,57세,사망,,,,
2012090400100645,2012년 9월 4일 22시,화요일,전라남도 무안군 삼향읍,경상사고,0,0,2,0,차대차 - 기타,안전운전불이행,습기,비,기타 - 기타,승합,남,55세,상해없음,승합,남,52세,경상
2012090500100023,2012년 9월 5일 00시,수요일,전라남도 영암군 삼호읍,경상사고,0,0,1,0,차대차 - 추돌 - 진행중,안전운전불이행,습기,비,단일로 - 기타,승용,남,49세,경상,특수,남,36세,상해없음
2012090500100024,2012년 9월 5일 00시,수요일,전라남도 진도군 진도읍,중상사고,0,1,3,0,차대차 - 측면직각충돌,신호위반,습기,비,교차로 - 교차로안,승용,남,63세,상해없음,화물,남,44세,경상
2012090500100058,2012년 9월 5일 02시,수요일,전라남도 여수시 학동,경상사고,0,0,1,0,차대사람 - 횡단중,보행자보호의무위반,건조,맑음,단일로 - 기타,승용,남,19세,상해없음,보행자,남,31세,경상
2012090500100105,2012년 9월 5일 06시,수요일,전라남도 무안군 삼향읍,중상사고,0,1,0,0,차대차 - 측면직각충돌,직진우회전진행방해,건조,맑음,교차로 - 교차로안,승용,남,34세,상해없음,자전거,남,42세,중상
2012090500100134,2012년 9월 5일 07시,수요일,전라남도 나주시 왕곡면,경상사고,0,0,2,0,차대차 - 정면충돌,중앙선침범,건조,맑음,단일로 - 기타,승용,남,53세,경상,화물,여,44세,경상
2012090500100135,2012년 9월 5일 07시,수요일,전라남도 광양시 광양읍,중상사고,0,1,0,0,차대차 - 측면직각충돌,교차로운행방법위반,건조,맑음,교차로 - 교차로안,승용,남,21세,상해없음,원동기,남,52세,중상
2012090500100213,2012년 9월 5일 09시,수요일,전라남도 영암군 군서면,경상사고,0,0,1,0,차대차 - 추돌 - 주정차중,안전거리미확보,건조,맑음,교차로 - 교차로부근,화물,남,45세,상해없음,승용,여,50세,경상
2012090500100239,2012년 9월 5일 10시,수요일,전라남도 여수시 여서동,중상사고,0,1,0,0,차대사람 - 기타,안전운전불이행,건조,맑음,기타 - 기타,승용,남,55세,상해없음,보행자,여,56세,중상
2012090500100325,2012년 9월 5일 14시,수요일,전라남도 순천시 서면,경상사고,0,0,3,0,차대차 - 추돌 - 주정차중,안전거리미확보,건조,맑음,단일로 - 기타,화물,남,71세,상해없음,승용,남,48세,경상
2012090500100395,2012년 9월 5일 16시,수요일,전라남도 나주시 노안면,경상사고,0,0,1,0,차대차 - 측면직각충돌,안전운전불이행,건조,맑음,교차로 - 교차로안,화물,남,46세,상해없음,화물,남,53세,상해없음
2012090500100433,2012년 9월 5일 17시,수요일,전라남도 나주시 남평읍,경상사고,0,0,1,0,차대사람 - 기타,안전운전불이행,건조,맑음,교차로 - 교차로부근,승합,남,32세,상해없음,보행자,남,57세,경상
2012090500100479,2012년 9월 5일 18시,수요일,전라남도 여수시 학동,부상신고사고,0,0,0,1,차대사람 - 기타,안전운전불이행,건조,맑음,교차로 - 교차로부근,승용,남,70세,상해없음,보행자,남,40세,부상신고
2012090500100480,2012년 9월 5일 18시,수요일,전라남도 순천시 조례동,경상사고,0,0,1,0,차대차 - 정면충돌,안전운전불이행,건조,맑음,단일로 - 기타,승용,남,28세,상해없음,승용,남,30세,경상
2012090500100522,2012년 9월 5일 19시,수요일,전라남도 보성군 벌교읍,중상사고,0,1,1,0,차대차 - 측면직각충돌,교차로운행방법위반,건조,맑음,교차로 - 교차로안,화물,남,69세,경상,승용,여,48세,중상
2012090500100592,2012년 9월 5일 21시,수요일,전라남도 나주시 청동,경상사고,0,0,1,0,차대차 - 측면직각충돌,안전운전불이행,건조,맑음,교차로 - 교차로부근,승용,남,47세,상해없음,원동기,남,52세,경상
2012090500100593,2012년 9월 5일 21시,수요일,전라남도 광양시 광영동,부상신고사고,0,0,0,1,차대차 - 측면직각충돌,안전운전불이행,건조,맑음,교차로 - 교차로부근,이륜,남,16세,부상신고,승용,여,32세,기타불명
2012090500100617,2012년 9월 5일 22시,수요일,전라남도 영암군 영암읍,중상사고,0,1,3,0,차대차 - 측면직각충돌,안전운전불이행,건조,맑음,교차로 - 교차로안,승용,남,56세,상해없음,승용,여,43세,경상
2012090500100646,2012년 9월 5일 23시,수요일,전라남도 무안군 현경면,중상사고,0,1,0,0,차대차 - 추돌 - 주정차중,안전운전불이행,건조,맑음,단일로 - 기타,이륜,남,43세,중상,농기계,미분류,기타불명,기타불명
2012090600100033,2012년 9월 6일 01시,목요일,전라남도 여수시 동산동,경상사고,0,0,2,0,차대차 - 기타,중앙선침범,건조,맑음,교차로 - 교차로부근,승용,남,61세,상해없음,승용,여,46세,경상
2012090600100034,2012년 9월 6일 01시,목요일,전라남도 무안군 청계면,경상사고,0,0,3,0,차대차 - 기타,안전운전불이행,건조,맑음,단일로 - 기타,승용,남,25세,경상,승용,남,61세,경상
2012090600100083,2012년 9월 6일 05시,목요일,전라남도 순천시 연향동,경상사고,0,0,2,0,차대차 - 기타,안전운전불이행,건조,맑음,교차로 - 교차로안,승용,남,65세,상해없음,원동기,남,74세,경상
2012090600100125,2012년 9월 6일 07시,목요일,전라남도 목포시 옥암동,경상사고,0,0,3,0,차대차 - 기타,안전운전불이행,건조,맑음,교차로 - 교차로안,화물,남,42세,상해없음,승용,남,47세,경상