사고번호,사고일시,요일,시군구,사고내용,사망자수,중상자수,경상자수,부상신고자수,사고유형,법규위반,노면상태,기상상태,도로형태,가해운전자 차종,가해운전자 성별,가해운전자 연령,가해운전자 상해정도,피해운전자 차종,피해운전자 성별,피해운전자 연령,피해운전자 상해정도
2012091000100247,2012년 9월 10일 12시,월요일,전라남도 여수시 학동,경상사고,0,0,2,0,차대차 - 측면직각충돌,안전운전불이행,건조,맑음,교차로 - 교차로안,승용,여,40세,상해없음,승용,남,45세,경상
2012091000100248,2012년 9월 10일 12시,월요일,전라남도 영광군 염산면,중상사고,0,1,0,0,차대차 - 기타,안전운전불이행,건조,맑음,단일로 - 기타,화물,남,41세,상해없음,원동기,남,75세,중상
2012091000100273,2012년 9월 10일 13시,월요일,전라남도 장흥군 대덕읍,중상사고,0,1,0,0,차대사람 - 횡단중,안전운전불이행,건조,맑음,단일로 - 기타,승용,남,63세,상해없음,보행자,남,85세,중상
2012091000100274,2012년 9월 10일 13시,월요일,전라남도 광양시 도이동,중상사고,0,1,0,0,차대차 - 측면직각충돌,교차로운행방법위반,건조,맑음,교차로 - 교차로안,특수,남,28세,상해없음,화물,남,54세,중상
2012091000100328,2012년 9월 10일 15시,월요일,전라남도 순천시 별량면,경상사고,0,0,1,0,차대사람 - 횡단중,신호위반,건조,맑음,단일로 - 기타,승용,남,58세,상해없음,보행자,여,18세,경상
2012091000100329,2012년 9월 10일 15시,월요일,전라남도 장성군 남면,경상사고,0,0,2,0,차대차 - 추돌 - 진행중,안전운전불이행,건조,맑음,단일로 - 기타,승용,남,53세,상해없음,승용,남,33세,경상
2012091000100431,2012년 9월 10일 18시,월요일,전라남도 순천시 조곡동,경상사고,0,0,3,0,차대차 - 추돌 - 진행중,안전거리미확보,건조,맑음,기타 - 기타,승용,남,39세,상해없음,승용,여,46세,상해없음
2012091000100432,2012년 9월 10일 18시,월요일,전라남도 순천시 조곡동,중상사고,0,1,0,0,차대차 - 측면직각충돌,안전운전불이행,건조,맑음,단일로 - 기타,화물,여,53세,상해없음,이륜,여,49세,중상
2012091000100433,2012년 9월 10일 18시,월요일,전라남도 나주시 봉황면,경상사고,0,0,1,0,차대차 - 측면직각충돌,직진우회전진행방해,건조,맑음,교차로 - 교차로안,화물,남,49세,상해없음,원동기,남,78세,경상
2012091000100434,2012년 9월 10일 18시,월요일,전라남도 곡성군 오산면,경상사고,0,0,1,0,차대차 - 정면충돌,안전운전불이행,건조,맑음,교차로 - 교차로안,승용,남,41세,상해없음,승용,남,55세,경상
2012091000100468,2012년 9월 10일 19시,월요일,전라남도 나주시 동수동,경상사고,0,0,1,0,차대사람 - 차도통행중,안전운전불이행,건조,맑음,단일로 - 기타,원동기,남,64세,상해없음,보행자,남,70세,경상
2012091000100469,2012년 9월 10일 19시,월요일,전라남도 장흥군 장흥읍,경상사고,0,0,3,0,차대차 - 기타,교차로운행방법위반,건조,맑음,교차로 - 교차로안,승용,남,40세,경상,승합,여,43세,경상
2012091000100470,2012년 9월 10일 19시,월요일,전라남도 강진군 칠량면,중상사고,0,1,0,0,차량단독 - 도로외이탈 - 기타,안전운전불이행,건조,맑음,단일로 - 기타,화물,여,57세,중상,,,,
2012091000100520,2012년 9월 10일 20시,월요일,전라남도 순천시 석현동,경상사고,0,0,1,0,차대차 - 기타,안전거리미확보,건조,맑음,단일로 - 기타,승용,남,65세,상해없음,승용,여,23세,경상
2012091000100577,2012년 9월 10일 22시,월요일,전라남도 순천시 조곡동,경상사고,0,0,1,0,차대차 - 측면직각충돌,안전운전불이행,건조,맑음,단일로 - 기타,이륜,남,18세,경상,승합,남,36세,상해없음
2012091000100578,2012년 9월 10일 22시,월요일,전라남도 순천시 연향동,경상사고,0,0,2,0,차대차 - 측면직각충돌,안전거리미확보,건조,맑음,단일로 - 기타,승용,남,53세,경상,승용,남,30세,상해없음
2012091000100579,2012년 9월 10일 22시,월요일,전라남도 순천시 해룡면,경상사고,0,0,2,0,차대차 - 기타,안전거리미확보,건조,맑음,교차로 - 교차로부근,승용,여,47세,상해없음,승용,남,37세,경상
2012091000100580,2012년 9월 10일 22시,월요일,전라남도 순천시 조례동,경상사고,0,0,2,0,차대차 - 기타,안전거리미확보,건조,맑음,교차로 - 교차로부근,승용,남,39세,상해없음,승용,남,52세,경상
2012091000100581,2012년 9월 10일 22시,월요일,전라남도 무안군 삼향읍,중상사고,0,2,1,0,차대차 - 측면직각충돌,신호위반,건조,맑음,교차로 - 교차로안,승용,남,47세,경상,승용,남,46세,중상
2012091000100582,2012년 9월 10일 22시,월요일,전라남도 광양시 광양읍,경상사고,0,0,1,0,차대차 - 정면충돌,중앙선침범,건조,맑음,단일로 - 기타,원동기,남,52세,경상,승용,남,30세,상해없음
2012091000100609,2012년 9월 10일 23시,월요일,전라남도 순천시 동외동,중상사고,0,1,0,0,차대사람 - 횡단중,안전운전불이행,건조,맑음,단일로 - 기타,화물,남,45세,상해없음,보행자,남,39세,중상
2012091000100610,2012년 9월 10일 23시,월요일,전라남도 영광군 영광읍,경상사고,0,0,2,0,차대차 - 측면직각충돌,교차로운행방법위반,건조,맑음,교차로 - 교차로안,승용,남,48세,상해없음,승용,남,64세,경상
2012091000100611,2012년 9월 10일 23시,월요일,전라남도 영광군 영광읍,중상사고,0,1,0,0,차량단독 - 공작물충돌,안전운전불이행,건조,맑음,단일로 - 기타,이륜,남,33세,중상,,,,
2012091000100612,2012년 9월 10일 23시,월요일,전라남도 무안군 삼향읍,경상사고,0,0,3,0,차대차 - 측면직각충돌,직진우회전진행방해,건조,맑음,교차로 - 교차로안,승용,남,32세,경상,승용,여,49세,경상
2012091000100613,2012년 9월 10일 23시,월요일,전라남도 광양시 광양읍,중상사고,0,1,0,0,차대차 - 측면직각충돌,교차로운행방법위반,건조,맑음,교차로 - 교차로안,승용,남,26세,상해없음,자전거,남,23세,중상
2012091100100017,2012년 9월 11일 00시,화요일,전라남도 목포시 석현동,경상사고,0,0,1,0,차대차 - 측면직각충돌,신호위반,건조,맑음,교차로 - 교차로안,승용,여,45세,상해없음,이륜,남,36세,경상
2012091100100034,2012년 9월 11일 01시,화요일,전라남도 목포시 석현동,사망사고,1,0,0,0,차량단독 - 공작물충돌,안전운전불이행,건조,맑음,교차로 - 교차로안,승용,남,25세,사망,,,,
2012091100100047,2012년 9월 11일 02시,화요일,전라남도 여수시 웅천동,중상사고,0,2,3,0,차대차 - 측면직각충돌,신호위반,건조,맑음,교차로 - 교차로안,승용,남,43세,경상,승용,남,24세,경상
2012091100100048,2012년 9월 11일 02시,화요일,전라남도 순천시 연향동,중상사고,0,1,0,0,차대사람 - 기타,안전운전불이행,건조,맑음,단일로 - 기타,승용,남,34세,상해없음,보행자,남,44세,중상
2012091100100100,2012년 9월 11일 06시,화요일,전라남도 여수시 적량동,경상사고,0,0,3,0,차대차 - 측면직각충돌,교차로운행방법위반,건조,맑음,교차로 - 교차로안,승용,남,48세,상해없음,승용,남,28세,경상
2012091100100162,2012년 9월 11일 08시,화요일,전라남도 장흥군 장흥읍,경상사고,0,0,1,0,차대차 - 측면직각충돌,교차로운행방법위반,건조,맑음,교차로 - 교차로안,승용,여,37세,상해없음,승용,여,39세,경상
2012091100100196,2012년 9월 11일 09시,화요일,전라남도 순천시 연향동,경상사고,0,0,1,0,차대사람 - 횡단중,보행자보호의무위반,건조,맑음,교차로 - 교차로안,승용,남,39세,상해없음,보행자,여,43세,경상
2012091100100225,2012년 9월 11일 10시,화요일,전라남도 목포시 남교동,경상사고,0,0,1,0,차대사람 - 기타,안전운전불이행,건조,맑음,단일로 - 기타,승용,남,22세,기타불명,보행자,여,71세,경상
2012091100100226,2012년 9월 11일 10시,화요일,전라남도 화순군 남면,중상사고,0,1,0,0,차대차 - 측면직각충돌,교차로운행방법위반,건조,맑음,교차로 - 교차로안,화물,여,46세,상해없음,원동기,남,55세,중상
2012091100100249,2012년 9월 11일 11시,화요일,전라남도 목포시 상동,경상사고,0,0,1,0,차대차 - 추돌 - 주정차중,안전운전불이행,건조,맑음,교차로 - 교차로부근,승용,여,33세,상해없음,승용,남,36세,상해없음
2012091100100250,2012년 9월 11일 11시,화요일,전라남도 해남군 해남읍,경상사고,0,0,2,0,차대차 - 측면직각충돌,중앙선침범,건조,맑음,단일로 - 기타,화물,남,28세,상해없음,화물,남,31세,경상
2012091100100251,2012년 9월 11일 11시,화요일,전라남도 무안군 청계면,경상사고,0,0,4,0,차대차 - 기타,안전운전불이행,건조,맑음,단일로 - 기타,승용,남,42세,상해없음,화물,남,62세,경상
2012091100100252,2012년 9월 11일 11시,화요일,전라남도 무안군 몽탄면,경상사고,0,0,1,0,차대차 - 기타,안전운전불이행,건조,맑음,단일로 - 기타,화물,남,29세,상해없음,이륜,남,74세,경상
2012091100100253,2012년 9월 11일 11시,화요일,전라남도 구례군 구례읍,경상사고,0,0,1,0,차대차 - 기타,안전운전불이행,건조,맑음,단일로 - 기타,승용,여,53세,상해없음,자전거,남,72세,경상
2012091100100254,2012년 9월 11일 11시,화요일,전라남도 구례군 마산면,부상신고사고,0,0,0,1,차대차 - 측면직각충돌,교차로운행방법위반,건조,맑음,교차로 - 교차로안,승용,여,38세,부상신고,화물,남,61세,상해없음
2012091100100344,2012년 9월 11일 14시,화요일,전라남도 여수시 돌산읍,경상사고,0,0,1,0,차대사람 - 기타,안전운전불이행,건조,맑음,단일로 - 기타,화물,남,67세,상해없음,보행자,남,68세,경상
2012091100100374,2012년 9월 11일 15시,화요일,전라남도 장성군 동화면,중상사고,0,1,0,0,차대차 - 추돌 - 진행중,중앙선침범,건조,맑음,단일로 - 기타,승용,남,54세,상해없음,화물,남,56세,중상
2012091100100429,2012년 9월 11일 17시,화요일,전라남도 목포시 동명동,경상사고,0,0,2,0,차대차 - 측면직각충돌,신호위반,습기,흐림,교차로 - 교차로안,승용,여,40세,상해없음,승용,남,53세,경상
2012091100100430,2012년 9월 11일 17시,화요일,전라남도 순천시 영동,경상사고,0,0,1,0,차대사람 - 기타,보행자보호의무위반,건조,맑음,단일로 - 횡단보도상,승합,여,21세,상해없음,보행자,여,45세,경상
2012091100100431,2012년 9월 11일 17시,화요일,전라남도 곡성군 옥과면,중상사고,0,1,0,0,차대차 - 기타,안전운전불이행,건조,맑음,단일로 - 기타,이륜,남,64세,중상,승용,남,37세,상해없음
2012091100100588,2012년 9월 11일 22시,화요일,전라남도 여수시 주삼동,사망사고,1,0,0,0,차대사람 - 횡단중,안전운전불이행,건조,흐림,단일로 - 기타,승용,남,54세,상해없음,보행자,남,49세,사망
2012091100100589,2012년 9월 11일 22시,화요일,전라남도 순천시 연향동,경상사고,0,0,2,0,차대차 - 측면직각충돌,교차로운행방법위반,건조,맑음,교차로 - 교차로안,이륜,남,18세,경상,승용,남,58세,경상
2012091200100009,2012년 9월 12일 00시,수요일,전라남도 목포시 상동,경상사고,0,0,1,0,차량단독 - 공작물충돌,안전운전불이행,건조,흐림,단일로 - 기타,이륜,남,22세,경상,,,,
2012091200100055,2012년 9월 12일 04시,수요일,전라남도 장흥군 장흥읍,경상사고,0,0,1,0,차대사람 - 횡단중,안전운전불이행,건조,맑음,단일로 - 기타,기타불명,기타불명,기타불명,기타불명,보행자,남,44세,경상
2012091200100133,2012년 9월 12일 08시,수요일,전라남도 목포시 상동,경상사고,0,0,2,0,차대차 - 측면직각충돌,안전운전불이행,건조,맑음,단일로 - 기타,승용,여,59세,경상,건설기계,남,41세,상해없음
2012091200100134,2012년 9월 12일 08시,수요일,전라남도 목포시 옥암동,경상사고,0,0,1,0,차량단독 - 전도전복,안전운전불이행,건조,맑음,단일로 - 기타,이륜,남,49세,경상,,,,
2012091200100161,2012년 9월 12일 09시,수요일,전라남도 순천시 연향동,경상사고,0,0,2,0,차대차 - 측면직각충돌,신호위반,건조,맑음,교차로 - 교차로안,승용,남,40세,상해없음,승용,남,51세,경상
2012091200100162,2012년 9월 12일 09시,수요일,전라남도 순천시 해룡면,경상사고,0,0,1,0,차대차 - 기타,안전거리미확보,건조,맑음,단일로 - 기타,화물,남,44세,상해없음,승합,남,35세,경상
2012091200100163,2012년 9월 12일 09시,수요일,전라남도 담양군 무정면,중상사고,0,1,0,0,차대사람 - 길가장자리구역통행중,안전운전불이행,건조,맑음,교차로 - 교차로안,화물,남,44세,상해없음,보행자,여,83세,중상
2012091200100179,2012년 9월 12일 10시,수요일,전라남도 해남군 화원면,중상사고,0,2,0,0,차대차 - 정면충돌,중앙선침범,건조,맑음,단일로 - 기타,화물,남,47세,상해없음,승용,여,28세,중상
2012091200100180,2012년 9월 12일 10시,수요일,전라남도 해남군 현산면,경상사고,0,0,2,0,차대차 - 추돌 - 주정차중,안전거리미확보,건조,맑음,단일로 - 기타,화물,남,27세,상해없음,화물,남,65세,경상
2012091200100181,2012년 9월 12일 10시,수요일,전라남도 화순군 화순읍,중상사고,0,1,0,0,차대사람 - 기타,안전운전불이행,건조,맑음,단일로 - 기타,승용,여,41세,상해없음,보행자,여,79세,중상
2012091200100182,2012년 9월 12일 10시,수요일,전라남도 담양군 담양읍,경상사고,0,0,2,0,차대차 - 기타,신호위반,건조,맑음,단일로 - 횡단보도상,승용,여,56세,경상,자전거,남,90세,경상
2012091200100201,2012년 9월 12일 11시,수요일,전라남도 영광군 법성면,사망사고,1,0,0,0,차량단독 - 기타,안전운전불이행,건조,맑음,단일로 - 기타,이륜,남,75세,사망,,,,
2012091200100214,2012년 9월 12일 12시,수요일,전라남도 광양시 옥룡면,경상사고,0,0,2,0,차대차 - 측면직각충돌,안전운전불이행,건조,맑음,단일로 - 기타,승합,남,38세,상해없음,원동기,여,63세,경상
2012091200100268,2012년 9월 12일 14시,수요일,전라남도 순천시 해룡면,중상사고,0,2,0,0,차대차 - 측면직각충돌,안전운전불이행,건조,맑음,교차로 - 교차로안,건설기계,남,46세,상해없음,화물,남,40세,중상
2012091200100293,2012년 9월 12일 15시,수요일,전라남도 여수시 여서동,경상사고,0,0,3,0,차대차 - 기타,신호위반,건조,맑음,교차로 - 교차로안,승용,남,65세,상해없음,승합,남,36세,경상
2012091200100294,2012년 9월 12일 15시,수요일,전라남도 순천시 조곡동,중상사고,0,1,0,0,차대차 - 추돌 - 주정차중,안전거리미확보,건조,맑음,단일로 - 기타,승용,남,79세,상해없음,화물,여,53세,중상
2012091200100295,2012년 9월 12일 15시,수요일,전라남도 순천시 인제동,경상사고,0,0,1,0,차대사람 - 기타,안전운전불이행,건조,맑음,단일로 - 기타,화물,남,57세,상해없음,보행자,여,55세,경상
2012091200100296,2012년 9월 12일 15시,수요일,전라남도 영암군 삼호읍,중상사고,0,1,0,1,차대차 - 추돌 - 진행중,안전운전불이행,건조,맑음,교차로 - 교차로부근,화물,남,55세,중상,화물,남,53세,부상신고
2012091200100332,2012년 9월 12일 16시,수요일,전라남도 여수시 봉산동,부상신고사고,0,0,0,1,차대사람 - 차도통행중,안전운전불이행,건조,맑음,교차로 - 교차로부근,승용,남,56세,상해없음,보행자,여,64세,부상신고
2012091200100333,2012년 9월 12일 16시,수요일,전라남도 여수시 봉산동,부상신고사고,0,0,0,1,차대사람 - 횡단중,안전운전불이행,건조,맑음,교차로 - 교차로안,화물,남,44세,기타불명,보행자,남,5세,부상신고
2012091200100367,2012년 9월 12일 17시,수요일,전라남도 순천시 해룡면,경상사고,0,0,1,0,차대차 - 기타,안전거리미확보,건조,맑음,단일로 - 기타,원동기,남,69세,경상,승용,남,46세,상해없음
2012091200100368,2012년 9월 12일 17시,수요일,전라남도 화순군 동면,중상사고,0,1,0,0,차량단독 - 기타,안전운전불이행,건조,맑음,단일로 - 기타,이륜,남,16세,상해없음,,,,
2012091200100392,2012년 9월 12일 18시,수요일,전라남도 순천시 연향동,경상사고,0,0,1,0,차대차 - 기타,안전운전불이행,건조,맑음,단일로 - 기타,자전거,남,48세,경상,승용,남,38세,상해없음
2012091200100393,2012년 9월 12일 18시,수요일,전라남도 완도군 완도읍,경상사고,0,0,1,0,차대사람 - 기타,안전운전불이행,건조,맑음,단일로 - 기타,화물,남,68세,상해없음,보행자,여,74세,경상
2012091200100475,2012년 9월 12일 20시,수요일,전라남도 목포시 용해동,경상사고,0,0,2,0,차대차 - 추돌 - 주정차중,안전운전불이행,건조,맑음,교차로 - 교차로부근,화물,남,53세,상해없음,승용,남,69세,경상
2012091200100537,2012년 9월 12일 22시,수요일,전라남도 광양시 중동,경상사고,0,0,3,0,차대차 - 측면직각충돌,안전운전불이행,건조,맑음,단일로 - 기타,승용,남,34세,경상,승용,남,25세,경상
2012091300100045,2012년 9월 13일 03시,목요일,전라남도 여수시 남산동,경상사고,0,0,2,0,차대차 - 추돌 - 진행중,안전거리미확보,건조,맑음,단일로 - 기타,승용,남,22세,상해없음,승용,남,63세,경상
2012091300100116,2012년 9월 13일 07시,목요일,전라남도 목포시 죽동,경상사고,0,0,1,0,차대사람 - 횡단중,기타,건조,맑음,교차로 - 교차로안,화물,남,35세,상해없음,보행자,여,73세,경상
2012091300100117,2012년 9월 13일 07시,목요일,전라남도 장성군 황룡면,경상사고,0,0,1,0,차대차 - 기타,불법유턴,건조,맑음,단일로 - 기타,화물,남,51세,상해없음,승용,남,37세,경상
2012091300100118,2012년 9월 13일 07시,목요일,전라남도 담양군 봉산면,사망사고,1,0,0,0,차대사람 - 기타,안전운전불이행,건조,흐림,단일로 - 기타,화물,남,62세,상해없음,보행자,여,73세,사망
2012091300100162,2012년 9월 13일 08시,목요일,전라남도 광양시 마동,경상사고,0,0,1,0,차대차 - 추돌 - 주정차중,안전운전불이행,건조,맑음,단일로 - 기타,승용,남,40세,상해없음,승용,여,29세,경상
2012091300100163,2012년 9월 13일 08시,목요일,전라남도 광양시 중동,경상사고,0,0,1,0,차대차 - 측면직각충돌,중앙선침범,건조,맑음,단일로 - 기타,승용,남,33세,상해없음,승용,남,55세,경상
2012091300100191,2012년 9월 13일 09시,목요일,전라남도 해남군 화산면,경상사고,0,0,2,0,차대차 - 측면직각충돌,교차로운행방법위반,습기,비,교차로 - 교차로안,승용,남,49세,상해없음,화물,남,37세,경상
2012091300100228,2012년 9월 13일 10시,목요일,전라남도 여수시 선원동,중상사고,0,1,0,0,차량단독 - 기타,안전운전불이행,건조,맑음,단일로 - 기타,이륜,남,69세,상해없음,,,,
2012091300100229,2012년 9월 13일 10시,목요일,전라남도 나주시 왕곡면,경상사고,0,0,4,0,차대차 - 측면직각충돌,교차로운행방법위반,습기,비,교차로 - 교차로안,승용,남,41세,경상,화물,남,49세,경상
2012091300100230,2012년 9월 13일 10시,목요일,전라남도 고흥군 도양읍,중상사고,0,1,0,0,차대차 - 기타,교차로운행방법위반,습기,비,교차로 - 교차로안,승용,여,42세,상해없음,원동기,남,62세,중상
2012091300100231,2012년 9월 13일 10시,목요일,전라남도 해남군 삼산면,경상사고,0,0,1,0,차량단독 - 공작물충돌,안전운전불이행,습기,흐림,단일로 - 기타,원동기,여,81세,경상,,,,
2012091300100281,2012년 9월 13일 12시,목요일,전라남도 영광군 법성면,중상사고,0,1,0,1,차대차 - 추돌 - 진행중,안전운전불이행,습기,비,단일로 - 기타,승용,여,47세,부상신고,승용,여,45세,중상
2012091300100359,2012년 9월 13일 15시,목요일,전라남도 영광군 백수읍,경상사고,0,0,3,0,차대차 - 측면직각충돌,교차로운행방법위반,습기,흐림,교차로 - 교차로안,화물,남,70세,상해없음,승용,여,39세,경상
2012091300100360,2012년 9월 13일 15시,목요일,전라남도 무안군 삼향읍,경상사고,0,0,1,8,차대차 - 기타,불법유턴,습기,비,단일로 - 기타,승합,남,46세,부상신고,건설기계,남,44세,경상
2012091300100423,2012년 9월 13일 17시,목요일,전라남도 나주시 노안면,경상사고,0,0,1,1,차대차 - 측면직각충돌,교차로운행방법위반,건조,맑음,교차로 - 교차로안,화물,남,42세,부상신고,승용,남,32세,경상
2012091300100424,2012년 9월 13일 17시,목요일,전라남도 장흥군 유치면,경상사고,0,0,1,0,차대차 - 기타,중앙선침범,습기,비,단일로 - 기타,승용,남,31세,상해없음,승용,여,58세,경상
2012091300100492,2012년 9월 13일 19시,목요일,전라남도 순천시 풍덕동,경상사고,0,0,2,0,차대차 - 측면직각충돌,안전운전불이행,건조,맑음,교차로 - 교차로부근,승용,남,31세,상해없음,승용,남,44세,경상
2012091300100493,2012년 9월 13일 19시,목요일,전라남도 나주시 성북동,사망사고,1,0,0,0,차대사람 - 횡단중,안전운전불이행,습기,비,교차로 - 교차로안,승합,남,49세,상해없음,보행자,여,69세,사망
2012091300100540,2012년 9월 13일 20시,목요일,전라남도 목포시 용해동,경상사고,0,0,2,0,차대차 - 추돌 - 진행중,안전거리미확보,건조,맑음,단일로 - 기타,승용,여,59세,경상,승용,남,41세,경상
2012091300100541,2012년 9월 13일 20시,목요일,전라남도 영암군 군서면,중상사고,0,1,0,0,차대사람 - 횡단중,안전운전불이행,습기,비,교차로 - 교차로안,승용,남,35세,상해없음,보행자,남,64세,중상
2012091300100662,2012년 9월 13일 23시,목요일,전라남도 여수시 학동,경상사고,0,0,1,0,차대차 - 추돌 - 주정차중,안전운전불이행,건조,맑음,단일로 - 기타,승용,여,49세,상해없음,승용,여,37세,경상
2012091300100663,2012년 9월 13일 23시,목요일,전라남도 고흥군 풍양면,사망사고,1,1,0,0,차량단독 - 전도전복,안전운전불이행,건조,맑음,단일로 - 기타,승용,남,27세,사망,,,,
2012091400100110,2012년 9월 14일 05시,금요일,전라남도 장성군 장성읍,사망사고,1,0,0,0,차대사람 - 차도통행중,안전운전불이행,습기,비,단일로 - 기타,화물,남,63세,상해없음,보행자,남,74세,사망
2012091400100128,2012년 9월 14일 06시,금요일,전라남도 순천시 연향동,경상사고,0,0,1,0,차대차 - 측면직각충돌,신호위반,건조,맑음,교차로 - 교차로부근,자전거,여,52세,경상,화물,남,58세,상해없음
2012091400100129,2012년 9월 14일 06시,금요일,전라남도 화순군 능주면,중상사고,0,3,2,0,차량단독 - 전도전복,안전운전불이행,건조,맑음,단일로 - 기타,승용,여,42세,상해없음,,,,
2012091400100184,2012년 9월 14일 08시,금요일,전라남도 목포시 용해동,경상사고,0,0,2,0,차대차 - 측면직각충돌,신호위반,건조,맑음,교차로 - 교차로안,승용,남,43세,상해없음,승용,남,53세,경상
2012091400100280,2012년 9월 14일 11시,금요일,전라남도 여수시 돌산읍,경상사고,0,0,1,0,차대차 - 측면직각충돌,교차로운행방법위반,건조,맑음,교차로 - 교차로안,승용,남,60세,상해없음,승용,남,32세,경상
2012091400100281,2012년 9월 14일 11시,금요일,전라남도 영암군 삼호읍,사망사고,1,0,0,0,차대차 - 측면직각충돌,안전운전불이행,건조,흐림,교차로 - 교차로안,화물,남,59세,상해없음,승합,남,56세,사망
2012091400100282,2012년 9월 14일 11시,금요일,전라남도 완도군 보길면,중상사고,0,1,0,0,차대차 - 측면직각충돌,안전운전불이행,건조,맑음,교차로 - 교차로안,화물,남,56세,상해없음,승용,남,45세,상해없음
2012091400100304,2012년 9월 14일 12시,금요일,전라남도 나주시 이창동,부상신고사고,0,0,0,1,차대사람 - 기타,안전운전불이행,건조,맑음,단일로 - 기타,승용,기타불명,기타불명,기타불명,보행자,여,75세,부상신고
2012091400100305,2012년 9월 14일 12시,금요일,전라남도 화순군 화순읍,경상사고,0,0,1,0,차대사람 - 기타,안전운전불이행,습기,비,기타 - 기타,승용,남,44세,상해없음,보행자,남,52세,경상
2012091400100332,2012년 9월 14일 13시,금요일,전라남도 장성군 장성읍,중상사고,0,1,0,0,차대차 - 추돌 - 진행중,안전운전불이행,건조,맑음,단일로 - 기타,승합,남,49세,상해없음,원동기,남,54세,중상
2012091400100386,2012년 9월 14일 15시,금요일,전라남도 목포시 해안동1가,경상사고,0,0,1,0,차대차 - 추돌 - 진행중,안전거리미확보,건조,흐림,교차로 - 교차로부근,화물,남,44세,상해없음,승용,여,42세,경상
2012091400100387,2012년 9월 14일 15시,금요일,전라남도 해남군 황산면,중상사고,0,2,0,0,차량단독 - 기타,안전운전불이행,습기,비,단일로 - 기타,이륜,남,69세,중상,,,,
2012091400100419,2012년 9월 14일 16시,금요일,전라남도 목포시 옥암동,중상사고,0,1,4,0,차대차 - 추돌 - 주정차중,안전거리미확보,건조,흐림,교차로 - 교차로부근,승용,여,42세,경상,승용,여,33세,경상
2012091400100420,2012년 9월 14일 16시,금요일,전라남도 진도군 진도읍,경상사고,0,0,2,0,차대차 - 측면직각충돌,안전운전불이행,기타,기타,교차로 - 교차로안,승용,남,59세,상해없음,승용,여,44세,경상
2012091400100464,2012년 9월 14일 17시,금요일,전라남도 나주시 죽림동,사망사고,1,0,0,0,차량단독 - 전도전복,안전운전불이행,습기,비,단일로 - 기타,자전거,기타불명,77세,사망,,,,
2012091400100494,2012년 9월 14일 18시,금요일,전라남도 목포시 용해동,경상사고,0,0,3,0,차대차 - 측면직각충돌,안전운전불이행,건조,흐림,교차로 - 교차로부근,승합,남,53세,상해없음,승용,남,40세,경상
2012091400100495,2012년 9월 14일 18시,금요일,전라남도 나주시 이창동,경상사고,0,0,1,0,차대차 - 정면충돌,안전운전불이행,습기,비,교차로 - 교차로부근,원동기,남,16세,상해없음,원동기,남,53세,경상
2012091400100496,2012년 9월 14일 18시,금요일,전라남도 영광군 홍농읍,중상사고,0,1,0,1,차대차 - 측면직각충돌,교차로운행방법위반,건조,맑음,교차로 - 교차로안,승용,남,62세,부상신고,승용,남,69세,중상
2012091400100553,2012년 9월 14일 19시,금요일,전라남도 순천시 덕월동,경상사고,0,0,1,0,차대차 - 기타,안전운전불이행,건조,맑음,교차로 - 교차로부근,승용,남,57세,상해없음,승용,남,49세,경상
2012091400100554,2012년 9월 14일 19시,금요일,전라남도 곡성군 삼기면,중상사고,0,1,2,0,차대차 - 기타,불법유턴,습기,비,기타 - 기타,승용,남,60세,상해없음,승용,남,55세,경상
2012091400100555,2012년 9월 14일 19시,금요일,전라남도 완도군 완도읍,부상신고사고,0,0,0,1,차량단독 - 공작물충돌,안전운전불이행,건조,맑음,기타 - 기타,승용,남,42세,부상신고,,,,
2012091400100556,2012년 9월 14일 19시,금요일,전라남도 광양시 도이동,중상사고,0,1,1,0,차대차 - 추돌 - 진행중,안전운전불이행,건조,맑음,단일로 - 교량,승용,남,50세,상해없음,승용,남,36세,중상
2012091400100598,2012년 9월 14일 20시,금요일,전라남도 순천시 별량면,경상사고,0,0,4,0,차대차 - 추돌 - 주정차중,안전운전불이행,건조,맑음,단일로 - 기타,화물,남,47세,상해없음,승용,남,24세,경상
2012091400100599,2012년 9월 14일 20시,금요일,전라남도 순천시 연향동,경상사고,0,0,5,0,차대차 - 측면직각충돌,교차로운행방법위반,건조,맑음,교차로 - 교차로안,승용,남,24세,경상,승용,남,20세,경상
2012091400100600,2012년 9월 14일 20시,금요일,전라남도 화순군 화순읍,경상사고,0,0,1,1,차대차 - 추돌 - 주정차중,안전운전불이행,건조,맑음,교차로 - 교차로부근,화물,남,41세,부상신고,승용,남,30세,경상
2012091400100601,2012년 9월 14일 20시,금요일,전라남도 화순군 화순읍,중상사고,0,1,1,0,차대차 - 측면직각충돌,안전운전불이행,습기,비,단일로 - 기타,승용,남,25세,경상,승용,여,51세,중상
2012091400100635,2012년 9월 14일 21시,금요일,전라남도 여수시 연등동,경상사고,0,0,2,0,차대차 - 측면직각충돌,안전운전불이행,건조,맑음,교차로 - 교차로안,승용,남,53세,상해없음,화물,남,29세,경상
2012091400100636,2012년 9월 14일 21시,금요일,전라남도 여수시 돌산읍,경상사고,0,0,2,0,차대차 - 측면직각충돌,안전운전불이행,건조,맑음,교차로 - 교차로안,승용,남,39세,상해없음,승용,남,23세,경상