사고번호,사고일시,요일,시군구,사고내용,사망자수,중상자수,경상자수,부상신고자수,사고유형,법규위반,노면상태,기상상태,도로형태,가해운전자 차종,가해운전자 성별,가해운전자 연령,가해운전자 상해정도,피해운전자 차종,피해운전자 성별,피해운전자 연령,피해운전자 상해정도
2012091900100247,2012년 9월 19일 13시,수요일,전라남도 나주시 산포면,중상사고,0,1,6,0,차대차 - 측면직각충돌,신호위반,건조,맑음,교차로 - 교차로안,화물,남,44세,상해없음,승합,남,56세,경상
2012091900100248,2012년 9월 19일 13시,수요일,전라남도 나주시 대호동,경상사고,0,0,1,0,차대차 - 추돌 - 주정차중,안전운전불이행,건조,맑음,교차로 - 교차로부근,승용,남,22세,상해없음,승용,남,49세,경상
2012091900100280,2012년 9월 19일 14시,수요일,전라남도 함평군 함평읍,중상사고,0,1,0,0,차대사람 - 길가장자리구역통행중,안전운전불이행,건조,맑음,교차로 - 교차로부근,승용,남,37세,상해없음,보행자,남,67세,중상
2012091900100281,2012년 9월 19일 14시,수요일,전라남도 광양시 광영동,경상사고,0,0,1,0,차대차 - 추돌 - 주정차중,안전운전불이행,건조,맑음,기타 - 기타,승용,여,36세,경상,승용,남,43세,기타불명
2012091900100304,2012년 9월 19일 15시,수요일,전라남도 여수시 화양면,중상사고,0,1,0,0,차대사람 - 기타,안전운전불이행,건조,맑음,단일로 - 기타,화물,남,41세,상해없음,보행자,남,12세,중상
2012091900100333,2012년 9월 19일 16시,수요일,전라남도 고흥군 도덕면,경상사고,0,0,1,0,차대차 - 기타,기타,건조,맑음,교차로 - 교차로안,화물,남,39세,상해없음,농기계,남,85세,경상
2012091900100334,2012년 9월 19일 16시,수요일,전라남도 장성군 삼서면,사망사고,1,0,0,0,차량단독 - 전도전복,안전운전불이행,건조,맑음,단일로 - 기타,농기계,남,66세,사망,,,,
2012091900100373,2012년 9월 19일 17시,수요일,전라남도 나주시 중앙동,경상사고,0,0,1,0,차대사람 - 횡단중,안전운전불이행,건조,맑음,교차로 - 교차로안,승용,남,39세,상해없음,보행자,남,9세,경상
2012091900100374,2012년 9월 19일 17시,수요일,전라남도 나주시 성북동,경상사고,0,0,1,0,차대차 - 측면직각충돌,신호위반,건조,맑음,교차로 - 교차로안,원동기,남,40세,경상,화물,남,53세,상해없음
2012091900100420,2012년 9월 19일 18시,수요일,전라남도 광양시 중동,중상사고,0,1,0,0,차대사람 - 기타,안전운전불이행,건조,맑음,기타 - 기타,승용,남,32세,상해없음,보행자,남,33세,중상
2012091900100469,2012년 9월 19일 19시,수요일,전라남도 광양시 도이동,경상사고,0,0,1,0,차대차 - 측면직각충돌,신호위반,건조,맑음,교차로 - 교차로안,승용,남,26세,상해없음,화물,남,43세,경상
2012091900100557,2012년 9월 19일 22시,수요일,전라남도 장성군 남면,경상사고,0,0,1,0,차량단독 - 기타,안전운전불이행,건조,맑음,단일로 - 기타,승용,남,28세,경상,,,,
2012091900100577,2012년 9월 19일 23시,수요일,전라남도 목포시 용당동,중상사고,0,1,1,0,차대사람 - 횡단중,안전운전불이행,건조,맑음,단일로 - 기타,승용,남,47세,상해없음,보행자,남,48세,경상
2012091900100578,2012년 9월 19일 23시,수요일,전라남도 장흥군 장흥읍,부상신고사고,0,0,0,2,차대사람 - 차도통행중,안전운전불이행,건조,맑음,교차로 - 교차로부근,승용,남,52세,상해없음,보행자,남,30세,부상신고
2012091900100579,2012년 9월 19일 23시,수요일,전라남도 영암군 삼호읍,경상사고,0,0,1,0,차대차 - 측면직각충돌,중앙선침범,건조,맑음,단일로 - 기타,화물,남,25세,상해없음,승용,남,34세,경상
2012092000100045,2012년 9월 20일 02시,목요일,전라남도 해남군 마산면,사망사고,1,0,0,0,차대사람 - 기타,안전운전불이행,건조,맑음,단일로 - 기타,화물,남,70세,상해없음,보행자,남,31세,사망
2012092000100074,2012년 9월 20일 05시,목요일,전라남도 순천시 대룡동,경상사고,0,0,1,0,차대차 - 추돌 - 진행중,안전운전불이행,건조,맑음,단일로 - 기타,화물,남,57세,상해없음,화물,남,36세,경상
2012092000100092,2012년 9월 20일 06시,목요일,전라남도 목포시 옥암동,경상사고,0,0,2,0,차대차 - 기타,교차로운행방법위반,건조,맑음,교차로 - 교차로안,화물,남,59세,경상,승용,여,48세,경상
2012092000100154,2012년 9월 20일 08시,목요일,전라남도 여수시 봉산동,중상사고,0,1,0,0,차대사람 - 기타,보행자보호의무위반,건조,맑음,단일로 - 기타,승용,남,56세,상해없음,보행자,남,81세,중상
2012092000100185,2012년 9월 20일 09시,목요일,전라남도 순천시 장천동,경상사고,0,0,1,0,차대사람 - 기타,안전운전불이행,건조,맑음,단일로 - 기타,승용,여,34세,상해없음,보행자,여,31세,경상
2012092000100186,2012년 9월 20일 09시,목요일,전라남도 화순군 춘양면,중상사고,0,2,0,0,차대차 - 추돌 - 진행중,안전운전불이행,건조,맑음,단일로 - 기타,화물,남,47세,상해없음,승합,남,74세,중상
2012092000100255,2012년 9월 20일 12시,목요일,전라남도 해남군 산이면,중상사고,0,1,0,0,차대차 - 측면직각충돌,교차로운행방법위반,건조,맑음,교차로 - 교차로안,승용,남,27세,상해없음,화물,남,43세,중상
2012092000100281,2012년 9월 20일 13시,목요일,전라남도 순천시 해룡면,경상사고,0,0,1,0,차대차 - 기타,안전운전불이행,건조,맑음,단일로 - 기타,승용,남,67세,상해없음,승용,여,55세,경상
2012092000100311,2012년 9월 20일 14시,목요일,전라남도 나주시 남평읍,중상사고,0,1,0,0,차대차 - 기타,안전운전불이행,건조,맑음,단일로 - 기타,자전거,여,63세,중상,승용,남,49세,상해없음
2012092000100312,2012년 9월 20일 14시,목요일,전라남도 영암군 삼호읍,경상사고,0,0,6,0,차대차 - 측면직각충돌,안전운전불이행,건조,맑음,교차로 - 교차로안,승용,여,45세,경상,승용,남,62세,경상
2012092000100337,2012년 9월 20일 15시,목요일,전라남도 목포시 옥암동,경상사고,0,0,1,0,차대차 - 기타,안전운전불이행,건조,맑음,단일로 - 기타,자전거,남,15세,경상,승용,여,29세,상해없음
2012092000100338,2012년 9월 20일 15시,목요일,전라남도 영암군 도포면,경상사고,0,0,1,0,차대차 - 정면충돌,중앙선침범,건조,맑음,단일로 - 기타,원동기,남,80세,경상,화물,남,27세,상해없음
2012092000100398,2012년 9월 20일 17시,목요일,전라남도 목포시 산정동,경상사고,0,0,1,0,차대차 - 기타,안전운전불이행,건조,맑음,단일로 - 기타,원동기,남,27세,경상,승용,남,67세,상해없음
2012092000100399,2012년 9월 20일 17시,목요일,전라남도 순천시 조례동,경상사고,0,0,3,0,차대차 - 기타,신호위반,건조,맑음,교차로 - 교차로안,승용,남,31세,상해없음,승용,남,52세,상해없음
2012092000100400,2012년 9월 20일 17시,목요일,전라남도 곡성군 오곡면,중상사고,0,2,0,0,차량단독 - 도로외이탈 - 추락,안전운전불이행,건조,맑음,단일로 - 기타,승용,여,53세,중상,,,,
2012092000100401,2012년 9월 20일 17시,목요일,전라남도 진도군 진도읍,경상사고,0,0,1,0,차대차 - 측면직각충돌,교차로운행방법위반,건조,맑음,교차로 - 교차로안,이륜,남,71세,상해없음,승용,남,25세,상해없음
2012092000100458,2012년 9월 20일 18시,목요일,전라남도 목포시 산정동,경상사고,0,0,1,0,차대사람 - 기타,안전운전불이행,건조,맑음,단일로 - 기타,기타불명,기타불명,기타불명,기타불명,보행자,남,35세,경상
2012092000100459,2012년 9월 20일 18시,목요일,전라남도 여수시 문수동,경상사고,0,0,1,0,차대사람 - 횡단중,안전운전불이행,건조,맑음,단일로 - 기타,승용,남,26세,상해없음,보행자,남,6세,경상
2012092000100501,2012년 9월 20일 19시,목요일,전라남도 목포시 상동,경상사고,0,0,1,0,차대차 - 기타,안전운전불이행,건조,맑음,교차로 - 교차로안,승용,남,28세,경상,특수,남,62세,상해없음
2012092000100502,2012년 9월 20일 19시,목요일,전라남도 순천시 조곡동,경상사고,0,0,1,0,차대사람 - 횡단중,안전운전불이행,건조,맑음,교차로 - 교차로부근,화물,남,64세,상해없음,보행자,남,72세,경상
2012092000100586,2012년 9월 20일 21시,목요일,전라남도 순천시 연향동,경상사고,0,0,3,0,차대차 - 측면직각충돌,신호위반,건조,맑음,교차로 - 교차로안,승용,여,21세,경상,승합,남,65세,경상
2012092000100625,2012년 9월 20일 22시,목요일,전라남도 목포시 옥암동,경상사고,0,0,4,0,차대차 - 기타,안전운전불이행,습기,흐림,단일로 - 기타,승용,여,54세,상해없음,승용,남,49세,경상
2012092000100653,2012년 9월 20일 23시,목요일,전라남도 나주시 교동,경상사고,0,0,1,0,차대차 - 추돌 - 주정차중,안전운전불이행,건조,맑음,단일로 - 기타,이륜,남,47세,상해없음,승용,남,54세,경상
2012092100100042,2012년 9월 21일 02시,금요일,전라남도 여수시 충무동,경상사고,0,0,1,0,차대사람 - 차도통행중,안전운전불이행,건조,맑음,교차로 - 교차로안,화물,남,53세,상해없음,보행자,여,54세,경상
2012092100100112,2012년 9월 21일 07시,금요일,전라남도 강진군 성전면,경상사고,0,0,3,0,차대차 - 정면충돌,직진우회전진행방해,건조,맑음,교차로 - 교차로안,승용,여,46세,경상,승용,여,44세,경상
2012092100100145,2012년 9월 21일 08시,금요일,전라남도 목포시 용당동,경상사고,0,0,1,0,차대차 - 기타,안전운전불이행,건조,맑음,단일로 - 기타,승용,여,49세,상해없음,승용,여,52세,경상
2012092100100146,2012년 9월 21일 08시,금요일,전라남도 장흥군 부산면,중상사고,0,1,0,0,차대차 - 기타,교차로운행방법위반,건조,맑음,교차로 - 교차로안,승용,남,40세,상해없음,원동기,남,73세,중상
2012092100100210,2012년 9월 21일 10시,금요일,전라남도 영광군 영광읍,경상사고,0,0,1,0,차대차 - 기타,안전운전불이행,건조,맑음,단일로 - 기타,승용,남,56세,상해없음,승용,남,47세,경상
2012092100100293,2012년 9월 21일 13시,금요일,전라남도 순천시 연향동,부상신고사고,0,0,0,1,차대사람 - 기타,안전운전불이행,건조,맑음,단일로 - 기타,승용,남,52세,상해없음,보행자,여,74세,부상신고
2012092100100294,2012년 9월 21일 13시,금요일,전라남도 보성군 보성읍,경상사고,0,0,1,0,차대차 - 측면직각충돌,안전운전불이행,건조,맑음,교차로 - 교차로안,화물,여,54세,상해없음,원동기,남,70세,경상
2012092100100295,2012년 9월 21일 13시,금요일,전라남도 광양시 광양읍,경상사고,0,0,5,0,차대차 - 추돌 - 주정차중,안전운전불이행,건조,맑음,교차로 - 교차로부근,화물,남,29세,상해없음,승용,여,41세,경상
2012092100100352,2012년 9월 21일 15시,금요일,전라남도 목포시 상동,경상사고,0,0,1,0,차대차 - 추돌 - 진행중,안전운전불이행,건조,맑음,교차로 - 교차로안,승용,남,21세,상해없음,승합,남,34세,경상
2012092100100353,2012년 9월 21일 15시,금요일,전라남도 나주시 다도면,경상사고,0,0,1,0,차대차 - 추돌 - 주정차중,안전거리미확보,건조,맑음,기타 - 기타,원동기,남,66세,상해없음,승용,여,74세,경상
2012092100100380,2012년 9월 21일 16시,금요일,전라남도 목포시 용해동,경상사고,0,0,1,0,차대차 - 기타,교차로운행방법위반,건조,맑음,교차로 - 교차로안,승용,여,42세,상해없음,자전거,남,13세,경상
2012092100100414,2012년 9월 21일 17시,금요일,전라남도 순천시 별량면,중상사고,0,1,0,0,차대차 - 측면직각충돌,안전운전불이행,건조,맑음,교차로 - 교차로안,원동기,남,57세,중상,승합,남,49세,상해없음
2012092100100453,2012년 9월 21일 18시,금요일,전라남도 순천시 오천동,중상사고,0,1,3,0,차대차 - 추돌 - 주정차중,안전운전불이행,건조,맑음,단일로 - 기타,화물,남,42세,상해없음,승용,여,35세,경상
2012092100100513,2012년 9월 21일 19시,금요일,전라남도 장흥군 장흥읍,경상사고,0,0,4,0,차대차 - 기타,안전운전불이행,건조,맑음,교차로 - 교차로안,화물,남,43세,경상,화물,남,52세,경상
2012092100100514,2012년 9월 21일 19시,금요일,전라남도 장성군 남면,중상사고,0,1,1,1,차대차 - 측면직각충돌,신호위반,건조,맑음,교차로 - 교차로안,승용,여,29세,경상,승용,남,54세,중상
2012092100100597,2012년 9월 21일 21시,금요일,전라남도 순천시 조례동,경상사고,0,0,1,0,차대차 - 추돌 - 주정차중,안전운전불이행,건조,맑음,교차로 - 교차로부근,승합,남,41세,상해없음,승용,남,32세,경상
2012092100100637,2012년 9월 21일 22시,금요일,전라남도 해남군 문내면,경상사고,0,0,1,0,차대차 - 추돌 - 진행중,안전운전불이행,건조,맑음,단일로 - 기타,승용,남,46세,상해없음,농기계,남,57세,경상
2012092200100015,2012년 9월 22일 00시,토요일,전라남도 순천시 조례동,사망사고,1,0,0,0,차대차 - 측면직각충돌,신호위반,건조,맑음,교차로 - 교차로안,화물,남,23세,상해없음,이륜,남,41세,사망
2012092200100057,2012년 9월 22일 02시,토요일,전라남도 영광군 영광읍,중상사고,0,1,0,0,차대사람 - 차도통행중,보행자보호의무위반,건조,맑음,교차로 - 교차로안,승용,남,25세,상해없음,보행자,남,40세,중상
2012092200100098,2012년 9월 22일 05시,토요일,전라남도 담양군 무정면,경상사고,0,0,1,0,차량단독 - 도로외이탈 - 기타,기타,건조,흐림,단일로 - 기타,승용,남,38세,경상,,,,
2012092200100099,2012년 9월 22일 05시,토요일,전라남도 진도군 진도읍,사망사고,1,0,0,0,차대사람 - 횡단중,안전운전불이행,습기,안개,교차로 - 교차로부근,승용,남,36세,상해없음,보행자,남,75세,사망
2012092200100117,2012년 9월 22일 06시,토요일,전라남도 진도군 고군면,중상사고,0,2,0,0,차대차 - 추돌 - 진행중,안전운전불이행,습기,안개,단일로 - 기타,화물,남,71세,상해없음,농기계,남,52세,중상
2012092200100157,2012년 9월 22일 08시,토요일,전라남도 순천시 해룡면,중상사고,0,1,0,0,차대차 - 추돌 - 주정차중,안전운전불이행,건조,맑음,단일로 - 기타,화물,남,58세,상해없음,화물,남,53세,중상
2012092200100158,2012년 9월 22일 08시,토요일,전라남도 순천시 인제동,경상사고,0,0,2,0,차대차 - 추돌 - 주정차중,안전운전불이행,건조,맑음,단일로 - 기타,승합,남,46세,상해없음,승용,남,56세,경상
2012092200100159,2012년 9월 22일 08시,토요일,전라남도 순천시 장천동,경상사고,0,0,1,0,차대차 - 기타,기타,건조,맑음,단일로 - 기타,승합,남,58세,상해없음,원동기,남,63세,경상
2012092200100190,2012년 9월 22일 09시,토요일,전라남도 여수시 학동,중상사고,0,1,0,0,차대사람 - 횡단중,안전운전불이행,건조,맑음,단일로 - 기타,승합,남,20세,기타불명,보행자,여,54세,중상
2012092200100223,2012년 9월 22일 10시,토요일,전라남도 목포시 호남동,중상사고,0,1,0,0,차대차 - 측면직각충돌,과속,건조,맑음,단일로 - 기타,승용,남,34세,상해없음,자전거,남,68세,중상
2012092200100224,2012년 9월 22일 10시,토요일,전라남도 영광군 불갑면,중상사고,0,1,5,0,차대차 - 추돌 - 진행중,교차로운행방법위반,건조,맑음,교차로 - 교차로안,승용,남,68세,상해없음,화물,남,52세,경상
2012092200100225,2012년 9월 22일 10시,토요일,전라남도 화순군 화순읍,경상사고,0,0,2,0,차대차 - 측면직각충돌,신호위반,건조,맑음,교차로 - 교차로안,승용,남,36세,상해없음,승용,남,51세,경상
2012092200100252,2012년 9월 22일 11시,토요일,전라남도 영암군 학산면,경상사고,0,0,1,0,차대차 - 측면직각충돌,중앙선침범,건조,맑음,단일로 - 기타,승용,남,50세,상해없음,승합,여,47세,경상
2012092200100253,2012년 9월 22일 11시,토요일,전라남도 광양시 금호동,경상사고,0,0,1,0,차대차 - 측면직각충돌,직진우회전진행방해,건조,맑음,교차로 - 교차로안,승용,남,46세,상해없음,화물,남,32세,상해없음
2012092200100283,2012년 9월 22일 12시,토요일,전라남도 진도군 진도읍,경상사고,0,0,1,0,차대차 - 기타,안전운전불이행,기타,기타,단일로 - 기타,농기계,남,78세,상해없음,승용,여,41세,경상
2012092200100284,2012년 9월 22일 12시,토요일,전라남도 광양시 도이동,중상사고,0,2,0,0,차대차 - 측면직각충돌,신호위반,건조,맑음,교차로 - 교차로안,승용,남,60세,상해없음,화물,남,66세,중상
2012092200100353,2012년 9월 22일 14시,토요일,전라남도 광양시 광양읍,중상사고,0,1,0,0,차대차 - 측면직각충돌,교차로운행방법위반,건조,맑음,교차로 - 교차로안,원동기,여,53세,중상,승용,여,52세,상해없음
2012092200100384,2012년 9월 22일 15시,토요일,전라남도 장흥군 장동면,중상사고,0,2,0,0,차량단독 - 공작물충돌,안전운전불이행,건조,맑음,단일로 - 기타,화물,남,56세,중상,,,,
2012092200100385,2012년 9월 22일 15시,토요일,전라남도 강진군 군동면,중상사고,0,2,0,0,차대차 - 측면직각충돌,직진우회전진행방해,건조,맑음,교차로 - 교차로안,승용,남,60세,상해없음,화물,남,51세,중상
2012092200100417,2012년 9월 22일 16시,토요일,전라남도 진도군 지산면,중상사고,0,1,0,0,차대차 - 측면직각충돌,안전운전불이행,기타,기타,기타 - 기타,화물,남,63세,상해없음,이륜,남,78세,중상
2012092200100418,2012년 9월 22일 16시,토요일,전라남도 광양시 옥곡면,경상사고,0,0,2,0,차대차 - 측면직각충돌,직진우회전진행방해,건조,맑음,교차로 - 교차로안,원동기,남,81세,경상,승용,남,57세,상해없음
2012092200100461,2012년 9월 22일 17시,토요일,전라남도 나주시 산포면,경상사고,0,0,1,0,차대차 - 기타,안전운전불이행,건조,맑음,기타 - 기타,승용,여,41세,상해없음,승용,남,58세,경상
2012092200100462,2012년 9월 22일 17시,토요일,전라남도 나주시 이창동,경상사고,0,0,1,0,차대차 - 기타,교차로운행방법위반,건조,맑음,교차로 - 교차로안,이륜,남,82세,경상,승용,남,52세,상해없음
2012092200100463,2012년 9월 22일 17시,토요일,전라남도 영암군 삼호읍,중상사고,0,1,0,0,차대차 - 측면직각충돌,안전운전불이행,건조,맑음,단일로 - 기타,승용,여,25세,상해없음,자전거,남,44세,중상
2012092200100464,2012년 9월 22일 17시,토요일,전라남도 무안군 운남면,중상사고,0,1,0,0,차대차 - 기타,안전운전불이행,건조,맑음,단일로 - 기타,화물,남,61세,상해없음,자전거,남,72세,중상
2012092200100510,2012년 9월 22일 18시,토요일,전라남도 목포시 석현동,중상사고,0,2,1,0,차대차 - 정면충돌,신호위반,건조,맑음,교차로 - 교차로부근,화물,남,33세,상해없음,승용,남,34세,중상
2012092200100511,2012년 9월 22일 18시,토요일,전라남도 순천시 해룡면,경상사고,0,0,1,0,차대사람 - 기타,안전운전불이행,건조,맑음,단일로 - 기타,승용,남,34세,상해없음,보행자,남,9세,경상
2012092200100512,2012년 9월 22일 18시,토요일,전라남도 곡성군 석곡면,중상사고,0,1,0,0,차대사람 - 기타,안전운전불이행,건조,맑음,교차로 - 교차로안,화물,남,21세,상해없음,보행자,남,55세,중상
2012092200100513,2012년 9월 22일 18시,토요일,전라남도 광양시 중동,경상사고,0,0,1,0,차대사람 - 횡단중,안전운전불이행,건조,맑음,단일로 - 기타,승용,여,44세,상해없음,보행자,여,43세,경상
2012092200100514,2012년 9월 22일 18시,토요일,전라남도 광양시 중동,경상사고,0,0,6,0,차대차 - 추돌 - 주정차중,안전운전불이행,건조,맑음,교차로 - 교차로부근,화물,남,60세,상해없음,승용,남,32세,경상
2012092200100555,2012년 9월 22일 19시,토요일,전라남도 나주시 산포면,경상사고,0,0,2,0,차대차 - 측면직각충돌,안전운전불이행,건조,맑음,단일로 - 기타,승용,남,67세,경상,승용,여,47세,경상
2012092200100556,2012년 9월 22일 19시,토요일,전라남도 구례군 토지면,사망사고,1,0,0,0,차대차 - 기타,안전운전불이행,건조,맑음,교차로 - 교차로부근,승용,남,52세,상해없음,자전거,남,42세,사망
2012092200100587,2012년 9월 22일 20시,토요일,전라남도 화순군 화순읍,중상사고,0,1,0,0,차대차 - 측면직각충돌,교차로운행방법위반,건조,맑음,교차로 - 교차로안,승용,남,64세,상해없음,원동기,남,17세,중상
2012092200100615,2012년 9월 22일 21시,토요일,전라남도 광양시 마동,중상사고,0,1,1,0,차대차 - 정면충돌,중앙선침범,건조,맑음,단일로 - 기타,승용,남,32세,상해없음,승용,남,26세,중상
2012092200100639,2012년 9월 22일 22시,토요일,전라남도 영암군 신북면,경상사고,0,0,1,0,차량단독 - 전도전복,안전운전불이행,건조,맑음,단일로 - 기타,화물,남,51세,상해없음,,,,
2012092200100640,2012년 9월 22일 22시,토요일,전라남도 장성군 황룡면,중상사고,0,2,1,1,차대차 - 추돌 - 진행중,안전운전불이행,건조,맑음,단일로 - 기타,승용,남,46세,부상신고,화물,남,58세,중상
2012092300100041,2012년 9월 23일 01시,일요일,전라남도 장흥군 장흥읍,중상사고,0,1,1,0,차대차 - 추돌 - 주정차중,안전운전불이행,건조,맑음,교차로 - 교차로부근,승용,남,47세,중상,화물,남,56세,경상
2012092300100120,2012년 9월 23일 07시,일요일,전라남도 목포시 산정동,경상사고,0,0,1,0,차대사람 - 기타,안전운전불이행,건조,맑음,단일로 - 기타,승용,남,28세,상해없음,보행자,여,79세,경상
2012092300100137,2012년 9월 23일 08시,일요일,전라남도 장흥군 장흥읍,중상사고,0,1,0,0,차대차 - 기타,안전운전불이행,건조,맑음,교차로 - 교차로안,화물,남,64세,상해없음,원동기,여,35세,중상
2012092300100138,2012년 9월 23일 08시,일요일,전라남도 영암군 학산면,경상사고,0,0,2,0,차대차 - 측면직각충돌,직진우회전진행방해,건조,맑음,교차로 - 교차로안,화물,남,69세,상해없음,승용,여,55세,경상
2012092300100164,2012년 9월 23일 09시,일요일,전라남도 담양군 담양읍,경상사고,0,0,3,0,차대차 - 측면직각충돌,직진우회전진행방해,건조,맑음,교차로 - 교차로안,승용,여,35세,경상,화물,여,54세,경상
2012092300100221,2012년 9월 23일 11시,일요일,전라남도 나주시 공산면,부상신고사고,0,0,0,1,차대차 - 측면직각충돌,중앙선침범,건조,맑음,단일로 - 기타,이륜,남,70세,부상신고,승용,여,42세,상해없음
2012092300100241,2012년 9월 23일 12시,일요일,전라남도 나주시 이창동,경상사고,0,0,2,0,차대차 - 측면직각충돌,교차로운행방법위반,건조,맑음,교차로 - 교차로안,승용,남,54세,경상,화물,남,60세,경상
2012092300100278,2012년 9월 23일 13시,일요일,전라남도 여수시 화장동,부상신고사고,0,0,0,1,차대사람 - 기타,안전운전불이행,건조,맑음,단일로 - 기타,화물,남,52세,상해없음,보행자,여,4세,부상신고
2012092300100343,2012년 9월 23일 15시,일요일,전라남도 여수시 관문동,경상사고,0,0,1,0,차대차 - 측면직각충돌,교차로운행방법위반,건조,맑음,교차로 - 교차로안,승용,남,65세,상해없음,화물,남,46세,상해없음
2012092300100344,2012년 9월 23일 15시,일요일,전라남도 나주시 다도면,경상사고,0,0,1,0,차대차 - 측면직각충돌,중앙선침범,건조,맑음,교차로 - 교차로부근,화물,남,48세,상해없음,화물,남,77세,경상
2012092300100345,2012년 9월 23일 15시,일요일,전라남도 고흥군 두원면,중상사고,0,1,0,0,차대차 - 기타,기타,건조,맑음,단일로 - 기타,기타불명,기타불명,기타불명,기타불명,승용,남,48세,중상
2012092300100346,2012년 9월 23일 15시,일요일,전라남도 해남군 문내면,경상사고,0,0,1,0,차량단독 - 도로외이탈 - 추락,안전운전불이행,건조,맑음,단일로 - 기타,농기계,남,70세,경상,,,,
2012092300100347,2012년 9월 23일 15시,일요일,전라남도 진도군 군내면,경상사고,0,0,1,0,차대차 - 추돌 - 진행중,안전운전불이행,건조,맑음,단일로 - 기타,이륜,남,54세,상해없음,승용,여,62세,경상
2012092300100383,2012년 9월 23일 16시,일요일,전라남도 순천시 조례동,중상사고,0,1,0,0,차대차 - 기타,안전거리미확보,건조,맑음,미분류 - 미분류,화물,남,23세,상해없음,원동기,남,51세,중상
2012092300100384,2012년 9월 23일 16시,일요일,전라남도 구례군 용방면,중상사고,0,1,1,0,차대차 - 기타,안전운전불이행,건조,맑음,단일로 - 기타,화물,남,38세,경상,승용,남,55세,중상
2012092300100406,2012년 9월 23일 17시,일요일,전라남도 순천시 서면,경상사고,0,0,2,0,차대차 - 측면직각충돌,안전거리미확보,건조,맑음,단일로 - 기타,승용,남,54세,상해없음,승용,여,29세,경상
2012092300100407,2012년 9월 23일 17시,일요일,전라남도 무안군 현경면,경상사고,0,0,2,0,차대차 - 기타,안전운전불이행,건조,맑음,단일로 - 기타,승용,남,51세,상해없음,승합,남,44세,경상
2012092300100442,2012년 9월 23일 18시,일요일,전라남도 목포시 상동,경상사고,0,0,1,1,차대사람 - 횡단중,안전운전불이행,건조,맑음,교차로 - 교차로부근,기타불명,기타불명,기타불명,기타불명,보행자,남,43세,부상신고
2012092300100443,2012년 9월 23일 18시,일요일,전라남도 여수시 국동,경상사고,0,0,2,0,차대차 - 추돌 - 진행중,안전운전불이행,건조,맑음,단일로 - 기타,이륜,남,15세,상해없음,승용,여,36세,경상
2012092300100444,2012년 9월 23일 18시,일요일,전라남도 화순군 화순읍,경상사고,0,0,3,0,차대차 - 기타,안전운전불이행,건조,맑음,교차로 - 교차로부근,승용,남,66세,상해없음,승용,남,33세,경상
2012092300100479,2012년 9월 23일 19시,일요일,전라남도 순천시 조례동,경상사고,0,0,2,0,차대사람 - 기타,안전운전불이행,건조,맑음,단일로 - 기타,승용,남,56세,상해없음,보행자,남,44세,경상
2012092300100508,2012년 9월 23일 20시,일요일,전라남도 장성군 북이면,부상신고사고,0,0,0,1,차대사람 - 기타,안전운전불이행,건조,맑음,단일로 - 기타,승용,남,37세,상해없음,보행자,남,38세,부상신고
2012092300100531,2012년 9월 23일 21시,일요일,전라남도 여수시 학동,경상사고,0,0,1,0,차대사람 - 기타,안전운전불이행,습기,비,교차로 - 교차로안,승용,남,28세,상해없음,보행자,남,49세,경상
2012092300100544,2012년 9월 23일 22시,일요일,전라남도 광양시 중동,경상사고,0,0,1,0,차대사람 - 횡단중,안전운전불이행,건조,맑음,단일로 - 기타,승용,남,39세,상해없음,보행자,여,50세,경상
2012092400100010,2012년 9월 24일 00시,월요일,전라남도 목포시 옥암동,경상사고,0,0,3,0,차대차 - 기타,안전운전불이행,건조,맑음,교차로 - 교차로부근,기타불명,기타불명,기타불명,기타불명,승용,남,18세,상해없음
2012092400100092,2012년 9월 24일 07시,월요일,전라남도 순천시 해룡면,경상사고,0,0,3,0,차대차 - 측면직각충돌,교차로운행방법위반,건조,맑음,교차로 - 교차로안,승용,남,33세,경상,승용,남,48세,경상
2012092400100093,2012년 9월 24일 07시,월요일,전라남도 나주시 세지면,경상사고,0,0,2,0,차대차 - 측면직각충돌,안전운전불이행,건조,맑음,단일로 - 기타,농기계,남,70세,경상,승용,남,58세,상해없음
2012092400100145,2012년 9월 24일 08시,월요일,전라남도 영암군 도포면,경상사고,0,0,1,0,차량단독 - 기타,안전운전불이행,기타,안개,교차로 - 교차로부근,승합,남,51세,상해없음,,,,
2012092400100181,2012년 9월 24일 09시,월요일,전라남도 고흥군 포두면,중상사고,0,1,0,0,차대사람 - 횡단중,안전운전불이행,건조,맑음,단일로 - 기타,화물,여,67세,상해없음,보행자,여,76세,중상
2012092400100213,2012년 9월 24일 10시,월요일,전라남도 여수시 율촌면,중상사고,0,1,0,0,차대차 - 측면직각충돌,안전운전불이행,건조,맑음,교차로 - 교차로부근,승용,여,49세,상해없음,원동기,남,71세,중상
2012092400100214,2012년 9월 24일 10시,월요일,전라남도 순천시 별량면,중상사고,0,4,0,0,차대차 - 기타,차로위반,건조,맑음,단일로 - 기타,농기계,남,59세,중상,승용,남,69세,중상
2012092400100215,2012년 9월 24일 10시,월요일,전라남도 순천시 해룡면,경상사고,0,0,3,0,차대차 - 추돌 - 주정차중,안전운전불이행,건조,맑음,교차로 - 교차로부근,승용,남,65세,상해없음,승용,남,62세,경상