사고번호,사고일시,요일,시군구,사고내용,사망자수,중상자수,경상자수,부상신고자수,사고유형,법규위반,노면상태,기상상태,도로형태,가해운전자 차종,가해운전자 성별,가해운전자 연령,가해운전자 상해정도,피해운전자 차종,피해운전자 성별,피해운전자 연령,피해운전자 상해정도
2012092400100243,2012년 9월 24일 11시,월요일,전라남도 목포시 용당동,경상사고,0,0,2,0,차대차 - 측면직각충돌,안전운전불이행,건조,맑음,단일로 - 기타,화물,남,34세,상해없음,승용,남,21세,경상
2012092400100244,2012년 9월 24일 11시,월요일,전라남도 순천시 덕암동,중상사고,0,1,0,0,차대사람 - 횡단중,안전운전불이행,건조,맑음,단일로 - 기타,승용,남,51세,상해없음,보행자,남,47세,중상
2012092400100245,2012년 9월 24일 11시,월요일,전라남도 해남군 문내면,사망사고,1,1,0,0,차대차 - 측면직각충돌,신호위반,건조,맑음,교차로 - 교차로안,이륜,남,73세,사망,화물,남,45세,상해없음
2012092400100246,2012년 9월 24일 11시,월요일,전라남도 구례군 토지면,경상사고,0,0,1,0,차대사람 - 횡단중,보행자보호의무위반,건조,맑음,단일로 - 기타,승용,여,67세,상해없음,보행자,남,41세,경상
2012092400100279,2012년 9월 24일 12시,월요일,전라남도 순천시 낙안면,중상사고,0,1,0,0,차대차 - 측면직각충돌,안전운전불이행,건조,맑음,단일로 - 기타,이륜,남,74세,중상,화물,남,43세,상해없음
2012092400100309,2012년 9월 24일 13시,월요일,전라남도 목포시 용당동,경상사고,0,0,1,0,차대차 - 추돌 - 주정차중,안전운전불이행,건조,맑음,단일로 - 기타,승용,기타불명,기타불명,기타불명,승용,남,58세,경상
2012092400100310,2012년 9월 24일 13시,월요일,전라남도 순천시 서면,경상사고,0,0,2,0,차대차 - 추돌 - 주정차중,안전운전불이행,건조,맑음,단일로 - 기타,승용,남,52세,상해없음,화물,남,71세,경상
2012092400100311,2012년 9월 24일 13시,월요일,전라남도 나주시 왕곡면,중상사고,0,1,0,0,차량단독 - 공작물충돌,안전운전불이행,건조,맑음,단일로 - 기타,화물,남,75세,중상,,,,
2012092400100312,2012년 9월 24일 13시,월요일,전라남도 나주시 성북동,경상사고,0,0,2,0,차대차 - 측면직각충돌,신호위반,건조,맑음,교차로 - 교차로안,승용,남,62세,경상,승용,남,32세,경상
2012092400100341,2012년 9월 24일 14시,월요일,전라남도 여수시 중흥동,중상사고,0,1,0,0,차대차 - 기타,안전운전불이행,건조,맑음,기타 - 기타,화물,남,43세,상해없음,자전거,남,38세,중상
2012092400100342,2012년 9월 24일 14시,월요일,전라남도 나주시 중앙동,중상사고,0,1,0,0,차대사람 - 횡단중,안전운전불이행,건조,맑음,단일로 - 기타,승합,남,55세,상해없음,보행자,여,68세,중상
2012092400100343,2012년 9월 24일 14시,월요일,전라남도 고흥군 고흥읍,중상사고,0,1,0,0,차대사람 - 길가장자리구역통행중,안전운전불이행,건조,맑음,교차로 - 교차로부근,기타불명,기타불명,기타불명,기타불명,보행자,여,82세,중상
2012092400100344,2012년 9월 24일 14시,월요일,전라남도 강진군 강진읍,경상사고,0,0,1,0,차대사람 - 차도통행중,안전운전불이행,건조,맑음,교차로 - 교차로부근,승합,남,58세,상해없음,보행자,남,81세,경상
2012092400100374,2012년 9월 24일 15시,월요일,전라남도 완도군 완도읍,경상사고,0,0,1,0,차대차 - 기타,신호위반,건조,맑음,교차로 - 교차로안,승용,남,77세,상해없음,화물,남,32세,경상
2012092400100404,2012년 9월 24일 16시,월요일,전라남도 순천시 왕지동,경상사고,0,0,3,0,차대차 - 측면직각충돌,직진우회전진행방해,건조,맑음,교차로 - 교차로안,승용,여,42세,상해없음,승용,여,46세,경상
2012092400100405,2012년 9월 24일 16시,월요일,전라남도 나주시 다시면,경상사고,0,0,1,0,차량단독 - 전도전복,안전운전불이행,건조,맑음,단일로 - 기타,이륜,남,63세,경상,,,,
2012092400100406,2012년 9월 24일 16시,월요일,전라남도 장흥군 장흥읍,경상사고,0,0,1,0,차대사람 - 차도통행중,안전운전불이행,건조,맑음,단일로 - 기타,자전거,기타불명,기타불명,기타불명,보행자,남,9세,경상
2012092400100407,2012년 9월 24일 16시,월요일,전라남도 장흥군 용산면,중상사고,0,1,0,0,차량단독 - 기타,안전운전불이행,건조,맑음,단일로 - 기타,농기계,남,74세,중상,,,,
2012092400100408,2012년 9월 24일 16시,월요일,전라남도 장흥군 관산읍,중상사고,0,1,0,0,차대차 - 측면직각충돌,안전운전불이행,건조,맑음,교차로 - 교차로안,화물,남,46세,상해없음,원동기,남,78세,중상
2012092400100456,2012년 9월 24일 17시,월요일,전라남도 순천시 해룡면,경상사고,0,0,2,0,차대차 - 측면직각충돌,신호위반,건조,맑음,교차로 - 교차로부근,승용,남,45세,상해없음,화물,남,31세,경상
2012092400100457,2012년 9월 24일 17시,월요일,전라남도 나주시 교동,경상사고,0,0,1,0,차대차 - 정면충돌,안전운전불이행,건조,맑음,단일로 - 기타,자전거,남,12세,경상,승용,여,46세,상해없음
2012092400100458,2012년 9월 24일 17시,월요일,전라남도 나주시 산포면,경상사고,0,0,8,0,차대차 - 추돌 - 주정차중,안전운전불이행,건조,맑음,미분류 - 미분류,승용,여,42세,경상,승합,남,56세,경상
2012092400100459,2012년 9월 24일 17시,월요일,전라남도 보성군 웅치면,경상사고,0,0,2,0,차대차 - 측면직각충돌,중앙선침범,건조,맑음,단일로 - 기타,화물,남,60세,상해없음,승용,남,27세,경상
2012092400100460,2012년 9월 24일 17시,월요일,전라남도 영암군 학산면,경상사고,0,0,2,0,차대차 - 측면직각충돌,안전거리미확보,건조,맑음,단일로 - 기타,화물,남,76세,상해없음,화물,남,39세,경상
2012092400100502,2012년 9월 24일 18시,월요일,전라남도 목포시 용당동,경상사고,0,0,1,0,차대차 - 기타,안전운전불이행,건조,맑음,단일로 - 기타,승용,남,21세,상해없음,승용,남,52세,상해없음
2012092400100503,2012년 9월 24일 18시,월요일,전라남도 순천시 조례동,중상사고,0,1,0,0,차대차 - 기타,안전운전불이행,건조,맑음,단일로 - 기타,화물,여,51세,상해없음,자전거,남,40세,중상
2012092400100504,2012년 9월 24일 18시,월요일,전라남도 강진군 강진읍,경상사고,0,0,1,0,차대차 - 측면직각충돌,직진우회전진행방해,건조,맑음,교차로 - 교차로안,원동기,남,80세,상해없음,승용,남,58세,경상
2012092400100505,2012년 9월 24일 18시,월요일,전라남도 강진군 강진읍,경상사고,0,0,2,0,차대차 - 측면직각충돌,안전운전불이행,건조,맑음,교차로 - 교차로안,승용,남,50세,경상,화물,남,27세,경상
2012092400100557,2012년 9월 24일 19시,월요일,전라남도 나주시 금천면,경상사고,0,0,1,0,차대차 - 측면직각충돌,안전운전불이행,건조,맑음,단일로 - 기타,화물,남,50세,상해없음,승용,여,58세,경상
2012092400100558,2012년 9월 24일 19시,월요일,전라남도 나주시 산포면,경상사고,0,0,3,0,차대차 - 추돌 - 주정차중,안전운전불이행,건조,맑음,단일로 - 기타,승합,남,68세,상해없음,화물,남,22세,경상
2012092400100591,2012년 9월 24일 20시,월요일,전라남도 고흥군 포두면,경상사고,0,0,1,0,차대차 - 기타,중앙선침범,건조,맑음,단일로 - 기타,화물,남,54세,상해없음,승용,남,49세,경상
2012092400100628,2012년 9월 24일 21시,월요일,전라남도 광양시 광양읍,경상사고,0,0,1,0,차대사람 - 횡단중,안전운전불이행,건조,맑음,교차로 - 교차로부근,화물,남,35세,상해없음,보행자,남,13세,경상
2012092500100052,2012년 9월 25일 04시,화요일,전라남도 여수시 신기동,경상사고,0,0,1,0,차대사람 - 횡단중,중앙선침범,건조,맑음,교차로 - 교차로부근,승용,여,47세,상해없음,보행자,여,16세,경상
2012092500100053,2012년 9월 25일 04시,화요일,전라남도 영암군 덕진면,경상사고,0,0,1,0,차량단독 - 공작물충돌,안전운전불이행,습기,안개,단일로 - 기타,화물,남,60세,경상,,,,
2012092500100061,2012년 9월 25일 05시,화요일,전라남도 여수시 율촌면,경상사고,0,0,1,0,차대사람 - 기타,안전운전불이행,건조,맑음,단일로 - 기타,승용,여,62세,기타불명,보행자,여,51세,경상
2012092500100077,2012년 9월 25일 06시,화요일,전라남도 여수시 월하동,경상사고,0,0,4,0,차대차 - 기타,안전운전불이행,건조,맑음,단일로 - 기타,화물,남,34세,상해없음,승용,남,37세,경상
2012092500100078,2012년 9월 25일 06시,화요일,전라남도 나주시 문평면,중상사고,0,1,1,0,차대차 - 기타,안전운전불이행,건조,맑음,단일로 - 기타,승용,남,22세,상해없음,화물,남,70세,경상
2012092500100148,2012년 9월 25일 08시,화요일,전라남도 여수시 여서동,경상사고,0,0,3,0,차대차 - 측면직각충돌,교차로운행방법위반,건조,맑음,교차로 - 교차로안,승용,남,28세,경상,승용,여,38세,경상
2012092500100149,2012년 9월 25일 08시,화요일,전라남도 순천시 덕암동,부상신고사고,0,0,0,1,차대사람 - 기타,안전운전불이행,건조,맑음,교차로 - 교차로안,승용,기타불명,기타불명,기타불명,보행자,남,13세,부상신고
2012092500100150,2012년 9월 25일 08시,화요일,전라남도 장성군 장성읍,중상사고,0,1,0,0,차대차 - 추돌 - 진행중,안전운전불이행,건조,맑음,교차로 - 교차로부근,화물,남,46세,상해없음,승용,여,49세,중상
2012092500100201,2012년 9월 25일 09시,화요일,전라남도 목포시 산정동,경상사고,0,0,1,0,차대차 - 측면직각충돌,안전운전불이행,건조,맑음,단일로 - 기타,승용,여,40세,상해없음,승용,여,49세,경상
2012092500100202,2012년 9월 25일 09시,화요일,전라남도 순천시 장천동,중상사고,0,1,0,0,차대차 - 측면직각충돌,직진우회전진행방해,건조,맑음,교차로 - 교차로안,승용,여,57세,상해없음,원동기,남,20세,중상
2012092500100203,2012년 9월 25일 09시,화요일,전라남도 구례군 토지면,중상사고,0,2,0,0,차량단독 - 공작물충돌,안전운전불이행,건조,맑음,교차로 - 교차로부근,승합,남,20세,상해없음,,,,
2012092500100238,2012년 9월 25일 10시,화요일,전라남도 여수시 봉산동,경상사고,0,0,1,0,차대차 - 측면직각충돌,교차로운행방법위반,건조,맑음,교차로 - 교차로안,승합,남,67세,상해없음,승용,남,51세,경상
2012092500100271,2012년 9월 25일 11시,화요일,전라남도 보성군 조성면,경상사고,0,0,1,0,차대차 - 측면직각충돌,안전운전불이행,건조,맑음,교차로 - 교차로안,화물,남,71세,상해없음,농기계,남,73세,경상
2012092500100328,2012년 9월 25일 13시,화요일,전라남도 장성군 삼계면,중상사고,0,1,0,0,차대차 - 기타,기타,건조,맑음,단일로 - 기타,승용,여,52세,상해없음,원동기,남,77세,중상
2012092500100398,2012년 9월 25일 15시,화요일,전라남도 여수시 여서동,중상사고,0,1,1,0,차대차 - 추돌 - 주정차중,안전운전불이행,건조,맑음,단일로 - 기타,승합,남,37세,상해없음,화물,남,48세,경상
2012092500100399,2012년 9월 25일 15시,화요일,전라남도 나주시 금천면,중상사고,0,1,0,0,차대차 - 측면직각충돌,중앙선침범,건조,맑음,교차로 - 교차로부근,화물,남,52세,상해없음,승용,남,69세,상해없음
2012092500100400,2012년 9월 25일 15시,화요일,전라남도 해남군 해남읍,사망사고,1,0,0,0,차대차 - 추돌 - 주정차중,안전운전불이행,건조,맑음,교차로 - 교차로안,원동기,남,74세,사망,화물,남,59세,상해없음
2012092500100444,2012년 9월 25일 16시,화요일,전라남도 여수시 소라면,경상사고,0,0,2,0,차대차 - 기타,차로위반,건조,맑음,단일로 - 기타,화물,남,50세,상해없음,승합,남,61세,상해없음
2012092500100445,2012년 9월 25일 16시,화요일,전라남도 화순군 화순읍,중상사고,0,1,0,0,차대사람 - 횡단중,안전운전불이행,건조,맑음,교차로 - 교차로부근,화물,남,33세,상해없음,보행자,남,26세,중상
2012092500100446,2012년 9월 25일 16시,화요일,전라남도 영암군 삼호읍,경상사고,0,0,1,0,차량단독 - 기타,안전운전불이행,건조,맑음,단일로 - 기타,승합,남,57세,상해없음,,,,
2012092500100447,2012년 9월 25일 16시,화요일,전라남도 장성군 장성읍,경상사고,0,0,1,0,차량단독 - 전도전복,안전운전불이행,건조,맑음,단일로 - 기타,원동기,남,72세,경상,,,,
2012092500100491,2012년 9월 25일 17시,화요일,전라남도 여수시 소라면,경상사고,0,0,2,0,차대차 - 추돌 - 진행중,안전운전불이행,건조,맑음,단일로 - 기타,승용,여,34세,상해없음,화물,남,43세,경상
2012092500100492,2012년 9월 25일 17시,화요일,전라남도 광양시 광양읍,사망사고,1,1,1,0,차대차 - 기타,안전운전불이행,건조,맑음,교차로 - 교차로부근,승용,남,68세,중상,승용,남,41세,기타불명
2012092500100577,2012년 9월 25일 19시,화요일,전라남도 장흥군 관산읍,경상사고,0,0,1,0,차대차 - 기타,교차로운행방법위반,건조,맑음,교차로 - 교차로안,원동기,여,69세,경상,승용,여,25세,상해없음
2012092500100623,2012년 9월 25일 20시,화요일,전라남도 목포시 옥암동,경상사고,0,0,2,0,차대차 - 추돌 - 진행중,안전거리미확보,건조,맑음,교차로 - 교차로안,화물,남,46세,상해없음,승용,남,31세,경상
2012092500100624,2012년 9월 25일 20시,화요일,전라남도 순천시 저전동,경상사고,0,0,3,0,차대차 - 측면직각충돌,안전운전불이행,건조,맑음,교차로 - 교차로안,승용,남,35세,경상,승용,남,61세,경상
2012092500100625,2012년 9월 25일 20시,화요일,전라남도 나주시 중앙동,경상사고,0,0,2,0,차대차 - 측면직각충돌,안전운전불이행,건조,맑음,교차로 - 교차로안,원동기,남,16세,경상,승용,남,31세,상해없음
2012092500100626,2012년 9월 25일 20시,화요일,전라남도 영암군 삼호읍,경상사고,0,0,1,0,차량단독 - 공작물충돌,안전운전불이행,건조,맑음,단일로 - 기타,승용,남,49세,경상,,,,
2012092500100702,2012년 9월 25일 22시,화요일,전라남도 여수시 여서동,경상사고,0,0,1,0,차대차 - 측면직각충돌,교차로운행방법위반,건조,맑음,교차로 - 교차로안,승용,남,40세,상해없음,승용,남,30세,경상
2012092500100733,2012년 9월 25일 23시,화요일,전라남도 광양시 광양읍,경상사고,0,0,1,0,차대차 - 측면직각충돌,중앙선침범,건조,맑음,단일로 - 기타,원동기,남,41세,경상,승용,여,24세,상해없음
2012092600100053,2012년 9월 26일 04시,수요일,전라남도 목포시 호남동,경상사고,0,0,2,0,차대차 - 측면직각충돌,중앙선침범,건조,맑음,단일로 - 기타,승용,여,70세,상해없음,승용,남,27세,경상
2012092600100054,2012년 9월 26일 04시,수요일,전라남도 장성군 장성읍,중상사고,0,2,0,0,차대차 - 추돌 - 진행중,안전운전불이행,건조,맑음,단일로 - 기타,승용,남,28세,상해없음,화물,남,68세,중상
2012092600100079,2012년 9월 26일 06시,수요일,전라남도 여수시 학동,중상사고,0,1,0,0,차대사람 - 기타,안전운전불이행,건조,맑음,단일로 - 기타,화물,남,51세,상해없음,보행자,여,97세,중상
2012092600100080,2012년 9월 26일 06시,수요일,전라남도 화순군 화순읍,경상사고,0,0,2,0,차대차 - 정면충돌,중앙선침범,건조,맑음,단일로 - 기타,승합,남,42세,경상,승용,남,46세,경상
2012092600100107,2012년 9월 26일 07시,수요일,전라남도 광양시 옥곡면,경상사고,0,0,1,0,차대차 - 측면직각충돌,중앙선침범,건조,맑음,교차로 - 교차로부근,승용,남,23세,경상,화물,남,47세,상해없음
2012092600100150,2012년 9월 26일 08시,수요일,전라남도 나주시 산포면,경상사고,0,0,1,0,차량단독 - 공작물충돌,안전운전불이행,건조,맑음,단일로 - 기타,화물,남,28세,경상,,,,
2012092600100151,2012년 9월 26일 08시,수요일,전라남도 영광군 영광읍,부상신고사고,0,0,0,1,차대사람 - 기타,안전운전불이행,건조,맑음,단일로 - 기타,화물,남,47세,상해없음,보행자,남,44세,부상신고
2012092600100185,2012년 9월 26일 09시,수요일,전라남도 영암군 삼호읍,경상사고,0,0,2,0,차대차 - 측면직각충돌,직진우회전진행방해,건조,맑음,교차로 - 교차로안,승용,남,59세,경상,화물,남,41세,경상
2012092600100186,2012년 9월 26일 09시,수요일,전라남도 장성군 삼서면,경상사고,0,0,1,0,차대차 - 측면직각충돌,안전운전불이행,건조,맑음,교차로 - 교차로안,승합,여,57세,상해없음,이륜,남,75세,경상
2012092600100211,2012년 9월 26일 10시,수요일,전라남도 영광군 홍농읍,경상사고,0,0,1,0,차대차 - 기타,안전운전불이행,건조,맑음,단일로 - 기타,승용,남,42세,상해없음,이륜,남,73세,경상
2012092600100264,2012년 9월 26일 12시,수요일,전라남도 나주시 왕곡면,경상사고,0,0,1,0,차량단독 - 공작물충돌,안전운전불이행,건조,맑음,단일로 - 기타,승합,남,28세,경상,,,,
2012092600100265,2012년 9월 26일 12시,수요일,전라남도 영광군 군서면,중상사고,0,1,1,0,차대차 - 기타,안전운전불이행,건조,맑음,단일로 - 기타,화물,남,60세,경상,화물,남,44세,중상
2012092600100266,2012년 9월 26일 12시,수요일,전라남도 화순군 화순읍,중상사고,0,2,1,0,차대차 - 추돌 - 진행중,안전운전불이행,건조,맑음,단일로 - 기타,화물,남,59세,중상,화물,남,37세,경상
2012092600100267,2012년 9월 26일 12시,수요일,전라남도 강진군 병영면,중상사고,0,1,3,0,차대차 - 측면직각충돌,직진우회전진행방해,건조,맑음,교차로 - 교차로안,승용,남,36세,경상,승용,남,54세,경상
2012092600100285,2012년 9월 26일 13시,수요일,전라남도 완도군 군외면,경상사고,0,0,1,0,차대차 - 기타,안전운전불이행,건조,맑음,단일로 - 기타,화물,남,62세,상해없음,화물,남,74세,경상
2012092600100309,2012년 9월 26일 14시,수요일,전라남도 곡성군 오산면,중상사고,0,3,0,0,차대차 - 측면직각충돌,안전운전불이행,건조,맑음,교차로 - 교차로안,승용,여,47세,중상,승용,남,31세,중상
2012092600100310,2012년 9월 26일 14시,수요일,전라남도 광양시 태인동,중상사고,0,1,0,0,차대차 - 측면직각충돌,직진우회전진행방해,건조,맑음,교차로 - 교차로안,화물,남,36세,상해없음,승용,여,50세,중상
2012092600100355,2012년 9월 26일 15시,수요일,전라남도 여수시 문수동,경상사고,0,0,1,0,차대사람 - 차도통행중,안전운전불이행,건조,맑음,교차로 - 교차로안,승용,남,29세,상해없음,보행자,남,5세,경상
2012092600100356,2012년 9월 26일 15시,수요일,전라남도 장성군 남면,사망사고,1,0,0,0,차대차 - 추돌 - 주정차중,안전운전불이행,건조,맑음,단일로 - 기타,농기계,남,69세,사망,승용,남,56세,기타불명
2012092600100357,2012년 9월 26일 15시,수요일,전라남도 강진군 옴천면,사망사고,1,0,0,0,차량단독 - 전도전복,안전운전불이행,건조,맑음,단일로 - 기타,농기계,남,70세,사망,,,,
2012092600100472,2012년 9월 26일 18시,수요일,전라남도 목포시 동명동,중상사고,0,1,0,0,차대사람 - 기타,기타,건조,맑음,교차로 - 교차로안,승용,남,33세,상해없음,보행자,남,10세,중상
2012092600100527,2012년 9월 26일 19시,수요일,전라남도 순천시 해룡면,경상사고,0,0,1,0,차대차 - 측면직각충돌,안전운전불이행,건조,맑음,단일로 - 기타,승용,남,47세,상해없음,승용,여,34세,경상
2012092600100528,2012년 9월 26일 19시,수요일,전라남도 나주시 노안면,중상사고,0,1,2,0,차대차 - 추돌 - 진행중,안전운전불이행,건조,맑음,교차로 - 교차로부근,화물,남,48세,중상,화물,남,51세,경상
2012092600100529,2012년 9월 26일 19시,수요일,전라남도 장흥군 용산면,사망사고,1,0,0,0,차량단독 - 도로외이탈 - 추락,안전운전불이행,건조,맑음,단일로 - 기타,원동기,여,45세,사망,,,,
2012092600100530,2012년 9월 26일 19시,수요일,전라남도 해남군 북일면,중상사고,0,3,1,0,차대차 - 측면직각충돌,과속,건조,맑음,교차로 - 교차로안,화물,남,49세,중상,승용,남,47세,경상
2012092600100574,2012년 9월 26일 20시,수요일,전라남도 고흥군 도양읍,중상사고,0,1,0,0,차량단독 - 공작물충돌,안전운전불이행,건조,맑음,단일로 - 기타,승용,남,29세,상해없음,,,,
2012092600100606,2012년 9월 26일 21시,수요일,전라남도 순천시 조례동,경상사고,0,0,3,0,차대차 - 측면직각충돌,안전운전불이행,건조,맑음,교차로 - 교차로부근,승용,여,31세,상해없음,승용,남,31세,경상
2012092600100607,2012년 9월 26일 21시,수요일,전라남도 함평군 엄다면,중상사고,0,1,0,0,차대사람 - 길가장자리구역통행중,안전운전불이행,건조,맑음,단일로 - 기타,승용,남,31세,상해없음,보행자,남,71세,중상
2012092700100062,2012년 9월 27일 03시,목요일,전라남도 목포시 상동,경상사고,0,0,1,0,차대사람 - 횡단중,보행자보호의무위반,건조,맑음,단일로 - 횡단보도상,기타불명,기타불명,기타불명,기타불명,보행자,여,23세,경상
2012092700100063,2012년 9월 27일 03시,목요일,전라남도 목포시 광동1가,경상사고,0,0,1,0,차대사람 - 횡단중,보행자보호의무위반,건조,맑음,단일로 - 횡단보도상,승용,남,45세,상해없음,보행자,남,31세,경상
2012092700100114,2012년 9월 27일 07시,목요일,전라남도 목포시 용해동,중상사고,0,1,0,0,차대차 - 기타,신호위반,건조,맑음,교차로 - 교차로안,승용,여,45세,상해없음,원동기,남,67세,중상
2012092700100140,2012년 9월 27일 08시,목요일,전라남도 해남군 송지면,경상사고,0,0,1,0,차량단독 - 기타,안전운전불이행,건조,맑음,단일로 - 기타,이륜,남,66세,경상,,,,
2012092700100141,2012년 9월 27일 08시,목요일,전라남도 화순군 화순읍,경상사고,0,0,2,0,차대차 - 측면직각충돌,신호위반,건조,맑음,교차로 - 교차로안,승용,남,49세,상해없음,승용,남,53세,경상
2012092700100179,2012년 9월 27일 09시,목요일,전라남도 여수시 율촌면,경상사고,0,0,2,0,차대차 - 추돌 - 주정차중,안전운전불이행,건조,맑음,단일로 - 기타,화물,남,31세,경상,화물,남,57세,경상
2012092700100180,2012년 9월 27일 09시,목요일,전라남도 무안군 일로읍,중상사고,0,2,0,0,차대차 - 기타,직진우회전진행방해,건조,맑음,교차로 - 교차로안,승용,남,50세,상해없음,이륜,남,69세,중상
2012092700100214,2012년 9월 27일 10시,목요일,전라남도 장흥군 장동면,중상사고,0,1,0,0,차대차 - 기타,안전운전불이행,건조,맑음,교차로 - 교차로안,농기계,남,55세,중상,화물,남,65세,상해없음
2012092700100215,2012년 9월 27일 10시,목요일,전라남도 화순군 화순읍,경상사고,0,0,1,0,차대차 - 측면직각충돌,신호위반,건조,맑음,교차로 - 교차로안,승용,남,58세,상해없음,승용,남,29세,경상
2012092700100236,2012년 9월 27일 11시,목요일,전라남도 여수시 만흥동,사망사고,1,0,0,0,차대차 - 정면충돌,안전운전불이행,건조,맑음,단일로 - 기타,화물,남,27세,상해없음,원동기,남,40세,사망
2012092700100238,2012년 9월 27일 11시,목요일,전라남도 담양군 담양읍,중상사고,0,1,1,0,차대차 - 측면직각충돌,직진우회전진행방해,건조,맑음,교차로 - 교차로안,원동기,남,74세,경상,승용,남,52세,상해없음
2012092700100239,2012년 9월 27일 11시,목요일,전라남도 광양시 광양읍,중상사고,0,1,0,0,차대차 - 측면직각충돌,직진우회전진행방해,건조,맑음,교차로 - 교차로안,원동기,여,52세,중상,승용,여,46세,상해없음
2012092700100274,2012년 9월 27일 12시,목요일,전라남도 강진군 강진읍,경상사고,0,0,3,0,차대차 - 정면충돌,중앙선침범,건조,맑음,단일로 - 기타,화물,남,27세,경상,화물,남,47세,경상
2012092700100331,2012년 9월 27일 14시,목요일,전라남도 여수시 여서동,중상사고,0,1,0,0,차대차 - 측면직각충돌,교차로운행방법위반,건조,맑음,교차로 - 교차로안,화물,남,63세,상해없음,이륜,남,32세,중상
2012092700100361,2012년 9월 27일 15시,목요일,전라남도 화순군 화순읍,중상사고,0,1,0,0,차대차 - 정면충돌,중앙선침범,건조,맑음,단일로 - 기타,화물,남,26세,상해없음,화물,남,53세,상해없음
2012092700100362,2012년 9월 27일 15시,목요일,전라남도 화순군 화순읍,경상사고,0,0,1,0,차대차 - 측면직각충돌,차로위반,건조,맑음,단일로 - 기타,승용,남,52세,상해없음,승용,남,44세,경상
2012092700100363,2012년 9월 27일 15시,목요일,전라남도 구례군 광의면,중상사고,0,1,0,0,차대차 - 측면직각충돌,교차로운행방법위반,건조,맑음,단일로 - 기타,화물,남,51세,상해없음,이륜,남,73세,중상
2012092700100399,2012년 9월 27일 16시,목요일,전라남도 나주시 다도면,경상사고,0,0,1,0,차량단독 - 기타,기타,건조,맑음,단일로 - 기타,승용,남,69세,경상,,,,
2012092700100400,2012년 9월 27일 16시,목요일,전라남도 나주시 금천면,경상사고,0,0,1,0,차대차 - 측면직각충돌,신호위반,건조,맑음,교차로 - 교차로안,화물,남,54세,상해없음,승용,남,24세,경상
2012092700100401,2012년 9월 27일 16시,목요일,전라남도 영암군 삼호읍,중상사고,0,1,0,0,차대차 - 추돌 - 진행중,안전거리미확보,건조,맑음,단일로 - 기타,화물,남,26세,상해없음,승용,남,47세,중상
2012092700100402,2012년 9월 27일 16시,목요일,전라남도 강진군 군동면,중상사고,0,1,2,0,차대차 - 측면직각충돌,안전운전불이행,건조,맑음,교차로 - 교차로안,승용,남,46세,경상,승용,남,57세,경상
2012092700100403,2012년 9월 27일 16시,목요일,전라남도 진도군 진도읍,경상사고,0,0,2,0,차대차 - 정면충돌,신호위반,건조,맑음,교차로 - 교차로안,건설기계,남,56세,상해없음,승용,남,51세,경상
2012092700100442,2012년 9월 27일 17시,목요일,전라남도 나주시 남평읍,경상사고,0,0,1,0,차대차 - 기타,안전운전불이행,건조,맑음,교차로 - 교차로부근,승용,여,59세,상해없음,승용,남,49세,경상
2012092700100443,2012년 9월 27일 17시,목요일,전라남도 해남군 북일면,중상사고,0,2,0,0,차대차 - 측면직각충돌,과속,건조,맑음,교차로 - 교차로안,화물,남,75세,상해없음,이륜,남,13세,중상
2012092700100531,2012년 9월 27일 19시,목요일,전라남도 순천시 풍덕동,부상신고사고,0,0,0,1,차대차 - 추돌 - 진행중,안전운전불이행,건조,맑음,교차로 - 교차로부근,승용,기타불명,기타불명,기타불명,자전거,남,53세,부상신고
2012092700100532,2012년 9월 27일 19시,목요일,전라남도 장흥군 용산면,사망사고,1,0,0,0,차대사람 - 횡단중,안전운전불이행,건조,맑음,단일로 - 기타,승용,남,41세,상해없음,보행자,여,77세,사망
2012092700100533,2012년 9월 27일 19시,목요일,전라남도 화순군 화순읍,경상사고,0,0,1,0,차대차 - 추돌 - 진행중,안전운전불이행,건조,맑음,단일로 - 기타,승합,남,49세,상해없음,승용,남,25세,기타불명
2012092700100534,2012년 9월 27일 19시,목요일,전라남도 완도군 청산면,사망사고,1,0,0,0,차대사람 - 길가장자리구역통행중,안전운전불이행,건조,맑음,단일로 - 기타,화물,남,19세,상해없음,보행자,남,56세,사망
2012092700100535,2012년 9월 27일 19시,목요일,전라남도 광양시 중동,경상사고,0,0,2,0,차대차 - 측면직각충돌,교차로운행방법위반,건조,맑음,교차로 - 교차로안,승용,남,54세,상해없음,승용,여,39세,경상
2012092700100577,2012년 9월 27일 20시,목요일,전라남도 해남군 산이면,사망사고,1,0,0,0,차대사람 - 횡단중,안전운전불이행,건조,맑음,단일로 - 기타,승용,남,32세,상해없음,보행자,여,71세,사망
2012092700100648,2012년 9월 27일 22시,목요일,전라남도 목포시 산정동,경상사고,0,0,1,0,차대차 - 측면직각충돌,신호위반,건조,맑음,교차로 - 교차로안,승용,남,33세,상해없음,화물,남,26세,경상
2012092700100683,2012년 9월 27일 23시,목요일,전라남도 목포시 남교동,경상사고,0,0,1,0,차대차 - 기타,안전운전불이행,건조,맑음,단일로 - 기타,이륜,남,18세,상해없음,자전거,남,18세,경상