사고번호,사고일시,요일,시군구,사고내용,사망자수,중상자수,경상자수,부상신고자수,사고유형,법규위반,노면상태,기상상태,도로형태,가해운전자 차종,가해운전자 성별,가해운전자 연령,가해운전자 상해정도,피해운전자 차종,피해운전자 성별,피해운전자 연령,피해운전자 상해정도
2012092700100684,2012년 9월 27일 23시,목요일,전라남도 여수시 소호동,경상사고,0,0,2,0,차대차 - 추돌 - 주정차중,안전운전불이행,건조,맑음,교차로 - 교차로부근,승용,남,43세,상해없음,승용,남,29세,경상
2012092800100104,2012년 9월 28일 06시,금요일,전라남도 해남군 옥천면,사망사고,1,0,0,0,차량단독 - 기타,안전운전불이행,건조,맑음,단일로 - 기타,승용,남,43세,사망,,,,
2012092800100124,2012년 9월 28일 07시,금요일,전라남도 목포시 옥암동,중상사고,0,2,1,0,차대차 - 측면직각충돌,신호위반,건조,맑음,교차로 - 교차로안,승용,남,29세,경상,승용,남,51세,중상
2012092800100125,2012년 9월 28일 07시,금요일,전라남도 목포시 산정동,경상사고,0,0,2,0,차대차 - 측면직각충돌,신호위반,건조,맑음,교차로 - 교차로안,승용,남,52세,경상,승용,여,64세,경상
2012092800100162,2012년 9월 28일 08시,금요일,전라남도 나주시 문평면,경상사고,0,0,1,0,차대차 - 측면직각충돌,신호위반,건조,맑음,교차로 - 교차로안,화물,남,69세,상해없음,승용,남,27세,경상
2012092800100163,2012년 9월 28일 08시,금요일,전라남도 화순군 화순읍,경상사고,0,0,1,0,차대사람 - 횡단중,보행자보호의무위반,건조,맑음,단일로 - 횡단보도상,승합,남,63세,상해없음,보행자,여,12세,경상
2012092800100206,2012년 9월 28일 09시,금요일,전라남도 해남군 산이면,경상사고,0,0,1,0,차대차 - 측면직각충돌,중앙선침범,건조,맑음,단일로 - 기타,화물,남,27세,상해없음,화물,남,65세,경상
2012092800100241,2012년 9월 28일 10시,금요일,전라남도 순천시 장천동,중상사고,0,1,0,0,차대사람 - 기타,안전운전불이행,건조,맑음,단일로 - 횡단보도상,승용,여,40세,상해없음,보행자,여,60세,중상
2012092800100242,2012년 9월 28일 10시,금요일,전라남도 장흥군 회진면,경상사고,0,0,1,0,차량단독 - 기타,안전운전불이행,건조,맑음,교차로 - 교차로부근,승합,남,52세,상해없음,,,,
2012092800100274,2012년 9월 28일 11시,금요일,전라남도 장성군 북일면,경상사고,0,0,2,1,차대차 - 측면직각충돌,교차로운행방법위반,건조,맑음,교차로 - 교차로안,승용,남,63세,부상신고,승합,남,43세,경상
2012092800100302,2012년 9월 28일 12시,금요일,전라남도 목포시 상동,경상사고,0,0,2,0,차대차 - 기타,안전운전불이행,건조,기타,교차로 - 교차로부근,기타불명,기타불명,기타불명,기타불명,승용,남,49세,경상
2012092800100303,2012년 9월 28일 12시,금요일,전라남도 순천시 조례동,경상사고,0,0,1,0,차대차 - 기타,교차로운행방법위반,건조,맑음,교차로 - 교차로안,승용,여,39세,상해없음,승용,여,38세,경상
2012092800100304,2012년 9월 28일 12시,금요일,전라남도 강진군 성전면,경상사고,0,0,4,0,차대차 - 정면충돌,중앙선침범,건조,맑음,단일로 - 기타,화물,남,71세,상해없음,승용,남,62세,경상
2012092800100347,2012년 9월 28일 13시,금요일,전라남도 완도군 약산면,경상사고,0,0,1,0,차대차 - 기타,안전운전불이행,건조,맑음,교차로 - 교차로안,화물,남,60세,상해없음,승용,남,71세,경상
2012092800100428,2012년 9월 28일 15시,금요일,전라남도 여수시 주삼동,경상사고,0,0,1,0,차대사람 - 기타,안전운전불이행,건조,맑음,기타 - 기타,화물,남,49세,상해없음,보행자,남,53세,경상
2012092800100429,2012년 9월 28일 15시,금요일,전라남도 순천시 조례동,중상사고,0,1,0,0,차대차 - 기타,신호위반,건조,맑음,교차로 - 교차로안,승용,남,25세,상해없음,원동기,여,56세,중상
2012092800100430,2012년 9월 28일 15시,금요일,전라남도 장성군 삼계면,중상사고,0,2,0,0,차대차 - 정면충돌,중앙선침범,건조,맑음,단일로 - 기타,승용,남,64세,상해없음,이륜,남,32세,중상
2012092800100431,2012년 9월 28일 15시,금요일,전라남도 곡성군 죽곡면,경상사고,0,0,1,0,차대사람 - 기타,안전운전불이행,건조,맑음,단일로 - 기타,화물,남,49세,상해없음,보행자,남,49세,경상
2012092800100432,2012년 9월 28일 15시,금요일,전라남도 진도군 임회면,경상사고,0,0,6,0,차대차 - 측면직각충돌,중앙선침범,건조,맑음,기타 - 기타,승합,남,52세,상해없음,승용,남,61세,경상
2012092800100482,2012년 9월 28일 16시,금요일,전라남도 나주시 반남면,중상사고,0,1,0,0,차대사람 - 횡단중,안전운전불이행,건조,맑음,단일로 - 기타,화물,남,63세,상해없음,보행자,여,76세,중상
2012092800100527,2012년 9월 28일 17시,금요일,전라남도 순천시 해룡면,경상사고,0,0,1,0,차대차 - 기타,기타,건조,맑음,교차로 - 교차로부근,승용,남,50세,상해없음,자전거,여,8세,경상
2012092800100529,2012년 9월 28일 17시,금요일,전라남도 순천시 덕월동,경상사고,0,0,1,0,차대차 - 기타,중앙선침범,건조,맑음,단일로 - 기타,승용,남,64세,상해없음,화물,여,49세,경상
2012092800100530,2012년 9월 28일 17시,금요일,전라남도 순천시 상사면,경상사고,0,0,1,0,차대사람 - 기타,보행자보호의무위반,건조,맑음,단일로 - 기타,승용,남,38세,상해없음,보행자,여,13세,경상
2012092800100531,2012년 9월 28일 17시,금요일,전라남도 구례군 용방면,경상사고,0,0,1,1,차대차 - 측면직각충돌,교차로운행방법위반,건조,맑음,교차로 - 교차로안,승합,남,44세,부상신고,승용,남,49세,경상
2012092800100588,2012년 9월 28일 18시,금요일,전라남도 목포시 산정동,경상사고,0,0,1,0,차대차 - 측면직각충돌,안전운전불이행,건조,맑음,교차로 - 교차로안,기타불명,기타불명,기타불명,기타불명,자전거,남,61세,경상
2012092800100589,2012년 9월 28일 18시,금요일,전라남도 나주시 노안면,중상사고,0,1,0,0,차대사람 - 횡단중,안전운전불이행,건조,맑음,교차로 - 교차로부근,승용,남,48세,상해없음,보행자,남,52세,중상
2012092800100590,2012년 9월 28일 18시,금요일,전라남도 무안군 청계면,중상사고,0,1,0,0,차대차 - 측면직각충돌,안전운전불이행,습기,비,교차로 - 교차로안,이륜,남,63세,중상,화물,남,41세,상해없음
2012092800100652,2012년 9월 28일 19시,금요일,전라남도 목포시 옥암동,경상사고,0,0,3,0,차대차 - 측면직각충돌,직진우회전진행방해,건조,맑음,교차로 - 교차로안,승용,여,39세,상해없음,승용,남,30세,경상
2012092800100653,2012년 9월 28일 19시,금요일,전라남도 여수시 국동,경상사고,0,0,1,0,차대사람 - 기타,기타,건조,맑음,단일로 - 기타,승합,남,58세,기타불명,보행자,남,65세,경상
2012092800100654,2012년 9월 28일 19시,금요일,전라남도 나주시 금천면,경상사고,0,0,2,1,차대차 - 측면직각충돌,중앙선침범,건조,맑음,단일로 - 기타,승용,남,28세,부상신고,승용,남,24세,경상
2012092800100655,2012년 9월 28일 19시,금요일,전라남도 해남군 해남읍,경상사고,0,0,1,0,차대사람 - 횡단중,보행자보호의무위반,건조,맑음,단일로 - 횡단보도상,승용,여,46세,상해없음,보행자,남,12세,경상
2012092800100656,2012년 9월 28일 19시,금요일,전라남도 영암군 신북면,경상사고,0,0,1,0,차대차 - 추돌 - 진행중,안전거리미확보,건조,맑음,단일로 - 기타,화물,남,50세,상해없음,승용,남,51세,경상
2012092800100657,2012년 9월 28일 19시,금요일,전라남도 광양시 중동,중상사고,0,1,0,0,차대차 - 측면직각충돌,중앙선침범,건조,맑음,단일로 - 횡단보도상,자전거,남,50세,중상,승용,남,50세,상해없음
2012092800100698,2012년 9월 28일 20시,금요일,전라남도 목포시 용당동,경상사고,0,0,3,0,차대차 - 측면직각충돌,안전운전불이행,건조,맑음,단일로 - 기타,기타불명,기타불명,12세,기타불명,승용,남,66세,경상
2012092800100699,2012년 9월 28일 20시,금요일,전라남도 여수시 학동,경상사고,0,0,1,0,차대차 - 측면직각충돌,안전운전불이행,건조,맑음,단일로 - 기타,화물,남,51세,상해없음,승용,여,37세,경상
2012092800100700,2012년 9월 28일 20시,금요일,전라남도 여수시 학동,경상사고,0,0,1,0,차대사람 - 기타,안전운전불이행,건조,맑음,교차로 - 교차로부근,기타불명,기타불명,기타불명,기타불명,보행자,남,53세,경상
2012092800100776,2012년 9월 28일 22시,금요일,전라남도 여수시 안산동,중상사고,0,1,0,0,차대사람 - 횡단중,안전운전불이행,건조,맑음,단일로 - 기타,승용,남,38세,상해없음,보행자,남,45세,중상
2012092800100777,2012년 9월 28일 22시,금요일,전라남도 여수시 문수동,경상사고,0,0,2,0,차대차 - 측면직각충돌,신호위반,건조,맑음,교차로 - 교차로안,원동기,남,17세,경상,승용,남,40세,경상
2012092900100106,2012년 9월 29일 05시,토요일,전라남도 나주시 교동,경상사고,0,0,1,0,차대차 - 측면직각충돌,중앙선침범,건조,맑음,교차로 - 교차로부근,승합,남,34세,상해없음,승용,남,33세,경상
2012092900100141,2012년 9월 29일 07시,토요일,전라남도 영암군 삼호읍,중상사고,0,1,2,0,차대차 - 측면직각충돌,직진우회전진행방해,건조,맑음,교차로 - 교차로안,승용,남,35세,경상,승용,남,34세,경상
2012092900100187,2012년 9월 29일 09시,토요일,전라남도 나주시 삼도동,경상사고,0,0,1,0,차대사람 - 기타,안전운전불이행,건조,맑음,교차로 - 교차로안,승용,남,28세,상해없음,보행자,남,85세,경상
2012092900100188,2012년 9월 29일 09시,토요일,전라남도 영암군 미암면,경상사고,0,0,4,0,차대차 - 측면직각충돌,안전운전불이행,건조,맑음,교차로 - 교차로부근,승용,남,43세,기타불명,승용,여,31세,경상
2012092900100247,2012년 9월 29일 11시,토요일,전라남도 무안군 몽탄면,경상사고,0,0,2,0,차대차 - 추돌 - 진행중,안전운전불이행,건조,맑음,단일로 - 터널,승용,남,52세,상해없음,승용,남,50세,경상
2012092900100248,2012년 9월 29일 11시,토요일,전라남도 나주시 이창동,경상사고,0,0,2,0,차대차 - 추돌 - 주정차중,안전운전불이행,건조,맑음,단일로 - 기타,승용,남,53세,상해없음,승용,남,36세,경상
2012092900100249,2012년 9월 29일 11시,토요일,전라남도 무안군 무안읍,중상사고,0,1,0,0,차대차 - 기타,안전운전불이행,건조,맑음,교차로 - 교차로안,이륜,남,51세,중상,승용,남,47세,상해없음
2012092900100250,2012년 9월 29일 11시,토요일,전라남도 구례군 광의면,중상사고,0,1,0,0,차대사람 - 기타,안전운전불이행,건조,맑음,교차로 - 교차로안,화물,남,67세,상해없음,보행자,남,73세,중상
2012092900100272,2012년 9월 29일 12시,토요일,전라남도 고흥군 두원면,중상사고,0,1,0,0,차대차 - 측면직각충돌,중앙선침범,건조,맑음,단일로 - 기타,화물,남,63세,상해없음,승용,여,51세,중상
2012092900100298,2012년 9월 29일 13시,토요일,전라남도 해남군 해남읍,경상사고,0,0,1,0,차대차 - 추돌 - 주정차중,안전운전불이행,건조,맑음,단일로 - 기타,승용,남,34세,상해없음,승합,남,44세,상해없음
2012092900100344,2012년 9월 29일 15시,토요일,전라남도 순천시 조례동,경상사고,0,0,2,0,차대차 - 기타,안전운전불이행,건조,맑음,교차로 - 교차로안,승용,남,40세,상해없음,승용,여,53세,경상
2012092900100345,2012년 9월 29일 15시,토요일,전라남도 장흥군 관산읍,중상사고,0,1,0,0,차대차 - 측면직각충돌,과속,건조,맑음,교차로 - 교차로안,승용,남,45세,상해없음,이륜,남,65세,중상
2012092900100346,2012년 9월 29일 15시,토요일,전라남도 해남군 문내면,중상사고,0,1,0,0,차대차 - 기타,안전운전불이행,건조,맑음,교차로 - 교차로안,이륜,남,52세,중상,승용,남,58세,상해없음
2012092900100347,2012년 9월 29일 15시,토요일,전라남도 해남군 송지면,경상사고,0,0,2,0,차대차 - 추돌 - 주정차중,안전운전불이행,기타,맑음,기타 - 기타,승합,남,49세,상해없음,승용,남,25세,경상
2012092900100389,2012년 9월 29일 17시,토요일,전라남도 목포시 옥암동,경상사고,0,0,7,0,차대차 - 추돌 - 주정차중,안전운전불이행,건조,맑음,교차로 - 교차로부근,승용,남,77세,경상,승용,남,45세,상해없음
2012092900100390,2012년 9월 29일 17시,토요일,전라남도 목포시 해안동1가,경상사고,0,0,1,0,차대차 - 추돌 - 주정차중,안전운전불이행,건조,맑음,단일로 - 기타,기타불명,기타불명,기타불명,기타불명,자전거,남,73세,경상
2012092900100430,2012년 9월 29일 18시,토요일,전라남도 해남군 황산면,중상사고,0,1,4,0,차대차 - 정면충돌,중앙선침범,건조,맑음,단일로 - 기타,화물,남,64세,중상,승합,남,64세,경상
2012092900100431,2012년 9월 29일 18시,토요일,전라남도 담양군 용면,중상사고,0,1,0,0,차량단독 - 공작물충돌,안전운전불이행,건조,맑음,단일로 - 기타,화물,남,52세,중상,,,,
2012092900100432,2012년 9월 29일 18시,토요일,전라남도 광양시 광양읍,경상사고,0,0,3,0,차대차 - 측면직각충돌,교차로운행방법위반,건조,맑음,교차로 - 교차로안,승용,여,38세,경상,승용,남,37세,경상
2012092900100487,2012년 9월 29일 20시,토요일,전라남도 장성군 황룡면,경상사고,0,0,2,0,차대차 - 측면직각충돌,신호위반,건조,맑음,교차로 - 교차로안,승용,남,59세,상해없음,승용,남,40세,경상
2012092900100507,2012년 9월 29일 21시,토요일,전라남도 목포시 달동,중상사고,0,1,6,0,차대차 - 측면직각충돌,안전운전불이행,건조,맑음,교차로 - 교차로부근,승용,여,34세,경상,화물,남,54세,경상
2012092900100508,2012년 9월 29일 21시,토요일,전라남도 무안군 현경면,중상사고,0,1,1,0,차량단독 - 기타,안전운전불이행,건조,맑음,단일로 - 기타,승용,남,28세,상해없음,,,,
2012092900100524,2012년 9월 29일 22시,토요일,전라남도 목포시 상동,경상사고,0,0,4,0,차대차 - 추돌 - 주정차중,안전운전불이행,건조,맑음,교차로 - 교차로부근,승용,남,22세,상해없음,승용,여,29세,경상
2012092900100525,2012년 9월 29일 22시,토요일,전라남도 여수시 안산동,경상사고,0,0,1,0,차대차 - 기타,안전운전불이행,건조,맑음,단일로 - 기타,화물,남,45세,기타불명,승용,여,35세,경상
2012092900100526,2012년 9월 29일 22시,토요일,전라남도 강진군 강진읍,경상사고,0,0,2,0,차대차 - 측면직각충돌,직진우회전진행방해,건조,맑음,교차로 - 교차로안,승용,남,29세,경상,승용,남,28세,상해없음
2012092900100527,2012년 9월 29일 22시,토요일,전라남도 담양군 대전면,경상사고,0,0,1,0,차대차 - 기타,안전운전불이행,건조,맑음,단일로 - 기타,승용,남,39세,상해없음,승용,여,36세,경상
2012092900100543,2012년 9월 29일 23시,토요일,전라남도 해남군 산이면,중상사고,0,5,0,0,차대차 - 정면충돌,중앙선침범,건조,맑음,단일로 - 기타,승용,여,39세,상해없음,승용,남,40세,중상
2012093000100048,2012년 9월 30일 03시,일요일,전라남도 목포시 옥암동,경상사고,0,0,1,0,차대차 - 측면직각충돌,신호위반,건조,맑음,교차로 - 교차로안,승용,남,30세,상해없음,승용,여,35세,경상
2012093000100049,2012년 9월 30일 03시,일요일,전라남도 완도군 완도읍,경상사고,0,0,1,0,차대차 - 측면직각충돌,차로위반,건조,맑음,단일로 - 기타,승용,남,46세,상해없음,승용,남,24세,상해없음
2012093000100061,2012년 9월 30일 05시,일요일,전라남도 담양군 금성면,중상사고,0,1,0,0,차량단독 - 공작물충돌,안전운전불이행,건조,맑음,단일로 - 교량,승합,남,62세,중상,,,,
2012093000100068,2012년 9월 30일 06시,일요일,전라남도 해남군 황산면,경상사고,0,0,1,0,차대차 - 기타,안전운전불이행,건조,맑음,단일로 - 기타,승용,남,23세,상해없음,화물,남,54세,상해없음
2012093000100096,2012년 9월 30일 09시,일요일,전라남도 목포시 상동,경상사고,0,0,3,0,차대차 - 기타,안전운전불이행,건조,기타,교차로 - 교차로안,화물,남,58세,경상,화물,남,27세,경상
2012093000100097,2012년 9월 30일 09시,일요일,전라남도 순천시 서면,중상사고,0,1,0,0,차대차 - 기타,안전운전불이행,건조,맑음,교차로 - 교차로부근,승용,여,26세,상해없음,이륜,여,48세,중상
2012093000100098,2012년 9월 30일 09시,일요일,전라남도 진도군 진도읍,경상사고,0,0,2,0,차대사람 - 기타,안전운전불이행,기타,기타,기타 - 기타,승용,여,28세,상해없음,보행자,여,14세,경상
2012093000100142,2012년 9월 30일 11시,일요일,전라남도 영암군 삼호읍,경상사고,0,0,2,0,차대차 - 측면직각충돌,중앙선침범,건조,맑음,단일로 - 기타,승용,남,61세,상해없음,승용,여,40세,경상
2012093000100143,2012년 9월 30일 11시,일요일,전라남도 장성군 장성읍,경상사고,0,0,2,0,차대차 - 측면직각충돌,안전운전불이행,건조,맑음,교차로 - 교차로안,승용,여,42세,상해없음,승용,남,33세,상해없음
2012093000100171,2012년 9월 30일 12시,일요일,전라남도 순천시 해룡면,경상사고,0,0,1,0,차대차 - 기타,안전운전불이행,건조,맑음,교차로 - 교차로안,승용,남,41세,상해없음,승용,남,31세,경상
2012093000100172,2012년 9월 30일 12시,일요일,전라남도 고흥군 도화면,경상사고,0,0,3,0,차대차 - 기타,안전운전불이행,건조,맑음,교차로 - 교차로안,승용,남,55세,상해없음,승용,남,42세,경상
2012093000100202,2012년 9월 30일 13시,일요일,전라남도 목포시 상동,중상사고,0,1,0,0,차대사람 - 기타,안전운전불이행,건조,기타,단일로 - 기타,승용,남,38세,상해없음,보행자,여,15세,중상
2012093000100203,2012년 9월 30일 13시,일요일,전라남도 목포시 산정동,경상사고,0,0,1,0,차대차 - 기타,안전운전불이행,건조,기타,교차로 - 교차로부근,승용,남,56세,상해없음,승용,남,31세,경상
2012093000100256,2012년 9월 30일 15시,일요일,전라남도 목포시 달동,경상사고,0,0,1,0,차량단독 - 기타,안전운전불이행,기타,기타,단일로 - 기타,승합,남,64세,상해없음,,,,
2012093000100257,2012년 9월 30일 15시,일요일,전라남도 고흥군 고흥읍,경상사고,0,0,6,0,차대차 - 기타,안전운전불이행,건조,맑음,단일로 - 교량,승용,남,40세,경상,승용,여,52세,경상
2012093000100258,2012년 9월 30일 15시,일요일,전라남도 영암군 미암면,경상사고,0,0,3,0,차대차 - 추돌 - 주정차중,안전운전불이행,건조,맑음,교차로 - 교차로부근,승용,남,43세,상해없음,승용,여,29세,경상
2012093000100285,2012년 9월 30일 16시,일요일,전라남도 여수시 소라면,중상사고,0,1,0,0,차대사람 - 횡단중,안전운전불이행,건조,맑음,단일로 - 기타,승용,여,41세,상해없음,보행자,여,52세,중상
2012093000100286,2012년 9월 30일 16시,일요일,전라남도 영암군 서호면,중상사고,0,1,0,0,차대차 - 기타,직진우회전진행방해,건조,흐림,교차로 - 교차로안,승용,남,51세,상해없음,원동기,남,59세,중상
2012093000100309,2012년 9월 30일 17시,일요일,전라남도 화순군 화순읍,중상사고,0,2,2,0,차대차 - 정면충돌,중앙선침범,건조,맑음,단일로 - 기타,승용,남,64세,중상,승용,남,30세,경상
2012093000100310,2012년 9월 30일 17시,일요일,전라남도 함평군 해보면,부상신고사고,0,0,0,1,차대사람 - 차도통행중,안전운전불이행,건조,맑음,단일로 - 기타,화물,여,56세,상해없음,보행자,여,14세,부상신고
2012093000100311,2012년 9월 30일 17시,일요일,전라남도 완도군 완도읍,중상사고,0,1,0,0,차대사람 - 횡단중,안전운전불이행,건조,맑음,단일로 - 기타,승용,남,73세,상해없음,보행자,남,6세,중상
2012093000100312,2012년 9월 30일 17시,일요일,전라남도 완도군 약산면,경상사고,0,0,1,0,차대사람 - 기타,안전운전불이행,건조,맑음,단일로 - 기타,승용,남,35세,상해없음,보행자,남,47세,경상
2012093000100336,2012년 9월 30일 18시,일요일,전라남도 순천시 인월동,경상사고,0,0,5,0,차대차 - 기타,안전거리미확보,건조,맑음,단일로 - 기타,화물,남,55세,상해없음,승용,남,57세,상해없음
2012093000100392,2012년 9월 30일 20시,일요일,전라남도 순천시 승주읍,중상사고,0,1,1,0,차대차 - 기타,안전운전불이행,건조,맑음,교차로 - 교차로안,화물,남,46세,경상,원동기,남,51세,중상
2012093000100409,2012년 9월 30일 21시,일요일,전라남도 순천시 덕월동,경상사고,0,0,3,0,차대차 - 기타,안전운전불이행,건조,맑음,단일로 - 기타,승용,남,50세,상해없음,승용,남,27세,경상
2012093000100410,2012년 9월 30일 21시,일요일,전라남도 보성군 벌교읍,경상사고,0,0,3,0,차대차 - 측면직각충돌,교차로운행방법위반,건조,맑음,교차로 - 교차로안,승용,여,44세,상해없음,승용,남,29세,경상
2012093000100411,2012년 9월 30일 21시,일요일,전라남도 영암군 미암면,중상사고,0,2,4,0,차대차 - 측면직각충돌,직진우회전진행방해,건조,맑음,교차로 - 교차로안,승용,여,46세,경상,승용,남,54세,경상
2012093000100425,2012년 9월 30일 22시,일요일,전라남도 나주시 동수동,경상사고,0,0,1,0,차대차 - 추돌 - 주정차중,안전운전불이행,건조,맑음,단일로 - 기타,승용,남,52세,경상,화물,남,31세,기타불명
2012093000100449,2012년 9월 30일 23시,일요일,전라남도 목포시 석현동,경상사고,0,0,3,0,차대차 - 기타,안전운전불이행,건조,기타,단일로 - 기타,화물,여,29세,경상,승용,남,35세,경상
2012100100100008,2012년 10월 1일 00시,월요일,전라남도 목포시 상동,경상사고,0,0,1,0,차량단독 - 공작물충돌,안전운전불이행,건조,기타,교차로 - 교차로안,승용,남,39세,경상,,,,
2012100100100047,2012년 10월 1일 03시,월요일,전라남도 해남군 해남읍,경상사고,0,0,1,0,차량단독 - 도로외이탈 - 기타,안전운전불이행,건조,맑음,단일로 - 기타,승용,남,22세,상해없음,,,,
2012100100100100,2012년 10월 1일 09시,월요일,전라남도 고흥군 남양면,중상사고,0,1,0,0,차대차 - 기타,안전거리미확보,건조,맑음,기타 - 기타,승합,남,66세,상해없음,화물,남,62세,중상
2012100100100124,2012년 10월 1일 10시,월요일,전라남도 나주시 토계동,경상사고,0,0,1,0,차대차 - 측면직각충돌,기타,건조,맑음,기타 - 기타,승용,남,55세,상해없음,이륜,남,75세,경상
2012100100100125,2012년 10월 1일 10시,월요일,전라남도 장흥군 용산면,경상사고,0,0,7,0,차대차 - 기타,안전운전불이행,건조,맑음,단일로 - 기타,승용,남,54세,상해없음,승용,남,48세,경상
2012100100100161,2012년 10월 1일 12시,월요일,전라남도 여수시 둔덕동,중상사고,0,1,3,0,차대차 - 기타,중앙선침범,건조,맑음,단일로 - 기타,화물,남,18세,상해없음,승용,남,39세,상해없음
2012100100100179,2012년 10월 1일 13시,월요일,전라남도 완도군 완도읍,경상사고,0,0,2,1,차대차 - 측면직각충돌,안전거리미확보,건조,맑음,단일로 - 기타,승용,남,51세,상해없음,승용,남,51세,경상
2012100100100180,2012년 10월 1일 13시,월요일,전라남도 광양시 중동,경상사고,0,0,1,0,차대차 - 측면직각충돌,직진우회전진행방해,건조,맑음,교차로 - 교차로안,승용,남,29세,상해없음,이륜,남,49세,경상
2012100100100198,2012년 10월 1일 14시,월요일,전라남도 순천시 야흥동,경상사고,0,0,4,0,차대차 - 추돌 - 진행중,안전운전불이행,건조,맑음,단일로 - 기타,화물,남,24세,상해없음,승용,여,36세,경상
2012100100100230,2012년 10월 1일 15시,월요일,전라남도 순천시 조례동,경상사고,0,0,1,0,차대차 - 측면직각충돌,안전운전불이행,건조,맑음,교차로 - 교차로안,승용,남,43세,상해없음,이륜,남,17세,경상
2012100100100231,2012년 10월 1일 15시,월요일,전라남도 영광군 법성면,경상사고,0,0,5,0,차대차 - 추돌 - 진행중,안전운전불이행,건조,맑음,단일로 - 기타,화물,남,65세,상해없음,승용,남,53세,경상
2012100100100232,2012년 10월 1일 15시,월요일,전라남도 곡성군 옥과면,경상사고,0,0,4,1,차대차 - 기타,안전운전불이행,건조,맑음,교차로 - 교차로안,승용,여,54세,부상신고,승용,남,50세,경상
2012100100100233,2012년 10월 1일 15시,월요일,전라남도 구례군 구례읍,경상사고,0,0,1,1,차량단독 - 전도전복,안전운전불이행,건조,맑음,단일로 - 기타,이륜,남,65세,부상신고,,,,
2012100100100256,2012년 10월 1일 16시,월요일,전라남도 목포시 석현동,중상사고,0,1,0,0,차대차 - 추돌 - 주정차중,안전운전불이행,건조,맑음,단일로 - 기타,자전거,남,10세,중상,화물,남,63세,기타불명
2012100100100257,2012년 10월 1일 16시,월요일,전라남도 여수시 여서동,경상사고,0,0,1,0,차대사람 - 기타,안전운전불이행,건조,맑음,단일로 - 기타,승용,남,28세,상해없음,보행자,여,77세,경상
2012100100100258,2012년 10월 1일 16시,월요일,전라남도 여수시 서교동,중상사고,0,1,0,0,차대사람 - 기타,안전운전불이행,건조,맑음,단일로 - 기타,승용,남,20세,상해없음,보행자,여,48세,중상
2012100100100259,2012년 10월 1일 16시,월요일,전라남도 해남군 화산면,경상사고,0,0,3,0,차대차 - 추돌 - 진행중,안전운전불이행,건조,맑음,교차로 - 교차로안,화물,남,56세,상해없음,승용,남,25세,상해없음
2012100100100260,2012년 10월 1일 16시,월요일,전라남도 곡성군 곡성읍,중상사고,0,1,6,0,차대차 - 측면직각충돌,교차로운행방법위반,건조,맑음,교차로 - 교차로안,승용,남,62세,경상,승합,남,44세,경상
2012100100100314,2012년 10월 1일 18시,월요일,전라남도 나주시 왕곡면,경상사고,0,0,4,0,차대차 - 측면직각충돌,안전운전불이행,건조,맑음,교차로 - 교차로안,화물,남,50세,경상,승용,여,36세,경상
2012100100100338,2012년 10월 1일 19시,월요일,전라남도 목포시 산정동,경상사고,0,0,1,0,차대사람 - 차도통행중,안전운전불이행,건조,맑음,단일로 - 기타,승용,남,29세,상해없음,보행자,남,7세,경상
2012100100100339,2012년 10월 1일 19시,월요일,전라남도 목포시 상동,경상사고,0,0,2,0,차대차 - 추돌 - 진행중,안전운전불이행,건조,맑음,단일로 - 기타,승용,남,38세,경상,승용,여,47세,경상
2012100100100340,2012년 10월 1일 19시,월요일,전라남도 여수시 여서동,경상사고,0,0,1,0,차대차 - 측면직각충돌,안전운전불이행,건조,맑음,단일로 - 기타,승용,남,57세,상해없음,화물,남,54세,경상
2012100100100341,2012년 10월 1일 19시,월요일,전라남도 영암군 삼호읍,중상사고,0,1,4,0,차대차 - 측면직각충돌,신호위반,건조,맑음,교차로 - 교차로안,승용,남,39세,경상,화물,남,57세,중상
2012100100100342,2012년 10월 1일 19시,월요일,전라남도 장성군 장성읍,경상사고,0,0,2,0,차대차 - 기타,교차로운행방법위반,건조,맑음,교차로 - 교차로안,승용,남,48세,상해없음,승용,남,52세,경상
2012100100100401,2012년 10월 1일 21시,월요일,전라남도 목포시 대성동,경상사고,0,0,1,0,차대차 - 기타,신호위반,건조,맑음,교차로 - 교차로안,원동기,남,17세,상해없음,승용,남,49세,상해없음
2012100100100402,2012년 10월 1일 21시,월요일,전라남도 목포시 해안동1가,중상사고,0,1,0,0,차대차 - 기타,안전운전불이행,건조,맑음,단일로 - 기타,승용,남,48세,상해없음,승용,남,50세,기타불명
2012100100100403,2012년 10월 1일 21시,월요일,전라남도 순천시 장천동,중상사고,0,1,0,0,차대차 - 측면직각충돌,직진우회전진행방해,건조,맑음,교차로 - 교차로안,승용,남,58세,상해없음,이륜,여,35세,중상
2012100100100404,2012년 10월 1일 21시,월요일,전라남도 담양군 대전면,중상사고,0,1,4,0,차대차 - 측면직각충돌,직진우회전진행방해,건조,기타,교차로 - 교차로안,승용,여,50세,경상,승용,여,28세,중상
2012100100100448,2012년 10월 1일 23시,월요일,전라남도 여수시 봉산동,경상사고,0,0,1,0,차대차 - 정면충돌,중앙선침범,건조,맑음,단일로 - 기타,승용,남,41세,상해없음,승용,남,33세,경상
2012100200100010,2012년 10월 2일 00시,화요일,전라남도 여수시 둔덕동,중상사고,0,2,1,0,차대차 - 기타,안전운전불이행,건조,맑음,단일로 - 기타,승용,남,32세,중상,승용,남,28세,상해없음