사고번호,사고일시,요일,시군구,사고내용,사망자수,중상자수,경상자수,부상신고자수,사고유형,법규위반,노면상태,기상상태,도로형태,가해운전자 차종,가해운전자 성별,가해운전자 연령,가해운전자 상해정도,피해운전자 차종,피해운전자 성별,피해운전자 연령,피해운전자 상해정도
2012101100100094,2012년 10월 11일 06시,목요일,전라남도 목포시 상동,경상사고,0,0,2,0,차대차 - 측면직각충돌,안전거리미확보,건조,맑음,단일로 - 기타,승용,남,26세,경상,승용,남,61세,경상
2012101100100095,2012년 10월 11일 06시,목요일,전라남도 신안군 증도면,중상사고,0,1,0,0,차량단독 - 기타,안전운전불이행,건조,맑음,단일로 - 기타,화물,남,51세,상해없음,,,,
2012101100100096,2012년 10월 11일 06시,목요일,전라남도 여수시 신월동,경상사고,0,0,2,0,차대차 - 측면직각충돌,중앙선침범,건조,맑음,단일로 - 기타,승용,남,29세,상해없음,승용,남,46세,경상
2012101100100125,2012년 10월 11일 07시,목요일,전라남도 여수시 주삼동,사망사고,1,11,3,0,차대차 - 측면직각충돌,신호위반,건조,맑음,교차로 - 교차로안,승합,남,20세,경상,화물,남,54세,상해없음
2012101100100126,2012년 10월 11일 07시,목요일,전라남도 순천시 연향동,중상사고,0,1,0,0,차대사람 - 횡단중,보행자보호의무위반,건조,맑음,단일로 - 횡단보도상,승용,여,50세,상해없음,보행자,여,40세,중상
2012101100100127,2012년 10월 11일 07시,목요일,전라남도 순천시 서면,경상사고,0,0,2,0,차대차 - 측면직각충돌,신호위반,건조,맑음,교차로 - 교차로안,승용,남,51세,상해없음,승용,남,38세,경상
2012101100100167,2012년 10월 11일 08시,목요일,전라남도 나주시 산포면,경상사고,0,0,2,0,차대차 - 측면직각충돌,직진우회전진행방해,건조,맑음,교차로 - 교차로안,승용,남,45세,경상,승용,여,58세,경상
2012101100100168,2012년 10월 11일 08시,목요일,전라남도 영암군 영암읍,경상사고,0,0,3,0,차대차 - 측면직각충돌,직진우회전진행방해,건조,맑음,교차로 - 교차로안,승합,남,51세,경상,화물,남,52세,상해없음
2012101100100227,2012년 10월 11일 09시,목요일,전라남도 광양시 광양읍,중상사고,0,1,1,0,차대차 - 기타,기타,건조,맑음,단일로 - 기타,승합,남,63세,상해없음,승용,남,64세,중상
2012101100100283,2012년 10월 11일 11시,목요일,전라남도 보성군 득량면,중상사고,0,1,1,0,차대차 - 측면직각충돌,교차로운행방법위반,건조,맑음,교차로 - 교차로안,승용,여,51세,경상,승용,남,58세,중상
2012101100100284,2012년 10월 11일 11시,목요일,전라남도 강진군 도암면,중상사고,0,1,0,0,차량단독 - 도로외이탈 - 기타,안전운전불이행,건조,맑음,단일로 - 기타,승용,남,63세,중상,,,,
2012101100100316,2012년 10월 11일 12시,목요일,전라남도 해남군 옥천면,사망사고,1,0,0,0,차대사람 - 기타,안전운전불이행,건조,맑음,단일로 - 기타,화물,남,40세,상해없음,보행자,남,53세,사망
2012101100100317,2012년 10월 11일 12시,목요일,전라남도 영광군 영광읍,경상사고,0,0,1,0,차대차 - 기타,안전운전불이행,건조,맑음,교차로 - 교차로안,승용,남,28세,상해없음,자전거,남,63세,경상
2012101100100318,2012년 10월 11일 12시,목요일,전라남도 함평군 해보면,경상사고,0,0,1,0,차대사람 - 차도통행중,안전운전불이행,건조,맑음,단일로 - 기타,화물,남,63세,상해없음,보행자,남,60세,경상
2012101100100319,2012년 10월 11일 12시,목요일,전라남도 무안군 무안읍,중상사고,0,1,0,0,차대차 - 기타,안전운전불이행,건조,맑음,단일로 - 기타,화물,남,40세,상해없음,이륜,남,78세,중상
2012101100100346,2012년 10월 11일 13시,목요일,전라남도 광양시 광양읍,경상사고,0,0,2,0,차대차 - 정면충돌,중앙선침범,건조,맑음,단일로 - 기타,승용,남,24세,경상,승합,여,47세,경상
2012101100100448,2012년 10월 11일 16시,목요일,전라남도 목포시 석현동,경상사고,0,0,1,0,차대사람 - 기타,안전운전불이행,건조,맑음,단일로 - 기타,화물,남,49세,상해없음,보행자,남,49세,경상
2012101100100503,2012년 10월 11일 17시,목요일,전라남도 목포시 용해동,중상사고,0,1,0,0,차대사람 - 기타,안전운전불이행,건조,맑음,단일로 - 기타,원동기,남,73세,상해없음,보행자,여,75세,중상
2012101100100504,2012년 10월 11일 17시,목요일,전라남도 여수시 평여동,경상사고,0,0,1,0,차대차 - 측면직각충돌,교차로운행방법위반,건조,맑음,교차로 - 교차로안,특수,남,57세,상해없음,승용,여,50세,경상
2012101100100505,2012년 10월 11일 17시,목요일,전라남도 영광군 법성면,중상사고,0,2,2,0,차량단독 - 도로외이탈 - 추락,안전운전불이행,건조,맑음,단일로 - 기타,승용,남,38세,경상,,,,
2012101100100554,2012년 10월 11일 18시,목요일,전라남도 순천시 동외동,중상사고,0,1,0,0,차대차 - 측면직각충돌,안전운전불이행,건조,맑음,단일로 - 기타,승용,남,63세,상해없음,자전거,남,50세,중상
2012101100100555,2012년 10월 11일 18시,목요일,전라남도 고흥군 두원면,경상사고,0,0,1,0,차량단독 - 공작물충돌,안전운전불이행,건조,맑음,단일로 - 기타,화물,남,32세,경상,,,,
2012101100100556,2012년 10월 11일 18시,목요일,전라남도 화순군 이서면,부상신고사고,0,0,0,1,차량단독 - 도로외이탈 - 기타,안전운전불이행,건조,맑음,단일로 - 기타,화물,남,53세,부상신고,,,,
2012101100100557,2012년 10월 11일 18시,목요일,전라남도 완도군 완도읍,경상사고,0,0,2,0,차대차 - 기타,안전거리미확보,건조,맑음,단일로 - 기타,승용,남,49세,상해없음,승용,여,37세,경상
2012101100100637,2012년 10월 11일 20시,목요일,전라남도 영암군 삼호읍,경상사고,0,0,2,0,차대차 - 추돌 - 진행중,안전운전불이행,건조,맑음,교차로 - 교차로부근,승용,남,41세,상해없음,화물,남,64세,경상
2012101100100638,2012년 10월 11일 20시,목요일,전라남도 광양시 광양읍,경상사고,0,0,2,0,차대차 - 측면직각충돌,직진우회전진행방해,건조,맑음,교차로 - 교차로안,승용,여,47세,경상,승용,남,36세,경상
2012101100100738,2012년 10월 11일 23시,목요일,전라남도 순천시 덕월동,경상사고,0,0,1,0,차대차 - 추돌 - 진행중,안전거리미확보,건조,맑음,교차로 - 교차로부근,승용,남,48세,상해없음,승용,남,48세,상해없음
2012101200100030,2012년 10월 12일 01시,금요일,전라남도 화순군 화순읍,부상신고사고,0,0,0,1,차대사람 - 기타,안전운전불이행,건조,흐림,단일로 - 기타,승용,남,28세,상해없음,보행자,남,53세,부상신고
2012101200100064,2012년 10월 12일 05시,금요일,전라남도 목포시 상동,중상사고,0,1,3,0,차대차 - 측면직각충돌,직진우회전진행방해,건조,맑음,교차로 - 교차로안,화물,남,42세,경상,승용,남,50세,경상
2012101200100065,2012년 10월 12일 05시,금요일,전라남도 여수시 공화동,경상사고,0,0,2,0,차대차 - 측면직각충돌,신호위반,건조,맑음,교차로 - 교차로안,승용,여,38세,상해없음,승용,남,35세,경상
2012101200100066,2012년 10월 12일 05시,금요일,전라남도 곡성군 오곡면,사망사고,1,0,0,0,차대사람 - 길가장자리구역통행중,안전운전불이행,기타,안개,교차로 - 교차로부근,화물,남,56세,기타불명,보행자,여,77세,사망
2012101200100102,2012년 10월 12일 07시,금요일,전라남도 목포시 산정동,경상사고,0,0,1,0,차대사람 - 횡단중,안전운전불이행,건조,맑음,교차로 - 교차로부근,승용,여,42세,상해없음,보행자,여,51세,경상
2012101200100151,2012년 10월 12일 08시,금요일,전라남도 광양시 중동,경상사고,0,0,1,0,차대차 - 측면직각충돌,안전운전불이행,건조,맑음,교차로 - 교차로부근,승용,여,45세,상해없음,이륜,남,56세,경상
2012101200100184,2012년 10월 12일 09시,금요일,전라남도 목포시 대성동,경상사고,0,0,1,0,차대차 - 측면직각충돌,신호위반,건조,맑음,교차로 - 교차로안,승용,남,57세,상해없음,승용,여,48세,경상
2012101200100185,2012년 10월 12일 09시,금요일,전라남도 목포시 죽교동,경상사고,0,0,1,0,차대사람 - 횡단중,보행자보호의무위반,건조,맑음,교차로 - 교차로부근,승용,남,29세,상해없음,보행자,여,45세,경상
2012101200100216,2012년 10월 12일 10시,금요일,전라남도 목포시 해안동1가,사망사고,1,0,0,0,차대차 - 측면직각충돌,교차로운행방법위반,건조,맑음,교차로 - 교차로안,화물,남,41세,상해없음,이륜,남,55세,사망
2012101200100247,2012년 10월 12일 11시,금요일,전라남도 영광군 영광읍,부상신고사고,0,0,0,1,차대차 - 기타,안전운전불이행,건조,맑음,단일로 - 기타,승용,남,55세,부상신고,승용,남,53세,상해없음
2012101200100248,2012년 10월 12일 11시,금요일,전라남도 구례군 구례읍,경상사고,0,0,1,0,차대사람 - 보도통행중,기타,건조,맑음,기타 - 기타,이륜,남,70세,상해없음,보행자,여,15세,경상
2012101200100278,2012년 10월 12일 12시,금요일,전라남도 곡성군 목사동면,중상사고,0,1,0,0,차대차 - 측면직각충돌,안전운전불이행,건조,맑음,단일로 - 기타,화물,남,47세,상해없음,이륜,남,74세,중상
2012101200100347,2012년 10월 12일 14시,금요일,전라남도 나주시 용산동,경상사고,0,0,1,0,차대사람 - 차도통행중,안전운전불이행,건조,맑음,교차로 - 교차로안,화물,남,74세,상해없음,보행자,여,64세,경상
2012101200100376,2012년 10월 12일 15시,금요일,전라남도 순천시 장천동,부상신고사고,0,0,0,1,차대사람 - 횡단중,안전운전불이행,건조,맑음,단일로 - 기타,승용,기타불명,기타불명,기타불명,보행자,남,14세,부상신고
2012101200100377,2012년 10월 12일 15시,금요일,전라남도 영광군 법성면,중상사고,0,1,0,0,차대사람 - 기타,안전운전불이행,건조,맑음,단일로 - 기타,승용,남,60세,상해없음,보행자,여,63세,중상
2012101200100378,2012년 10월 12일 15시,금요일,전라남도 화순군 도곡면,중상사고,0,1,0,0,차대차 - 측면직각충돌,교차로운행방법위반,건조,맑음,교차로 - 교차로안,승용,남,54세,상해없음,화물,남,51세,상해없음
2012101200100434,2012년 10월 12일 16시,금요일,전라남도 여수시 소라면,중상사고,0,1,0,0,차대차 - 측면직각충돌,교차로운행방법위반,건조,맑음,교차로 - 교차로안,화물,남,42세,상해없음,승용,여,45세,중상
2012101200100478,2012년 10월 12일 17시,금요일,전라남도 목포시 용당동,경상사고,0,0,1,0,차대사람 - 기타,안전운전불이행,건조,맑음,단일로 - 기타,승용,남,60세,상해없음,보행자,남,48세,경상
2012101200100479,2012년 10월 12일 17시,금요일,전라남도 구례군 용방면,부상신고사고,0,0,0,1,차대차 - 추돌 - 진행중,안전운전불이행,건조,맑음,단일로 - 기타,승용,여,62세,상해없음,이륜,남,77세,부상신고
2012101200100532,2012년 10월 12일 18시,금요일,전라남도 목포시 죽교동,경상사고,0,0,2,0,차대차 - 기타,차로위반,건조,맑음,단일로 - 기타,승용,남,18세,상해없음,승용,남,49세,경상
2012101200100533,2012년 10월 12일 18시,금요일,전라남도 나주시 금천면,경상사고,0,0,1,0,차대차 - 측면직각충돌,차로위반,건조,맑음,기타 - 기타,승용,남,46세,상해없음,원동기,남,56세,경상
2012101200100534,2012년 10월 12일 18시,금요일,전라남도 보성군 벌교읍,중상사고,0,1,0,0,차대사람 - 횡단중,안전운전불이행,건조,기타,단일로 - 기타,승용,남,53세,상해없음,보행자,여,83세,중상
2012101200100535,2012년 10월 12일 18시,금요일,전라남도 구례군 구례읍,경상사고,0,0,2,0,차대차 - 측면직각충돌,교차로운행방법위반,건조,맑음,교차로 - 교차로안,승합,남,56세,상해없음,이륜,남,50세,경상
2012101200100596,2012년 10월 12일 19시,금요일,전라남도 목포시 용당동,경상사고,0,0,1,0,차대차 - 추돌 - 주정차중,안전운전불이행,건조,맑음,단일로 - 기타,기타불명,기타불명,기타불명,기타불명,승용,여,41세,경상
2012101200100597,2012년 10월 12일 19시,금요일,전라남도 목포시 상동,경상사고,0,0,2,0,차대차 - 추돌 - 주정차중,차로위반,건조,맑음,교차로 - 교차로부근,화물,남,52세,경상,승용,남,76세,경상
2012101200100598,2012년 10월 12일 19시,금요일,전라남도 여수시 돌산읍,중상사고,0,2,0,0,차량단독 - 도로외이탈 - 추락,안전운전불이행,건조,맑음,단일로 - 기타,원동기,남,60세,중상,,,,
2012101200100599,2012년 10월 12일 19시,금요일,전라남도 광양시 광양읍,경상사고,0,0,1,0,차대차 - 측면직각충돌,직진우회전진행방해,건조,맑음,교차로 - 교차로안,승용,여,39세,상해없음,승용,남,30세,경상
2012101200100633,2012년 10월 12일 20시,금요일,전라남도 순천시 조례동,중상사고,0,1,0,0,차대사람 - 차도통행중,안전운전불이행,건조,맑음,단일로 - 기타,승용,남,37세,상해없음,보행자,여,23세,중상
2012101200100663,2012년 10월 12일 21시,금요일,전라남도 목포시 상동,경상사고,0,0,1,0,차대사람 - 횡단중,중앙선침범,건조,맑음,단일로 - 기타,승용,남,28세,상해없음,보행자,남,41세,경상
2012101200100709,2012년 10월 12일 22시,금요일,전라남도 목포시 옥암동,경상사고,0,0,2,0,차대사람 - 횡단중,보행자보호의무위반,건조,맑음,교차로 - 교차로안,승용,남,34세,상해없음,보행자,여,43세,경상
2012101300100022,2012년 10월 13일 00시,토요일,전라남도 여수시 학동,경상사고,0,0,1,0,차대차 - 측면직각충돌,안전거리미확보,건조,맑음,단일로 - 기타,승용,여,38세,상해없음,승용,남,22세,경상
2012101300100087,2012년 10월 13일 04시,토요일,전라남도 여수시 웅천동,경상사고,0,0,1,0,차량단독 - 공작물충돌,안전운전불이행,건조,맑음,교차로 - 교차로안,승용,남,23세,기타불명,,,,
2012101300100101,2012년 10월 13일 05시,토요일,전라남도 순천시 덕월동,경상사고,0,0,2,0,차대차 - 추돌 - 주정차중,안전운전불이행,건조,맑음,교차로 - 교차로안,승용,남,35세,상해없음,승용,남,54세,경상
2012101300100149,2012년 10월 13일 08시,토요일,전라남도 순천시 조례동,경상사고,0,0,1,0,차대사람 - 기타,신호위반,건조,맑음,교차로 - 교차로부근,건설기계,남,39세,상해없음,보행자,여,32세,경상
2012101300100180,2012년 10월 13일 09시,토요일,전라남도 나주시 이창동,경상사고,0,0,1,1,차대차 - 측면직각충돌,교차로운행방법위반,건조,맑음,교차로 - 교차로안,승용,남,75세,부상신고,화물,남,36세,경상
2012101300100181,2012년 10월 13일 09시,토요일,전라남도 해남군 북일면,사망사고,1,0,0,0,차대차 - 측면직각충돌,교차로운행방법위반,건조,맑음,교차로 - 교차로안,화물,남,45세,상해없음,원동기,남,75세,사망
2012101300100182,2012년 10월 13일 09시,토요일,전라남도 장성군 북하면,경상사고,0,0,1,0,차량단독 - 기타,안전운전불이행,건조,맑음,단일로 - 기타,화물,남,63세,경상,,,,
2012101300100258,2012년 10월 13일 12시,토요일,전라남도 순천시 연향동,중상사고,0,1,0,0,차대차 - 기타,안전운전불이행,건조,맑음,단일로 - 기타,자전거,남,77세,중상,승용,남,32세,상해없음
2012101300100259,2012년 10월 13일 12시,토요일,전라남도 함평군 함평읍,중상사고,0,2,0,0,차대차 - 측면직각충돌,안전운전불이행,건조,맑음,단일로 - 기타,화물,남,37세,중상,농기계,남,59세,중상
2012101300100293,2012년 10월 13일 13시,토요일,전라남도 함평군 월야면,경상사고,0,0,1,0,차량단독 - 기타,기타,건조,맑음,교차로 - 교차로부근,승합,남,48세,상해없음,,,,
2012101300100294,2012년 10월 13일 13시,토요일,전라남도 광양시 광양읍,경상사고,0,0,4,1,차대차 - 기타,중앙선침범,건조,맑음,단일로 - 기타,승용,남,38세,부상신고,승용,남,29세,경상
2012101300100330,2012년 10월 13일 14시,토요일,전라남도 광양시 광양읍,경상사고,0,0,1,0,차대차 - 기타,직진우회전진행방해,건조,맑음,교차로 - 교차로안,승용,남,51세,상해없음,이륜,남,30세,경상
2012101300100366,2012년 10월 13일 15시,토요일,전라남도 광양시 중동,경상사고,0,0,1,0,차대사람 - 횡단중,보행자보호의무위반,건조,맑음,단일로 - 횡단보도상,승용,남,26세,상해없음,보행자,남,5세,경상
2012101300100393,2012년 10월 13일 16시,토요일,전라남도 여수시 소라면,경상사고,0,0,3,0,차대차 - 추돌 - 주정차중,안전운전불이행,건조,맑음,단일로 - 기타,화물,남,50세,상해없음,승용,여,40세,경상
2012101300100394,2012년 10월 13일 16시,토요일,전라남도 나주시 남평읍,경상사고,0,0,4,0,차대차 - 측면직각충돌,직진우회전진행방해,건조,맑음,교차로 - 교차로안,승용,남,44세,경상,승용,남,46세,경상
2012101300100429,2012년 10월 13일 17시,토요일,전라남도 여수시 미평동,경상사고,0,0,1,0,차대사람 - 횡단중,안전운전불이행,건조,맑음,단일로 - 기타,승용,남,64세,상해없음,보행자,여,8세,경상
2012101300100430,2012년 10월 13일 17시,토요일,전라남도 화순군 춘양면,중상사고,0,1,4,0,차대차 - 기타,안전운전불이행,건조,맑음,단일로 - 기타,화물,남,57세,상해없음,승용,남,40세,경상
2012101300100431,2012년 10월 13일 17시,토요일,전라남도 광양시 광영동,경상사고,0,0,1,0,차대차 - 추돌 - 주정차중,안전운전불이행,건조,흐림,교차로 - 교차로부근,원동기,남,18세,경상,승용,남,39세,기타불명
2012101300100482,2012년 10월 13일 18시,토요일,전라남도 여수시 종화동,중상사고,0,1,0,1,차대차 - 측면직각충돌,안전운전불이행,건조,맑음,교차로 - 교차로안,승용,남,70세,상해없음,원동기,남,69세,중상
2012101300100483,2012년 10월 13일 18시,토요일,전라남도 여수시 봉강동,경상사고,0,0,1,0,차대차 - 추돌 - 주정차중,안전운전불이행,건조,맑음,단일로 - 기타,승용,남,70세,상해없음,이륜,남,16세,경상
2012101300100484,2012년 10월 13일 18시,토요일,전라남도 순천시 용당동,중상사고,0,1,1,0,차대차 - 기타,안전운전불이행,건조,맑음,단일로 - 기타,승용,남,59세,상해없음,승용,남,50세,경상
2012101300100485,2012년 10월 13일 18시,토요일,전라남도 영광군 백수읍,경상사고,0,0,1,0,차대차 - 기타,안전운전불이행,건조,맑음,단일로 - 기타,농기계,남,40세,상해없음,승용,남,47세,경상
2012101300100542,2012년 10월 13일 19시,토요일,전라남도 순천시 매곡동,경상사고,0,0,1,0,차대차 - 기타,안전운전불이행,건조,맑음,단일로 - 기타,기타불명,기타불명,기타불명,기타불명,승용,남,29세,경상
2012101300100543,2012년 10월 13일 19시,토요일,전라남도 장흥군 관산읍,경상사고,0,0,4,0,차대차 - 측면직각충돌,중앙선침범,건조,맑음,교차로 - 교차로부근,승용,남,44세,상해없음,승용,남,43세,경상
2012101300100544,2012년 10월 13일 19시,토요일,전라남도 함평군 학교면,중상사고,0,1,1,0,차대차 - 추돌 - 진행중,불법유턴,건조,맑음,교차로 - 교차로안,화물,남,46세,상해없음,승용,남,66세,경상
2012101300100604,2012년 10월 13일 21시,토요일,전라남도 영암군 삼호읍,중상사고,0,1,0,0,차대차 - 측면직각충돌,신호위반,건조,맑음,단일로 - 기타,원동기,남,48세,상해없음,승용,남,35세,상해없음
2012101300100605,2012년 10월 13일 21시,토요일,전라남도 강진군 강진읍,경상사고,0,0,2,0,차대차 - 추돌 - 진행중,안전운전불이행,건조,맑음,단일로 - 기타,승용,여,47세,상해없음,승용,남,51세,경상
2012101400100019,2012년 10월 14일 00시,일요일,전라남도 광양시 광양읍,중상사고,0,1,5,0,차대차 - 측면직각충돌,교차로운행방법위반,건조,맑음,교차로 - 교차로안,승용,남,60세,경상,승용,여,34세,중상
2012101400100042,2012년 10월 14일 01시,일요일,전라남도 순천시 생목동,중상사고,0,1,0,0,차대차 - 측면직각충돌,안전운전불이행,건조,맑음,교차로 - 교차로부근,기타불명,기타불명,기타불명,기타불명,승용,남,26세,중상
2012101400100061,2012년 10월 14일 02시,일요일,전라남도 순천시 해룡면,부상신고사고,0,0,0,1,차량단독 - 공작물충돌,안전운전불이행,건조,맑음,단일로 - 기타,승용,남,41세,부상신고,,,,
2012101400100083,2012년 10월 14일 04시,일요일,전라남도 목포시 용해동,경상사고,0,0,1,0,차대차 - 측면직각충돌,중앙선침범,건조,맑음,교차로 - 교차로부근,승용,남,32세,상해없음,승용,남,52세,경상
2012101400100122,2012년 10월 14일 07시,일요일,전라남도 영암군 군서면,중상사고,0,1,0,0,차량단독 - 공작물충돌,안전운전불이행,건조,맑음,단일로 - 기타,화물,남,34세,중상,,,,
2012101400100177,2012년 10월 14일 10시,일요일,전라남도 영암군 삼호읍,사망사고,1,1,1,0,차대차 - 측면직각충돌,직진우회전진행방해,건조,흐림,교차로 - 교차로안,승용,남,34세,경상,승합,남,63세,상해없음
2012101400100178,2012년 10월 14일 10시,일요일,전라남도 광양시 중동,중상사고,0,1,0,0,차대차 - 측면직각충돌,신호위반,건조,맑음,교차로 - 교차로부근,승용,여,54세,상해없음,자전거,남,46세,중상
2012101400100198,2012년 10월 14일 11시,일요일,전라남도 보성군 복내면,경상사고,0,0,1,0,차대차 - 추돌 - 진행중,안전운전불이행,건조,흐림,단일로 - 기타,화물,남,53세,상해없음,화물,남,60세,상해없음
2012101400100199,2012년 10월 14일 11시,일요일,전라남도 강진군 군동면,중상사고,0,1,0,0,차량단독 - 기타,기타,건조,맑음,단일로 - 기타,승용,남,64세,상해없음,,,,
2012101400100273,2012년 10월 14일 14시,일요일,전라남도 해남군 북일면,중상사고,0,1,0,0,차대차 - 정면충돌,안전운전불이행,건조,맑음,단일로 - 기타,이륜,남,69세,중상,승용,남,58세,상해없음
2012101400100274,2012년 10월 14일 14시,일요일,전라남도 영암군 서호면,경상사고,0,0,1,0,차대사람 - 기타,불법유턴,건조,맑음,단일로 - 기타,화물,남,34세,상해없음,보행자,여,70세,경상
2012101400100275,2012년 10월 14일 14시,일요일,전라남도 영암군 삼호읍,중상사고,0,1,0,0,차대사람 - 차도통행중,안전운전불이행,건조,맑음,교차로 - 교차로안,승용,남,74세,상해없음,보행자,여,24세,중상
2012101400100306,2012년 10월 14일 15시,일요일,전라남도 무안군 운남면,경상사고,0,0,2,0,차대차 - 기타,교차로운행방법위반,건조,맑음,교차로 - 교차로안,화물,남,53세,상해없음,승용,남,31세,경상
2012101400100307,2012년 10월 14일 15시,일요일,전라남도 광양시 광영동,경상사고,0,0,1,0,차대차 - 측면직각충돌,안전운전불이행,건조,맑음,교차로 - 교차로안,자전거,여,10세,경상,승용,남,32세,상해없음
2012101400100332,2012년 10월 14일 16시,일요일,전라남도 목포시 호남동,경상사고,0,0,2,0,차대차 - 측면직각충돌,교차로운행방법위반,건조,맑음,교차로 - 교차로안,승용,남,30세,경상,이륜,남,36세,상해없음
2012101400100333,2012년 10월 14일 16시,일요일,전라남도 무안군 해제면,경상사고,0,0,6,0,차대차 - 기타,중앙선침범,건조,맑음,교차로 - 교차로부근,승용,남,52세,상해없음,승용,여,38세,경상
2012101400100371,2012년 10월 14일 17시,일요일,전라남도 목포시 상동,중상사고,0,1,0,0,차대사람 - 횡단중,안전운전불이행,건조,맑음,교차로 - 교차로부근,이륜,남,21세,상해없음,보행자,남,3세,중상
2012101400100410,2012년 10월 14일 18시,일요일,전라남도 보성군 복내면,중상사고,0,1,1,0,차대차 - 추돌 - 주정차중,안전운전불이행,건조,맑음,단일로 - 기타,화물,남,58세,상해없음,농기계,남,71세,경상
2012101400100411,2012년 10월 14일 18시,일요일,전라남도 영암군 신북면,사망사고,1,0,0,0,차대차 - 측면직각충돌,직진우회전진행방해,건조,맑음,교차로 - 교차로안,이륜,남,75세,사망,승용,여,52세,상해없음
2012101400100461,2012년 10월 14일 19시,일요일,전라남도 영암군 삼호읍,사망사고,1,0,0,0,차대사람 - 차도통행중,안전운전불이행,건조,맑음,단일로 - 기타,화물,남,45세,상해없음,보행자,남,51세,사망
2012101400100498,2012년 10월 14일 20시,일요일,전라남도 여수시 오림동,경상사고,0,0,1,0,차대차 - 추돌 - 진행중,안전거리미확보,건조,맑음,교차로 - 교차로안,승용,남,60세,상해없음,승용,남,34세,경상
2012101400100499,2012년 10월 14일 20시,일요일,전라남도 담양군 담양읍,경상사고,0,0,1,0,차대차 - 기타,안전운전불이행,건조,맑음,교차로 - 교차로부근,화물,남,63세,상해없음,화물,남,55세,경상
2012101400100534,2012년 10월 14일 21시,일요일,전라남도 순천시 풍덕동,경상사고,0,0,1,0,차대차 - 추돌 - 주정차중,안전운전불이행,건조,맑음,단일로 - 기타,승용,남,28세,상해없음,승용,남,53세,상해없음
2012101500100030,2012년 10월 15일 03시,월요일,전라남도 강진군 강진읍,중상사고,0,1,0,0,차대사람 - 횡단중,안전운전불이행,건조,맑음,교차로 - 교차로부근,승용,남,50세,상해없음,보행자,남,37세,중상
2012101500100087,2012년 10월 15일 07시,월요일,전라남도 목포시 옥암동,경상사고,0,0,1,0,차대차 - 측면직각충돌,안전운전불이행,건조,맑음,교차로 - 교차로부근,승용,남,31세,상해없음,자전거,남,23세,경상
2012101500100088,2012년 10월 15일 07시,월요일,전라남도 목포시 산정동,경상사고,0,0,1,0,차대차 - 측면직각충돌,중앙선침범,건조,맑음,단일로 - 기타,기타불명,기타불명,기타불명,기타불명,자전거,남,12세,경상
2012101500100089,2012년 10월 15일 07시,월요일,전라남도 여수시 선원동,경상사고,0,0,1,0,차대차 - 기타,안전운전불이행,건조,맑음,단일로 - 기타,승용,여,41세,상해없음,승용,남,48세,경상
2012101500100135,2012년 10월 15일 08시,월요일,전라남도 나주시 대호동,경상사고,0,0,2,0,차대차 - 측면직각충돌,신호위반,건조,맑음,교차로 - 교차로안,화물,남,54세,경상,승용,남,50세,경상
2012101500100136,2012년 10월 15일 08시,월요일,전라남도 장성군 남면,중상사고,0,1,0,0,차량단독 - 전도전복,안전운전불이행,건조,맑음,교차로 - 교차로안,승합,남,70세,상해없음,,,,
2012101500100169,2012년 10월 15일 09시,월요일,전라남도 나주시 남평읍,경상사고,0,0,1,0,차대차 - 측면직각충돌,기타,건조,맑음,교차로 - 교차로안,승용,남,25세,상해없음,승용,여,35세,경상
2012101500100170,2012년 10월 15일 09시,월요일,전라남도 화순군 남면,경상사고,0,0,2,0,차대차 - 추돌 - 진행중,안전운전불이행,건조,맑음,단일로 - 기타,승용,남,57세,상해없음,승용,여,57세,경상
2012101500100171,2012년 10월 15일 09시,월요일,전라남도 강진군 강진읍,경상사고,0,0,2,0,차대차 - 추돌 - 주정차중,안전운전불이행,건조,맑음,단일로 - 기타,화물,남,46세,경상,승용,남,34세,경상
2012101500100172,2012년 10월 15일 09시,월요일,전라남도 곡성군 석곡면,중상사고,0,1,0,0,차대사람 - 횡단중,안전운전불이행,건조,맑음,교차로 - 교차로부근,화물,여,56세,상해없음,보행자,여,83세,중상
2012101500100173,2012년 10월 15일 09시,월요일,전라남도 무안군 삼향읍,경상사고,0,0,1,0,차대차 - 기타,안전운전불이행,건조,맑음,단일로 - 기타,화물,남,50세,상해없음,화물,남,41세,경상
2012101500100234,2012년 10월 15일 11시,월요일,전라남도 영암군 영암읍,사망사고,2,0,0,0,차대차 - 측면직각충돌,직진우회전진행방해,건조,맑음,교차로 - 교차로안,화물,남,65세,상해없음,원동기,남,77세,사망
2012101500100257,2012년 10월 15일 12시,월요일,전라남도 강진군 강진읍,경상사고,0,0,1,0,차대차 - 추돌 - 주정차중,안전거리미확보,건조,맑음,단일로 - 기타,화물,남,47세,상해없음,승용,남,62세,경상
2012101500100289,2012년 10월 15일 13시,월요일,전라남도 목포시 북교동,경상사고,0,0,1,0,차대차 - 기타,안전운전불이행,건조,기타,단일로 - 기타,승용,남,35세,경상,승용,여,64세,상해없음