사고번호,사고일시,요일,시군구,사고내용,사망자수,중상자수,경상자수,부상신고자수,사고유형,법규위반,노면상태,기상상태,도로형태,가해운전자 차종,가해운전자 성별,가해운전자 연령,가해운전자 상해정도,피해운전자 차종,피해운전자 성별,피해운전자 연령,피해운전자 상해정도
2012101500100290,2012년 10월 15일 13시,월요일,전라남도 장흥군 안양면,중상사고,0,1,3,0,차대차 - 측면직각충돌,교차로운행방법위반,건조,맑음,교차로 - 교차로안,승합,남,50세,경상,화물,남,47세,상해없음
2012101500100321,2012년 10월 15일 14시,월요일,전라남도 목포시 상동,중상사고,0,1,0,0,차대사람 - 횡단중,안전운전불이행,건조,기타,단일로 - 기타,승용,남,55세,상해없음,보행자,여,58세,중상
2012101500100322,2012년 10월 15일 14시,월요일,전라남도 순천시 덕월동,경상사고,0,0,2,0,차대차 - 측면직각충돌,신호위반,건조,맑음,교차로 - 교차로안,승용,남,21세,상해없음,화물,남,48세,경상
2012101500100324,2012년 10월 15일 14시,월요일,전라남도 장성군 삼서면,중상사고,0,1,0,0,차대사람 - 기타,안전운전불이행,건조,맑음,교차로 - 교차로안,승용,여,42세,상해없음,보행자,남,52세,중상
2012101500100358,2012년 10월 15일 15시,월요일,전라남도 순천시 낙안면,중상사고,0,1,0,0,차대차 - 측면직각충돌,안전운전불이행,건조,맑음,단일로 - 기타,승합,남,54세,상해없음,원동기,남,77세,중상
2012101500100395,2012년 10월 15일 16시,월요일,전라남도 광양시 광양읍,경상사고,0,0,1,0,차대차 - 기타,직진우회전진행방해,건조,맑음,교차로 - 교차로안,건설기계,남,55세,상해없음,화물,남,26세,경상
2012101500100435,2012년 10월 15일 17시,월요일,전라남도 여수시 중흥동,중상사고,0,1,1,0,차대차 - 측면직각충돌,교차로운행방법위반,건조,맑음,교차로 - 교차로안,승용,남,29세,중상,특수,남,46세,경상
2012101500100436,2012년 10월 15일 17시,월요일,전라남도 순천시 조례동,경상사고,0,0,1,0,차대차 - 측면직각충돌,안전운전불이행,건조,맑음,교차로 - 교차로안,승용,여,46세,상해없음,승용,여,38세,경상
2012101500100437,2012년 10월 15일 17시,월요일,전라남도 담양군 담양읍,중상사고,0,1,0,0,차대차 - 정면충돌,교차로운행방법위반,건조,맑음,교차로 - 교차로안,승용,남,41세,상해없음,화물,남,75세,중상
2012101500100438,2012년 10월 15일 17시,월요일,전라남도 진도군 진도읍,경상사고,0,0,1,0,차대차 - 측면직각충돌,안전운전불이행,건조,맑음,단일로 - 기타,승용,남,63세,상해없음,승용,남,35세,경상
2012101500100479,2012년 10월 15일 18시,월요일,전라남도 해남군 마산면,중상사고,0,1,0,0,차대차 - 정면충돌,안전운전불이행,건조,맑음,단일로 - 기타,승용,남,35세,상해없음,승용,남,41세,중상
2012101500100480,2012년 10월 15일 18시,월요일,전라남도 영암군 삼호읍,경상사고,0,0,2,0,차대차 - 측면직각충돌,신호위반,건조,맑음,교차로 - 교차로안,승용,남,36세,상해없음,승용,남,24세,경상
2012101500100481,2012년 10월 15일 18시,월요일,전라남도 광양시 중동,중상사고,0,1,3,0,차대차 - 추돌 - 진행중,신호위반,건조,맑음,교차로 - 교차로안,승용,남,30세,경상,승용,남,28세,중상
2012101500100531,2012년 10월 15일 19시,월요일,전라남도 광양시 광양읍,중상사고,0,1,0,0,차대차 - 기타,안전운전불이행,건조,맑음,단일로 - 기타,자전거,남,9세,중상,승용,남,66세,상해없음
2012101500100566,2012년 10월 15일 20시,월요일,전라남도 순천시 장천동,중상사고,0,1,1,0,차대차 - 측면직각충돌,직진우회전진행방해,건조,맑음,교차로 - 교차로안,이륜,남,47세,중상,승용,남,56세,경상
2012101500100567,2012년 10월 15일 20시,월요일,전라남도 나주시 세지면,경상사고,0,0,2,0,차대차 - 측면직각충돌,중앙선침범,건조,맑음,교차로 - 교차로부근,승용,남,69세,상해없음,승용,남,52세,경상
2012101500100568,2012년 10월 15일 20시,월요일,전라남도 영암군 삼호읍,경상사고,0,0,2,0,차대차 - 추돌 - 주정차중,안전운전불이행,건조,맑음,교차로 - 교차로부근,승용,남,45세,상해없음,승용,미분류,기타불명,기타불명
2012101500100598,2012년 10월 15일 21시,월요일,전라남도 목포시 상동,경상사고,0,0,1,0,차대차 - 기타,안전운전불이행,건조,기타,교차로 - 교차로안,기타불명,기타불명,기타불명,기타불명,원동기,남,19세,경상
2012101500100599,2012년 10월 15일 21시,월요일,전라남도 여수시 선원동,경상사고,0,0,3,0,차대차 - 추돌 - 진행중,안전운전불이행,건조,맑음,교차로 - 교차로부근,승용,남,42세,상해없음,승합,남,55세,경상
2012101500100600,2012년 10월 15일 21시,월요일,전라남도 완도군 고금면,경상사고,0,0,4,0,차량단독 - 전도전복,안전운전불이행,건조,맑음,단일로 - 기타,승용,남,54세,상해없음,,,,
2012101500100647,2012년 10월 15일 23시,월요일,전라남도 순천시 덕월동,경상사고,0,0,1,0,차대차 - 측면직각충돌,신호위반,건조,맑음,교차로 - 교차로안,승용,남,45세,상해없음,화물,남,57세,경상
2012101500100648,2012년 10월 15일 23시,월요일,전라남도 순천시 조례동,경상사고,0,0,1,0,차대사람 - 횡단중,안전운전불이행,건조,맑음,단일로 - 기타,승용,여,30세,상해없음,보행자,남,50세,경상
2012101600100070,2012년 10월 16일 04시,화요일,전라남도 여수시 봉계동,중상사고,0,1,0,0,차대사람 - 기타,안전운전불이행,건조,맑음,단일로 - 기타,기타불명,기타불명,기타불명,기타불명,보행자,남,78세,중상
2012101600100090,2012년 10월 16일 06시,화요일,전라남도 해남군 화원면,경상사고,0,0,1,0,차대차 - 기타,안전운전불이행,건조,맑음,단일로 - 기타,화물,남,60세,경상,화물,미분류,기타불명,기타불명
2012101600100116,2012년 10월 16일 07시,화요일,전라남도 영암군 삼호읍,경상사고,0,0,1,0,차대차 - 측면직각충돌,교차로운행방법위반,건조,맑음,교차로 - 교차로안,화물,남,42세,상해없음,원동기,남,23세,경상
2012101600100163,2012년 10월 16일 08시,화요일,전라남도 목포시 광동1가,중상사고,0,1,0,0,차대차 - 기타,안전운전불이행,건조,기타,교차로 - 교차로안,승용,남,34세,상해없음,승용,남,42세,중상
2012101600100164,2012년 10월 16일 08시,화요일,전라남도 여수시 소라면,경상사고,0,0,3,0,차대차 - 기타,신호위반,건조,맑음,교차로 - 교차로안,화물,남,56세,상해없음,승용,남,39세,경상
2012101600100165,2012년 10월 16일 08시,화요일,전라남도 여수시 선원동,중상사고,0,1,0,0,차대사람 - 횡단중,안전운전불이행,건조,맑음,교차로 - 교차로안,화물,남,52세,상해없음,보행자,여,57세,중상
2012101600100166,2012년 10월 16일 08시,화요일,전라남도 영암군 영암읍,경상사고,0,0,1,0,차대차 - 측면직각충돌,직진우회전진행방해,건조,맑음,교차로 - 교차로안,승용,여,60세,상해없음,승용,여,46세,상해없음
2012101600100233,2012년 10월 16일 10시,화요일,전라남도 장흥군 관산읍,경상사고,0,0,3,0,차대차 - 기타,교차로운행방법위반,건조,맑음,교차로 - 교차로안,화물,남,48세,경상,승용,남,35세,경상
2012101600100251,2012년 10월 16일 11시,화요일,전라남도 나주시 남내동,경상사고,0,0,2,0,차량단독 - 공작물충돌,안전운전불이행,건조,맑음,단일로 - 기타,승용,남,65세,경상,,,,
2012101600100252,2012년 10월 16일 11시,화요일,전라남도 고흥군 포두면,중상사고,0,1,0,0,차대차 - 정면충돌,중앙선침범,건조,맑음,단일로 - 기타,승용,남,44세,상해없음,화물,남,51세,중상
2012101600100273,2012년 10월 16일 12시,화요일,전라남도 해남군 현산면,경상사고,0,0,3,0,차대차 - 정면충돌,신호위반,건조,맑음,교차로 - 교차로안,승용,남,72세,경상,승용,여,37세,경상
2012101600100307,2012년 10월 16일 13시,화요일,전라남도 영암군 시종면,경상사고,0,0,1,0,차대차 - 측면직각충돌,안전운전불이행,건조,맑음,단일로 - 기타,이륜,여,73세,경상,승용,여,32세,상해없음
2012101600100308,2012년 10월 16일 13시,화요일,전라남도 영암군 영암읍,경상사고,0,0,4,0,차대차 - 측면직각충돌,신호위반,건조,맑음,교차로 - 교차로안,승합,여,57세,경상,승합,남,46세,경상
2012101600100309,2012년 10월 16일 13시,화요일,전라남도 장성군 장성읍,경상사고,0,0,1,0,차대차 - 측면직각충돌,교차로운행방법위반,건조,맑음,교차로 - 교차로안,이륜,남,64세,경상,승용,여,43세,상해없음
2012101600100310,2012년 10월 16일 13시,화요일,전라남도 구례군 구례읍,경상사고,0,0,1,0,차대사람 - 기타,안전운전불이행,건조,맑음,단일로 - 기타,화물,남,62세,상해없음,보행자,남,51세,경상
2012101600100341,2012년 10월 16일 14시,화요일,전라남도 목포시 산정동,중상사고,0,1,0,0,차대사람 - 기타,안전운전불이행,건조,맑음,교차로 - 교차로안,승합,남,50세,상해없음,보행자,여,45세,중상
2012101600100374,2012년 10월 16일 15시,화요일,전라남도 고흥군 점암면,사망사고,1,0,1,0,차대차 - 기타,안전운전불이행,건조,맑음,단일로 - 기타,화물,남,45세,상해없음,농기계,남,85세,경상
2012101600100375,2012년 10월 16일 15시,화요일,전라남도 구례군 구례읍,중상사고,0,1,0,0,차대사람 - 길가장자리구역통행중,안전운전불이행,건조,맑음,교차로 - 교차로안,원동기,남,32세,상해없음,보행자,남,5세,중상
2012101600100446,2012년 10월 16일 17시,화요일,전라남도 광양시 중동,경상사고,0,0,1,0,차대차 - 기타,안전운전불이행,건조,맑음,교차로 - 교차로부근,건설기계,남,31세,상해없음,승용,남,50세,경상
2012101600100493,2012년 10월 16일 18시,화요일,전라남도 여수시 문수동,경상사고,0,0,2,0,차대차 - 추돌 - 주정차중,안전운전불이행,건조,맑음,단일로 - 기타,승용,여,23세,상해없음,원동기,남,23세,경상
2012101600100494,2012년 10월 16일 18시,화요일,전라남도 여수시 신기동,경상사고,0,0,1,0,차대사람 - 기타,안전운전불이행,건조,맑음,단일로 - 기타,기타불명,기타불명,기타불명,기타불명,보행자,여,18세,경상
2012101600100495,2012년 10월 16일 18시,화요일,전라남도 보성군 미력면,중상사고,0,1,0,0,차대차 - 측면직각충돌,안전운전불이행,건조,기타,교차로 - 교차로안,승용,여,49세,상해없음,자전거,남,89세,중상
2012101600100551,2012년 10월 16일 19시,화요일,전라남도 순천시 안풍동,경상사고,0,0,1,0,차대사람 - 횡단중,안전운전불이행,건조,맑음,단일로 - 기타,화물,기타불명,기타불명,기타불명,보행자,남,62세,경상
2012101600100589,2012년 10월 16일 20시,화요일,전라남도 나주시 봉황면,경상사고,0,0,1,0,차량단독 - 도로외이탈 - 기타,안전운전불이행,건조,맑음,단일로 - 기타,승용,남,58세,경상,,,,
2012101600100617,2012년 10월 16일 21시,화요일,전라남도 광양시 중동,경상사고,0,0,5,0,차대차 - 추돌 - 주정차중,안전운전불이행,건조,맑음,교차로 - 교차로부근,승용,남,44세,상해없음,승용,남,29세,경상
2012101600100672,2012년 10월 16일 23시,화요일,전라남도 순천시 동외동,중상사고,0,1,1,0,차대사람 - 차도통행중,안전운전불이행,건조,맑음,단일로 - 기타,이륜,남,20세,상해없음,보행자,여,28세,중상
2012101700100033,2012년 10월 17일 01시,수요일,전라남도 광양시 도이동,부상신고사고,0,0,0,1,차대차 - 측면직각충돌,안전운전불이행,건조,맑음,교차로 - 교차로부근,승용,남,51세,부상신고,특수,남,35세,기타불명
2012101700100056,2012년 10월 17일 03시,수요일,전라남도 순천시 조례동,중상사고,0,1,0,0,차대차 - 추돌 - 진행중,안전운전불이행,건조,맑음,교차로 - 교차로부근,승용,남,32세,상해없음,화물,남,37세,중상
2012101700100082,2012년 10월 17일 05시,수요일,전라남도 순천시 풍덕동,중상사고,0,1,0,0,차량단독 - 기타,안전운전불이행,건조,맑음,미분류 - 미분류,이륜,남,83세,상해없음,,,,
2012101700100125,2012년 10월 17일 07시,수요일,전라남도 담양군 무정면,경상사고,0,0,1,0,차대차 - 측면직각충돌,안전운전불이행,건조,맑음,교차로 - 교차로안,승용,남,70세,상해없음,승용,남,39세,경상
2012101700100126,2012년 10월 17일 07시,수요일,전라남도 광양시 금호동,경상사고,0,0,2,0,차대차 - 측면직각충돌,신호위반,건조,맑음,교차로 - 교차로안,화물,남,36세,경상,화물,남,46세,경상
2012101700100168,2012년 10월 17일 08시,수요일,전라남도 목포시 산정동,경상사고,0,0,2,0,차대차 - 측면직각충돌,신호위반,습기,비,교차로 - 교차로안,승용,여,49세,상해없음,승용,남,37세,경상
2012101700100169,2012년 10월 17일 08시,수요일,전라남도 나주시 남평읍,경상사고,0,0,3,0,차대차 - 측면직각충돌,안전거리미확보,건조,맑음,단일로 - 기타,승용,남,53세,경상,화물,남,47세,경상
2012101700100170,2012년 10월 17일 08시,수요일,전라남도 화순군 화순읍,경상사고,0,0,4,0,차대차 - 추돌 - 진행중,안전거리미확보,습기,비,교차로 - 교차로부근,승용,여,59세,경상,승용,여,25세,경상
2012101700100171,2012년 10월 17일 08시,수요일,전라남도 완도군 완도읍,부상신고사고,0,0,0,1,차대차 - 추돌 - 진행중,교차로운행방법위반,건조,맑음,교차로 - 교차로안,승용,남,74세,상해없음,승용,여,43세,부상신고
2012101700100246,2012년 10월 17일 10시,수요일,전라남도 화순군 이양면,경상사고,0,0,1,0,차대차 - 추돌 - 진행중,안전운전불이행,건조,맑음,단일로 - 기타,승용,여,41세,상해없음,원동기,남,79세,경상
2012101700100288,2012년 10월 17일 12시,수요일,전라남도 목포시 산정동,경상사고,0,0,2,0,차대차 - 측면직각충돌,안전운전불이행,건조,맑음,교차로 - 교차로부근,화물,남,38세,상해없음,승용,남,34세,경상
2012101700100289,2012년 10월 17일 12시,수요일,전라남도 순천시 낙안면,중상사고,0,1,0,0,차량단독 - 공작물충돌,안전운전불이행,건조,맑음,기타 - 기타,화물,남,53세,중상,,,,
2012101700100316,2012년 10월 17일 13시,수요일,전라남도 영암군 시종면,중상사고,0,1,1,0,차대차 - 측면직각충돌,중앙선침범,건조,맑음,교차로 - 교차로부근,화물,남,73세,상해없음,이륜,남,72세,중상
2012101700100317,2012년 10월 17일 13시,수요일,전라남도 광양시 중동,경상사고,0,0,1,0,차대차 - 측면직각충돌,안전운전불이행,건조,맑음,교차로 - 교차로안,승용,남,34세,상해없음,이륜,남,51세,경상
2012101700100337,2012년 10월 17일 14시,수요일,전라남도 순천시 조례동,중상사고,0,1,0,0,차대차 - 기타,안전운전불이행,건조,맑음,교차로 - 교차로안,승용,남,68세,상해없음,자전거,남,48세,중상
2012101700100338,2012년 10월 17일 14시,수요일,전라남도 해남군 산이면,경상사고,0,0,2,0,차대차 - 측면직각충돌,교차로운행방법위반,건조,맑음,교차로 - 교차로안,화물,남,54세,경상,승용,남,28세,경상
2012101700100371,2012년 10월 17일 15시,수요일,전라남도 여수시 여서동,경상사고,0,0,1,0,차대사람 - 횡단중,안전운전불이행,건조,맑음,단일로 - 기타,승용,남,58세,상해없음,보행자,여,24세,경상
2012101700100372,2012년 10월 17일 15시,수요일,전라남도 해남군 문내면,경상사고,0,0,1,0,차대차 - 측면직각충돌,교차로운행방법위반,건조,맑음,교차로 - 교차로안,승용,남,45세,상해없음,승용,남,63세,상해없음
2012101700100373,2012년 10월 17일 15시,수요일,전라남도 강진군 칠량면,중상사고,0,1,0,0,차대차 - 측면직각충돌,직진우회전진행방해,건조,맑음,교차로 - 교차로안,건설기계,남,45세,상해없음,승용,남,31세,중상
2012101700100435,2012년 10월 17일 17시,수요일,전라남도 신안군 안좌면,사망사고,1,0,0,0,차량단독 - 공작물충돌,안전운전불이행,건조,맑음,단일로 - 기타,화물,남,50세,사망,,,,
2012101700100436,2012년 10월 17일 17시,수요일,전라남도 화순군 화순읍,중상사고,0,1,0,0,차대사람 - 길가장자리구역통행중,안전운전불이행,건조,맑음,단일로 - 기타,승용,여,54세,상해없음,보행자,여,59세,중상
2012101700100474,2012년 10월 17일 18시,수요일,전라남도 목포시 산정동,경상사고,0,0,6,0,차대차 - 추돌 - 진행중,안전운전불이행,건조,맑음,단일로 - 기타,승용,남,52세,상해없음,승용,남,39세,경상
2012101700100475,2012년 10월 17일 18시,수요일,전라남도 목포시 옥암동,경상사고,0,0,1,0,차대차 - 측면직각충돌,안전운전불이행,건조,맑음,단일로 - 기타,승합,남,65세,상해없음,승용,남,34세,경상
2012101700100476,2012년 10월 17일 18시,수요일,전라남도 순천시 서면,경상사고,0,0,1,0,차대차 - 측면직각충돌,신호위반,건조,흐림,교차로 - 교차로안,승용,남,47세,상해없음,승용,남,33세,경상
2012101700100477,2012년 10월 17일 18시,수요일,전라남도 담양군 담양읍,사망사고,1,0,0,0,차대차 - 기타,안전운전불이행,건조,기타,단일로 - 기타,승용,남,65세,상해없음,자전거,남,71세,사망
2012101700100530,2012년 10월 17일 19시,수요일,전라남도 여수시 여서동,중상사고,0,1,0,0,차대사람 - 횡단중,안전운전불이행,건조,맑음,단일로 - 기타,이륜,남,18세,기타불명,보행자,남,54세,중상
2012101700100531,2012년 10월 17일 19시,수요일,전라남도 영암군 영암읍,중상사고,0,2,0,0,차대차 - 측면직각충돌,직진우회전진행방해,건조,맑음,교차로 - 교차로안,승용,남,27세,상해없음,승용,여,38세,중상
2012101700100570,2012년 10월 17일 20시,수요일,전라남도 목포시 북교동,경상사고,0,0,3,0,차대차 - 측면직각충돌,안전운전불이행,건조,맑음,단일로 - 기타,승용,남,41세,상해없음,승용,남,49세,기타불명
2012101700100571,2012년 10월 17일 20시,수요일,전라남도 순천시 조례동,경상사고,0,0,1,0,차대사람 - 기타,안전운전불이행,건조,맑음,단일로 - 횡단보도상,기타불명,기타불명,기타불명,기타불명,보행자,여,20세,경상
2012101700100572,2012년 10월 17일 20시,수요일,전라남도 해남군 북평면,사망사고,1,0,0,0,차대사람 - 기타,안전운전불이행,건조,맑음,단일로 - 기타,화물,남,69세,상해없음,보행자,여,75세,사망
2012101700100573,2012년 10월 17일 20시,수요일,전라남도 장성군 삼계면,경상사고,0,0,1,0,차대차 - 기타,교차로운행방법위반,건조,맑음,교차로 - 교차로안,승용,남,61세,상해없음,승합,여,45세,경상
2012101700100602,2012년 10월 17일 21시,수요일,전라남도 목포시 상동,경상사고,0,0,1,0,차대차 - 추돌 - 진행중,교차로운행방법위반,건조,맑음,교차로 - 교차로안,승용,남,44세,상해없음,승용,남,38세,경상
2012101700100603,2012년 10월 17일 21시,수요일,전라남도 목포시 석현동,경상사고,0,0,2,0,차대차 - 기타,신호위반,건조,맑음,교차로 - 교차로안,승용,남,28세,상해없음,승용,남,43세,경상
2012101700100646,2012년 10월 17일 22시,수요일,전라남도 장성군 장성읍,경상사고,0,0,2,0,차대차 - 기타,중앙선침범,건조,맑음,단일로 - 기타,승용,남,46세,상해없음,승용,남,67세,경상
2012101700100647,2012년 10월 17일 22시,수요일,전라남도 무안군 무안읍,중상사고,0,1,0,0,차량단독 - 공작물충돌,안전운전불이행,건조,맑음,단일로 - 기타,승용,남,38세,상해없음,,,,
2012101700100648,2012년 10월 17일 22시,수요일,전라남도 광양시 중동,경상사고,0,0,1,0,차대사람 - 횡단중,안전운전불이행,건조,맑음,교차로 - 교차로안,승용,남,53세,기타불명,보행자,남,17세,경상
2012101700100673,2012년 10월 17일 23시,수요일,전라남도 목포시 상동,경상사고,0,0,1,0,차대차 - 추돌 - 진행중,안전운전불이행,건조,맑음,단일로 - 기타,화물,남,37세,상해없음,승용,남,54세,경상
2012101800100013,2012년 10월 18일 00시,목요일,전라남도 목포시 상동,경상사고,0,0,1,0,차대차 - 추돌 - 주정차중,안전운전불이행,건조,맑음,교차로 - 교차로부근,승용,남,30세,상해없음,승용,남,29세,경상
2012101800100029,2012년 10월 18일 01시,목요일,전라남도 순천시 조곡동,중상사고,0,1,0,0,차량단독 - 공작물충돌,안전운전불이행,건조,맑음,단일로 - 기타,승용,남,26세,중상,,,,
2012101800100087,2012년 10월 18일 06시,목요일,전라남도 목포시 옥암동,경상사고,0,0,1,0,차대차 - 기타,신호위반,건조,맑음,교차로 - 교차로부근,승용,남,29세,상해없음,자전거,남,48세,경상
2012101800100152,2012년 10월 18일 08시,목요일,전라남도 여수시 신기동,경상사고,0,0,1,0,차대사람 - 횡단중,신호위반,건조,맑음,교차로 - 교차로안,승용,남,50세,기타불명,보행자,남,9세,경상
2012101800100153,2012년 10월 18일 08시,목요일,전라남도 순천시 매곡동,사망사고,1,0,0,0,차대차 - 기타,안전운전불이행,건조,맑음,교차로 - 교차로안,승용,남,43세,상해없음,원동기,남,52세,사망
2012101800100196,2012년 10월 18일 09시,목요일,전라남도 목포시 옥암동,경상사고,0,0,1,0,차대차 - 측면직각충돌,신호위반,건조,맑음,교차로 - 교차로안,승용,남,43세,상해없음,승용,남,37세,경상
2012101800100197,2012년 10월 18일 09시,목요일,전라남도 곡성군 오산면,중상사고,0,1,2,0,차대차 - 측면직각충돌,교차로운행방법위반,건조,맑음,교차로 - 교차로안,승용,남,52세,상해없음,승용,남,67세,경상
2012101800100229,2012년 10월 18일 10시,목요일,전라남도 장흥군 대덕읍,중상사고,0,1,0,0,차대차 - 기타,안전운전불이행,건조,맑음,단일로 - 기타,화물,남,50세,상해없음,원동기,남,78세,중상
2012101800100230,2012년 10월 18일 10시,목요일,전라남도 곡성군 곡성읍,경상사고,0,0,1,0,차대차 - 기타,교차로운행방법위반,건조,맑음,교차로 - 교차로안,원동기,남,67세,경상,승용,남,62세,상해없음
2012101800100288,2012년 10월 18일 12시,목요일,전라남도 순천시 조곡동,중상사고,0,1,0,0,차량단독 - 기타,기타,건조,맑음,단일로 - 기타,승합,남,48세,상해없음,,,,
2012101800100318,2012년 10월 18일 13시,목요일,전라남도 목포시 상동,경상사고,0,0,3,1,차대차 - 측면직각충돌,안전운전불이행,건조,맑음,단일로 - 기타,승용,여,34세,부상신고,승용,여,53세,경상
2012101800100319,2012년 10월 18일 13시,목요일,전라남도 순천시 낙안면,경상사고,0,0,2,0,차량단독 - 공작물충돌,안전운전불이행,건조,맑음,단일로 - 기타,승용,여,48세,상해없음,,,,
2012101800100320,2012년 10월 18일 13시,목요일,전라남도 나주시 공산면,중상사고,0,1,0,1,차량단독 - 공작물충돌,안전운전불이행,건조,맑음,단일로 - 기타,화물,남,70세,부상신고,,,,
2012101800100353,2012년 10월 18일 14시,목요일,전라남도 나주시 산포면,부상신고사고,0,0,0,1,차대사람 - 횡단중,안전운전불이행,건조,맑음,단일로 - 기타,화물,남,61세,상해없음,보행자,여,7세,부상신고
2012101800100354,2012년 10월 18일 14시,목요일,전라남도 화순군 화순읍,경상사고,0,0,2,0,차대차 - 추돌 - 진행중,안전거리미확보,건조,맑음,단일로 - 기타,승용,남,52세,상해없음,화물,남,42세,경상
2012101800100355,2012년 10월 18일 14시,목요일,전라남도 화순군 화순읍,경상사고,0,0,1,0,차대차 - 측면직각충돌,교차로운행방법위반,건조,맑음,교차로 - 교차로안,승용,여,33세,상해없음,승용,여,58세,경상
2012101800100356,2012년 10월 18일 14시,목요일,전라남도 광양시 광양읍,중상사고,0,2,0,0,차대차 - 측면직각충돌,신호위반,건조,맑음,교차로 - 교차로안,이륜,남,76세,중상,승용,남,48세,상해없음
2012101800100387,2012년 10월 18일 15시,목요일,전라남도 영암군 신북면,경상사고,0,0,2,0,차대차 - 측면직각충돌,신호위반,건조,맑음,교차로 - 교차로안,화물,남,70세,경상,승용,여,32세,경상
2012101800100469,2012년 10월 18일 17시,목요일,전라남도 여수시 화장동,경상사고,0,0,1,0,차대차 - 측면직각충돌,교차로운행방법위반,건조,맑음,교차로 - 교차로안,승용,여,54세,기타불명,승용,남,37세,경상
2012101800100470,2012년 10월 18일 17시,목요일,전라남도 나주시 산포면,중상사고,0,2,0,0,차대차 - 측면직각충돌,교차로운행방법위반,건조,맑음,교차로 - 교차로부근,승용,남,35세,상해없음,원동기,남,70세,중상
2012101800100471,2012년 10월 18일 17시,목요일,전라남도 함평군 해보면,중상사고,0,1,0,0,차대사람 - 횡단중,안전운전불이행,건조,맑음,단일로 - 기타,승용,여,57세,상해없음,보행자,남,62세,중상
2012101800100472,2012년 10월 18일 17시,목요일,전라남도 함평군 함평읍,중상사고,0,1,0,0,차대차 - 측면직각충돌,직진우회전진행방해,건조,맑음,교차로 - 교차로안,승용,여,41세,상해없음,이륜,남,72세,중상
2012101800100473,2012년 10월 18일 17시,목요일,전라남도 진도군 진도읍,경상사고,0,0,1,0,차대차 - 측면직각충돌,신호위반,건조,맑음,교차로 - 교차로안,화물,남,50세,상해없음,승용,여,51세,경상
2012101800100521,2012년 10월 18일 18시,목요일,전라남도 나주시 남평읍,경상사고,0,0,3,0,차대차 - 정면충돌,중앙선침범,건조,맑음,단일로 - 기타,승용,남,37세,상해없음,승용,여,36세,경상
2012101800100522,2012년 10월 18일 18시,목요일,전라남도 장성군 남면,경상사고,0,0,3,0,차대차 - 측면직각충돌,안전운전불이행,건조,맑음,단일로 - 기타,승용,남,31세,경상,승용,여,32세,경상
2012101800100523,2012년 10월 18일 18시,목요일,전라남도 광양시 금호동,중상사고,0,1,0,0,차대차 - 측면직각충돌,안전운전불이행,건조,맑음,교차로 - 교차로부근,자전거,여,13세,중상,승용,여,55세,상해없음
2012101800100524,2012년 10월 18일 18시,목요일,전라남도 광양시 광영동,경상사고,0,0,1,0,차대차 - 정면충돌,교차로운행방법위반,건조,맑음,교차로 - 교차로안,승용,남,58세,상해없음,승용,여,31세,경상
2012101800100562,2012년 10월 18일 19시,목요일,전라남도 신안군 지도읍,중상사고,0,2,0,0,차대차 - 측면직각충돌,중앙선침범,건조,맑음,단일로 - 기타,승용,남,58세,상해없음,승용,여,44세,중상
2012101800100563,2012년 10월 18일 19시,목요일,전라남도 여수시 여서동,경상사고,0,0,4,0,차대차 - 추돌 - 진행중,직진우회전진행방해,건조,맑음,교차로 - 교차로안,승용,남,46세,상해없음,승용,남,54세,상해없음
2012101800100564,2012년 10월 18일 19시,목요일,전라남도 순천시 별량면,사망사고,1,0,0,0,차대사람 - 기타,보행자보호의무위반,건조,맑음,단일로 - 기타,승용,남,53세,상해없음,보행자,여,74세,사망
2012101800100626,2012년 10월 18일 21시,목요일,전라남도 여수시 율촌면,경상사고,0,0,1,0,차대차 - 측면직각충돌,안전거리미확보,건조,맑음,단일로 - 기타,승용,남,50세,상해없음,승용,남,29세,경상
2012101800100627,2012년 10월 18일 21시,목요일,전라남도 순천시 해룡면,경상사고,0,0,1,0,차대차 - 기타,신호위반,건조,맑음,교차로 - 교차로안,승용,여,36세,상해없음,승용,남,48세,경상
2012101800100628,2012년 10월 18일 21시,목요일,전라남도 광양시 중동,경상사고,0,0,1,0,차대차 - 추돌 - 진행중,안전운전불이행,건조,맑음,교차로 - 교차로부근,화물,남,47세,기타불명,승용,여,37세,경상
2012101900100052,2012년 10월 19일 04시,금요일,전라남도 영암군 삼호읍,중상사고,0,2,0,0,차량단독 - 공작물충돌,안전운전불이행,건조,맑음,단일로 - 기타,승용,남,23세,중상,,,,
2012101900100058,2012년 10월 19일 05시,금요일,전라남도 목포시 죽교동,중상사고,0,1,0,0,차대사람 - 기타,안전운전불이행,건조,맑음,단일로 - 횡단보도부근,승용,남,45세,상해없음,보행자,남,48세,중상
2012101900100059,2012년 10월 19일 05시,금요일,전라남도 강진군 강진읍,중상사고,0,1,0,0,차대차 - 추돌 - 진행중,안전운전불이행,건조,맑음,단일로 - 기타,화물,남,58세,상해없음,이륜,여,66세,중상