사고번호,사고일시,요일,시군구,사고내용,사망자수,중상자수,경상자수,부상신고자수,사고유형,법규위반,노면상태,기상상태,도로형태,가해운전자 차종,가해운전자 성별,가해운전자 연령,가해운전자 상해정도,피해운전자 차종,피해운전자 성별,피해운전자 연령,피해운전자 상해정도
2012101900100073,2012년 10월 19일 06시,금요일,전라남도 여수시 문수동,경상사고,0,0,1,0,차대차 - 추돌 - 진행중,안전운전불이행,건조,맑음,단일로 - 기타,승용,남,43세,상해없음,승용,여,27세,경상
2012101900100074,2012년 10월 19일 06시,금요일,전라남도 순천시 조례동,경상사고,0,0,2,0,차대차 - 기타,교차로운행방법위반,건조,맑음,교차로 - 교차로안,승용,남,30세,상해없음,승용,여,47세,경상
2012101900100093,2012년 10월 19일 07시,금요일,전라남도 목포시 죽교동,경상사고,0,0,1,0,차대사람 - 횡단중,안전운전불이행,건조,맑음,단일로 - 기타,승용,여,28세,상해없음,보행자,여,50세,경상
2012101900100094,2012년 10월 19일 07시,금요일,전라남도 순천시 조례동,경상사고,0,0,1,0,차대사람 - 횡단중,안전운전불이행,건조,맑음,교차로 - 교차로안,기타불명,기타불명,기타불명,기타불명,보행자,여,72세,경상
2012101900100095,2012년 10월 19일 07시,금요일,전라남도 영광군 홍농읍,경상사고,0,0,1,0,차량단독 - 공작물충돌,안전운전불이행,건조,맑음,단일로 - 기타,승합,남,21세,경상,,,,
2012101900100141,2012년 10월 19일 08시,금요일,전라남도 순천시 저전동,경상사고,0,0,1,0,차대차 - 정면충돌,안전운전불이행,건조,맑음,교차로 - 교차로안,화물,여,41세,상해없음,화물,남,41세,상해없음
2012101900100142,2012년 10월 19일 08시,금요일,전라남도 화순군 능주면,중상사고,0,1,0,0,차대차 - 기타,안전운전불이행,건조,맑음,단일로 - 기타,승용,여,22세,상해없음,자전거,여,58세,중상
2012101900100143,2012년 10월 19일 08시,금요일,전라남도 강진군 칠량면,경상사고,0,0,3,0,차대차 - 추돌 - 진행중,안전거리미확보,건조,맑음,단일로 - 기타,화물,남,71세,상해없음,승용,남,77세,경상
2012101900100144,2012년 10월 19일 08시,금요일,전라남도 무안군 무안읍,중상사고,0,1,1,0,차대차 - 측면직각충돌,직진우회전진행방해,건조,맑음,교차로 - 교차로안,화물,남,59세,상해없음,농기계,남,72세,중상
2012101900100190,2012년 10월 19일 09시,금요일,전라남도 여수시 여서동,경상사고,0,0,2,0,차대차 - 추돌 - 진행중,안전운전불이행,건조,맑음,단일로 - 기타,승합,남,30세,상해없음,승용,남,48세,경상
2012101900100225,2012년 10월 19일 10시,금요일,전라남도 해남군 현산면,중상사고,0,1,2,0,차량단독 - 기타,과속,건조,맑음,단일로 - 기타,승용,남,19세,경상,,,,
2012101900100226,2012년 10월 19일 10시,금요일,전라남도 완도군 금일읍,경상사고,0,0,1,0,차대차 - 기타,중앙선침범,건조,맑음,단일로 - 기타,화물,남,64세,상해없음,승용,남,40세,경상
2012101900100241,2012년 10월 19일 11시,금요일,전라남도 순천시 별량면,중상사고,0,1,0,0,차대차 - 측면직각충돌,안전운전불이행,건조,맑음,기타 - 기타,승용,남,71세,상해없음,원동기,남,78세,중상
2012101900100242,2012년 10월 19일 11시,금요일,전라남도 순천시 연향동,경상사고,0,0,1,0,차대차 - 측면직각충돌,중앙선침범,건조,맑음,단일로 - 기타,승용,남,44세,상해없음,승용,여,41세,경상
2012101900100294,2012년 10월 19일 13시,금요일,전라남도 광양시 봉강면,경상사고,0,0,1,0,차대차 - 측면직각충돌,교차로운행방법위반,건조,맑음,교차로 - 교차로안,승용,여,40세,상해없음,원동기,남,76세,경상
2012101900100372,2012년 10월 19일 15시,금요일,전라남도 광양시 중동,경상사고,0,0,1,0,차대사람 - 기타,안전운전불이행,건조,맑음,단일로 - 기타,승용,여,37세,상해없음,보행자,남,9세,경상
2012101900100400,2012년 10월 19일 16시,금요일,전라남도 나주시 경현동,경상사고,0,0,1,0,차대차 - 측면직각충돌,안전운전불이행,건조,맑음,교차로 - 교차로안,승용,남,64세,상해없음,승용,남,24세,경상
2012101900100401,2012년 10월 19일 16시,금요일,전라남도 광양시 광양읍,경상사고,0,0,2,0,차대차 - 추돌 - 진행중,안전운전불이행,건조,맑음,단일로 - 기타,특수,남,66세,상해없음,화물,남,31세,경상
2012101900100442,2012년 10월 19일 17시,금요일,전라남도 나주시 청동,경상사고,0,0,4,0,차대차 - 측면직각충돌,안전거리미확보,건조,맑음,단일로 - 기타,승용,남,49세,상해없음,승용,남,52세,경상
2012101900100443,2012년 10월 19일 17시,금요일,전라남도 해남군 해남읍,중상사고,0,1,0,0,차대차 - 기타,안전운전불이행,건조,맑음,단일로 - 기타,화물,남,28세,상해없음,이륜,남,73세,중상
2012101900100483,2012년 10월 19일 18시,금요일,전라남도 신안군 비금면,사망사고,1,1,0,0,차량단독 - 도로외이탈 - 기타,안전운전불이행,건조,맑음,단일로 - 기타,화물,남,60세,중상,,,,
2012101900100484,2012년 10월 19일 18시,금요일,전라남도 여수시 안산동,경상사고,0,0,1,0,차대차 - 추돌 - 진행중,안전운전불이행,건조,맑음,단일로 - 기타,화물,남,47세,상해없음,승용,여,22세,경상
2012101900100485,2012년 10월 19일 18시,금요일,전라남도 순천시 조곡동,중상사고,0,1,1,0,차대차 - 기타,안전운전불이행,건조,맑음,교차로 - 교차로안,승용,남,48세,상해없음,원동기,남,77세,경상
2012101900100486,2012년 10월 19일 18시,금요일,전라남도 순천시 상사면,사망사고,1,0,0,0,차대사람 - 기타,안전운전불이행,건조,맑음,단일로 - 기타,승용,남,46세,상해없음,보행자,남,64세,사망
2012101900100487,2012년 10월 19일 18시,금요일,전라남도 순천시 장천동,경상사고,0,0,1,0,차대사람 - 횡단중,보행자보호의무위반,건조,맑음,단일로 - 횡단보도상,승용,남,33세,상해없음,보행자,여,48세,경상
2012101900100488,2012년 10월 19일 18시,금요일,전라남도 해남군 산이면,중상사고,0,2,0,0,차대차 - 기타,안전운전불이행,건조,맑음,단일로 - 기타,승용,남,54세,상해없음,농기계,남,57세,중상
2012101900100489,2012년 10월 19일 18시,금요일,전라남도 영암군 삼호읍,중상사고,0,1,0,0,차대차 - 기타,안전운전불이행,건조,맑음,교차로 - 교차로안,승용,남,33세,상해없음,원동기,미분류,기타불명,기타불명
2012101900100490,2012년 10월 19일 18시,금요일,전라남도 무안군 해제면,경상사고,0,0,2,0,차대차 - 추돌 - 진행중,안전운전불이행,건조,맑음,교차로 - 교차로안,승용,남,25세,경상,화물,남,38세,경상
2012101900100542,2012년 10월 19일 19시,금요일,전라남도 여수시 화장동,중상사고,0,1,0,0,차대차 - 추돌 - 주정차중,안전운전불이행,건조,맑음,단일로 - 기타,승용,남,49세,상해없음,화물,남,44세,상해없음
2012101900100588,2012년 10월 19일 20시,금요일,전라남도 목포시 산정동,경상사고,0,0,2,0,차대차 - 기타,안전운전불이행,건조,맑음,교차로 - 교차로부근,이륜,남,57세,상해없음,승용,남,40세,경상
2012101900100621,2012년 10월 19일 21시,금요일,전라남도 목포시 수강동1가,경상사고,0,0,1,0,차대사람 - 길가장자리구역통행중,안전운전불이행,건조,맑음,교차로 - 교차로부근,화물,남,32세,상해없음,보행자,여,50세,경상
2012102000100018,2012년 10월 20일 00시,토요일,전라남도 목포시 상동,경상사고,0,0,1,0,차대차 - 추돌 - 주정차중,안전운전불이행,건조,맑음,단일로 - 기타,원동기,남,18세,상해없음,승용,남,34세,상해없음
2012102000100044,2012년 10월 20일 01시,토요일,전라남도 순천시 영동,경상사고,0,0,1,0,차대차 - 기타,안전운전불이행,건조,맑음,단일로 - 기타,화물,남,32세,상해없음,이륜,여,43세,경상
2012102000100094,2012년 10월 20일 04시,토요일,전라남도 함평군 학교면,사망사고,1,0,0,0,차대사람 - 횡단중,안전운전불이행,건조,맑음,단일로 - 기타,승용,남,67세,상해없음,보행자,여,76세,사망
2012102000100107,2012년 10월 20일 05시,토요일,전라남도 목포시 용당동,경상사고,0,0,1,0,차대차 - 추돌 - 주정차중,안전운전불이행,건조,맑음,단일로 - 기타,승용,여,30세,기타불명,승합,남,45세,경상
2012102000100125,2012년 10월 20일 06시,토요일,전라남도 목포시 옥암동,경상사고,0,0,1,0,차대차 - 기타,안전운전불이행,건조,맑음,교차로 - 교차로부근,승용,남,66세,상해없음,자전거,남,38세,경상
2012102000100141,2012년 10월 20일 07시,토요일,전라남도 함평군 월야면,경상사고,0,0,3,1,차대차 - 측면직각충돌,안전운전불이행,건조,맑음,교차로 - 교차로안,화물,남,31세,부상신고,승합,남,55세,경상
2012102000100199,2012년 10월 20일 10시,토요일,전라남도 나주시 남평읍,중상사고,0,1,2,0,차대차 - 측면직각충돌,직진우회전진행방해,건조,맑음,교차로 - 교차로안,건설기계,남,46세,경상,건설기계,남,43세,중상
2012102000100200,2012년 10월 20일 10시,토요일,전라남도 완도군 신지면,중상사고,0,1,0,0,차대차 - 측면직각충돌,중앙선침범,건조,맑음,교차로 - 교차로부근,화물,남,36세,상해없음,이륜,남,72세,중상
2012102000100229,2012년 10월 20일 11시,토요일,전라남도 나주시 이창동,중상사고,0,1,0,0,차대차 - 측면직각충돌,안전운전불이행,건조,맑음,단일로 - 기타,이륜,남,72세,중상,승용,남,25세,상해없음
2012102000100230,2012년 10월 20일 11시,토요일,전라남도 고흥군 과역면,경상사고,0,0,2,0,차대차 - 측면직각충돌,교차로운행방법위반,건조,맑음,교차로 - 교차로안,승용,남,31세,상해없음,승합,남,57세,경상
2012102000100231,2012년 10월 20일 11시,토요일,전라남도 장성군 황룡면,중상사고,0,1,0,0,차대차 - 추돌 - 진행중,안전운전불이행,건조,맑음,단일로 - 기타,이륜,남,77세,상해없음,자전거,남,78세,중상
2012102000100232,2012년 10월 20일 11시,토요일,전라남도 장성군 장성읍,경상사고,0,0,2,0,차대차 - 기타,안전운전불이행,건조,맑음,단일로 - 기타,승용,남,20세,상해없음,승용,남,54세,경상
2012102000100255,2012년 10월 20일 12시,토요일,전라남도 무안군 현경면,경상사고,0,0,2,0,차대차 - 기타,중앙선침범,건조,맑음,단일로 - 기타,승용,남,20세,경상,화물,남,58세,경상
2012102000100293,2012년 10월 20일 13시,토요일,전라남도 영광군 백수읍,사망사고,1,0,0,0,차량단독 - 전도전복,안전운전불이행,건조,맑음,교차로 - 교차로부근,농기계,남,66세,사망,,,,
2012102000100294,2012년 10월 20일 13시,토요일,전라남도 강진군 대구면,경상사고,0,0,2,0,차대차 - 정면충돌,중앙선침범,건조,맑음,단일로 - 기타,화물,남,65세,상해없음,승용,남,45세,경상
2012102000100295,2012년 10월 20일 13시,토요일,전라남도 광양시 중동,경상사고,0,0,1,0,차대사람 - 횡단중,기타,건조,맑음,단일로 - 기타,승용,여,38세,상해없음,보행자,여,10세,경상
2012102000100330,2012년 10월 20일 14시,토요일,전라남도 완도군 청산면,부상신고사고,0,0,0,1,차대사람 - 기타,안전운전불이행,건조,맑음,단일로 - 기타,승용,여,50세,상해없음,보행자,남,56세,부상신고
2012102000100371,2012년 10월 20일 15시,토요일,전라남도 무안군 현경면,중상사고,0,3,0,0,차대차 - 기타,기타,건조,맑음,단일로 - 기타,화물,남,53세,중상,화물,남,59세,중상
2012102000100399,2012년 10월 20일 16시,토요일,전라남도 여수시 남산동,경상사고,0,0,2,0,차대차 - 측면직각충돌,안전운전불이행,건조,맑음,단일로 - 기타,승합,남,48세,상해없음,승용,여,60세,경상
2012102000100400,2012년 10월 20일 16시,토요일,전라남도 장흥군 장평면,경상사고,0,0,1,0,차대차 - 측면직각충돌,안전운전불이행,건조,맑음,교차로 - 교차로안,원동기,남,75세,경상,화물,남,67세,상해없음
2012102000100401,2012년 10월 20일 16시,토요일,전라남도 영암군 삼호읍,중상사고,0,1,1,0,차대차 - 측면직각충돌,직진우회전진행방해,건조,맑음,교차로 - 교차로안,승용,여,44세,중상,승합,남,39세,경상
2012102000100478,2012년 10월 20일 18시,토요일,전라남도 영광군 법성면,중상사고,0,1,0,0,차대차 - 측면직각충돌,중앙선침범,건조,맑음,단일로 - 횡단보도상,승용,남,20세,상해없음,이륜,남,71세,중상
2012102000100479,2012년 10월 20일 18시,토요일,전라남도 함평군 학교면,중상사고,0,1,0,0,차대차 - 추돌 - 주정차중,안전운전불이행,건조,맑음,교차로 - 교차로부근,화물,남,52세,상해없음,화물,남,47세,중상
2012102000100523,2012년 10월 20일 19시,토요일,전라남도 목포시 석현동,중상사고,0,1,0,0,차대차 - 추돌 - 주정차중,안전거리미확보,건조,맑음,단일로 - 기타,승용,남,37세,중상,화물,남,62세,상해없음
2012102000100524,2012년 10월 20일 19시,토요일,전라남도 여수시 화장동,경상사고,0,0,5,0,차대차 - 추돌 - 주정차중,안전운전불이행,건조,맑음,단일로 - 기타,화물,남,63세,상해없음,승용,여,49세,경상
2012102000100525,2012년 10월 20일 19시,토요일,전라남도 화순군 이양면,사망사고,1,0,0,0,차량단독 - 전도전복,안전운전불이행,건조,흐림,단일로 - 기타,농기계,남,55세,사망,,,,
2012102000100526,2012년 10월 20일 19시,토요일,전라남도 진도군 임회면,중상사고,0,1,0,0,차대사람 - 기타,안전운전불이행,건조,맑음,기타 - 기타,승용,여,32세,상해없음,보행자,남,64세,중상
2012102000100564,2012년 10월 20일 20시,토요일,전라남도 광양시 광양읍,경상사고,0,0,1,2,차대차 - 측면직각충돌,교차로운행방법위반,건조,맑음,교차로 - 교차로안,승용,남,34세,상해없음,승용,여,36세,상해없음
2012102000100590,2012년 10월 20일 21시,토요일,전라남도 영암군 삼호읍,경상사고,0,0,1,0,차대차 - 추돌 - 주정차중,안전운전불이행,건조,맑음,단일로 - 기타,원동기,남,59세,경상,승용,남,29세,기타불명
2012102000100591,2012년 10월 20일 21시,토요일,전라남도 진도군 의신면,중상사고,0,1,1,0,차량단독 - 전도전복,안전운전불이행,기타,기타,기타 - 기타,승합,남,25세,중상,,,,
2012102000100614,2012년 10월 20일 22시,토요일,전라남도 여수시 소호동,중상사고,0,1,0,0,차대차 - 추돌 - 진행중,안전운전불이행,건조,맑음,교차로 - 교차로부근,승용,남,56세,상해없음,이륜,남,21세,중상
2012102100100018,2012년 10월 21일 00시,일요일,전라남도 순천시 조례동,경상사고,0,0,1,0,차대차 - 측면직각충돌,안전운전불이행,건조,맑음,단일로 - 기타,승용,남,36세,상해없음,승용,남,41세,경상
2012102100100047,2012년 10월 21일 01시,일요일,전라남도 순천시 연향동,경상사고,0,0,1,0,차대사람 - 기타,안전운전불이행,건조,맑음,교차로 - 교차로부근,승용,남,45세,상해없음,보행자,남,18세,경상
2012102100100064,2012년 10월 21일 02시,일요일,전라남도 무안군 현경면,사망사고,2,1,1,0,차량단독 - 공작물충돌,과속,건조,맑음,단일로 - 기타,승용,남,22세,경상,,,,
2012102100100106,2012년 10월 21일 05시,일요일,전라남도 여수시 신기동,경상사고,0,0,1,0,차대차 - 추돌 - 주정차중,안전운전불이행,건조,맑음,단일로 - 기타,승용,남,46세,상해없음,승용,남,34세,경상
2012102100100107,2012년 10월 21일 05시,일요일,전라남도 순천시 조곡동,중상사고,0,1,0,0,차대사람 - 기타,안전운전불이행,건조,맑음,단일로 - 횡단보도부근,승용,남,23세,상해없음,보행자,남,27세,중상
2012102100100120,2012년 10월 21일 06시,일요일,전라남도 해남군 삼산면,사망사고,1,0,0,0,차량단독 - 공작물충돌,안전운전불이행,건조,맑음,단일로 - 기타,화물,남,19세,사망,,,,
2012102100100130,2012년 10월 21일 07시,일요일,전라남도 순천시 생목동,경상사고,0,0,3,0,차대차 - 측면직각충돌,신호위반,건조,맑음,교차로 - 교차로안,승용,남,18세,경상,승용,여,58세,경상
2012102100100145,2012년 10월 21일 08시,일요일,전라남도 나주시 산포면,경상사고,0,0,2,1,차대차 - 측면직각충돌,신호위반,건조,맑음,교차로 - 교차로안,화물,남,59세,부상신고,승합,남,50세,경상
2012102100100173,2012년 10월 21일 10시,일요일,전라남도 나주시 산포면,경상사고,0,0,1,0,차대차 - 기타,안전운전불이행,건조,맑음,교차로 - 교차로안,화물,남,35세,상해없음,화물,남,47세,경상
2012102100100220,2012년 10월 21일 12시,일요일,전라남도 화순군 화순읍,경상사고,0,0,1,0,차대차 - 기타,안전운전불이행,건조,맑음,단일로 - 기타,승합,여,53세,상해없음,자전거,남,7세,경상
2012102100100243,2012년 10월 21일 13시,일요일,전라남도 화순군 화순읍,경상사고,0,0,4,0,차대차 - 측면직각충돌,안전운전불이행,건조,맑음,교차로 - 교차로부근,승용,남,71세,상해없음,승용,남,60세,경상
2012102100100261,2012년 10월 21일 14시,일요일,전라남도 해남군 해남읍,중상사고,0,1,0,0,차대사람 - 횡단중,안전운전불이행,건조,맑음,단일로 - 기타,승용,여,47세,상해없음,보행자,여,70세,중상
2012102100100262,2012년 10월 21일 14시,일요일,전라남도 구례군 광의면,경상사고,0,0,4,0,차량단독 - 전도전복,안전운전불이행,건조,맑음,단일로 - 기타,승합,남,27세,경상,,,,
2012102100100293,2012년 10월 21일 15시,일요일,전라남도 장흥군 대덕읍,경상사고,0,0,2,0,차대차 - 기타,기타,건조,맑음,단일로 - 기타,화물,남,35세,상해없음,승용,남,39세,경상
2012102100100294,2012년 10월 21일 15시,일요일,전라남도 광양시 성황동,경상사고,0,0,2,0,차대차 - 측면직각충돌,직진우회전진행방해,건조,맑음,교차로 - 교차로안,이륜,남,22세,경상,승용,여,53세,경상
2012102100100338,2012년 10월 21일 16시,일요일,전라남도 장흥군 관산읍,경상사고,0,0,1,0,차대차 - 기타,교차로운행방법위반,건조,맑음,교차로 - 교차로안,승합,남,38세,상해없음,승용,남,27세,상해없음
2012102100100366,2012년 10월 21일 17시,일요일,전라남도 화순군 능주면,사망사고,1,0,0,0,차대사람 - 기타,안전운전불이행,건조,맑음,단일로 - 기타,화물,남,47세,상해없음,보행자,여,70세,사망
2012102100100406,2012년 10월 21일 18시,일요일,전라남도 영광군 영광읍,경상사고,0,0,1,0,차대차 - 기타,직진우회전진행방해,건조,맑음,교차로 - 교차로안,승용,남,61세,상해없음,이륜,남,40세,경상
2012102100100446,2012년 10월 21일 19시,일요일,전라남도 해남군 화원면,경상사고,0,0,3,0,차대차 - 추돌 - 진행중,안전운전불이행,건조,맑음,단일로 - 기타,승용,남,31세,경상,농기계,남,53세,상해없음
2012102100100481,2012년 10월 21일 20시,일요일,전라남도 목포시 상동,중상사고,0,1,0,0,차대차 - 기타,안전운전불이행,건조,맑음,단일로 - 기타,기타불명,기타불명,기타불명,기타불명,자전거,남,66세,중상
2012102100100482,2012년 10월 21일 20시,일요일,전라남도 나주시 남평읍,경상사고,0,0,4,0,차량단독 - 공작물충돌,기타,건조,맑음,기타 - 기타,승용,여,42세,경상,,,,
2012102100100483,2012년 10월 21일 20시,일요일,전라남도 담양군 창평면,경상사고,0,0,1,0,차대차 - 기타,교차로운행방법위반,건조,맑음,교차로 - 교차로안,화물,남,59세,상해없음,승용,여,47세,경상
2012102100100502,2012년 10월 21일 21시,일요일,전라남도 보성군 득량면,사망사고,1,0,2,0,차대차 - 추돌 - 주정차중,안전운전불이행,건조,맑음,단일로 - 기타,화물,남,52세,사망,화물,남,56세,경상
2012102100100503,2012년 10월 21일 21시,일요일,전라남도 함평군 나산면,경상사고,0,0,1,0,차대차 - 측면직각충돌,직진우회전진행방해,건조,맑음,교차로 - 교차로안,이륜,남,17세,경상,화물,남,52세,상해없음
2012102100100548,2012년 10월 21일 23시,일요일,전라남도 나주시 공산면,중상사고,0,1,2,0,차량단독 - 도로외이탈 - 기타,안전운전불이행,건조,맑음,단일로 - 기타,승용,남,20세,경상,,,,
2012102200100030,2012년 10월 22일 03시,월요일,전라남도 광양시 중동,경상사고,0,0,3,0,차대차 - 측면직각충돌,직진우회전진행방해,건조,맑음,교차로 - 교차로안,승용,남,23세,상해없음,승용,남,53세,경상
2012102200100108,2012년 10월 22일 07시,월요일,전라남도 순천시 해룡면,경상사고,0,0,1,0,차대차 - 추돌 - 진행중,안전거리미확보,건조,맑음,단일로 - 기타,건설기계,남,42세,상해없음,승용,여,42세,경상
2012102200100109,2012년 10월 22일 07시,월요일,전라남도 완도군 고금면,경상사고,0,0,1,0,차대차 - 측면직각충돌,안전운전불이행,습기,비,단일로 - 기타,농기계,남,54세,상해없음,화물,남,65세,경상
2012102200100139,2012년 10월 22일 08시,월요일,전라남도 구례군 구례읍,경상사고,0,0,1,1,차대차 - 추돌 - 주정차중,안전운전불이행,건조,흐림,교차로 - 교차로안,승용,남,38세,부상신고,승용,남,58세,경상
2012102200100177,2012년 10월 22일 09시,월요일,전라남도 여수시 서교동,중상사고,0,1,2,0,차량단독 - 공작물충돌,안전운전불이행,건조,맑음,교차로 - 교차로부근,승합,남,53세,상해없음,,,,
2012102200100178,2012년 10월 22일 09시,월요일,전라남도 함평군 함평읍,경상사고,0,0,1,0,차대차 - 측면직각충돌,직진우회전진행방해,습기,흐림,교차로 - 교차로안,승용,남,56세,상해없음,원동기,남,73세,경상
2012102200100179,2012년 10월 22일 09시,월요일,전라남도 무안군 현경면,중상사고,0,1,0,0,차대사람 - 기타,안전운전불이행,건조,맑음,단일로 - 기타,기타불명,기타불명,기타불명,기타불명,보행자,남,60세,중상
2012102200100213,2012년 10월 22일 10시,월요일,전라남도 목포시 옥암동,경상사고,0,0,1,0,차대차 - 추돌 - 진행중,안전운전불이행,습기,비,교차로 - 교차로부근,승합,여,42세,상해없음,승용,여,49세,경상
2012102200100241,2012년 10월 22일 11시,월요일,전라남도 여수시 미평동,중상사고,0,1,0,0,차대사람 - 횡단중,신호위반,기타,흐림,교차로 - 교차로안,승용,여,44세,상해없음,보행자,여,26세,중상
2012102200100242,2012년 10월 22일 11시,월요일,전라남도 보성군 회천면,경상사고,0,0,1,0,차대차 - 측면직각충돌,중앙선침범,습기,비,단일로 - 기타,화물,남,63세,상해없음,승용,남,54세,경상
2012102200100307,2012년 10월 22일 13시,월요일,전라남도 여수시 연등동,경상사고,0,0,1,0,차대차 - 추돌 - 진행중,안전거리미확보,건조,맑음,단일로 - 기타,화물,남,49세,상해없음,승용,여,50세,경상
2012102200100308,2012년 10월 22일 13시,월요일,전라남도 여수시 봉계동,사망사고,1,3,1,0,차대차 - 측면직각충돌,중앙선침범,건조,맑음,교차로 - 교차로부근,화물,남,76세,사망,승용,여,35세,중상
2012102200100309,2012년 10월 22일 13시,월요일,전라남도 여수시 문수동,중상사고,0,1,0,0,차대사람 - 보도통행중,신호위반,습기,비,단일로 - 횡단보도상,승합,남,36세,상해없음,보행자,여,57세,중상
2012102200100310,2012년 10월 22일 13시,월요일,전라남도 여수시 돌산읍,경상사고,0,0,1,0,차대차 - 측면직각충돌,교차로운행방법위반,건조,맑음,교차로 - 교차로안,화물,남,23세,상해없음,승용,여,43세,경상
2012102200100339,2012년 10월 22일 14시,월요일,전라남도 나주시 다시면,중상사고,0,1,0,0,차량단독 - 공작물충돌,안전운전불이행,습기,비,단일로 - 기타,승용,남,53세,중상,,,,
2012102200100340,2012년 10월 22일 14시,월요일,전라남도 장흥군 장흥읍,경상사고,0,0,5,0,차대차 - 측면직각충돌,중앙선침범,습기,비,단일로 - 기타,화물,남,47세,경상,승용,남,30세,경상
2012102200100341,2012년 10월 22일 14시,월요일,전라남도 화순군 능주면,경상사고,0,0,2,0,차대차 - 측면직각충돌,안전운전불이행,습기,비,단일로 - 기타,승용,여,59세,상해없음,승용,여,32세,경상
2012102200100342,2012년 10월 22일 14시,월요일,전라남도 무안군 무안읍,경상사고,0,0,2,0,차량단독 - 공작물충돌,안전운전불이행,습기,비,단일로 - 기타,승용,남,47세,경상,,,,
2012102200100373,2012년 10월 22일 15시,월요일,전라남도 목포시 옥암동,경상사고,0,0,1,0,차대차 - 측면직각충돌,차로위반,습기,비,단일로 - 기타,승용,남,22세,상해없음,승용,여,31세,경상
2012102200100374,2012년 10월 22일 15시,월요일,전라남도 화순군 화순읍,경상사고,0,0,1,0,차대차 - 추돌 - 주정차중,안전운전불이행,건조,맑음,단일로 - 기타,승용,여,43세,상해없음,화물,남,34세,기타불명
2012102200100412,2012년 10월 22일 16시,월요일,전라남도 목포시 대성동,부상신고사고,0,0,0,1,차대차 - 정면충돌,신호위반,건조,맑음,교차로 - 교차로안,승용,남,60세,상해없음,승합,남,24세,부상신고
2012102200100456,2012년 10월 22일 17시,월요일,전라남도 장성군 장성읍,경상사고,0,0,2,0,차대차 - 측면직각충돌,교차로운행방법위반,습기,비,교차로 - 교차로안,승용,여,40세,상해없음,승용,남,60세,경상
2012102200100521,2012년 10월 22일 18시,월요일,전라남도 나주시 석현동,경상사고,0,0,1,1,차대차 - 측면직각충돌,안전운전불이행,습기,비,교차로 - 교차로안,화물,남,46세,부상신고,승용,여,35세,경상
2012102200100522,2012년 10월 22일 18시,월요일,전라남도 무안군 삼향읍,경상사고,0,0,2,0,차대차 - 측면직각충돌,직진우회전진행방해,습기,맑음,교차로 - 교차로안,승용,여,31세,경상,승용,여,35세,경상
2012102200100595,2012년 10월 22일 19시,월요일,전라남도 목포시 죽교동,중상사고,0,1,0,0,차대차 - 추돌 - 주정차중,안전운전불이행,건조,흐림,단일로 - 기타,승용,남,54세,중상,화물,남,39세,기타불명
2012102200100630,2012년 10월 22일 20시,월요일,전라남도 여수시 광무동,경상사고,0,0,2,0,차대차 - 추돌 - 주정차중,안전운전불이행,건조,맑음,교차로 - 교차로부근,승용,남,50세,상해없음,승용,여,33세,경상
2012102200100631,2012년 10월 22일 20시,월요일,전라남도 담양군 담양읍,경상사고,0,0,3,0,차대차 - 측면직각충돌,안전거리미확보,건조,흐림,단일로 - 기타,승용,여,29세,경상,승용,남,45세,상해없음
2012102200100702,2012년 10월 22일 22시,월요일,전라남도 순천시 조례동,중상사고,0,1,1,0,차대사람 - 횡단중,보행자보호의무위반,건조,맑음,단일로 - 횡단보도상,원동기,남,19세,상해없음,보행자,여,13세,중상
2012102200100703,2012년 10월 22일 22시,월요일,전라남도 무안군 무안읍,경상사고,0,0,1,0,차대사람 - 차도통행중,안전운전불이행,건조,흐림,단일로 - 기타,승용,남,43세,상해없음,보행자,남,43세,경상
2012102200100704,2012년 10월 22일 22시,월요일,전라남도 광양시 금호동,경상사고,0,0,1,0,차량단독 - 공작물충돌,안전운전불이행,건조,맑음,단일로 - 기타,승용,남,24세,경상,,,,
2012102300100023,2012년 10월 23일 01시,화요일,전라남도 순천시 장천동,중상사고,0,1,1,0,차대차 - 측면직각충돌,직진우회전진행방해,건조,맑음,교차로 - 교차로안,승용,남,44세,상해없음,승용,남,48세,상해없음
2012102300100051,2012년 10월 23일 03시,화요일,전라남도 해남군 해남읍,경상사고,0,0,1,0,차대사람 - 기타,안전운전불이행,건조,맑음,단일로 - 기타,화물,남,39세,상해없음,보행자,남,72세,경상
2012102300100110,2012년 10월 23일 07시,화요일,전라남도 순천시 연향동,경상사고,0,0,1,0,차대차 - 추돌 - 진행중,안전운전불이행,건조,맑음,단일로 - 기타,승용,남,34세,상해없음,화물,남,39세,경상
2012102300100158,2012년 10월 23일 08시,화요일,전라남도 해남군 문내면,경상사고,0,0,1,0,차대차 - 측면직각충돌,교차로운행방법위반,건조,맑음,교차로 - 교차로안,화물,남,38세,상해없음,승용,여,47세,경상
2012102300100159,2012년 10월 23일 08시,화요일,전라남도 해남군 해남읍,중상사고,0,3,0,0,차대차 - 측면직각충돌,차로위반,건조,맑음,단일로 - 기타,승용,여,51세,상해없음,승용,남,38세,중상