사고번호,사고일시,요일,시군구,사고내용,사망자수,중상자수,경상자수,부상신고자수,사고유형,법규위반,노면상태,기상상태,도로형태,가해운전자 차종,가해운전자 성별,가해운전자 연령,가해운전자 상해정도,피해운전자 차종,피해운전자 성별,피해운전자 연령,피해운전자 상해정도
2012102300100160,2012년 10월 23일 08시,화요일,전라남도 진도군 의신면,사망사고,1,0,0,0,차대차 - 추돌 - 진행중,교차로운행방법위반,건조,맑음,교차로 - 교차로안,화물,남,33세,상해없음,농기계,남,72세,사망
2012102300100161,2012년 10월 23일 08시,화요일,전라남도 광양시 광양읍,경상사고,0,0,1,0,차대사람 - 차도통행중,안전운전불이행,건조,맑음,단일로 - 기타,승용,남,56세,상해없음,보행자,여,17세,경상
2012102300100213,2012년 10월 23일 09시,화요일,전라남도 화순군 북면,중상사고,0,1,0,0,차대차 - 추돌 - 진행중,안전운전불이행,건조,맑음,단일로 - 기타,승용,남,37세,상해없음,원동기,여,72세,중상
2012102300100249,2012년 10월 23일 10시,화요일,전라남도 고흥군 포두면,중상사고,0,1,0,0,차대차 - 측면직각충돌,기타,건조,맑음,단일로 - 기타,화물,남,50세,상해없음,원동기,남,55세,상해없음
2012102300100250,2012년 10월 23일 10시,화요일,전라남도 완도군 청산면,경상사고,0,0,1,0,차대차 - 추돌 - 진행중,안전거리미확보,건조,맑음,단일로 - 기타,화물,남,47세,상해없음,이륜,남,67세,경상
2012102300100251,2012년 10월 23일 10시,화요일,전라남도 무안군 삼향읍,중상사고,0,4,0,0,차대차 - 추돌 - 진행중,안전운전불이행,건조,맑음,단일로 - 기타,화물,남,66세,상해없음,승용,남,38세,중상
2012102300100274,2012년 10월 23일 11시,화요일,전라남도 목포시 상동,경상사고,0,0,3,0,차대차 - 기타,안전운전불이행,건조,맑음,단일로 - 기타,승용,남,35세,상해없음,승용,남,59세,상해없음
2012102300100275,2012년 10월 23일 11시,화요일,전라남도 목포시 용당동,중상사고,0,1,0,0,차대사람 - 기타,안전운전불이행,건조,맑음,단일로 - 기타,승용,남,66세,상해없음,보행자,여,75세,중상
2012102300100276,2012년 10월 23일 11시,화요일,전라남도 장흥군 관산읍,경상사고,0,0,2,0,차대차 - 기타,안전운전불이행,건조,맑음,단일로 - 기타,화물,남,65세,상해없음,승합,남,41세,경상
2012102300100277,2012년 10월 23일 11시,화요일,전라남도 영암군 삼호읍,중상사고,0,1,0,0,차대차 - 측면직각충돌,교차로운행방법위반,건조,맑음,교차로 - 교차로안,화물,남,69세,상해없음,승용,남,42세,중상
2012102300100293,2012년 10월 23일 12시,화요일,전라남도 순천시 연향동,경상사고,0,0,1,0,차대차 - 기타,안전운전불이행,건조,맑음,단일로 - 기타,승용,남,38세,기타불명,승용,남,56세,경상
2012102300100294,2012년 10월 23일 12시,화요일,전라남도 구례군 용방면,경상사고,0,0,1,0,차대차 - 측면직각충돌,기타,건조,맑음,교차로 - 교차로안,화물,남,50세,상해없음,승용,여,42세,경상
2012102300100318,2012년 10월 23일 13시,화요일,전라남도 영암군 신북면,경상사고,0,0,1,0,차대차 - 정면충돌,중앙선침범,건조,맑음,단일로 - 기타,승용,남,46세,상해없음,승용,남,64세,경상
2012102300100433,2012년 10월 23일 16시,화요일,전라남도 영암군 삼호읍,중상사고,0,1,0,0,차대사람 - 횡단중,안전운전불이행,건조,맑음,단일로 - 기타,승용,여,42세,상해없음,보행자,여,3세,중상
2012102300100472,2012년 10월 23일 17시,화요일,전라남도 여수시 학동,경상사고,0,0,1,0,차대사람 - 횡단중,안전운전불이행,건조,맑음,단일로 - 기타,화물,남,39세,상해없음,보행자,남,10세,경상
2012102300100473,2012년 10월 23일 17시,화요일,전라남도 여수시 여서동,경상사고,0,0,1,0,차대차 - 기타,안전운전불이행,건조,맑음,교차로 - 교차로안,승용,여,37세,상해없음,승용,여,49세,경상
2012102300100474,2012년 10월 23일 17시,화요일,전라남도 순천시 해룡면,경상사고,0,0,2,1,차대차 - 기타,안전운전불이행,건조,맑음,단일로 - 기타,승합,남,59세,상해없음,승합,여,29세,경상
2012102300100475,2012년 10월 23일 17시,화요일,전라남도 고흥군 고흥읍,중상사고,0,1,0,0,차대차 - 측면직각충돌,교차로운행방법위반,건조,맑음,교차로 - 교차로안,화물,남,59세,상해없음,원동기,남,74세,중상
2012102300100476,2012년 10월 23일 17시,화요일,전라남도 장성군 황룡면,중상사고,0,1,0,0,차대차 - 측면직각충돌,신호위반,건조,맑음,교차로 - 교차로안,이륜,남,68세,중상,승용,여,53세,상해없음
2012102300100477,2012년 10월 23일 17시,화요일,전라남도 무안군 현경면,경상사고,0,0,1,0,차대차 - 기타,안전운전불이행,건조,맑음,단일로 - 기타,승합,남,45세,상해없음,농기계,남,71세,경상
2012102300100531,2012년 10월 23일 18시,화요일,전라남도 목포시 용당동,경상사고,0,0,1,0,차대차 - 기타,안전운전불이행,건조,맑음,단일로 - 기타,화물,남,54세,상해없음,승용,여,59세,경상
2012102300100532,2012년 10월 23일 18시,화요일,전라남도 순천시 서면,중상사고,0,1,0,0,차대사람 - 기타,안전운전불이행,건조,맑음,교차로 - 교차로부근,승합,남,59세,상해없음,보행자,여,16세,중상
2012102300100533,2012년 10월 23일 18시,화요일,전라남도 순천시 해룡면,경상사고,0,0,3,0,차대차 - 기타,안전거리미확보,건조,맑음,단일로 - 기타,승용,남,58세,상해없음,승용,남,40세,경상
2012102300100534,2012년 10월 23일 18시,화요일,전라남도 순천시 서면,경상사고,0,0,2,0,차대차 - 기타,안전운전불이행,건조,맑음,단일로 - 기타,승용,남,66세,상해없음,승용,남,55세,경상
2012102300100582,2012년 10월 23일 19시,화요일,전라남도 무안군 청계면,경상사고,0,0,1,0,차대차 - 기타,신호위반,건조,맑음,교차로 - 교차로안,승용,남,60세,상해없음,승용,여,60세,경상
2012102300100638,2012년 10월 23일 21시,화요일,전라남도 목포시 용당동,경상사고,0,0,2,0,차대차 - 기타,안전운전불이행,건조,맑음,단일로 - 기타,승용,남,49세,상해없음,승용,여,23세,경상
2012102300100639,2012년 10월 23일 21시,화요일,전라남도 여수시 둔덕동,경상사고,0,0,3,0,차대차 - 추돌 - 진행중,안전운전불이행,건조,맑음,단일로 - 기타,승용,남,30세,기타불명,승용,남,47세,상해없음
2012102300100677,2012년 10월 23일 22시,화요일,전라남도 순천시 조례동,중상사고,0,1,0,0,차대차 - 기타,안전운전불이행,건조,맑음,단일로 - 기타,승용,남,50세,상해없음,원동기,남,47세,중상
2012102300100678,2012년 10월 23일 22시,화요일,전라남도 영암군 삼호읍,사망사고,1,0,0,0,차대사람 - 기타,안전운전불이행,건조,맑음,단일로 - 기타,승용,여,60세,상해없음,보행자,남,56세,사망
2012102300100679,2012년 10월 23일 22시,화요일,전라남도 광양시 마동,경상사고,0,0,2,0,차대차 - 측면직각충돌,직진우회전진행방해,건조,기타,교차로 - 교차로안,승용,여,43세,경상,승용,남,38세,경상
2012102300100711,2012년 10월 23일 23시,화요일,전라남도 광양시 광영동,경상사고,0,0,1,0,차대사람 - 기타,안전운전불이행,건조,맑음,단일로 - 기타,승용,여,39세,상해없음,보행자,남,44세,경상
2012102400100087,2012년 10월 24일 06시,수요일,전라남도 나주시 금천면,경상사고,0,0,15,0,차대차 - 추돌 - 주정차중,안전거리미확보,건조,맑음,단일로 - 기타,화물,남,40세,경상,화물,남,48세,경상
2012102400100109,2012년 10월 24일 07시,수요일,전라남도 목포시 석현동,경상사고,0,0,1,0,차대차 - 추돌 - 진행중,안전운전불이행,건조,맑음,교차로 - 교차로부근,승용,남,20세,상해없음,화물,남,37세,경상
2012102400100145,2012년 10월 24일 08시,수요일,전라남도 고흥군 포두면,중상사고,0,1,0,0,차대차 - 추돌 - 주정차중,안전운전불이행,건조,맑음,단일로 - 기타,화물,남,65세,상해없음,이륜,여,72세,중상
2012102400100146,2012년 10월 24일 08시,수요일,전라남도 장성군 삼계면,경상사고,0,0,1,0,차대차 - 측면직각충돌,교차로운행방법위반,건조,맑음,교차로 - 교차로안,승용,여,31세,상해없음,승용,여,47세,경상
2012102400100181,2012년 10월 24일 09시,수요일,전라남도 여수시 국동,중상사고,0,1,0,0,차대사람 - 기타,안전운전불이행,건조,맑음,단일로 - 기타,승용,남,29세,상해없음,보행자,여,33세,중상
2012102400100182,2012년 10월 24일 09시,수요일,전라남도 장흥군 장흥읍,중상사고,0,1,0,1,차대차 - 정면충돌,중앙선침범,건조,맑음,단일로 - 기타,승용,여,45세,부상신고,화물,남,37세,중상
2012102400100183,2012년 10월 24일 09시,수요일,전라남도 장흥군 대덕읍,경상사고,0,0,1,0,차대차 - 측면직각충돌,안전운전불이행,건조,맑음,단일로 - 기타,승용,남,40세,상해없음,자전거,여,62세,경상
2012102400100184,2012년 10월 24일 09시,수요일,전라남도 담양군 고서면,부상신고사고,0,0,0,1,차대차 - 기타,안전운전불이행,건조,맑음,교차로 - 교차로안,이륜,남,33세,부상신고,승용,여,58세,상해없음
2012102400100202,2012년 10월 24일 10시,수요일,전라남도 여수시 남산동,경상사고,0,0,2,0,차대차 - 측면직각충돌,중앙선침범,건조,맑음,단일로 - 기타,승용,남,54세,상해없음,승용,남,60세,경상
2012102400100226,2012년 10월 24일 11시,수요일,전라남도 목포시 용해동,중상사고,0,1,0,0,차대차 - 기타,안전운전불이행,건조,맑음,단일로 - 기타,승용,남,29세,상해없음,자전거,남,70세,중상
2012102400100227,2012년 10월 24일 11시,수요일,전라남도 목포시 광동1가,경상사고,0,0,3,0,차대차 - 측면직각충돌,직진우회전진행방해,건조,맑음,교차로 - 교차로안,특수,남,47세,상해없음,승용,남,70세,경상
2012102400100228,2012년 10월 24일 11시,수요일,전라남도 목포시 옥암동,경상사고,0,0,2,0,차대차 - 기타,직진우회전진행방해,건조,맑음,교차로 - 교차로안,승용,남,45세,경상,승용,남,56세,경상
2012102400100229,2012년 10월 24일 11시,수요일,전라남도 영암군 삼호읍,사망사고,1,0,0,0,차대사람 - 기타,안전운전불이행,건조,맑음,단일로 - 기타,건설기계,남,41세,상해없음,보행자,남,53세,사망
2012102400100230,2012년 10월 24일 11시,수요일,전라남도 곡성군 목사동면,경상사고,0,0,1,0,차대차 - 기타,기타,건조,맑음,단일로 - 기타,화물,남,41세,상해없음,승용,남,35세,상해없음
2012102400100308,2012년 10월 24일 14시,수요일,전라남도 여수시 소라면,경상사고,0,0,1,0,차대사람 - 횡단중,안전운전불이행,건조,맑음,단일로 - 기타,승용,남,32세,상해없음,보행자,남,8세,경상
2012102400100309,2012년 10월 24일 14시,수요일,전라남도 영암군 신북면,경상사고,0,0,2,0,차대차 - 정면충돌,직진우회전진행방해,건조,맑음,교차로 - 교차로안,승용,여,26세,경상,화물,남,61세,경상
2012102400100310,2012년 10월 24일 14시,수요일,전라남도 장성군 황룡면,중상사고,0,1,0,0,차대차 - 측면직각충돌,교차로운행방법위반,기타,맑음,교차로 - 교차로안,건설기계,남,57세,상해없음,원동기,남,75세,중상
2012102400100343,2012년 10월 24일 15시,수요일,전라남도 목포시 용해동,중상사고,0,1,0,0,차대사람 - 기타,안전운전불이행,건조,맑음,기타 - 기타,화물,남,31세,상해없음,보행자,여,64세,중상
2012102400100344,2012년 10월 24일 15시,수요일,전라남도 고흥군 고흥읍,중상사고,0,1,3,0,차대차 - 정면충돌,직진우회전진행방해,건조,맑음,교차로 - 교차로안,화물,여,64세,상해없음,승용,남,51세,중상
2012102400100365,2012년 10월 24일 16시,수요일,전라남도 순천시 조례동,경상사고,0,0,1,0,차대차 - 추돌 - 진행중,안전운전불이행,건조,맑음,교차로 - 교차로부근,승용,남,41세,상해없음,승용,남,24세,경상
2012102400100366,2012년 10월 24일 16시,수요일,전라남도 고흥군 두원면,중상사고,0,1,1,0,차대차 - 정면충돌,중앙선침범,건조,맑음,단일로 - 기타,화물,남,38세,중상,화물,남,64세,경상
2012102400100393,2012년 10월 24일 17시,수요일,전라남도 여수시 안산동,부상신고사고,0,0,0,1,차대사람 - 횡단중,안전운전불이행,건조,맑음,단일로 - 기타,승용,남,43세,상해없음,보행자,여,36세,부상신고
2012102400100394,2012년 10월 24일 17시,수요일,전라남도 해남군 해남읍,중상사고,0,1,0,0,차대사람 - 기타,안전운전불이행,건조,맑음,단일로 - 기타,화물,남,50세,상해없음,보행자,여,58세,중상
2012102400100395,2012년 10월 24일 17시,수요일,전라남도 함평군 대동면,중상사고,0,1,0,0,차대사람 - 차도통행중,안전운전불이행,건조,맑음,단일로 - 기타,화물,남,58세,상해없음,보행자,남,42세,중상
2012102400100434,2012년 10월 24일 18시,수요일,전라남도 나주시 산정동,경상사고,0,0,1,0,차대차 - 측면직각충돌,안전거리미확보,건조,맑음,단일로 - 기타,화물,남,53세,상해없음,원동기,남,52세,경상
2012102400100435,2012년 10월 24일 18시,수요일,전라남도 해남군 문내면,경상사고,0,0,1,0,차대차 - 추돌 - 주정차중,안전운전불이행,건조,맑음,교차로 - 교차로부근,승합,남,63세,상해없음,화물,남,47세,경상
2012102400100436,2012년 10월 24일 18시,수요일,전라남도 해남군 화원면,경상사고,0,0,1,0,차대차 - 측면직각충돌,신호위반,건조,맑음,교차로 - 교차로안,화물,여,43세,경상,화물,남,50세,상해없음
2012102400100437,2012년 10월 24일 18시,수요일,전라남도 해남군 마산면,경상사고,0,0,1,0,차대차 - 추돌 - 주정차중,안전운전불이행,건조,맑음,단일로 - 기타,승용,남,46세,상해없음,화물,남,39세,상해없음
2012102400100482,2012년 10월 24일 19시,수요일,전라남도 영광군 영광읍,경상사고,0,0,2,0,차대차 - 측면직각충돌,직진우회전진행방해,건조,맑음,교차로 - 교차로안,승합,남,67세,상해없음,승용,남,34세,경상
2012102400100517,2012년 10월 24일 20시,수요일,전라남도 나주시 성북동,경상사고,0,0,3,0,차대차 - 추돌 - 주정차중,안전운전불이행,건조,맑음,단일로 - 기타,승용,남,35세,상해없음,승용,남,52세,경상
2012102400100554,2012년 10월 24일 21시,수요일,전라남도 광양시 광영동,경상사고,0,0,1,0,차대차 - 측면직각충돌,직진우회전진행방해,건조,맑음,교차로 - 교차로안,승용,남,52세,상해없음,승용,남,51세,경상
2012102400100585,2012년 10월 24일 22시,수요일,전라남도 광양시 금호동,경상사고,0,0,1,0,차대차 - 추돌 - 주정차중,안전운전불이행,건조,맑음,교차로 - 교차로부근,승용,남,49세,상해없음,승용,남,47세,상해없음
2012102400100612,2012년 10월 24일 23시,수요일,전라남도 목포시 산정동,경상사고,0,0,1,0,차대사람 - 보도통행중,안전운전불이행,건조,맑음,단일로 - 기타,승용,남,26세,상해없음,보행자,여,49세,경상
2012102500100012,2012년 10월 25일 00시,목요일,전라남도 광양시 중동,중상사고,0,1,0,0,차대차 - 추돌 - 주정차중,안전운전불이행,건조,맑음,단일로 - 기타,승용,남,45세,중상,화물,남,47세,상해없음
2012102500100087,2012년 10월 25일 06시,목요일,전라남도 순천시 덕암동,중상사고,0,1,0,0,차량단독 - 공작물충돌,안전운전불이행,건조,맑음,교차로 - 교차로부근,승용,남,35세,중상,,,,
2012102500100110,2012년 10월 25일 07시,목요일,전라남도 보성군 보성읍,경상사고,0,0,1,0,차대사람 - 횡단중,보행자보호의무위반,기타,안개,단일로 - 횡단보도상,승용,남,29세,상해없음,보행자,여,14세,경상
2012102500100111,2012년 10월 25일 07시,목요일,전라남도 무안군 운남면,경상사고,0,0,2,0,차대차 - 기타,직진우회전진행방해,건조,맑음,교차로 - 교차로안,승용,남,57세,경상,승용,여,68세,경상
2012102500100155,2012년 10월 25일 08시,목요일,전라남도 여수시 봉강동,경상사고,0,0,1,0,차대사람 - 기타,안전운전불이행,건조,맑음,단일로 - 기타,기타불명,기타불명,기타불명,기타불명,보행자,여,10세,경상
2012102500100156,2012년 10월 25일 08시,목요일,전라남도 고흥군 고흥읍,중상사고,0,1,1,0,차대차 - 기타,안전운전불이행,건조,맑음,단일로 - 기타,화물,여,52세,경상,승용,여,52세,중상
2012102500100157,2012년 10월 25일 08시,목요일,전라남도 보성군 미력면,경상사고,0,0,1,0,차대차 - 측면직각충돌,안전운전불이행,건조,맑음,교차로 - 교차로안,화물,남,40세,상해없음,승용,남,53세,경상
2012102500100158,2012년 10월 25일 08시,목요일,전라남도 함평군 대동면,중상사고,0,1,0,0,차량단독 - 전도전복,안전운전불이행,건조,맑음,단일로 - 기타,이륜,남,79세,중상,,,,
2012102500100159,2012년 10월 25일 08시,목요일,전라남도 광양시 중동,경상사고,0,0,2,0,차대차 - 측면직각충돌,교차로운행방법위반,건조,맑음,교차로 - 교차로안,승용,남,49세,경상,승용,남,51세,경상
2012102500100210,2012년 10월 25일 10시,목요일,전라남도 영암군 시종면,경상사고,0,0,1,0,차대차 - 측면직각충돌,안전운전불이행,건조,맑음,교차로 - 교차로안,승용,남,69세,상해없음,원동기,남,71세,경상
2012102500100234,2012년 10월 25일 11시,목요일,전라남도 해남군 현산면,사망사고,1,0,0,0,차량단독 - 전도전복,안전운전불이행,건조,맑음,단일로 - 기타,농기계,남,56세,사망,,,,
2012102500100260,2012년 10월 25일 12시,목요일,전라남도 여수시 학동,중상사고,0,1,0,0,차대사람 - 횡단중,안전운전불이행,건조,맑음,교차로 - 교차로안,승용,여,50세,상해없음,보행자,여,62세,중상
2012102500100261,2012년 10월 25일 12시,목요일,전라남도 순천시 연향동,경상사고,0,0,2,0,차대차 - 기타,직진우회전진행방해,건조,맑음,교차로 - 교차로안,승용,남,33세,상해없음,원동기,남,22세,경상
2012102500100262,2012년 10월 25일 12시,목요일,전라남도 화순군 화순읍,중상사고,0,1,0,0,차대차 - 측면직각충돌,교차로운행방법위반,건조,맑음,교차로 - 교차로안,승용,남,53세,상해없음,원동기,남,73세,중상
2012102500100289,2012년 10월 25일 13시,목요일,전라남도 순천시 옥천동,부상신고사고,0,0,0,1,차대차 - 기타,안전운전불이행,건조,맑음,교차로 - 교차로안,승합,남,48세,상해없음,승용,남,61세,부상신고
2012102500100290,2012년 10월 25일 13시,목요일,전라남도 영광군 영광읍,중상사고,0,1,0,0,차대차 - 측면직각충돌,안전운전불이행,건조,맑음,단일로 - 기타,화물,여,59세,상해없음,승합,남,58세,상해없음
2012102500100317,2012년 10월 25일 14시,목요일,전라남도 영암군 삼호읍,중상사고,0,1,0,0,차대차 - 측면직각충돌,중앙선침범,건조,맑음,교차로 - 교차로부근,화물,남,52세,상해없음,화물,남,63세,중상
2012102500100318,2012년 10월 25일 14시,목요일,전라남도 강진군 군동면,경상사고,0,0,2,0,차대차 - 추돌 - 진행중,안전운전불이행,건조,맑음,단일로 - 기타,화물,남,56세,상해없음,이륜,남,86세,경상
2012102500100319,2012년 10월 25일 14시,목요일,전라남도 광양시 광양읍,경상사고,0,0,2,0,차대차 - 측면직각충돌,직진우회전진행방해,건조,맑음,교차로 - 교차로안,승용,여,51세,경상,승용,여,36세,경상
2012102500100344,2012년 10월 25일 15시,목요일,전라남도 순천시 연향동,경상사고,0,0,1,0,차대차 - 기타,안전운전불이행,건조,맑음,교차로 - 교차로안,승용,남,74세,상해없음,승용,여,23세,경상
2012102500100345,2012년 10월 25일 15시,목요일,전라남도 장흥군 장흥읍,중상사고,0,1,0,0,차대차 - 측면직각충돌,안전운전불이행,건조,맑음,교차로 - 교차로부근,화물,남,45세,상해없음,자전거,남,88세,중상
2012102500100403,2012년 10월 25일 17시,목요일,전라남도 순천시 해룡면,중상사고,0,1,0,0,차대사람 - 횡단중,보행자보호의무위반,건조,맑음,교차로 - 교차로부근,화물,남,47세,상해없음,보행자,남,8세,중상
2012102500100404,2012년 10월 25일 17시,목요일,전라남도 구례군 구례읍,경상사고,0,0,2,2,차대차 - 추돌 - 주정차중,안전운전불이행,건조,맑음,교차로 - 교차로부근,화물,남,42세,상해없음,화물,남,49세,상해없음
2012102500100446,2012년 10월 25일 18시,목요일,전라남도 순천시 해룡면,경상사고,0,0,3,0,차대차 - 기타,안전거리미확보,건조,맑음,단일로 - 기타,승용,여,49세,상해없음,승용,남,29세,경상
2012102500100447,2012년 10월 25일 18시,목요일,전라남도 순천시 해룡면,중상사고,0,1,0,0,차량단독 - 공작물충돌,안전운전불이행,건조,맑음,단일로 - 기타,승합,남,52세,중상,,,,
2012102500100448,2012년 10월 25일 18시,목요일,전라남도 담양군 대전면,사망사고,1,0,0,0,차량단독 - 기타,안전운전불이행,건조,흐림,단일로 - 기타,자전거,남,70세,사망,,,,
2012102500100488,2012년 10월 25일 19시,목요일,전라남도 해남군 해남읍,경상사고,0,0,3,0,차대차 - 추돌 - 진행중,안전거리미확보,건조,맑음,단일로 - 기타,화물,남,41세,상해없음,화물,남,63세,경상
2012102500100489,2012년 10월 25일 19시,목요일,전라남도 화순군 한천면,경상사고,0,0,1,0,차량단독 - 공작물충돌,안전운전불이행,건조,맑음,단일로 - 기타,화물,남,50세,경상,,,,
2012102500100554,2012년 10월 25일 21시,목요일,전라남도 여수시 봉강동,경상사고,0,0,2,0,차대차 - 추돌 - 진행중,안전운전불이행,건조,맑음,교차로 - 교차로부근,승용,남,75세,상해없음,승용,남,40세,경상
2012102500100555,2012년 10월 25일 21시,목요일,전라남도 순천시 해룡면,경상사고,0,0,1,0,차대차 - 기타,안전운전불이행,건조,맑음,교차로 - 교차로안,승용,여,35세,상해없음,원동기,남,17세,경상
2012102500100588,2012년 10월 25일 22시,목요일,전라남도 화순군 화순읍,중상사고,0,1,0,0,차대차 - 기타,신호위반,건조,흐림,교차로 - 교차로안,이륜,남,16세,중상,승용,남,56세,상해없음
2012102500100589,2012년 10월 25일 22시,목요일,전라남도 광양시 마동,경상사고,0,0,1,0,차대차 - 측면직각충돌,안전운전불이행,건조,맑음,단일로 - 기타,승용,남,53세,상해없음,승용,여,24세,경상
2012102600100093,2012년 10월 26일 05시,금요일,전라남도 목포시 산정동,중상사고,0,1,0,0,차대사람 - 횡단중,안전운전불이행,건조,기타,교차로 - 교차로안,승용,남,63세,상해없음,보행자,여,82세,중상
2012102600100105,2012년 10월 26일 06시,금요일,전라남도 구례군 마산면,중상사고,0,1,0,0,차대차 - 측면직각충돌,안전운전불이행,기타,안개,단일로 - 기타,승용,남,49세,상해없음,화물,남,35세,중상
2012102600100139,2012년 10월 26일 07시,금요일,전라남도 화순군 화순읍,경상사고,0,0,2,0,차대차 - 측면직각충돌,교차로운행방법위반,건조,흐림,교차로 - 교차로안,승용,여,56세,경상,승용,여,40세,경상
2012102600100185,2012년 10월 26일 08시,금요일,전라남도 순천시 풍덕동,중상사고,0,1,0,0,차대차 - 추돌 - 진행중,안전거리미확보,건조,맑음,단일로 - 기타,승용,여,60세,상해없음,화물,남,40세,중상
2012102600100186,2012년 10월 26일 08시,금요일,전라남도 장흥군 관산읍,경상사고,0,0,1,0,차대차 - 기타,중앙선침범,건조,맑음,단일로 - 기타,승합,남,42세,상해없음,승용,여,47세,경상
2012102600100220,2012년 10월 26일 09시,금요일,전라남도 여수시 율촌면,경상사고,0,0,1,0,차대사람 - 기타,안전운전불이행,건조,맑음,기타 - 기타,화물,남,46세,상해없음,보행자,남,45세,경상
2012102600100221,2012년 10월 26일 09시,금요일,전라남도 영광군 영광읍,중상사고,0,1,0,0,차대사람 - 기타,보행자보호의무위반,건조,맑음,단일로 - 횡단보도상,화물,남,50세,상해없음,보행자,여,78세,중상
2012102600100251,2012년 10월 26일 10시,금요일,전라남도 여수시 월내동,경상사고,0,0,1,0,차대차 - 기타,신호위반,건조,맑음,교차로 - 교차로안,화물,남,22세,상해없음,건설기계,남,38세,경상
2012102600100252,2012년 10월 26일 10시,금요일,전라남도 순천시 조례동,경상사고,0,0,1,0,차대차 - 측면직각충돌,신호위반,건조,맑음,교차로 - 교차로안,승용,남,52세,상해없음,승용,남,64세,경상
2012102600100253,2012년 10월 26일 10시,금요일,전라남도 나주시 봉황면,경상사고,0,0,1,0,차량단독 - 도로외이탈 - 기타,안전운전불이행,건조,맑음,단일로 - 기타,화물,여,47세,경상,,,,
2012102600100254,2012년 10월 26일 10시,금요일,전라남도 장성군 삼서면,경상사고,0,0,2,0,차대차 - 측면직각충돌,안전운전불이행,건조,맑음,교차로 - 교차로부근,승용,남,79세,상해없음,승용,남,48세,경상
2012102600100301,2012년 10월 26일 12시,금요일,전라남도 화순군 청풍면,사망사고,1,0,0,0,차량단독 - 전도전복,안전운전불이행,건조,맑음,기타 - 기타,농기계,남,75세,사망,,,,
2012102600100322,2012년 10월 26일 13시,금요일,전라남도 순천시 용당동,중상사고,0,1,0,0,차대사람 - 기타,신호위반,건조,맑음,교차로 - 교차로안,승용,남,51세,상해없음,보행자,여,62세,중상
2012102600100323,2012년 10월 26일 13시,금요일,전라남도 구례군 산동면,경상사고,0,0,1,0,차량단독 - 전도전복,안전운전불이행,습기,맑음,기타 - 기타,건설기계,남,48세,경상,,,,
2012102600100361,2012년 10월 26일 14시,금요일,전라남도 나주시 문평면,사망사고,1,0,0,0,차대차 - 추돌 - 진행중,안전운전불이행,건조,맑음,기타 - 기타,화물,남,44세,상해없음,농기계,남,66세,사망
2012102600100362,2012년 10월 26일 14시,금요일,전라남도 나주시 산포면,경상사고,0,0,1,0,차대사람 - 차도통행중,안전운전불이행,건조,맑음,단일로 - 기타,승용,남,34세,상해없음,보행자,남,25세,경상
2012102600100386,2012년 10월 26일 15시,금요일,전라남도 목포시 대성동,경상사고,0,0,1,0,차대차 - 기타,안전운전불이행,건조,맑음,단일로 - 기타,승용,남,62세,상해없음,승용,여,25세,경상
2012102600100420,2012년 10월 26일 16시,금요일,전라남도 순천시 연향동,경상사고,0,0,5,0,차대차 - 추돌 - 주정차중,안전운전불이행,건조,맑음,단일로 - 기타,승용,여,41세,경상,화물,남,23세,상해없음
2012102600100421,2012년 10월 26일 16시,금요일,전라남도 나주시 용산동,중상사고,0,2,1,0,차대차 - 측면직각충돌,직진우회전진행방해,건조,맑음,교차로 - 교차로안,농기계,남,72세,경상,원동기,남,17세,중상
2012102600100422,2012년 10월 26일 16시,금요일,전라남도 영광군 영광읍,중상사고,0,1,0,0,차대사람 - 횡단중,안전운전불이행,건조,맑음,교차로 - 교차로안,승합,남,60세,상해없음,보행자,여,16세,중상
2012102600100462,2012년 10월 26일 17시,금요일,전라남도 목포시 옥암동,경상사고,0,0,1,0,차대차 - 측면직각충돌,직진우회전진행방해,건조,맑음,교차로 - 교차로안,승용,남,25세,경상,특수,남,30세,상해없음
2012102600100463,2012년 10월 26일 17시,금요일,전라남도 순천시 조례동,경상사고,0,0,1,0,차대차 - 기타,교차로운행방법위반,건조,맑음,교차로 - 교차로안,승용,여,44세,상해없음,승용,여,24세,경상
2012102600100464,2012년 10월 26일 17시,금요일,전라남도 장흥군 대덕읍,경상사고,0,0,1,0,차대차 - 측면직각충돌,안전운전불이행,건조,맑음,단일로 - 기타,화물,남,40세,상해없음,원동기,여,75세,경상
2012102600100465,2012년 10월 26일 17시,금요일,전라남도 영암군 영암읍,경상사고,0,0,1,0,차대사람 - 횡단중,신호위반,건조,맑음,교차로 - 교차로안,원동기,남,79세,상해없음,보행자,여,26세,경상
2012102600100466,2012년 10월 26일 17시,금요일,전라남도 강진군 강진읍,중상사고,0,2,1,0,차대차 - 정면충돌,중앙선침범,건조,맑음,단일로 - 기타,화물,남,52세,중상,승용,여,57세,경상
2012102600100500,2012년 10월 26일 18시,금요일,전라남도 순천시 연향동,경상사고,0,0,6,0,차대차 - 추돌 - 주정차중,안전운전불이행,건조,맑음,교차로 - 교차로부근,승용,남,23세,경상,승용,남,40세,경상