사고번호,사고일시,요일,시군구,사고내용,사망자수,중상자수,경상자수,부상신고자수,사고유형,법규위반,노면상태,기상상태,도로형태,가해운전자 차종,가해운전자 성별,가해운전자 연령,가해운전자 상해정도,피해운전자 차종,피해운전자 성별,피해운전자 연령,피해운전자 상해정도
2012103000100241,2012년 10월 30일 12시,화요일,전라남도 무안군 운남면,경상사고,0,0,1,0,차대차 - 기타,중앙선침범,건조,맑음,단일로 - 기타,원동기,남,38세,경상,승용,남,65세,상해없음
2012103000100242,2012년 10월 30일 12시,화요일,전라남도 구례군 광의면,경상사고,0,0,1,0,차대사람 - 기타,안전운전불이행,건조,맑음,단일로 - 기타,승합,남,57세,상해없음,보행자,남,47세,경상
2012103000100273,2012년 10월 30일 13시,화요일,전라남도 고흥군 도양읍,중상사고,0,1,0,0,차대차 - 기타,안전운전불이행,건조,맑음,교차로 - 교차로안,승용,남,60세,상해없음,승합,남,51세,상해없음
2012103000100274,2012년 10월 30일 13시,화요일,전라남도 보성군 득량면,중상사고,0,1,0,0,차대차 - 측면직각충돌,안전운전불이행,건조,맑음,단일로 - 기타,화물,남,65세,상해없음,이륜,남,73세,중상
2012103000100275,2012년 10월 30일 13시,화요일,전라남도 화순군 능주면,중상사고,0,1,0,0,차대사람 - 기타,안전운전불이행,건조,맑음,기타 - 기타,승합,여,34세,상해없음,보행자,남,61세,중상
2012103000100298,2012년 10월 30일 14시,화요일,전라남도 여수시 주삼동,중상사고,0,1,0,0,차대차 - 측면직각충돌,교차로운행방법위반,건조,맑음,교차로 - 교차로안,화물,여,45세,상해없음,원동기,남,82세,중상
2012103000100299,2012년 10월 30일 14시,화요일,전라남도 나주시 대호동,경상사고,0,0,1,0,차량단독 - 공작물충돌,안전운전불이행,건조,맑음,교차로 - 교차로부근,화물,남,61세,경상,,,,
2012103000100332,2012년 10월 30일 15시,화요일,전라남도 목포시 대안동,경상사고,0,0,2,0,차대차 - 측면직각충돌,교차로운행방법위반,건조,맑음,교차로 - 교차로안,승용,여,50세,경상,승용,남,48세,경상
2012103000100333,2012년 10월 30일 15시,화요일,전라남도 여수시 문수동,경상사고,0,0,1,0,차대차 - 기타,안전거리미확보,건조,맑음,교차로 - 교차로안,승용,여,53세,기타불명,승용,여,55세,경상
2012103000100374,2012년 10월 30일 16시,화요일,전라남도 여수시 봉산동,경상사고,0,0,1,0,차대차 - 기타,교차로운행방법위반,건조,맑음,교차로 - 교차로안,승용,남,36세,기타불명,원동기,남,46세,경상
2012103000100375,2012년 10월 30일 16시,화요일,전라남도 여수시 소라면,중상사고,0,1,0,0,차대차 - 측면직각충돌,안전운전불이행,건조,맑음,단일로 - 기타,승용,남,23세,상해없음,자전거,남,15세,중상
2012103000100408,2012년 10월 30일 17시,화요일,전라남도 나주시 성북동,경상사고,0,0,1,0,차대사람 - 기타,보행자보호의무위반,건조,맑음,교차로 - 교차로부근,승용,남,26세,상해없음,보행자,여,74세,경상
2012103000100409,2012년 10월 30일 17시,화요일,전라남도 담양군 남면,경상사고,0,0,1,0,차대차 - 기타,중앙선침범,건조,맑음,단일로 - 기타,기타불명,기타불명,기타불명,기타불명,이륜,남,38세,경상
2012103000100447,2012년 10월 30일 18시,화요일,전라남도 순천시 덕월동,경상사고,0,0,1,0,차대차 - 기타,안전거리미확보,건조,맑음,단일로 - 기타,화물,남,46세,상해없음,승용,여,52세,경상
2012103000100448,2012년 10월 30일 18시,화요일,전라남도 고흥군 도덕면,중상사고,0,2,0,0,차대차 - 측면직각충돌,직진우회전진행방해,건조,맑음,교차로 - 교차로안,농기계,남,73세,중상,화물,남,55세,상해없음
2012103000100483,2012년 10월 30일 19시,화요일,전라남도 목포시 용당동,중상사고,0,1,0,0,차대차 - 기타,교차로운행방법위반,건조,흐림,교차로 - 교차로안,승용,남,27세,상해없음,화물,남,53세,중상
2012103000100484,2012년 10월 30일 19시,화요일,전라남도 여수시 여서동,경상사고,0,0,1,0,차대사람 - 기타,안전운전불이행,건조,맑음,교차로 - 교차로안,승용,남,24세,상해없음,보행자,남,42세,경상
2012103000100485,2012년 10월 30일 19시,화요일,전라남도 영암군 삼호읍,경상사고,0,0,1,0,차대차 - 추돌 - 주정차중,안전운전불이행,건조,흐림,단일로 - 기타,승합,남,62세,상해없음,화물,남,49세,경상
2012103000100514,2012년 10월 30일 20시,화요일,전라남도 목포시 용당동,경상사고,0,0,2,0,차대차 - 기타,교차로운행방법위반,건조,흐림,교차로 - 교차로안,승용,남,24세,경상,승용,남,47세,상해없음
2012103000100515,2012년 10월 30일 20시,화요일,전라남도 나주시 경현동,경상사고,0,0,1,0,차대차 - 측면직각충돌,안전거리미확보,건조,맑음,단일로 - 기타,승용,남,49세,상해없음,승용,남,34세,경상
2012103000100516,2012년 10월 30일 20시,화요일,전라남도 나주시 왕곡면,경상사고,0,0,2,0,차대차 - 추돌 - 진행중,안전거리미확보,건조,기타,단일로 - 기타,화물,남,51세,상해없음,특수,남,29세,경상
2012103000100517,2012년 10월 30일 20시,화요일,전라남도 영광군 묘량면,중상사고,0,1,1,0,차대차 - 측면직각충돌,차로위반,건조,맑음,단일로 - 기타,화물,남,57세,상해없음,승용,남,58세,경상
2012103000100589,2012년 10월 30일 22시,화요일,전라남도 순천시 조례동,경상사고,0,0,2,0,차대차 - 기타,안전운전불이행,건조,맑음,교차로 - 교차로부근,승합,남,26세,상해없음,승합,남,37세,상해없음
2012103000100620,2012년 10월 30일 23시,화요일,전라남도 여수시 봉강동,경상사고,0,0,3,0,차대차 - 기타,안전운전불이행,건조,맑음,교차로 - 교차로부근,승용,남,28세,상해없음,승용,남,33세,경상
2012103100100044,2012년 10월 31일 03시,수요일,전라남도 여수시 웅천동,경상사고,0,0,2,0,차량단독 - 공작물충돌,안전운전불이행,건조,맑음,교차로 - 교차로안,승용,남,31세,상해없음,,,,
2012103100100090,2012년 10월 31일 07시,수요일,전라남도 나주시 대호동,경상사고,0,0,4,0,차대차 - 측면직각충돌,직진우회전진행방해,건조,맑음,교차로 - 교차로안,승용,남,52세,상해없음,승용,남,31세,경상
2012103100100117,2012년 10월 31일 08시,수요일,전라남도 목포시 대안동,경상사고,0,0,1,0,차대차 - 기타,안전운전불이행,건조,맑음,단일로 - 기타,승용,여,69세,상해없음,승합,남,58세,경상
2012103100100118,2012년 10월 31일 08시,수요일,전라남도 광양시 금호동,경상사고,0,0,1,0,차대차 - 측면직각충돌,신호위반,건조,맑음,교차로 - 교차로부근,자전거,남,12세,경상,기타불명,미분류,기타불명,기타불명
2012103100100147,2012년 10월 31일 09시,수요일,전라남도 순천시 영동,중상사고,0,1,0,0,차대사람 - 횡단중,안전운전불이행,건조,맑음,교차로 - 교차로부근,승용,남,71세,상해없음,보행자,여,74세,중상
2012103100100148,2012년 10월 31일 09시,수요일,전라남도 광양시 황금동,경상사고,0,0,2,0,차대차 - 측면직각충돌,안전운전불이행,건조,맑음,단일로 - 기타,화물,남,73세,경상,승용,여,41세,경상
2012103100100207,2012년 10월 31일 11시,수요일,전라남도 목포시 옥암동,경상사고,0,0,2,0,차대차 - 측면직각충돌,안전운전불이행,건조,맑음,단일로 - 기타,승용,남,32세,경상,화물,남,26세,경상
2012103100100208,2012년 10월 31일 11시,수요일,전라남도 여수시 문수동,경상사고,0,0,4,0,차대차 - 기타,안전운전불이행,건조,맑음,교차로 - 교차로부근,승용,남,55세,상해없음,승합,남,31세,경상
2012103100100209,2012년 10월 31일 11시,수요일,전라남도 순천시 주암면,경상사고,0,0,2,0,차대차 - 측면직각충돌,중앙선침범,건조,맑음,단일로 - 기타,승용,여,45세,경상,화물,남,47세,경상
2012103100100210,2012년 10월 31일 11시,수요일,전라남도 보성군 미력면,중상사고,0,1,1,0,차대차 - 추돌 - 주정차중,안전운전불이행,건조,맑음,단일로 - 기타,화물,남,35세,상해없음,화물,남,71세,중상
2012103100100226,2012년 10월 31일 12시,수요일,전라남도 목포시 옥암동,경상사고,0,0,1,0,차대사람 - 횡단중,신호위반,건조,맑음,단일로 - 횡단보도상,승용,여,53세,상해없음,보행자,여,30세,경상
2012103100100227,2012년 10월 31일 12시,수요일,전라남도 여수시 충무동,경상사고,0,0,2,0,차대사람 - 횡단중,안전운전불이행,건조,맑음,단일로 - 기타,승용,남,46세,상해없음,보행자,여,60세,경상
2012103100100228,2012년 10월 31일 12시,수요일,전라남도 나주시 동강면,중상사고,0,1,0,0,차대차 - 기타,중앙선침범,건조,맑음,교차로 - 교차로안,화물,남,73세,상해없음,자전거,남,73세,중상
2012103100100229,2012년 10월 31일 12시,수요일,전라남도 영광군 영광읍,경상사고,0,0,2,0,차대차 - 기타,안전운전불이행,건조,맑음,단일로 - 기타,승용,남,47세,경상,화물,남,52세,상해없음
2012103100100279,2012년 10월 31일 14시,수요일,전라남도 강진군 칠량면,경상사고,0,0,4,0,차대차 - 추돌 - 주정차중,안전운전불이행,건조,맑음,교차로 - 교차로안,화물,남,36세,상해없음,승용,남,52세,경상
2012103100100307,2012년 10월 31일 15시,수요일,전라남도 순천시 옥천동,경상사고,0,0,1,0,차대차 - 측면직각충돌,안전운전불이행,건조,맑음,단일로 - 기타,승용,여,24세,경상,승용,여,50세,기타불명
2012103100100337,2012년 10월 31일 16시,수요일,전라남도 장흥군 관산읍,중상사고,0,1,0,0,차량단독 - 기타,안전운전불이행,건조,맑음,단일로 - 기타,원동기,남,67세,중상,,,,
2012103100100338,2012년 10월 31일 16시,수요일,전라남도 보성군 보성읍,중상사고,0,1,0,0,차대차 - 측면직각충돌,안전운전불이행,건조,맑음,교차로 - 교차로안,승용,여,57세,상해없음,이륜,남,74세,중상
2012103100100379,2012년 10월 31일 17시,수요일,전라남도 여수시 신월동,경상사고,0,0,2,0,차대차 - 추돌 - 진행중,안전거리미확보,건조,맑음,교차로 - 교차로안,승용,남,49세,상해없음,승용,남,50세,상해없음
2012103100100380,2012년 10월 31일 17시,수요일,전라남도 강진군 강진읍,중상사고,0,1,0,0,차대차 - 정면충돌,안전운전불이행,건조,맑음,교차로 - 교차로안,승용,여,56세,상해없음,원동기,남,59세,중상
2012103100100446,2012년 10월 31일 18시,수요일,전라남도 여수시 문수동,경상사고,0,0,1,0,차대사람 - 길가장자리구역통행중,안전운전불이행,건조,맑음,단일로 - 기타,기타불명,기타불명,기타불명,기타불명,보행자,여,73세,경상
2012103100100447,2012년 10월 31일 18시,수요일,전라남도 순천시 용당동,중상사고,0,1,0,0,차대사람 - 횡단중,신호위반,건조,맑음,단일로 - 횡단보도상,승용,여,40세,상해없음,보행자,남,13세,중상
2012103100100448,2012년 10월 31일 18시,수요일,전라남도 순천시 조례동,중상사고,0,1,0,0,차대차 - 기타,안전운전불이행,건조,맑음,단일로 - 기타,원동기,남,24세,상해없음,승합,남,59세,상해없음
2012103100100449,2012년 10월 31일 18시,수요일,전라남도 화순군 도곡면,중상사고,0,1,0,1,차대차 - 정면충돌,중앙선침범,건조,맑음,단일로 - 기타,승용,여,49세,부상신고,화물,남,42세,중상
2012103100100504,2012년 10월 31일 19시,수요일,전라남도 여수시 안산동,경상사고,0,0,1,0,차대차 - 측면직각충돌,안전거리미확보,건조,맑음,단일로 - 기타,승용,남,46세,상해없음,원동기,남,50세,경상
2012103100100505,2012년 10월 31일 19시,수요일,전라남도 무안군 일로읍,중상사고,0,1,1,0,차대차 - 추돌 - 진행중,안전운전불이행,건조,맑음,단일로 - 기타,승용,남,28세,상해없음,농기계,남,68세,중상
2012103100100506,2012년 10월 31일 19시,수요일,전라남도 장성군 장성읍,경상사고,0,0,1,0,차대차 - 측면직각충돌,안전운전불이행,건조,맑음,단일로 - 기타,승용,남,51세,상해없음,승합,남,54세,경상
2012103100100507,2012년 10월 31일 19시,수요일,전라남도 장성군 장성읍,경상사고,0,0,1,0,차대차 - 측면직각충돌,안전운전불이행,건조,맑음,단일로 - 기타,승용,남,51세,상해없음,승합,남,54세,경상
2012103100100582,2012년 10월 31일 21시,수요일,전라남도 목포시 옥암동,경상사고,0,0,1,0,차대차 - 추돌 - 주정차중,안전운전불이행,습기,흐림,단일로 - 기타,승용,남,58세,상해없음,승용,남,44세,경상
2012103100100583,2012년 10월 31일 21시,수요일,전라남도 무안군 무안읍,중상사고,0,1,1,0,차대사람 - 기타,안전운전불이행,건조,흐림,단일로 - 기타,화물,남,58세,상해없음,보행자,남,27세,중상
2012103100100657,2012년 10월 31일 23시,수요일,전라남도 목포시 상동,경상사고,0,0,2,0,차대차 - 측면직각충돌,교차로운행방법위반,습기,흐림,교차로 - 교차로안,승용,남,27세,상해없음,승합,남,55세,경상
2012103100100658,2012년 10월 31일 23시,수요일,전라남도 곡성군 오곡면,경상사고,0,0,1,0,차대차 - 기타,안전운전불이행,건조,맑음,교차로 - 교차로안,화물,남,42세,상해없음,승용,남,37세,경상
2012110100100060,2012년 11월 1일 03시,목요일,전라남도 목포시 상동,경상사고,0,0,1,0,차대차 - 추돌 - 주정차중,안전운전불이행,습기,흐림,단일로 - 기타,승용,여,20세,상해없음,승용,남,41세,상해없음
2012110100100069,2012년 11월 1일 04시,목요일,전라남도 목포시 산정동,경상사고,0,0,1,0,차대차 - 측면직각충돌,신호위반,건조,흐림,교차로 - 교차로안,승용,남,55세,상해없음,이륜,남,62세,경상
2012110100100119,2012년 11월 1일 07시,목요일,전라남도 보성군 보성읍,중상사고,0,1,0,0,차대차 - 측면직각충돌,직진우회전진행방해,건조,맑음,교차로 - 교차로안,화물,남,37세,상해없음,이륜,여,69세,중상
2012110100100177,2012년 11월 1일 09시,목요일,전라남도 목포시 상동,경상사고,0,0,1,0,차대차 - 기타,안전운전불이행,건조,맑음,교차로 - 교차로안,승용,남,40세,상해없음,이륜,남,42세,경상
2012110100100178,2012년 11월 1일 09시,목요일,전라남도 곡성군 곡성읍,중상사고,0,1,0,0,차대차 - 기타,안전운전불이행,건조,맑음,교차로 - 교차로부근,승용,여,58세,상해없음,이륜,여,67세,중상
2012110100100212,2012년 11월 1일 10시,목요일,전라남도 여수시 화장동,경상사고,0,0,1,0,차대사람 - 기타,안전운전불이행,건조,맑음,기타 - 기타,승용,남,29세,상해없음,보행자,남,42세,경상
2012110100100213,2012년 11월 1일 10시,목요일,전라남도 여수시 연등동,경상사고,0,0,1,0,차대차 - 기타,안전운전불이행,건조,맑음,단일로 - 기타,승용,남,50세,상해없음,승용,남,67세,경상
2012110100100214,2012년 11월 1일 10시,목요일,전라남도 순천시 연향동,경상사고,0,0,2,0,차대차 - 측면직각충돌,차로위반,건조,맑음,단일로 - 기타,승용,남,58세,상해없음,화물,남,28세,경상
2012110100100215,2012년 11월 1일 10시,목요일,전라남도 해남군 북평면,경상사고,0,0,4,0,차대차 - 기타,안전운전불이행,건조,맑음,단일로 - 기타,화물,남,71세,경상,승용,남,58세,경상
2012110100100244,2012년 11월 1일 11시,목요일,전라남도 고흥군 고흥읍,경상사고,0,0,1,0,차대차 - 기타,안전운전불이행,건조,맑음,단일로 - 기타,원동기,남,70세,경상,화물,남,25세,상해없음
2012110100100245,2012년 11월 1일 11시,목요일,전라남도 구례군 구례읍,경상사고,0,0,1,0,차대차 - 측면직각충돌,교차로운행방법위반,건조,맑음,교차로 - 교차로안,승용,남,43세,상해없음,화물,남,28세,경상
2012110100100304,2012년 11월 1일 13시,목요일,전라남도 순천시 옥천동,경상사고,0,0,1,0,차대사람 - 횡단중,안전운전불이행,건조,맑음,교차로 - 교차로안,승용,남,69세,상해없음,보행자,여,80세,경상
2012110100100305,2012년 11월 1일 13시,목요일,전라남도 순천시 석현동,중상사고,0,1,0,0,차대사람 - 보도통행중,보행자보호의무위반,건조,맑음,단일로 - 기타,승용,여,48세,상해없음,보행자,여,62세,중상
2012110100100306,2012년 11월 1일 13시,목요일,전라남도 무안군 일로읍,중상사고,0,1,0,0,차대사람 - 기타,안전운전불이행,건조,맑음,단일로 - 기타,이륜,남,64세,상해없음,보행자,여,55세,중상
2012110100100331,2012년 11월 1일 14시,목요일,전라남도 목포시 용당동,경상사고,0,0,2,0,차대차 - 측면직각충돌,신호위반,건조,맑음,교차로 - 교차로안,승용,남,31세,상해없음,승용,남,32세,경상
2012110100100351,2012년 11월 1일 15시,목요일,전라남도 영암군 삼호읍,사망사고,1,0,0,0,차대차 - 측면직각충돌,직진우회전진행방해,건조,맑음,교차로 - 교차로안,승용,남,53세,상해없음,이륜,남,32세,사망
2012110100100388,2012년 11월 1일 16시,목요일,전라남도 무안군 청계면,중상사고,0,1,2,0,차대차 - 기타,안전운전불이행,건조,맑음,단일로 - 기타,화물,남,57세,중상,승용,남,57세,경상
2012110100100425,2012년 11월 1일 17시,목요일,전라남도 여수시 수정동,중상사고,0,1,0,0,차대사람 - 기타,안전운전불이행,건조,맑음,단일로 - 기타,승합,남,37세,상해없음,보행자,여,80세,중상
2012110100100426,2012년 11월 1일 17시,목요일,전라남도 여수시 선원동,경상사고,0,0,1,0,차대차 - 측면직각충돌,안전거리미확보,건조,맑음,교차로 - 교차로부근,승용,남,38세,상해없음,승용,남,52세,상해없음
2012110100100427,2012년 11월 1일 17시,목요일,전라남도 무안군 청계면,경상사고,0,0,1,0,차대차 - 기타,중앙선침범,건조,맑음,단일로 - 기타,승용,남,69세,상해없음,화물,남,39세,경상
2012110100100428,2012년 11월 1일 17시,목요일,전라남도 구례군 토지면,중상사고,0,2,0,0,차대차 - 측면직각충돌,교차로운행방법위반,건조,맑음,교차로 - 교차로안,화물,남,76세,상해없음,농기계,남,47세,중상
2012110100100483,2012년 11월 1일 18시,목요일,전라남도 여수시 학동,경상사고,0,0,1,0,차대차 - 측면직각충돌,안전운전불이행,건조,맑음,기타 - 기타,승용,남,69세,기타불명,승용,여,53세,경상
2012110100100484,2012년 11월 1일 18시,목요일,전라남도 순천시 장천동,경상사고,0,0,3,0,차대차 - 추돌 - 주정차중,안전운전불이행,건조,맑음,교차로 - 교차로부근,화물,여,46세,상해없음,승용,여,48세,경상
2012110100100485,2012년 11월 1일 18시,목요일,전라남도 장흥군 관산읍,경상사고,0,0,3,0,차대차 - 측면직각충돌,교차로운행방법위반,건조,맑음,교차로 - 교차로안,승용,여,48세,상해없음,승합,남,56세,상해없음
2012110100100486,2012년 11월 1일 18시,목요일,전라남도 완도군 청산면,중상사고,0,1,0,0,차대차 - 측면직각충돌,교차로운행방법위반,건조,맑음,교차로 - 교차로안,화물,남,59세,상해없음,자전거,미분류,12세,중상
2012110100100538,2012년 11월 1일 19시,목요일,전라남도 장흥군 장흥읍,중상사고,0,1,2,0,차대차 - 기타,안전운전불이행,건조,맑음,단일로 - 기타,화물,남,62세,상해없음,승용,여,44세,중상
2012110100100576,2012년 11월 1일 20시,목요일,전라남도 순천시 연향동,중상사고,0,1,0,0,차대사람 - 기타,안전운전불이행,건조,맑음,미분류 - 미분류,승용,남,30세,상해없음,보행자,남,41세,중상
2012110100100606,2012년 11월 1일 21시,목요일,전라남도 완도군 완도읍,경상사고,0,0,3,0,차대차 - 추돌 - 주정차중,기타,건조,맑음,단일로 - 기타,화물,남,62세,상해없음,승용,남,34세,경상
2012110100100639,2012년 11월 1일 22시,목요일,전라남도 목포시 상동,경상사고,0,0,1,0,차대차 - 추돌 - 진행중,안전운전불이행,건조,맑음,교차로 - 교차로안,승용,남,39세,상해없음,이륜,남,54세,경상
2012110200100044,2012년 11월 2일 02시,금요일,전라남도 순천시 조곡동,경상사고,0,0,1,0,차량단독 - 공작물충돌,안전운전불이행,건조,맑음,단일로 - 기타,승용,남,31세,경상,,,,
2012110200100060,2012년 11월 2일 05시,금요일,전라남도 여수시 선원동,중상사고,0,1,1,0,차대차 - 측면직각충돌,신호위반,건조,맑음,교차로 - 교차로안,승용,남,40세,상해없음,승용,남,54세,경상
2012110200100077,2012년 11월 2일 06시,금요일,전라남도 여수시 신월동,경상사고,0,0,1,0,차대차 - 추돌 - 주정차중,안전운전불이행,건조,맑음,교차로 - 교차로부근,승용,남,36세,상해없음,승용,남,30세,경상
2012110200100078,2012년 11월 2일 06시,금요일,전라남도 무안군 삼향읍,중상사고,0,1,0,0,차대차 - 측면직각충돌,신호위반,건조,맑음,교차로 - 교차로안,승용,남,36세,상해없음,승용,여,35세,중상
2012110200100100,2012년 11월 2일 07시,금요일,전라남도 목포시 석현동,경상사고,0,0,3,0,차대차 - 기타,안전운전불이행,건조,맑음,교차로 - 교차로부근,승용,남,43세,상해없음,승용,남,48세,경상
2012110200100101,2012년 11월 2일 07시,금요일,전라남도 목포시 상동,중상사고,0,1,0,0,차대차 - 기타,안전운전불이행,건조,맑음,교차로 - 교차로안,화물,남,25세,상해없음,이륜,여,53세,중상
2012110200100205,2012년 11월 2일 10시,금요일,전라남도 목포시 연산동,경상사고,0,0,3,0,차대차 - 측면직각충돌,안전운전불이행,건조,맑음,단일로 - 기타,승용,남,19세,상해없음,승합,남,55세,상해없음
2012110200100206,2012년 11월 2일 10시,금요일,전라남도 영암군 삼호읍,사망사고,1,0,0,0,차대차 - 기타,안전운전불이행,건조,맑음,단일로 - 기타,승용,남,46세,상해없음,자전거,남,39세,사망
2012110200100235,2012년 11월 2일 11시,금요일,전라남도 해남군 해남읍,경상사고,0,0,4,0,차대차 - 측면직각충돌,중앙선침범,건조,맑음,단일로 - 기타,승용,남,68세,상해없음,승용,남,46세,경상
2012110200100236,2012년 11월 2일 11시,금요일,전라남도 장성군 북하면,경상사고,0,0,2,0,차대차 - 추돌 - 주정차중,안전거리미확보,건조,맑음,단일로 - 기타,승용,여,36세,상해없음,승용,남,44세,경상
2012110200100237,2012년 11월 2일 11시,금요일,전라남도 완도군 약산면,중상사고,0,1,2,0,차대차 - 정면충돌,중앙선침범,건조,맑음,단일로 - 기타,승용,남,57세,상해없음,승용,여,34세,경상
2012110200100274,2012년 11월 2일 12시,금요일,전라남도 목포시 옥암동,경상사고,0,0,3,1,차대차 - 측면직각충돌,신호위반,건조,맑음,교차로 - 교차로안,승합,남,70세,경상,승용,남,62세,경상
2012110200100275,2012년 11월 2일 12시,금요일,전라남도 여수시 중앙동,경상사고,0,0,1,0,차대차 - 측면직각충돌,교차로운행방법위반,건조,맑음,교차로 - 교차로안,승합,남,55세,상해없음,승용,남,64세,상해없음
2012110200100307,2012년 11월 2일 13시,금요일,전라남도 화순군 화순읍,경상사고,0,0,1,0,차대차 - 추돌 - 진행중,안전운전불이행,건조,맑음,교차로 - 교차로안,화물,남,53세,상해없음,원동기,남,63세,경상
2012110200100374,2012년 11월 2일 15시,금요일,전라남도 장성군 장성읍,경상사고,0,0,2,1,차대차 - 추돌 - 진행중,안전거리미확보,건조,맑음,단일로 - 기타,승용,남,50세,부상신고,화물,남,68세,경상
2012110200100403,2012년 11월 2일 16시,금요일,전라남도 무안군 현경면,중상사고,0,2,2,0,차대차 - 정면충돌,과속,건조,맑음,단일로 - 기타,화물,남,64세,중상,승용,남,34세,경상
2012110200100404,2012년 11월 2일 16시,금요일,전라남도 광양시 진상면,중상사고,0,1,0,0,차량단독 - 전도전복,안전운전불이행,기타,맑음,기타 - 기타,기타불명,남,41세,중상,,,,
2012110200100436,2012년 11월 2일 17시,금요일,전라남도 보성군 벌교읍,중상사고,0,1,0,0,차대사람 - 횡단중,안전운전불이행,건조,맑음,교차로 - 교차로부근,화물,남,55세,상해없음,보행자,남,48세,중상
2012110200100437,2012년 11월 2일 17시,금요일,전라남도 함평군 손불면,경상사고,0,0,1,0,차대차 - 측면직각충돌,직진우회전진행방해,건조,맑음,교차로 - 교차로안,화물,남,52세,상해없음,승합,여,53세,경상
2012110200100438,2012년 11월 2일 17시,금요일,전라남도 담양군 대전면,사망사고,1,0,0,0,차대차 - 기타,안전운전불이행,건조,맑음,교차로 - 교차로안,원동기,여,58세,사망,승용,남,40세,상해없음
2012110200100492,2012년 11월 2일 18시,금요일,전라남도 신안군 자은면,중상사고,0,2,0,0,차량단독 - 공작물충돌,교차로운행방법위반,건조,맑음,교차로 - 교차로안,화물,남,64세,중상,,,,
2012110200100493,2012년 11월 2일 18시,금요일,전라남도 목포시 상동,경상사고,0,0,3,0,차대차 - 측면직각충돌,교차로운행방법위반,건조,맑음,교차로 - 교차로안,승용,남,78세,경상,승용,남,42세,경상
2012110200100494,2012년 11월 2일 18시,금요일,전라남도 목포시 산정동,경상사고,0,0,1,0,차대차 - 측면직각충돌,안전운전불이행,건조,맑음,단일로 - 기타,승용,여,42세,상해없음,자전거,남,72세,경상
2012110200100495,2012년 11월 2일 18시,금요일,전라남도 순천시 해룡면,중상사고,0,2,0,0,차대사람 - 기타,안전운전불이행,건조,맑음,단일로 - 기타,원동기,남,27세,상해없음,보행자,남,4세,중상
2012110200100496,2012년 11월 2일 18시,금요일,전라남도 순천시 저전동,중상사고,0,1,0,0,차대사람 - 기타,안전운전불이행,건조,맑음,단일로 - 기타,승용,여,56세,상해없음,보행자,여,15세,중상
2012110200100497,2012년 11월 2일 18시,금요일,전라남도 장흥군 장흥읍,중상사고,0,1,1,0,차대차 - 기타,안전운전불이행,건조,맑음,기타 - 기타,원동기,남,30세,경상,자전거,여,64세,중상
2012110200100498,2012년 11월 2일 18시,금요일,전라남도 함평군 대동면,중상사고,0,1,0,0,차대차 - 추돌 - 주정차중,안전운전불이행,건조,맑음,단일로 - 기타,원동기,남,50세,중상,승용,여,35세,기타불명
2012110200100499,2012년 11월 2일 18시,금요일,전라남도 장성군 삼서면,중상사고,0,1,0,0,차대사람 - 기타,안전운전불이행,건조,맑음,교차로 - 교차로안,승용,남,31세,상해없음,보행자,남,68세,중상
2012110200100550,2012년 11월 2일 19시,금요일,전라남도 여수시 여천동,경상사고,0,0,2,0,차대차 - 측면직각충돌,안전운전불이행,건조,맑음,단일로 - 기타,승용,남,51세,기타불명,승용,남,58세,경상
2012110200100551,2012년 11월 2일 19시,금요일,전라남도 순천시 남정동,경상사고,0,0,1,0,차대차 - 기타,안전운전불이행,건조,맑음,단일로 - 기타,기타불명,기타불명,기타불명,기타불명,승용,여,50세,경상
2012110200100552,2012년 11월 2일 19시,금요일,전라남도 순천시 장천동,경상사고,0,0,1,0,차대차 - 기타,안전운전불이행,건조,맑음,단일로 - 기타,승용,남,45세,상해없음,원동기,남,30세,경상
2012110200100553,2012년 11월 2일 19시,금요일,전라남도 고흥군 풍양면,사망사고,1,1,0,0,차대사람 - 기타,기타,건조,맑음,단일로 - 기타,승용,남,37세,상해없음,보행자,여,72세,사망
2012110200100599,2012년 11월 2일 20시,금요일,전라남도 목포시 옥암동,중상사고,0,1,0,0,차대사람 - 횡단중,안전운전불이행,건조,맑음,단일로 - 기타,승용,남,22세,상해없음,보행자,여,63세,중상
2012110200100600,2012년 11월 2일 20시,금요일,전라남도 순천시 승주읍,경상사고,0,0,1,0,차대사람 - 기타,안전운전불이행,건조,맑음,단일로 - 기타,승용,남,26세,상해없음,보행자,남,19세,경상
2012110200100601,2012년 11월 2일 20시,금요일,전라남도 광양시 중동,경상사고,0,0,1,0,차대차 - 측면직각충돌,중앙선침범,건조,맑음,단일로 - 기타,화물,남,31세,상해없음,승용,남,31세,경상
2012110200100602,2012년 11월 2일 20시,금요일,전라남도 구례군 구례읍,경상사고,0,0,1,0,차대차 - 측면직각충돌,교차로운행방법위반,건조,맑음,교차로 - 교차로안,승용,남,34세,상해없음,이륜,남,55세,경상
2012110200100636,2012년 11월 2일 21시,금요일,전라남도 나주시 대호동,경상사고,0,0,1,0,차대차 - 측면직각충돌,안전운전불이행,건조,맑음,교차로 - 교차로안,승용,여,38세,상해없음,원동기,남,17세,경상