사고번호,사고일시,요일,시군구,사고내용,사망자수,중상자수,경상자수,부상신고자수,사고유형,법규위반,노면상태,기상상태,도로형태,가해운전자 차종,가해운전자 성별,가해운전자 연령,가해운전자 상해정도,피해운전자 차종,피해운전자 성별,피해운전자 연령,피해운전자 상해정도
2012110200100637,2012년 11월 2일 21시,금요일,전라남도 영암군 삼호읍,경상사고,0,0,1,0,차대차 - 측면직각충돌,신호위반,건조,맑음,교차로 - 교차로부근,승용,남,42세,상해없음,승용,여,43세,경상
2012110200100638,2012년 11월 2일 21시,금요일,전라남도 광양시 중동,경상사고,0,0,2,0,차대차 - 추돌 - 진행중,안전운전불이행,건조,맑음,교차로 - 교차로부근,승용,남,57세,상해없음,승용,남,48세,경상
2012110200100639,2012년 11월 2일 21시,금요일,전라남도 광양시 중동,중상사고,0,1,0,0,차대차 - 추돌 - 진행중,안전운전불이행,건조,맑음,교차로 - 교차로안,이륜,남,26세,중상,승용,남,33세,상해없음
2012110200100674,2012년 11월 2일 22시,금요일,전라남도 광양시 광양읍,중상사고,0,1,1,0,차대차 - 추돌 - 진행중,안전운전불이행,건조,맑음,교차로 - 교차로부근,화물,남,25세,중상,승합,남,34세,경상
2012110200100705,2012년 11월 2일 23시,금요일,전라남도 광양시 성황동,중상사고,0,2,1,0,차대차 - 추돌 - 진행중,안전운전불이행,건조,맑음,교차로 - 교차로부근,승용,남,60세,상해없음,화물,남,38세,중상
2012110300100061,2012년 11월 3일 02시,토요일,전라남도 목포시 산정동,경상사고,0,0,3,0,차대차 - 측면직각충돌,교차로운행방법위반,건조,맑음,교차로 - 교차로안,승용,남,22세,경상,승용,여,51세,경상
2012110300100096,2012년 11월 3일 04시,토요일,전라남도 순천시 조례동,중상사고,0,1,2,0,차대차 - 기타,안전운전불이행,건조,맑음,교차로 - 교차로안,승용,남,36세,상해없음,승용,남,31세,경상
2012110300100184,2012년 11월 3일 08시,토요일,전라남도 고흥군 도양읍,중상사고,0,1,0,0,차대사람 - 기타,안전운전불이행,건조,맑음,단일로 - 기타,승용,남,38세,상해없음,보행자,여,61세,중상
2012110300100207,2012년 11월 3일 09시,토요일,전라남도 여수시 둔덕동,중상사고,0,1,0,0,차대차 - 기타,교차로운행방법위반,건조,맑음,교차로 - 교차로안,승용,남,70세,상해없음,화물,남,37세,중상
2012110300100208,2012년 11월 3일 09시,토요일,전라남도 고흥군 동강면,중상사고,0,1,0,0,차대차 - 추돌 - 진행중,안전거리미확보,건조,맑음,단일로 - 기타,승용,남,34세,중상,건설기계,남,41세,상해없음
2012110300100243,2012년 11월 3일 10시,토요일,전라남도 영광군 법성면,중상사고,0,1,1,0,차대차 - 측면직각충돌,안전운전불이행,건조,맑음,단일로 - 기타,승용,남,45세,상해없음,승용,남,54세,중상
2012110300100282,2012년 11월 3일 11시,토요일,전라남도 구례군 용방면,경상사고,0,0,1,0,차량단독 - 공작물충돌,안전운전불이행,건조,맑음,단일로 - 기타,승용,남,59세,경상,,,,
2012110300100325,2012년 11월 3일 12시,토요일,전라남도 고흥군 고흥읍,중상사고,0,1,2,0,차대차 - 추돌 - 진행중,안전거리미확보,건조,맑음,단일로 - 기타,승용,여,71세,경상,승합,남,60세,경상
2012110300100326,2012년 11월 3일 12시,토요일,전라남도 장성군 북하면,중상사고,0,1,2,0,차대차 - 추돌 - 진행중,안전운전불이행,건조,맑음,단일로 - 기타,승용,남,55세,상해없음,승용,여,56세,경상
2012110300100327,2012년 11월 3일 12시,토요일,전라남도 무안군 삼향읍,중상사고,0,1,1,0,차대차 - 측면직각충돌,직진우회전진행방해,건조,맑음,교차로 - 교차로안,승용,남,50세,상해없음,승용,여,45세,중상
2012110300100360,2012년 11월 3일 13시,토요일,전라남도 목포시 상동,경상사고,0,0,5,0,차대차 - 기타,안전운전불이행,건조,맑음,교차로 - 교차로부근,승용,남,31세,경상,승용,남,25세,경상
2012110300100361,2012년 11월 3일 13시,토요일,전라남도 목포시 용해동,부상신고사고,0,0,0,1,차대사람 - 보도통행중,기타,건조,맑음,단일로 - 기타,기타불명,기타불명,기타불명,기타불명,보행자,남,15세,부상신고
2012110300100404,2012년 11월 3일 14시,토요일,전라남도 여수시 신월동,경상사고,0,0,1,0,차대차 - 추돌 - 주정차중,안전운전불이행,건조,맑음,단일로 - 기타,승용,남,58세,상해없음,승용,남,48세,경상
2012110300100405,2012년 11월 3일 14시,토요일,전라남도 순천시 조례동,중상사고,0,1,0,1,차대사람 - 보도통행중,보행자보호의무위반,건조,맑음,교차로 - 교차로안,승용,여,58세,상해없음,보행자,여,32세,중상
2012110300100406,2012년 11월 3일 14시,토요일,전라남도 순천시 덕월동,경상사고,0,0,4,1,차대차 - 기타,안전운전불이행,건조,맑음,단일로 - 기타,화물,남,54세,부상신고,승용,남,63세,상해없음
2012110300100407,2012년 11월 3일 14시,토요일,전라남도 화순군 화순읍,부상신고사고,0,0,0,1,차대사람 - 길가장자리구역통행중,안전운전불이행,건조,맑음,단일로 - 기타,기타불명,기타불명,기타불명,기타불명,보행자,남,10세,부상신고
2012110300100445,2012년 11월 3일 15시,토요일,전라남도 순천시 월등면,경상사고,0,0,1,0,차대사람 - 기타,안전운전불이행,건조,맑음,교차로 - 교차로부근,승합,여,50세,상해없음,보행자,남,80세,경상
2012110300100446,2012년 11월 3일 15시,토요일,전라남도 광양시 진월면,경상사고,0,0,1,0,차대차 - 측면직각충돌,중앙선침범,건조,맑음,단일로 - 기타,원동기,남,66세,경상,승용,여,37세,상해없음
2012110300100447,2012년 11월 3일 15시,토요일,전라남도 광양시 광양읍,경상사고,0,0,3,0,차대차 - 측면직각충돌,직진우회전진행방해,건조,맑음,교차로 - 교차로안,이륜,남,22세,상해없음,승용,남,28세,경상
2012110300100448,2012년 11월 3일 15시,토요일,전라남도 구례군 토지면,경상사고,0,0,1,0,차대사람 - 길가장자리구역통행중,안전운전불이행,건조,맑음,단일로 - 기타,승용,여,54세,상해없음,보행자,여,65세,경상
2012110300100482,2012년 11월 3일 16시,토요일,전라남도 목포시 옥암동,경상사고,0,0,1,0,차대차 - 기타,안전운전불이행,건조,맑음,단일로 - 기타,승용,남,62세,상해없음,승합,남,42세,경상
2012110300100483,2012년 11월 3일 16시,토요일,전라남도 여수시 선원동,경상사고,0,0,4,0,차대차 - 기타,안전운전불이행,건조,맑음,교차로 - 교차로부근,승용,여,53세,상해없음,승용,여,26세,경상
2012110300100484,2012년 11월 3일 16시,토요일,전라남도 구례군 구례읍,부상신고사고,0,0,0,1,차대차 - 측면직각충돌,안전거리미확보,건조,맑음,교차로 - 교차로안,이륜,남,60세,부상신고,승용,남,45세,상해없음
2012110300100522,2012년 11월 3일 17시,토요일,전라남도 순천시 동외동,중상사고,0,1,0,0,차대사람 - 기타,안전운전불이행,건조,맑음,단일로 - 기타,승용,남,39세,상해없음,보행자,남,13세,중상
2012110300100523,2012년 11월 3일 17시,토요일,전라남도 곡성군 석곡면,경상사고,0,0,1,0,차대차 - 추돌 - 주정차중,안전운전불이행,건조,맑음,단일로 - 기타,원동기,여,63세,경상,화물,남,45세,기타불명
2012110300100577,2012년 11월 3일 18시,토요일,전라남도 순천시 해룡면,경상사고,0,0,4,0,차대차 - 기타,안전운전불이행,건조,맑음,교차로 - 교차로안,승용,여,38세,경상,승용,남,62세,경상
2012110300100578,2012년 11월 3일 18시,토요일,전라남도 나주시 노안면,중상사고,0,1,0,0,차대차 - 추돌 - 진행중,안전운전불이행,건조,맑음,단일로 - 기타,승용,남,33세,상해없음,농기계,남,73세,중상
2012110300100579,2012년 11월 3일 18시,토요일,전라남도 보성군 벌교읍,중상사고,0,1,0,0,차량단독 - 기타,안전운전불이행,건조,맑음,단일로 - 기타,이륜,남,68세,중상,,,,
2012110300100580,2012년 11월 3일 18시,토요일,전라남도 담양군 담양읍,중상사고,0,2,1,0,차대차 - 측면직각충돌,안전운전불이행,건조,맑음,교차로 - 교차로안,승용,남,52세,상해없음,승용,남,51세,경상
2012110300100581,2012년 11월 3일 18시,토요일,전라남도 담양군 담양읍,경상사고,0,0,3,0,차대차 - 추돌 - 진행중,안전운전불이행,건조,맑음,단일로 - 기타,화물,남,52세,상해없음,승합,남,49세,경상
2012110300100582,2012년 11월 3일 18시,토요일,전라남도 장성군 장성읍,경상사고,0,0,2,0,차대차 - 추돌 - 진행중,안전거리미확보,건조,맑음,단일로 - 기타,승용,남,39세,상해없음,승용,남,46세,경상
2012110300100626,2012년 11월 3일 19시,토요일,전라남도 여수시 봉산동,경상사고,0,0,1,0,차대사람 - 횡단중,신호위반,건조,맑음,단일로 - 횡단보도상,승용,남,49세,상해없음,보행자,남,28세,경상
2012110300100627,2012년 11월 3일 19시,토요일,전라남도 구례군 구례읍,부상신고사고,0,0,0,1,차대차 - 측면직각충돌,교차로운행방법위반,건조,맑음,교차로 - 교차로안,화물,남,61세,부상신고,건설기계,남,32세,상해없음
2012110300100662,2012년 11월 3일 20시,토요일,전라남도 순천시 옥천동,중상사고,0,1,0,0,차대사람 - 차도통행중,안전운전불이행,건조,맑음,단일로 - 기타,화물,남,43세,상해없음,보행자,남,66세,중상
2012110300100663,2012년 11월 3일 20시,토요일,전라남도 영암군 덕진면,사망사고,1,2,0,0,차대차 - 추돌 - 진행중,안전운전불이행,건조,맑음,단일로 - 기타,화물,남,68세,중상,농기계,남,52세,상해없음
2012110300100664,2012년 11월 3일 20시,토요일,전라남도 광양시 옥곡면,경상사고,0,0,2,0,차대차 - 추돌 - 주정차중,안전운전불이행,건조,흐림,교차로 - 교차로부근,승용,남,45세,상해없음,화물,남,60세,경상
2012110300100707,2012년 11월 3일 21시,토요일,전라남도 순천시 조례동,중상사고,0,1,0,0,차대사람 - 보도통행중,안전운전불이행,건조,맑음,단일로 - 기타,승용,여,53세,상해없음,보행자,남,3세,중상
2012110300100708,2012년 11월 3일 21시,토요일,전라남도 순천시 조곡동,경상사고,0,0,2,0,차대차 - 추돌 - 진행중,직진우회전진행방해,건조,맑음,교차로 - 교차로안,승용,여,51세,상해없음,승용,남,49세,상해없음
2012110300100709,2012년 11월 3일 21시,토요일,전라남도 영암군 삼호읍,중상사고,0,1,0,0,차량단독 - 공작물충돌,안전운전불이행,건조,맑음,교차로 - 교차로부근,이륜,남,41세,중상,,,,
2012110300100745,2012년 11월 3일 22시,토요일,전라남도 순천시 조례동,경상사고,0,0,1,0,차대차 - 기타,안전운전불이행,건조,맑음,교차로 - 교차로안,자전거,남,19세,경상,승용,여,42세,상해없음
2012110300100784,2012년 11월 3일 23시,토요일,전라남도 목포시 상동,경상사고,0,0,4,0,차대차 - 기타,직진우회전진행방해,건조,맑음,교차로 - 교차로안,승용,남,35세,경상,승용,남,55세,경상
2012110300100785,2012년 11월 3일 23시,토요일,전라남도 고흥군 포두면,경상사고,0,0,2,0,차대사람 - 기타,안전운전불이행,건조,맑음,단일로 - 기타,승용,남,32세,상해없음,보행자,여,47세,경상
2012110300100786,2012년 11월 3일 23시,토요일,전라남도 완도군 노화읍,중상사고,0,1,1,0,차량단독 - 도로외이탈 - 기타,안전운전불이행,습기,흐림,단일로 - 기타,승용,남,29세,상해없음,,,,
2012110400100016,2012년 11월 4일 00시,일요일,전라남도 순천시 해룡면,경상사고,0,0,1,0,차대차 - 추돌 - 진행중,안전운전불이행,건조,맑음,단일로 - 기타,승용,남,48세,상해없음,승용,남,31세,경상
2012110400100036,2012년 11월 4일 01시,일요일,전라남도 목포시 상동,경상사고,0,0,1,0,차대차 - 기타,안전운전불이행,건조,맑음,교차로 - 교차로부근,승용,남,61세,상해없음,승용,남,41세,경상
2012110400100037,2012년 11월 4일 01시,일요일,전라남도 목포시 옥암동,경상사고,0,0,1,0,차대사람 - 보도통행중,안전운전불이행,건조,맑음,단일로 - 기타,승용,여,36세,상해없음,보행자,남,30세,경상
2012110400100054,2012년 11월 4일 02시,일요일,전라남도 목포시 상동,중상사고,0,1,1,0,차대차 - 측면직각충돌,신호위반,건조,맑음,교차로 - 교차로안,승용,남,29세,경상,승용,여,57세,중상
2012110400100077,2012년 11월 4일 04시,일요일,전라남도 목포시 상동,경상사고,0,0,1,0,차대차 - 기타,안전운전불이행,건조,맑음,단일로 - 기타,승용,남,33세,상해없음,승용,남,36세,경상
2012110400100078,2012년 11월 4일 04시,일요일,전라남도 나주시 산포면,경상사고,0,0,1,0,차량단독 - 공작물충돌,안전운전불이행,건조,맑음,단일로 - 기타,승용,남,44세,경상,,,,
2012110400100157,2012년 11월 4일 10시,일요일,전라남도 해남군 북평면,경상사고,0,0,2,0,차대차 - 추돌 - 진행중,안전거리미확보,습기,비,단일로 - 기타,승합,남,50세,경상,승용,남,50세,경상
2012110400100158,2012년 11월 4일 10시,일요일,전라남도 진도군 임회면,중상사고,0,1,0,0,차대차 - 측면직각충돌,안전운전불이행,습기,비,단일로 - 기타,이륜,남,75세,중상,화물,남,65세,상해없음
2012110400100217,2012년 11월 4일 13시,일요일,전라남도 여수시 돌산읍,중상사고,0,1,0,0,차대차 - 기타,안전운전불이행,건조,흐림,단일로 - 기타,화물,남,52세,기타불명,승용,남,68세,중상
2012110400100218,2012년 11월 4일 13시,일요일,전라남도 보성군 조성면,사망사고,1,0,0,0,차량단독 - 도로외이탈 - 기타,안전운전불이행,습기,비,단일로 - 기타,원동기,남,45세,사망,,,,
2012110400100247,2012년 11월 4일 14시,일요일,전라남도 여수시 충무동,경상사고,0,0,1,0,차대차 - 측면직각충돌,중앙선침범,습기,비,교차로 - 교차로부근,승용,남,58세,상해없음,승용,남,44세,경상
2012110400100248,2012년 11월 4일 14시,일요일,전라남도 강진군 칠량면,중상사고,0,2,0,0,차량단독 - 공작물충돌,안전운전불이행,습기,비,단일로 - 기타,승합,남,50세,중상,,,,
2012110400100279,2012년 11월 4일 15시,일요일,전라남도 목포시 옥암동,경상사고,0,0,3,0,차대차 - 측면직각충돌,신호위반,습기,흐림,교차로 - 교차로안,승용,남,48세,경상,승용,여,37세,경상
2012110400100280,2012년 11월 4일 15시,일요일,전라남도 여수시 미평동,중상사고,0,1,0,0,차대사람 - 횡단중,보행자보호의무위반,습기,비,교차로 - 교차로부근,승합,남,33세,상해없음,보행자,여,76세,중상
2012110400100281,2012년 11월 4일 15시,일요일,전라남도 장흥군 장흥읍,중상사고,0,1,5,0,차대차 - 측면직각충돌,안전운전불이행,습기,비,교차로 - 교차로부근,승용,남,64세,상해없음,승용,남,41세,경상
2012110400100282,2012년 11월 4일 15시,일요일,전라남도 장성군 동화면,사망사고,3,1,0,0,차량단독 - 전도전복,안전운전불이행,습기,비,교차로 - 교차로부근,승용,남,62세,중상,,,,
2012110400100283,2012년 11월 4일 15시,일요일,전라남도 무안군 삼향읍,사망사고,1,0,1,1,차대차 - 기타,중앙선침범,습기,비,단일로 - 기타,승용,남,38세,상해없음,승용,남,62세,경상
2012110400100312,2012년 11월 4일 16시,일요일,전라남도 강진군 강진읍,경상사고,0,0,1,0,차대차 - 정면충돌,중앙선침범,습기,비,단일로 - 기타,승용,남,33세,상해없음,승합,남,49세,경상
2012110400100313,2012년 11월 4일 16시,일요일,전라남도 광양시 옥곡면,경상사고,0,0,5,0,차대차 - 추돌 - 주정차중,안전운전불이행,습기,비,교차로 - 교차로안,화물,남,62세,상해없음,승용,여,29세,경상
2012110400100354,2012년 11월 4일 17시,일요일,전라남도 목포시 대양동,경상사고,0,0,7,0,차대차 - 측면직각충돌,안전거리미확보,습기,비,단일로 - 기타,승용,남,50세,경상,승용,남,53세,경상
2012110400100355,2012년 11월 4일 17시,일요일,전라남도 목포시 석현동,부상신고사고,0,0,0,1,차대차 - 추돌 - 진행중,안전운전불이행,습기,비,단일로 - 기타,원동기,남,17세,부상신고,승용,남,43세,상해없음
2012110400100356,2012년 11월 4일 17시,일요일,전라남도 순천시 용당동,경상사고,0,0,1,0,차대차 - 기타,안전거리미확보,습기,비,교차로 - 교차로부근,승용,남,45세,상해없음,승용,남,54세,상해없음
2012110400100415,2012년 11월 4일 18시,일요일,전라남도 함평군 함평읍,경상사고,0,0,1,0,차량단독 - 공작물충돌,안전운전불이행,습기,비,단일로 - 기타,승용,여,41세,경상,,,,
2012110400100416,2012년 11월 4일 18시,일요일,전라남도 영암군 삼호읍,경상사고,0,0,1,0,차대차 - 측면직각충돌,직진우회전진행방해,습기,비,교차로 - 교차로안,화물,남,40세,상해없음,이륜,남,36세,경상
2012110400100486,2012년 11월 4일 19시,일요일,전라남도 순천시 별량면,중상사고,0,1,0,0,차량단독 - 기타,안전운전불이행,건조,맑음,단일로 - 기타,승용,여,47세,상해없음,,,,
2012110400100487,2012년 11월 4일 19시,일요일,전라남도 광양시 광양읍,중상사고,0,1,0,0,차대사람 - 횡단중,안전운전불이행,습기,비,교차로 - 교차로부근,승용,여,42세,상해없음,보행자,남,22세,중상
2012110400100488,2012년 11월 4일 19시,일요일,전라남도 광양시 중동,경상사고,0,0,3,0,차대차 - 측면직각충돌,직진우회전진행방해,건조,기타,교차로 - 교차로안,승용,남,45세,경상,승용,남,49세,경상
2012110400100489,2012년 11월 4일 19시,일요일,전라남도 광양시 진월면,부상신고사고,0,0,0,4,차대차 - 추돌 - 진행중,안전운전불이행,습기,비,단일로 - 기타,기타불명,기타불명,기타불명,기타불명,승용,남,43세,부상신고
2012110400100554,2012년 11월 4일 20시,일요일,전라남도 광양시 중동,경상사고,0,0,1,0,차대차 - 추돌 - 주정차중,안전운전불이행,습기,흐림,교차로 - 교차로부근,승용,남,35세,상해없음,특수,남,38세,경상
2012110400100596,2012년 11월 4일 21시,일요일,전라남도 목포시 옥암동,경상사고,0,0,3,0,차대차 - 추돌 - 진행중,안전운전불이행,습기,맑음,교차로 - 교차로부근,승용,남,41세,상해없음,승용,남,55세,경상
2012110400100597,2012년 11월 4일 21시,일요일,전라남도 순천시 덕월동,경상사고,0,0,2,0,차대차 - 추돌 - 주정차중,안전거리미확보,건조,맑음,교차로 - 교차로부근,승용,남,38세,상해없음,승용,남,41세,경상
2012110500100025,2012년 11월 5일 02시,월요일,전라남도 순천시 조례동,경상사고,0,0,1,0,차대차 - 측면직각충돌,안전운전불이행,건조,맑음,교차로 - 교차로안,승용,남,32세,상해없음,승용,여,40세,경상
2012110500100067,2012년 11월 5일 06시,월요일,전라남도 완도군 완도읍,사망사고,1,0,0,0,차대차 - 추돌 - 진행중,안전거리미확보,건조,맑음,단일로 - 기타,승용,남,33세,상해없음,농기계,남,58세,사망
2012110500100097,2012년 11월 5일 07시,월요일,전라남도 목포시 용당동,경상사고,0,0,2,0,차대차 - 추돌 - 주정차중,안전운전불이행,건조,맑음,단일로 - 기타,화물,여,56세,상해없음,화물,남,41세,경상
2012110500100098,2012년 11월 5일 07시,월요일,전라남도 함평군 해보면,중상사고,0,2,2,0,차대차 - 추돌 - 진행중,안전운전불이행,습기,안개,교차로 - 교차로부근,화물,남,50세,상해없음,승용,남,34세,경상
2012110500100099,2012년 11월 5일 07시,월요일,전라남도 영암군 삼호읍,경상사고,0,0,2,0,차대차 - 추돌 - 주정차중,안전운전불이행,건조,맑음,단일로 - 기타,승용,남,47세,상해없음,승합,남,39세,경상
2012110500100137,2012년 11월 5일 08시,월요일,전라남도 광양시 광양읍,경상사고,0,0,3,0,차대차 - 추돌 - 진행중,직진우회전진행방해,건조,맑음,교차로 - 교차로안,승용,여,32세,상해없음,승용,여,51세,경상
2012110500100181,2012년 11월 5일 09시,월요일,전라남도 순천시 서면,중상사고,0,1,0,0,차대차 - 추돌 - 진행중,안전운전불이행,건조,맑음,단일로 - 기타,자전거,남,79세,중상,승합,남,37세,상해없음
2012110500100202,2012년 11월 5일 10시,월요일,전라남도 화순군 화순읍,경상사고,0,0,2,0,차대차 - 추돌 - 주정차중,안전운전불이행,건조,맑음,단일로 - 기타,승용,남,45세,상해없음,승합,남,52세,경상
2012110500100203,2012년 11월 5일 10시,월요일,전라남도 영암군 덕진면,경상사고,0,0,2,0,차량단독 - 공작물충돌,안전운전불이행,건조,맑음,단일로 - 기타,승용,남,58세,경상,,,,
2012110500100204,2012년 11월 5일 10시,월요일,전라남도 무안군 무안읍,중상사고,0,1,0,0,차대사람 - 보도통행중,보행자보호의무위반,건조,맑음,교차로 - 교차로부근,화물,남,46세,상해없음,보행자,여,76세,중상
2012110500100234,2012년 11월 5일 11시,월요일,전라남도 나주시 봉황면,경상사고,0,0,1,0,차대차 - 기타,기타,건조,맑음,기타 - 기타,화물,남,65세,상해없음,이륜,남,72세,경상
2012110500100261,2012년 11월 5일 12시,월요일,전라남도 영암군 신북면,사망사고,1,0,0,0,차량단독 - 전도전복,안전운전불이행,건조,맑음,기타 - 기타,농기계,남,65세,사망,,,,
2012110500100290,2012년 11월 5일 13시,월요일,전라남도 목포시 해안동1가,경상사고,0,0,1,0,차대차 - 측면직각충돌,안전운전불이행,건조,맑음,단일로 - 기타,승용,남,41세,상해없음,원동기,남,48세,경상
2012110500100291,2012년 11월 5일 13시,월요일,전라남도 여수시 신기동,경상사고,0,0,4,0,차대차 - 측면직각충돌,신호위반,건조,맑음,교차로 - 교차로안,승용,남,67세,상해없음,승합,남,43세,경상
2012110500100292,2012년 11월 5일 13시,월요일,전라남도 순천시 장천동,경상사고,0,0,2,0,차대차 - 측면직각충돌,직진우회전진행방해,건조,맑음,교차로 - 교차로안,승용,남,76세,경상,승용,여,41세,경상
2012110500100347,2012년 11월 5일 15시,월요일,전라남도 목포시 호남동,중상사고,0,1,0,0,차대사람 - 횡단중,안전운전불이행,건조,맑음,단일로 - 기타,기타불명,기타불명,기타불명,기타불명,보행자,남,62세,중상
2012110500100348,2012년 11월 5일 15시,월요일,전라남도 순천시 황전면,경상사고,0,0,1,0,차대차 - 추돌 - 주정차중,안전운전불이행,건조,맑음,교차로 - 교차로부근,화물,남,37세,상해없음,화물,남,40세,경상
2012110500100349,2012년 11월 5일 15시,월요일,전라남도 해남군 해남읍,경상사고,0,0,2,0,차대차 - 측면직각충돌,중앙선침범,건조,맑음,단일로 - 기타,승합,남,50세,상해없음,화물,남,55세,경상
2012110500100350,2012년 11월 5일 15시,월요일,전라남도 광양시 광영동,경상사고,0,0,2,0,차대차 - 추돌 - 주정차중,안전운전불이행,건조,맑음,교차로 - 교차로부근,화물,남,43세,상해없음,승용,남,34세,경상
2012110500100390,2012년 11월 5일 16시,월요일,전라남도 여수시 덕충동,중상사고,0,1,0,0,차대차 - 기타,중앙선침범,건조,맑음,단일로 - 기타,자전거,남,73세,중상,승용,남,40세,상해없음
2012110500100391,2012년 11월 5일 16시,월요일,전라남도 여수시 연등동,사망사고,1,0,0,0,차대차 - 측면직각충돌,안전거리미확보,건조,맑음,단일로 - 기타,원동기,남,65세,사망,승합,남,44세,상해없음
2012110500100392,2012년 11월 5일 16시,월요일,전라남도 구례군 토지면,중상사고,0,1,1,0,차대차 - 측면직각충돌,안전운전불이행,습기,흐림,단일로 - 기타,농기계,남,73세,경상,이륜,남,55세,중상
2012110500100430,2012년 11월 5일 17시,월요일,전라남도 목포시 산정동,중상사고,0,1,0,0,차대차 - 측면직각충돌,안전운전불이행,건조,맑음,단일로 - 기타,승용,남,56세,상해없음,자전거,남,66세,중상
2012110500100486,2012년 11월 5일 18시,월요일,전라남도 목포시 양동,경상사고,0,0,1,0,차대사람 - 기타,안전운전불이행,건조,맑음,단일로 - 기타,기타불명,기타불명,기타불명,기타불명,보행자,여,13세,경상
2012110500100526,2012년 11월 5일 19시,월요일,전라남도 여수시 소호동,경상사고,0,0,2,0,차대차 - 정면충돌,중앙선침범,건조,맑음,교차로 - 교차로부근,승용,여,53세,상해없음,승용,여,25세,경상
2012110500100527,2012년 11월 5일 19시,월요일,전라남도 해남군 산이면,경상사고,0,0,1,0,차대차 - 측면직각충돌,교차로운행방법위반,건조,맑음,교차로 - 교차로안,화물,남,65세,상해없음,승용,남,49세,경상
2012110500100571,2012년 11월 5일 20시,월요일,전라남도 여수시 문수동,경상사고,0,0,2,0,차대차 - 추돌 - 주정차중,안전거리미확보,건조,맑음,단일로 - 기타,화물,남,40세,상해없음,승용,남,48세,경상
2012110500100600,2012년 11월 5일 21시,월요일,전라남도 담양군 담양읍,부상신고사고,0,0,0,1,차대차 - 정면충돌,중앙선침범,습기,흐림,교차로 - 교차로부근,자전거,남,54세,부상신고,원동기,남,29세,상해없음
2012110500100601,2012년 11월 5일 21시,월요일,전라남도 광양시 중동,경상사고,0,0,1,0,차대사람 - 횡단중,보행자보호의무위반,건조,맑음,단일로 - 횡단보도상,승용,남,45세,상해없음,보행자,남,42세,경상
2012110600100123,2012년 11월 6일 06시,화요일,전라남도 여수시 둔덕동,중상사고,0,1,0,0,차대사람 - 기타,안전운전불이행,습기,비,단일로 - 기타,승용,남,64세,상해없음,보행자,남,74세,중상
2012110600100147,2012년 11월 6일 07시,화요일,전라남도 목포시 호남동,중상사고,0,1,0,0,차대차 - 측면직각충돌,안전운전불이행,건조,맑음,교차로 - 교차로부근,승합,남,58세,상해없음,자전거,남,79세,중상
2012110600100148,2012년 11월 6일 07시,화요일,전라남도 여수시 주삼동,경상사고,0,0,1,0,차대차 - 측면직각충돌,안전거리미확보,습기,비,단일로 - 기타,화물,남,39세,상해없음,승용,남,24세,경상
2012110600100149,2012년 11월 6일 07시,화요일,전라남도 순천시 해룡면,경상사고,0,0,2,0,차대차 - 측면직각충돌,신호위반,습기,비,교차로 - 교차로안,승용,남,61세,상해없음,승용,여,44세,경상
2012110600100184,2012년 11월 6일 08시,화요일,전라남도 화순군 화순읍,중상사고,0,1,1,0,차대차 - 측면직각충돌,신호위반,습기,비,교차로 - 교차로안,승용,여,32세,경상,승용,여,42세,중상
2012110600100219,2012년 11월 6일 09시,화요일,전라남도 광양시 광영동,경상사고,0,0,1,0,차대사람 - 기타,안전운전불이행,건조,맑음,단일로 - 기타,승합,남,58세,상해없음,보행자,여,67세,경상
2012110600100239,2012년 11월 6일 10시,화요일,전라남도 광양시 금호동,부상신고사고,0,0,0,1,차대차 - 측면직각충돌,교차로운행방법위반,건조,맑음,교차로 - 교차로부근,승용,남,70세,부상신고,건설기계,남,44세,상해없음
2012110600100266,2012년 11월 6일 11시,화요일,전라남도 장흥군 장흥읍,중상사고,0,1,1,0,차대차 - 기타,중앙선침범,건조,맑음,단일로 - 기타,자전거,남,64세,상해없음,원동기,남,74세,경상
2012110600100280,2012년 11월 6일 12시,화요일,전라남도 목포시 석현동,경상사고,0,0,2,0,차대차 - 추돌 - 진행중,차로위반,건조,흐림,단일로 - 기타,화물,남,45세,상해없음,승용,남,43세,경상
2012110600100281,2012년 11월 6일 12시,화요일,전라남도 순천시 덕암동,사망사고,1,0,0,0,차대사람 - 횡단중,안전운전불이행,건조,맑음,단일로 - 기타,화물,남,51세,상해없음,보행자,여,70세,사망
2012110600100301,2012년 11월 6일 13시,화요일,전라남도 목포시 상동,경상사고,0,0,1,0,차대차 - 측면직각충돌,안전운전불이행,건조,맑음,교차로 - 교차로부근,승용,남,64세,기타불명,승용,남,34세,경상
2012110600100302,2012년 11월 6일 13시,화요일,전라남도 해남군 마산면,중상사고,0,1,0,0,차대차 - 기타,안전운전불이행,건조,맑음,단일로 - 기타,화물,남,65세,상해없음,원동기,남,71세,중상
2012110600100303,2012년 11월 6일 13시,화요일,전라남도 광양시 진월면,중상사고,0,1,1,0,차대차 - 측면직각충돌,신호위반,건조,맑음,교차로 - 교차로안,특수,남,51세,경상,건설기계,남,55세,중상
2012110600100374,2012년 11월 6일 15시,화요일,전라남도 화순군 화순읍,경상사고,0,0,2,0,차대차 - 측면직각충돌,교차로운행방법위반,건조,맑음,교차로 - 교차로안,승용,남,57세,경상,승용,여,51세,경상