사고번호,사고일시,요일,시군구,사고내용,사망자수,중상자수,경상자수,부상신고자수,사고유형,법규위반,노면상태,기상상태,도로형태,가해운전자 차종,가해운전자 성별,가해운전자 연령,가해운전자 상해정도,피해운전자 차종,피해운전자 성별,피해운전자 연령,피해운전자 상해정도
2012111000100241,2012년 11월 10일 10시,토요일,전라남도 순천시 매곡동,경상사고,0,0,2,0,차대차 - 추돌 - 주정차중,안전운전불이행,건조,맑음,단일로 - 기타,화물,남,55세,상해없음,승용,여,43세,경상
2012111000100242,2012년 11월 10일 10시,토요일,전라남도 해남군 황산면,경상사고,0,0,1,0,차대사람 - 기타,중앙선침범,건조,맑음,단일로 - 기타,화물,남,69세,상해없음,보행자,여,13세,경상
2012111000100243,2012년 11월 10일 10시,토요일,전라남도 영광군 영광읍,경상사고,0,0,1,0,차대차 - 정면충돌,안전운전불이행,건조,맑음,교차로 - 교차로안,화물,남,33세,상해없음,이륜,남,62세,경상
2012111000100294,2012년 11월 10일 11시,토요일,전라남도 나주시 산포면,중상사고,0,1,0,1,차대사람 - 횡단중,안전운전불이행,건조,맑음,단일로 - 기타,화물,남,47세,부상신고,보행자,남,91세,중상
2012111000100295,2012년 11월 10일 11시,토요일,전라남도 광양시 중동,경상사고,0,0,2,0,차대차 - 측면직각충돌,안전운전불이행,건조,맑음,교차로 - 교차로부근,화물,남,41세,상해없음,승용,여,27세,경상
2012111000100332,2012년 11월 10일 12시,토요일,전라남도 해남군 산이면,경상사고,0,0,1,0,차대차 - 기타,교차로운행방법위반,건조,맑음,교차로 - 교차로안,승용,여,54세,상해없음,화물,남,59세,경상
2012111000100378,2012년 11월 10일 13시,토요일,전라남도 담양군 고서면,사망사고,1,0,0,0,차대차 - 추돌 - 진행중,안전운전불이행,건조,맑음,단일로 - 기타,화물,남,42세,상해없음,자전거,남,72세,사망
2012111000100440,2012년 11월 10일 15시,토요일,전라남도 광양시 옥룡면,사망사고,1,0,0,0,차량단독 - 전도전복,안전운전불이행,건조,맑음,단일로 - 기타,농기계,남,82세,사망,,,,
2012111000100441,2012년 11월 10일 15시,토요일,전라남도 구례군 산동면,경상사고,0,0,3,0,차대차 - 정면충돌,중앙선침범,건조,맑음,단일로 - 기타,승용,남,67세,상해없음,승용,남,57세,경상
2012111000100472,2012년 11월 10일 16시,토요일,전라남도 화순군 화순읍,경상사고,0,0,1,0,차대차 - 측면직각충돌,안전운전불이행,건조,맑음,단일로 - 기타,화물,남,67세,상해없음,승용,남,31세,경상
2012111000100504,2012년 11월 10일 17시,토요일,전라남도 순천시 남정동,경상사고,0,0,3,0,차대차 - 측면직각충돌,안전운전불이행,건조,흐림,교차로 - 교차로안,승용,남,53세,상해없음,승용,남,35세,경상
2012111000100505,2012년 11월 10일 17시,토요일,전라남도 고흥군 남양면,중상사고,0,1,0,0,차대사람 - 기타,안전운전불이행,건조,맑음,단일로 - 기타,화물,여,54세,상해없음,보행자,여,79세,중상
2012111000100506,2012년 11월 10일 17시,토요일,전라남도 영암군 신북면,경상사고,0,0,4,0,차대차 - 측면직각충돌,직진우회전진행방해,습기,비,교차로 - 교차로안,승용,남,55세,상해없음,승용,남,53세,경상
2012111000100507,2012년 11월 10일 17시,토요일,전라남도 광양시 중동,중상사고,0,1,0,0,차대사람 - 길가장자리구역통행중,안전운전불이행,건조,흐림,단일로 - 기타,승용,여,36세,상해없음,보행자,여,55세,중상
2012111000100557,2012년 11월 10일 18시,토요일,전라남도 목포시 동명동,경상사고,0,0,1,0,차대차 - 기타,안전운전불이행,건조,맑음,단일로 - 기타,승용,남,49세,상해없음,승용,남,36세,경상
2012111000100558,2012년 11월 10일 18시,토요일,전라남도 목포시 상동,경상사고,0,0,1,0,차대차 - 기타,안전운전불이행,습기,비,교차로 - 교차로부근,승용,남,57세,경상,승용,남,39세,상해없음
2012111000100559,2012년 11월 10일 18시,토요일,전라남도 목포시 동명동,경상사고,0,0,1,0,차대차 - 추돌 - 주정차중,안전운전불이행,건조,맑음,교차로 - 교차로부근,승용,여,38세,상해없음,승용,남,31세,경상
2012111000100560,2012년 11월 10일 18시,토요일,전라남도 순천시 조례동,경상사고,0,0,1,0,차대차 - 측면직각충돌,신호위반,건조,맑음,교차로 - 교차로안,승용,남,38세,상해없음,승용,여,48세,경상
2012111000100561,2012년 11월 10일 18시,토요일,전라남도 나주시 남평읍,사망사고,1,0,0,0,차대사람 - 기타,안전운전불이행,건조,흐림,단일로 - 기타,승합,남,67세,상해없음,보행자,여,73세,사망
2012111000100562,2012년 11월 10일 18시,토요일,전라남도 고흥군 대서면,중상사고,0,1,0,0,차대차 - 기타,안전운전불이행,건조,흐림,단일로 - 기타,화물,남,26세,상해없음,농기계,남,76세,중상
2012111000100563,2012년 11월 10일 18시,토요일,전라남도 영광군 영광읍,경상사고,0,0,4,0,차대차 - 기타,안전운전불이행,건조,맑음,단일로 - 기타,승용,남,43세,상해없음,승용,남,28세,경상
2012111000100620,2012년 11월 10일 19시,토요일,전라남도 목포시 상동,경상사고,0,0,1,0,차대차 - 추돌 - 진행중,안전운전불이행,습기,비,단일로 - 기타,승용,남,50세,상해없음,승용,남,64세,경상
2012111000100621,2012년 11월 10일 19시,토요일,전라남도 여수시 선원동,경상사고,0,0,1,0,차대차 - 기타,안전운전불이행,건조,맑음,교차로 - 교차로부근,승용,여,38세,상해없음,승용,남,41세,경상
2012111000100622,2012년 11월 10일 19시,토요일,전라남도 순천시 조례동,경상사고,0,0,1,0,차대차 - 기타,안전운전불이행,건조,맑음,단일로 - 기타,승용,남,46세,상해없음,승용,남,47세,경상
2012111000100623,2012년 11월 10일 19시,토요일,전라남도 장흥군 장흥읍,중상사고,0,2,1,0,차대차 - 정면충돌,중앙선침범,습기,비,단일로 - 기타,승합,남,56세,상해없음,승용,여,47세,중상
2012111000100624,2012년 11월 10일 19시,토요일,전라남도 영광군 홍농읍,중상사고,0,1,0,0,차대사람 - 기타,안전운전불이행,습기,비,단일로 - 횡단보도부근,승용,여,48세,상해없음,보행자,남,73세,중상
2012111000100625,2012년 11월 10일 19시,토요일,전라남도 화순군 화순읍,중상사고,0,1,5,0,차대차 - 추돌 - 주정차중,안전운전불이행,습기,비,단일로 - 기타,승용,남,45세,상해없음,승용,남,41세,경상
2012111000100670,2012년 11월 10일 20시,토요일,전라남도 목포시 산정동,중상사고,0,1,0,0,차대사람 - 횡단중,안전운전불이행,습기,비,단일로 - 횡단보도부근,승용,남,39세,상해없음,보행자,여,28세,중상
2012111000100671,2012년 11월 10일 20시,토요일,전라남도 순천시 조례동,경상사고,0,0,3,0,차대차 - 추돌 - 주정차중,안전거리미확보,습기,비,단일로 - 기타,승용,남,51세,상해없음,승용,남,30세,경상
2012111000100708,2012년 11월 10일 21시,토요일,전라남도 여수시 국동,경상사고,0,0,1,0,차대사람 - 횡단중,안전운전불이행,습기,비,교차로 - 교차로부근,승용,남,25세,상해없음,보행자,남,47세,경상
2012111000100709,2012년 11월 10일 21시,토요일,전라남도 여수시 미평동,경상사고,0,0,3,0,차대차 - 추돌 - 주정차중,안전거리미확보,습기,비,단일로 - 기타,승용,남,46세,상해없음,승용,남,19세,경상
2012111000100710,2012년 11월 10일 21시,토요일,전라남도 영암군 삼호읍,경상사고,0,0,2,0,차대차 - 추돌 - 주정차중,안전운전불이행,습기,비,교차로 - 교차로부근,승용,남,41세,상해없음,승용,남,43세,경상
2012111000100747,2012년 11월 10일 22시,토요일,전라남도 목포시 용당동,사망사고,1,0,0,0,차대사람 - 기타,안전운전불이행,습기,비,교차로 - 교차로부근,승용,남,34세,상해없음,보행자,여,34세,사망
2012111000100748,2012년 11월 10일 22시,토요일,전라남도 목포시 상동,경상사고,0,0,1,0,차대차 - 측면직각충돌,안전운전불이행,습기,비,교차로 - 교차로안,승용,남,55세,상해없음,승용,여,40세,경상
2012111000100749,2012년 11월 10일 22시,토요일,전라남도 순천시 오천동,경상사고,0,0,2,0,차대차 - 정면충돌,중앙선침범,습기,비,단일로 - 기타,승용,남,49세,상해없음,승용,남,35세,경상
2012111000100750,2012년 11월 10일 22시,토요일,전라남도 순천시 조례동,경상사고,0,0,1,0,차대차 - 측면직각충돌,안전운전불이행,습기,비,단일로 - 기타,승용,여,25세,상해없음,승합,남,38세,경상
2012111000100751,2012년 11월 10일 22시,토요일,전라남도 순천시 동외동,경상사고,0,0,1,0,차대차 - 측면직각충돌,안전운전불이행,습기,비,단일로 - 기타,승용,남,22세,상해없음,화물,여,50세,기타불명
2012111000100752,2012년 11월 10일 22시,토요일,전라남도 해남군 옥천면,사망사고,1,1,0,0,차대차 - 추돌 - 주정차중,안전운전불이행,습기,비,단일로 - 기타,화물,남,52세,사망,화물,남,49세,기타불명
2012111000100753,2012년 11월 10일 22시,토요일,전라남도 영광군 영광읍,경상사고,0,0,1,0,차대사람 - 기타,안전운전불이행,건조,맑음,단일로 - 기타,승용,남,51세,상해없음,보행자,남,37세,경상
2012111000100754,2012년 11월 10일 22시,토요일,전라남도 함평군 월야면,중상사고,0,3,1,0,차대차 - 추돌 - 주정차중,안전운전불이행,습기,비,교차로 - 교차로부근,승용,남,20세,경상,승합,미분류,기타불명,기타불명
2012111000100755,2012년 11월 10일 22시,토요일,전라남도 광양시 진월면,중상사고,0,2,0,0,차대차 - 기타,안전운전불이행,습기,비,단일로 - 기타,승용,남,53세,중상,승용,남,35세,상해없음
2012111100100016,2012년 11월 11일 00시,일요일,전라남도 여수시 충무동,경상사고,0,0,1,0,차대사람 - 횡단중,안전운전불이행,습기,비,교차로 - 교차로부근,승용,여,33세,상해없음,보행자,여,29세,경상
2012111100100104,2012년 11월 11일 02시,일요일,전라남도 여수시 문수동,경상사고,0,0,3,0,차대차 - 측면직각충돌,신호위반,건조,맑음,단일로 - 기타,승용,남,30세,기타불명,승용,여,46세,경상
2012111100100105,2012년 11월 11일 02시,일요일,전라남도 순천시 연향동,경상사고,0,0,1,0,차대차 - 추돌 - 주정차중,안전운전불이행,습기,비,교차로 - 교차로부근,승용,남,50세,상해없음,승용,남,47세,경상
2012111100100106,2012년 11월 11일 02시,일요일,전라남도 순천시 조례동,경상사고,0,0,1,0,차대차 - 추돌 - 주정차중,안전운전불이행,습기,비,교차로 - 교차로부근,화물,남,44세,상해없음,승용,남,36세,경상
2012111100100107,2012년 11월 11일 02시,일요일,전라남도 광양시 중동,경상사고,0,0,4,0,차량단독 - 기타,안전운전불이행,습기,비,단일로 - 기타,승용,여,47세,경상,,,,
2012111100100192,2012년 11월 11일 05시,일요일,전라남도 목포시 산정동,사망사고,1,0,0,0,차대사람 - 횡단중,안전운전불이행,습기,흐림,단일로 - 기타,승용,남,29세,상해없음,보행자,여,82세,사망
2012111100100272,2012년 11월 11일 09시,일요일,전라남도 순천시 연향동,경상사고,0,0,1,0,차대차 - 측면직각충돌,안전운전불이행,건조,맑음,단일로 - 기타,승용,남,23세,경상,승합,여,40세,상해없음
2012111100100386,2012년 11월 11일 14시,일요일,전라남도 순천시 연향동,경상사고,0,0,2,0,차대차 - 측면직각충돌,안전운전불이행,건조,맑음,교차로 - 교차로안,승용,남,56세,상해없음,승용,남,37세,경상
2012111100100387,2012년 11월 11일 14시,일요일,전라남도 영광군 영광읍,부상신고사고,0,0,0,1,차대차 - 기타,안전운전불이행,건조,맑음,교차로 - 교차로안,이륜,남,71세,부상신고,승용,남,49세,상해없음
2012111100100417,2012년 11월 11일 15시,일요일,전라남도 목포시 대양동,경상사고,0,0,1,0,차대차 - 기타,안전운전불이행,건조,맑음,단일로 - 기타,이륜,남,22세,경상,승용,남,33세,상해없음
2012111100100474,2012년 11월 11일 17시,일요일,전라남도 목포시 옥암동,부상신고사고,0,0,0,1,차대차 - 기타,안전운전불이행,건조,맑음,교차로 - 교차로부근,기타불명,기타불명,기타불명,기타불명,자전거,남,39세,부상신고
2012111100100475,2012년 11월 11일 17시,일요일,전라남도 순천시 야흥동,경상사고,0,0,2,0,차대차 - 추돌 - 진행중,안전거리미확보,건조,맑음,단일로 - 기타,승용,남,49세,상해없음,화물,남,32세,상해없음
2012111100100525,2012년 11월 11일 18시,일요일,전라남도 강진군 강진읍,중상사고,0,2,1,0,차대차 - 정면충돌,중앙선침범,건조,맑음,단일로 - 기타,화물,남,57세,상해없음,승용,남,55세,경상
2012111100100526,2012년 11월 11일 18시,일요일,전라남도 광양시 성황동,경상사고,0,0,2,0,차대차 - 추돌 - 주정차중,안전거리미확보,건조,맑음,단일로 - 기타,승용,남,50세,경상,승용,미분류,기타불명,기타불명
2012111100100570,2012년 11월 11일 19시,일요일,전라남도 나주시 왕곡면,중상사고,0,3,0,0,차대차 - 정면충돌,중앙선침범,건조,맑음,미분류 - 미분류,화물,남,48세,중상,승용,남,29세,중상
2012111100100604,2012년 11월 11일 20시,일요일,전라남도 영암군 삼호읍,중상사고,0,1,0,0,차대사람 - 횡단중,안전운전불이행,건조,맑음,단일로 - 기타,승용,남,39세,상해없음,보행자,남,49세,중상
2012111100100664,2012년 11월 11일 22시,일요일,전라남도 함평군 엄다면,경상사고,0,0,1,0,차대차 - 측면직각충돌,안전거리미확보,건조,맑음,단일로 - 기타,승용,여,36세,상해없음,승합,남,46세,경상
2012111100100686,2012년 11월 11일 23시,일요일,전라남도 완도군 금일읍,중상사고,0,1,0,0,차량단독 - 전도전복,안전운전불이행,건조,맑음,단일로 - 기타,승용,남,35세,상해없음,,,,
2012111200100025,2012년 11월 12일 01시,월요일,전라남도 고흥군 고흥읍,경상사고,0,0,1,0,차대사람 - 기타,안전운전불이행,건조,맑음,단일로 - 기타,승용,남,40세,상해없음,보행자,남,36세,경상
2012111200100026,2012년 11월 12일 01시,월요일,전라남도 광양시 중동,중상사고,0,1,0,0,차대차 - 측면직각충돌,신호위반,건조,맑음,교차로 - 교차로안,화물,남,39세,상해없음,승용,남,30세,중상
2012111200100096,2012년 11월 12일 06시,월요일,전라남도 여수시 주삼동,중상사고,0,1,0,0,차대차 - 기타,안전운전불이행,건조,맑음,교차로 - 교차로안,승합,남,29세,상해없음,원동기,남,56세,중상
2012111200100186,2012년 11월 12일 10시,월요일,전라남도 목포시 상동,중상사고,0,1,0,0,차대사람 - 기타,안전운전불이행,건조,맑음,기타 - 기타,화물,남,63세,상해없음,보행자,여,72세,중상
2012111200100187,2012년 11월 12일 10시,월요일,전라남도 순천시 조곡동,중상사고,0,1,0,0,차대차 - 기타,안전운전불이행,건조,맑음,교차로 - 교차로안,승합,남,65세,상해없음,원동기,남,51세,중상
2012111200100229,2012년 11월 12일 12시,월요일,전라남도 여수시 광무동,경상사고,0,0,2,0,차대차 - 측면직각충돌,신호위반,건조,맑음,교차로 - 교차로안,승용,여,51세,상해없음,승용,여,33세,경상
2012111200100284,2012년 11월 12일 14시,월요일,전라남도 무안군 무안읍,경상사고,0,0,1,0,차대사람 - 보도통행중,보행자보호의무위반,건조,맑음,교차로 - 교차로안,화물,남,48세,상해없음,보행자,남,8세,경상
2012111200100319,2012년 11월 12일 15시,월요일,전라남도 여수시 학동,중상사고,0,2,0,0,차대사람 - 기타,안전운전불이행,건조,맑음,교차로 - 교차로안,승용,남,51세,기타불명,보행자,남,30세,중상
2012111200100395,2012년 11월 12일 17시,월요일,전라남도 목포시 용해동,중상사고,0,1,0,0,차대사람 - 차도통행중,안전운전불이행,건조,맑음,단일로 - 기타,승용,남,43세,상해없음,보행자,여,73세,중상
2012111200100396,2012년 11월 12일 17시,월요일,전라남도 해남군 계곡면,중상사고,0,1,0,0,차대차 - 정면충돌,중앙선침범,건조,맑음,단일로 - 기타,승용,남,27세,상해없음,원동기,남,70세,중상
2012111200100397,2012년 11월 12일 17시,월요일,전라남도 보성군 벌교읍,경상사고,0,0,1,0,차대차 - 측면직각충돌,안전운전불이행,건조,맑음,단일로 - 기타,화물,남,51세,기타불명,승용,남,66세,경상
2012111200100398,2012년 11월 12일 17시,월요일,전라남도 구례군 구례읍,중상사고,0,1,0,0,차대사람 - 차도통행중,안전운전불이행,건조,맑음,기타 - 기타,승용,여,60세,상해없음,보행자,여,13세,중상
2012111200100457,2012년 11월 12일 18시,월요일,전라남도 목포시 산정동,경상사고,0,0,1,0,차대사람 - 횡단중,안전운전불이행,건조,맑음,교차로 - 교차로부근,화물,남,56세,상해없음,보행자,남,32세,경상
2012111200100458,2012년 11월 12일 18시,월요일,전라남도 영암군 삼호읍,경상사고,0,0,1,0,차대차 - 추돌 - 주정차중,안전운전불이행,건조,맑음,단일로 - 기타,승용,남,25세,경상,화물,남,53세,기타불명
2012111200100459,2012년 11월 12일 18시,월요일,전라남도 영암군 삼호읍,경상사고,0,0,1,0,차대차 - 추돌 - 주정차중,안전운전불이행,건조,맑음,단일로 - 기타,승용,남,51세,경상,승용,남,25세,기타불명
2012111200100460,2012년 11월 12일 18시,월요일,전라남도 완도군 완도읍,중상사고,0,1,0,0,차대차 - 정면충돌,중앙선침범,건조,맑음,단일로 - 기타,화물,남,52세,상해없음,건설기계,남,45세,중상
2012111200100461,2012년 11월 12일 18시,월요일,전라남도 완도군 고금면,경상사고,0,0,2,1,차대차 - 추돌 - 진행중,안전운전불이행,건조,맑음,단일로 - 기타,화물,남,46세,상해없음,화물,남,44세,경상
2012111200100507,2012년 11월 12일 19시,월요일,전라남도 여수시 신기동,경상사고,0,0,1,0,차대사람 - 횡단중,보행자보호의무위반,건조,맑음,단일로 - 횡단보도상,승용,남,64세,상해없음,보행자,남,17세,경상
2012111200100508,2012년 11월 12일 19시,월요일,전라남도 순천시 인제동,경상사고,0,0,6,0,차대차 - 기타,안전운전불이행,건조,맑음,단일로 - 기타,승용,남,55세,상해없음,승용,여,22세,경상
2012111200100509,2012년 11월 12일 19시,월요일,전라남도 장성군 장성읍,경상사고,0,0,1,0,차대차 - 측면직각충돌,교차로운행방법위반,건조,맑음,교차로 - 교차로안,화물,여,46세,상해없음,자전거,남,69세,경상
2012111200100587,2012년 11월 12일 21시,월요일,전라남도 목포시 옥암동,경상사고,0,0,1,0,차대사람 - 차도통행중,안전운전불이행,건조,맑음,단일로 - 기타,승용,여,43세,상해없음,보행자,남,36세,경상
2012111200100635,2012년 11월 12일 22시,월요일,전라남도 구례군 토지면,중상사고,0,1,0,0,차량단독 - 공작물충돌,안전운전불이행,건조,맑음,단일로 - 기타,승용,여,43세,중상,,,,
2012111200100663,2012년 11월 12일 23시,월요일,전라남도 순천시 풍덕동,경상사고,0,0,4,0,차대차 - 측면직각충돌,안전운전불이행,건조,맑음,교차로 - 교차로부근,승용,남,57세,경상,승용,남,44세,경상
2012111300100021,2012년 11월 13일 00시,화요일,전라남도 여수시 소호동,경상사고,0,0,2,0,차대차 - 측면직각충돌,안전거리미확보,건조,맑음,단일로 - 기타,승용,남,27세,상해없음,승용,남,42세,경상
2012111300100094,2012년 11월 13일 06시,화요일,전라남도 목포시 산정동,경상사고,0,0,1,0,차대차 - 측면직각충돌,신호위반,건조,맑음,교차로 - 교차로안,화물,남,50세,상해없음,승용,여,37세,경상
2012111300100095,2012년 11월 13일 06시,화요일,전라남도 광양시 광양읍,경상사고,0,0,1,0,차대차 - 추돌 - 진행중,안전운전불이행,건조,맑음,교차로 - 교차로안,승용,남,30세,경상,건설기계,남,43세,상해없음
2012111300100146,2012년 11월 13일 08시,화요일,전라남도 순천시 연향동,경상사고,0,0,1,0,차대차 - 기타,신호위반,건조,맑음,교차로 - 교차로안,승용,남,30세,상해없음,화물,남,59세,경상
2012111300100187,2012년 11월 13일 09시,화요일,전라남도 여수시 봉계동,경상사고,0,0,1,0,차대사람 - 횡단중,보행자보호의무위반,건조,맑음,단일로 - 기타,승용,여,32세,상해없음,보행자,남,22세,경상
2012111300100188,2012년 11월 13일 09시,화요일,전라남도 해남군 북평면,중상사고,0,1,2,0,차대차 - 측면직각충돌,교차로운행방법위반,건조,맑음,교차로 - 교차로안,화물,남,50세,경상,화물,남,60세,경상
2012111300100189,2012년 11월 13일 09시,화요일,전라남도 해남군 황산면,경상사고,0,0,2,0,차량단독 - 전도전복,안전운전불이행,건조,흐림,단일로 - 기타,이륜,남,77세,경상,,,,
2012111300100190,2012년 11월 13일 09시,화요일,전라남도 곡성군 입면,사망사고,1,0,0,0,차량단독 - 전도전복,안전운전불이행,건조,맑음,기타 - 기타,농기계,남,80세,사망,,,,
2012111300100191,2012년 11월 13일 09시,화요일,전라남도 광양시 다압면,경상사고,0,0,1,0,차량단독 - 전도전복,안전운전불이행,건조,맑음,단일로 - 기타,건설기계,남,61세,경상,,,,
2012111300100234,2012년 11월 13일 11시,화요일,전라남도 담양군 담양읍,경상사고,0,0,2,0,차대차 - 기타,중앙선침범,건조,흐림,단일로 - 기타,승용,여,51세,상해없음,화물,남,60세,상해없음
2012111300100235,2012년 11월 13일 11시,화요일,전라남도 광양시 광양읍,경상사고,0,0,2,0,차대차 - 측면직각충돌,직진우회전진행방해,건조,맑음,교차로 - 교차로안,승용,남,55세,경상,화물,남,52세,상해없음
2012111300100274,2012년 11월 13일 13시,화요일,전라남도 나주시 산포면,중상사고,0,1,1,0,차량단독 - 도로외이탈 - 추락,안전운전불이행,건조,맑음,단일로 - 기타,승용,여,51세,중상,,,,
2012111300100302,2012년 11월 13일 14시,화요일,전라남도 고흥군 도양읍,중상사고,0,1,0,0,차대차 - 기타,직진우회전진행방해,습기,비,교차로 - 교차로안,승용,남,51세,상해없음,자전거,남,68세,중상
2012111300100331,2012년 11월 13일 15시,화요일,전라남도 나주시 남평읍,경상사고,0,0,1,0,차대차 - 기타,직진우회전진행방해,습기,비,교차로 - 교차로안,화물,여,50세,경상,화물,남,43세,상해없음
2012111300100332,2012년 11월 13일 15시,화요일,전라남도 보성군 벌교읍,중상사고,0,1,0,0,차대차 - 측면직각충돌,안전운전불이행,건조,맑음,교차로 - 교차로안,화물,남,40세,상해없음,승용,남,76세,중상
2012111300100333,2012년 11월 13일 15시,화요일,전라남도 영광군 군서면,부상신고사고,0,0,0,1,차량단독 - 기타,안전운전불이행,건조,맑음,단일로 - 기타,이륜,남,68세,부상신고,,,,
2012111300100334,2012년 11월 13일 15시,화요일,전라남도 무안군 무안읍,중상사고,0,1,1,0,차대차 - 측면직각충돌,신호위반,건조,맑음,교차로 - 교차로안,승용,남,66세,상해없음,이륜,남,57세,중상
2012111300100364,2012년 11월 13일 16시,화요일,전라남도 장성군 북하면,경상사고,0,0,1,0,차대차 - 추돌 - 진행중,안전운전불이행,건조,맑음,단일로 - 기타,이륜,남,67세,경상,승용,여,57세,상해없음
2012111300100403,2012년 11월 13일 17시,화요일,전라남도 목포시 산정동,경상사고,0,0,2,0,차대차 - 측면직각충돌,직진우회전진행방해,습기,흐림,교차로 - 교차로안,건설기계,남,51세,상해없음,승용,남,38세,경상
2012111300100404,2012년 11월 13일 17시,화요일,전라남도 여수시 국동,사망사고,1,1,0,0,차대차 - 측면직각충돌,중앙선침범,건조,맑음,교차로 - 교차로안,승용,남,45세,상해없음,이륜,남,15세,중상
2012111300100450,2012년 11월 13일 18시,화요일,전라남도 목포시 산정동,중상사고,0,1,1,0,차대사람 - 차도통행중,안전운전불이행,건조,흐림,단일로 - 기타,승용,여,24세,경상,보행자,여,68세,중상
2012111300100451,2012년 11월 13일 18시,화요일,전라남도 순천시 황전면,중상사고,0,1,1,0,차대차 - 추돌 - 주정차중,안전운전불이행,건조,맑음,단일로 - 기타,승용,남,31세,상해없음,농기계,남,68세,경상
2012111300100452,2012년 11월 13일 18시,화요일,전라남도 순천시 남정동,중상사고,0,1,1,0,차대차 - 추돌 - 진행중,안전운전불이행,건조,맑음,단일로 - 기타,화물,남,47세,상해없음,이륜,남,23세,중상
2012111300100453,2012년 11월 13일 18시,화요일,전라남도 함평군 손불면,중상사고,0,1,0,0,차대사람 - 횡단중,안전운전불이행,건조,맑음,교차로 - 교차로부근,승용,여,52세,상해없음,보행자,여,14세,중상
2012111300100515,2012년 11월 13일 19시,화요일,전라남도 광양시 광양읍,경상사고,0,0,1,0,차대차 - 추돌 - 진행중,안전운전불이행,건조,맑음,단일로 - 기타,화물,여,39세,기타불명,승용,여,48세,경상
2012111300100516,2012년 11월 13일 19시,화요일,전라남도 광양시 광양읍,경상사고,0,0,1,0,차대차 - 측면직각충돌,안전운전불이행,습기,흐림,교차로 - 교차로안,원동기,남,65세,경상,승용,여,37세,상해없음
2012111300100555,2012년 11월 13일 20시,화요일,전라남도 장흥군 관산읍,경상사고,0,0,2,0,차대차 - 기타,안전운전불이행,습기,비,교차로 - 교차로안,승용,남,49세,상해없음,승용,남,26세,경상
2012111300100594,2012년 11월 13일 21시,화요일,전라남도 광양시 중동,경상사고,0,0,3,0,차대차 - 추돌 - 주정차중,안전운전불이행,건조,맑음,교차로 - 교차로부근,승용,남,42세,경상,승용,여,33세,경상
2012111300100634,2012년 11월 13일 22시,화요일,전라남도 목포시 동명동,중상사고,0,1,1,0,차대차 - 측면직각충돌,안전운전불이행,건조,흐림,단일로 - 기타,승용,여,52세,경상,이륜,여,17세,중상
2012111300100635,2012년 11월 13일 22시,화요일,전라남도 장흥군 대덕읍,경상사고,0,0,1,0,차대차 - 추돌 - 주정차중,안전운전불이행,건조,맑음,단일로 - 기타,화물,남,64세,경상,승용,여,49세,기타불명
2012111300100666,2012년 11월 13일 23시,화요일,전라남도 광양시 중동,경상사고,0,0,2,0,차대차 - 측면직각충돌,신호위반,건조,맑음,교차로 - 교차로안,승용,남,51세,경상,승용,남,43세,경상
2012111400100038,2012년 11월 14일 01시,수요일,전라남도 나주시 삼영동,경상사고,0,0,2,0,차량단독 - 기타,안전운전불이행,습기,비,교차로 - 교차로부근,원동기,남,16세,경상,,,,
2012111400100054,2012년 11월 14일 02시,수요일,전라남도 여수시 문수동,경상사고,0,0,2,0,차대차 - 측면직각충돌,안전거리미확보,건조,맑음,교차로 - 교차로안,승용,남,30세,상해없음,승용,남,40세,상해없음
2012111400100096,2012년 11월 14일 06시,수요일,전라남도 순천시 해룡면,경상사고,0,0,1,0,차대차 - 측면직각충돌,직진우회전진행방해,건조,맑음,교차로 - 교차로안,승용,남,47세,상해없음,이륜,남,68세,경상
2012111400100097,2012년 11월 14일 06시,수요일,전라남도 순천시 조례동,경상사고,0,0,1,0,차대차 - 측면직각충돌,신호위반,건조,맑음,교차로 - 교차로안,승용,여,64세,상해없음,승용,여,48세,경상
2012111400100117,2012년 11월 14일 07시,수요일,전라남도 여수시 화장동,중상사고,0,1,0,0,차대사람 - 횡단중,신호위반,건조,맑음,교차로 - 교차로안,승용,남,39세,상해없음,보행자,남,13세,중상
2012111400100217,2012년 11월 14일 10시,수요일,전라남도 목포시 용해동,경상사고,0,0,1,0,차대차 - 기타,안전운전불이행,건조,맑음,단일로 - 기타,화물,남,33세,상해없음,승용,여,52세,상해없음
2012111400100218,2012년 11월 14일 10시,수요일,전라남도 광양시 광양읍,경상사고,0,0,2,0,차대차 - 추돌 - 주정차중,안전운전불이행,건조,맑음,교차로 - 교차로부근,승용,남,44세,상해없음,승용,여,44세,경상
2012111400100245,2012년 11월 14일 11시,수요일,전라남도 목포시 옥암동,경상사고,0,0,2,0,차대차 - 기타,교차로운행방법위반,건조,맑음,교차로 - 교차로안,승용,여,22세,경상,승용,여,44세,경상