사고번호,사고일시,요일,시군구,사고내용,사망자수,중상자수,경상자수,부상신고자수,사고유형,법규위반,노면상태,기상상태,도로형태,가해운전자 차종,가해운전자 성별,가해운전자 연령,가해운전자 상해정도,피해운전자 차종,피해운전자 성별,피해운전자 연령,피해운전자 상해정도
2012111400100246,2012년 11월 14일 11시,수요일,전라남도 순천시 해룡면,중상사고,0,1,1,0,차대차 - 기타,신호위반,건조,맑음,교차로 - 교차로부근,승용,남,56세,상해없음,승용,남,39세,중상
2012111400100247,2012년 11월 14일 11시,수요일,전라남도 해남군 황산면,사망사고,1,0,0,0,차량단독 - 전도전복,안전운전불이행,습기,비,단일로 - 기타,승용,남,51세,사망,,,,
2012111400100248,2012년 11월 14일 11시,수요일,전라남도 광양시 금호동,중상사고,0,3,2,0,차대차 - 측면직각충돌,직진우회전진행방해,건조,맑음,교차로 - 교차로안,승용,남,45세,경상,승용,남,54세,중상
2012111400100268,2012년 11월 14일 12시,수요일,전라남도 순천시 별량면,중상사고,0,1,0,0,차대차 - 측면직각충돌,안전운전불이행,건조,맑음,단일로 - 기타,화물,남,65세,상해없음,이륜,남,70세,중상
2012111400100404,2012년 11월 14일 16시,수요일,전라남도 순천시 덕암동,중상사고,0,1,0,0,차대사람 - 기타,안전운전불이행,건조,맑음,교차로 - 교차로안,승용,여,51세,상해없음,보행자,여,74세,중상
2012111400100444,2012년 11월 14일 17시,수요일,전라남도 순천시 조례동,경상사고,0,0,1,0,차대사람 - 기타,중앙선침범,건조,맑음,단일로 - 기타,승용,남,48세,상해없음,보행자,남,8세,경상
2012111400100445,2012년 11월 14일 17시,수요일,전라남도 담양군 담양읍,경상사고,0,0,1,0,차대차 - 기타,교차로운행방법위반,건조,맑음,교차로 - 교차로안,이륜,남,65세,상해없음,승용,남,37세,경상
2012111400100488,2012년 11월 14일 18시,수요일,전라남도 해남군 계곡면,부상신고사고,0,0,0,2,차량단독 - 기타,안전운전불이행,건조,맑음,단일로 - 기타,승용,남,44세,상해없음,,,,
2012111400100489,2012년 11월 14일 18시,수요일,전라남도 영암군 영암읍,중상사고,0,1,0,0,차대차 - 정면충돌,중앙선침범,건조,맑음,단일로 - 기타,자전거,남,17세,중상,화물,남,30세,상해없음
2012111400100490,2012년 11월 14일 18시,수요일,전라남도 장성군 남면,경상사고,0,0,1,0,차대차 - 추돌 - 진행중,안전운전불이행,건조,맑음,교차로 - 교차로부근,승용,여,32세,상해없음,승용,여,45세,경상
2012111400100525,2012년 11월 14일 19시,수요일,전라남도 광양시 광양읍,경상사고,0,0,1,0,차대차 - 정면충돌,신호위반,건조,맑음,교차로 - 교차로안,승용,남,49세,상해없음,승용,남,41세,경상
2012111400100526,2012년 11월 14일 19시,수요일,전라남도 구례군 산동면,중상사고,0,1,0,0,차대차 - 측면직각충돌,교차로운행방법위반,건조,맑음,교차로 - 교차로안,화물,남,47세,상해없음,이륜,남,72세,중상
2012111400100565,2012년 11월 14일 20시,수요일,전라남도 강진군 강진읍,중상사고,0,1,0,0,차대차 - 정면충돌,중앙선침범,건조,맑음,단일로 - 교량,이륜,여,60세,중상,화물,남,45세,상해없음
2012111400100601,2012년 11월 14일 21시,수요일,전라남도 순천시 조례동,경상사고,0,0,2,0,차대차 - 추돌 - 주정차중,안전운전불이행,건조,맑음,교차로 - 교차로부근,승용,남,45세,상해없음,승용,남,29세,경상
2012111500100034,2012년 11월 15일 01시,목요일,전라남도 영광군 대마면,사망사고,1,1,3,0,차대차 - 추돌 - 진행중,안전운전불이행,습기,비,단일로 - 기타,승용,남,34세,경상,승용,남,28세,경상
2012111500100227,2012년 11월 15일 10시,목요일,전라남도 나주시 남평읍,중상사고,0,2,0,2,차대차 - 측면직각충돌,교차로운행방법위반,건조,맑음,교차로 - 교차로안,승용,남,50세,부상신고,화물,남,48세,부상신고
2012111500100228,2012년 11월 15일 10시,목요일,전라남도 고흥군 고흥읍,중상사고,0,1,0,0,차대사람 - 차도통행중,안전운전불이행,건조,맑음,교차로 - 교차로안,승용,남,67세,상해없음,보행자,남,76세,중상
2012111500100245,2012년 11월 15일 11시,목요일,전라남도 나주시 청동,부상신고사고,0,0,0,1,차대차 - 측면직각충돌,기타,건조,맑음,교차로 - 교차로안,원동기,남,70세,부상신고,승용,남,57세,상해없음
2012111500100284,2012년 11월 15일 13시,목요일,전라남도 나주시 남평읍,중상사고,0,1,0,0,차대차 - 측면직각충돌,교차로운행방법위반,건조,맑음,교차로 - 교차로안,승용,남,69세,상해없음,원동기,남,67세,중상
2012111500100285,2012년 11월 15일 13시,목요일,전라남도 담양군 대전면,경상사고,0,0,1,0,차대차 - 측면직각충돌,안전운전불이행,건조,맑음,교차로 - 교차로안,승용,남,67세,상해없음,원동기,남,78세,경상
2012111500100312,2012년 11월 15일 14시,목요일,전라남도 보성군 벌교읍,경상사고,0,0,1,1,차대차 - 추돌 - 진행중,안전운전불이행,건조,맑음,단일로 - 터널,화물,남,53세,부상신고,화물,남,54세,경상
2012111500100313,2012년 11월 15일 14시,목요일,전라남도 완도군 고금면,경상사고,0,0,2,0,차대차 - 정면충돌,중앙선침범,건조,맑음,단일로 - 기타,화물,남,64세,상해없음,승용,남,29세,경상
2012111500100345,2012년 11월 15일 15시,목요일,전라남도 광양시 광양읍,중상사고,0,1,1,0,차대차 - 측면직각충돌,교차로운행방법위반,건조,맑음,교차로 - 교차로안,승용,남,20세,상해없음,이륜,남,50세,중상
2012111500100346,2012년 11월 15일 15시,목요일,전라남도 구례군 용방면,경상사고,0,0,2,0,차대차 - 측면직각충돌,안전운전불이행,건조,맑음,단일로 - 기타,화물,남,61세,상해없음,농기계,남,48세,경상
2012111500100380,2012년 11월 15일 16시,목요일,전라남도 목포시 산정동,중상사고,0,1,0,0,차대사람 - 횡단중,안전운전불이행,건조,맑음,단일로 - 기타,화물,남,44세,상해없음,보행자,남,12세,중상
2012111500100381,2012년 11월 15일 16시,목요일,전라남도 나주시 다도면,중상사고,0,1,0,0,차대차 - 측면직각충돌,교차로운행방법위반,건조,맑음,교차로 - 교차로안,화물,남,46세,상해없음,원동기,남,61세,중상
2012111500100420,2012년 11월 15일 17시,목요일,전라남도 목포시 용당동,경상사고,0,0,1,0,차대사람 - 기타,안전운전불이행,건조,맑음,단일로 - 기타,자전거,기타불명,기타불명,기타불명,보행자,여,61세,경상
2012111500100421,2012년 11월 15일 17시,목요일,전라남도 나주시 중앙동,중상사고,0,1,1,0,차대사람 - 횡단중,안전운전불이행,건조,기타,기타 - 기타,승용,남,42세,상해없음,보행자,여,65세,중상
2012111500100422,2012년 11월 15일 17시,목요일,전라남도 광양시 성황동,경상사고,0,0,3,0,차대차 - 정면충돌,중앙선침범,건조,맑음,단일로 - 기타,승용,여,56세,상해없음,화물,남,47세,경상
2012111500100475,2012년 11월 15일 18시,목요일,전라남도 여수시 웅천동,중상사고,0,1,0,0,차대차 - 측면직각충돌,교차로운행방법위반,건조,맑음,교차로 - 교차로안,승용,남,45세,상해없음,자전거,남,53세,중상
2012111500100476,2012년 11월 15일 18시,목요일,전라남도 영광군 영광읍,중상사고,0,1,0,0,차대사람 - 횡단중,보행자보호의무위반,건조,맑음,단일로 - 횡단보도상,승용,여,47세,상해없음,보행자,여,71세,중상
2012111500100477,2012년 11월 15일 18시,목요일,전라남도 함평군 학교면,중상사고,0,3,1,0,차대차 - 측면직각충돌,신호위반,건조,맑음,교차로 - 교차로안,화물,남,70세,중상,화물,남,32세,경상
2012111500100478,2012년 11월 15일 18시,목요일,전라남도 강진군 도암면,경상사고,0,0,1,0,차대차 - 추돌 - 주정차중,안전운전불이행,건조,맑음,단일로 - 기타,화물,남,65세,경상,화물,남,46세,기타불명
2012111500100479,2012년 11월 15일 18시,목요일,전라남도 광양시 금호동,경상사고,0,0,1,0,차대차 - 측면직각충돌,교차로운행방법위반,건조,맑음,교차로 - 교차로안,승용,남,52세,상해없음,승용,남,37세,경상
2012111500100525,2012년 11월 15일 19시,목요일,전라남도 순천시 풍덕동,중상사고,0,1,0,0,차대차 - 기타,안전운전불이행,건조,맑음,단일로 - 기타,기타불명,기타불명,기타불명,기타불명,자전거,여,18세,중상
2012111500100556,2012년 11월 15일 20시,목요일,전라남도 순천시 남정동,경상사고,0,0,2,0,차대차 - 측면직각충돌,안전운전불이행,건조,맑음,교차로 - 교차로안,승용,남,45세,상해없음,승용,남,52세,경상
2012111500100587,2012년 11월 15일 21시,목요일,전라남도 여수시 미평동,경상사고,0,0,1,0,차대차 - 측면직각충돌,중앙선침범,건조,맑음,단일로 - 기타,승용,남,30세,상해없음,원동기,남,17세,경상
2012111500100588,2012년 11월 15일 21시,목요일,전라남도 여수시 선원동,경상사고,0,0,3,0,차대차 - 기타,안전운전불이행,건조,맑음,교차로 - 교차로부근,승용,남,41세,상해없음,승용,남,51세,경상
2012111500100589,2012년 11월 15일 21시,목요일,전라남도 광양시 진월면,부상신고사고,0,0,0,1,차량단독 - 공작물충돌,안전운전불이행,건조,맑음,단일로 - 기타,화물,남,46세,부상신고,,,,
2012111500100620,2012년 11월 15일 22시,목요일,전라남도 목포시 호남동,경상사고,0,0,1,0,차대차 - 측면직각충돌,안전운전불이행,건조,맑음,교차로 - 교차로안,승용,남,46세,상해없음,승용,남,51세,상해없음
2012111500100621,2012년 11월 15일 22시,목요일,전라남도 목포시 산정동,경상사고,0,0,1,0,차대차 - 측면직각충돌,신호위반,건조,맑음,교차로 - 교차로안,승용,남,46세,상해없음,원동기,남,45세,경상
2012111500100622,2012년 11월 15일 22시,목요일,전라남도 순천시 연향동,경상사고,0,0,2,0,차대차 - 추돌 - 주정차중,안전운전불이행,건조,맑음,교차로 - 교차로부근,화물,남,34세,상해없음,승합,남,49세,경상
2012111500100651,2012년 11월 15일 23시,목요일,전라남도 장성군 장성읍,경상사고,0,0,1,0,차대차 - 측면직각충돌,중앙선침범,건조,맑음,단일로 - 기타,승용,남,46세,상해없음,승용,남,50세,경상
2012111500100652,2012년 11월 15일 23시,목요일,전라남도 무안군 삼향읍,경상사고,0,0,3,0,차대차 - 기타,안전운전불이행,건조,맑음,단일로 - 기타,승용,남,27세,경상,이륜,남,43세,경상
2012111500100653,2012년 11월 15일 23시,목요일,전라남도 무안군 삼향읍,경상사고,0,0,2,0,차량단독 - 공작물충돌,안전운전불이행,건조,맑음,단일로 - 기타,승용,남,26세,경상,,,,
2012111600100131,2012년 11월 16일 07시,금요일,전라남도 여수시 율촌면,경상사고,0,0,2,0,차대차 - 추돌 - 진행중,안전거리미확보,건조,맑음,단일로 - 터널,승용,남,50세,상해없음,승용,남,25세,경상
2012111600100132,2012년 11월 16일 07시,금요일,전라남도 여수시 율촌면,경상사고,0,0,2,0,차대차 - 추돌 - 진행중,안전운전불이행,건조,맑음,단일로 - 터널,승합,남,55세,상해없음,승용,남,46세,경상
2012111600100133,2012년 11월 16일 07시,금요일,전라남도 광양시 중동,경상사고,0,0,1,0,차대차 - 측면직각충돌,중앙선침범,건조,맑음,교차로 - 교차로부근,승용,남,27세,상해없음,승용,남,47세,경상
2012111600100167,2012년 11월 16일 08시,금요일,전라남도 목포시 산정동,경상사고,0,0,2,0,차대차 - 측면직각충돌,직진우회전진행방해,건조,맑음,교차로 - 교차로안,승용,남,29세,경상,승용,남,60세,상해없음
2012111600100168,2012년 11월 16일 08시,금요일,전라남도 영광군 영광읍,경상사고,0,0,1,0,차대사람 - 기타,보행자보호의무위반,건조,맑음,교차로 - 교차로안,화물,남,30세,상해없음,보행자,남,81세,경상
2012111600100250,2012년 11월 16일 11시,금요일,전라남도 여수시 봉산동,경상사고,0,0,1,0,차대차 - 기타,교차로운행방법위반,건조,맑음,교차로 - 교차로안,승용,남,65세,상해없음,승용,여,63세,경상
2012111600100273,2012년 11월 16일 12시,금요일,전라남도 목포시 산정동,경상사고,0,0,1,0,차대사람 - 기타,안전운전불이행,건조,맑음,단일로 - 기타,승합,남,47세,상해없음,보행자,여,79세,경상
2012111600100274,2012년 11월 16일 12시,금요일,전라남도 목포시 용당동,경상사고,0,0,1,0,차대차 - 측면직각충돌,안전운전불이행,건조,맑음,교차로 - 교차로부근,화물,남,59세,상해없음,승용,남,29세,경상
2012111600100275,2012년 11월 16일 12시,금요일,전라남도 장흥군 장평면,경상사고,0,0,1,0,차량단독 - 기타,안전운전불이행,건조,맑음,단일로 - 기타,원동기,남,37세,경상,,,,
2012111600100286,2012년 11월 16일 13시,금요일,전라남도 영암군 금정면,사망사고,1,0,0,0,차량단독 - 전도전복,안전운전불이행,건조,맑음,단일로 - 기타,농기계,남,63세,사망,,,,
2012111600100287,2012년 11월 16일 13시,금요일,전라남도 구례군 구례읍,중상사고,0,1,0,0,차대사람 - 보도통행중,안전운전불이행,건조,맑음,기타 - 기타,승용,남,65세,상해없음,보행자,여,75세,중상
2012111600100310,2012년 11월 16일 14시,금요일,전라남도 나주시 송월동,경상사고,0,0,2,0,차대차 - 측면직각충돌,신호위반,건조,맑음,교차로 - 교차로안,화물,남,71세,상해없음,승용,남,22세,경상
2012111600100311,2012년 11월 16일 14시,금요일,전라남도 장성군 장성읍,중상사고,0,1,0,0,차대차 - 측면직각충돌,교차로운행방법위반,건조,맑음,교차로 - 교차로안,승용,남,42세,상해없음,화물,남,65세,상해없음
2012111600100357,2012년 11월 16일 16시,금요일,전라남도 장성군 장성읍,경상사고,0,0,2,0,차대차 - 측면직각충돌,신호위반,건조,맑음,교차로 - 교차로안,화물,여,55세,상해없음,승합,남,52세,경상
2012111600100396,2012년 11월 16일 17시,금요일,전라남도 목포시 상동,경상사고,0,0,5,0,차대차 - 추돌 - 진행중,안전운전불이행,습기,비,단일로 - 기타,승용,여,46세,경상,승용,여,54세,경상
2012111600100397,2012년 11월 16일 17시,금요일,전라남도 여수시 학동,경상사고,0,0,1,0,차대차 - 기타,차로위반,건조,맑음,교차로 - 교차로안,이륜,남,71세,경상,승용,여,23세,상해없음
2012111600100398,2012년 11월 16일 17시,금요일,전라남도 곡성군 곡성읍,사망사고,1,0,0,0,차대사람 - 차도통행중,안전운전불이행,습기,비,기타 - 기타,승용,남,76세,상해없음,보행자,여,84세,사망
2012111600100479,2012년 11월 16일 18시,금요일,전라남도 나주시 대호동,중상사고,0,1,0,0,차대사람 - 횡단중,신호위반,습기,비,단일로 - 횡단보도상,승용,남,24세,상해없음,보행자,여,19세,중상
2012111600100480,2012년 11월 16일 18시,금요일,전라남도 화순군 북면,중상사고,0,1,0,0,차대차 - 정면충돌,중앙선침범,습기,비,단일로 - 기타,자전거,남,12세,중상,화물,남,46세,상해없음
2012111600100481,2012년 11월 16일 18시,금요일,전라남도 화순군 화순읍,경상사고,0,0,1,0,차대차 - 측면직각충돌,교차로운행방법위반,습기,비,교차로 - 교차로부근,승용,여,64세,경상,화물,남,45세,상해없음
2012111600100482,2012년 11월 16일 18시,금요일,전라남도 곡성군 오산면,중상사고,0,3,0,1,차대차 - 정면충돌,중앙선침범,건조,맑음,기타 - 기타,승용,남,23세,부상신고,승용,남,51세,중상
2012111600100556,2012년 11월 16일 19시,금요일,전라남도 순천시 연향동,경상사고,0,0,1,0,차대사람 - 횡단중,보행자보호의무위반,습기,비,교차로 - 교차로안,승합,남,48세,상해없음,보행자,남,37세,경상
2012111600100610,2012년 11월 16일 20시,금요일,전라남도 나주시 다시면,중상사고,0,1,0,0,차대사람 - 기타,안전운전불이행,습기,비,교차로 - 교차로안,승용,남,30세,상해없음,보행자,남,59세,중상
2012111600100677,2012년 11월 16일 21시,금요일,전라남도 여수시 여서동,경상사고,0,0,2,0,차대차 - 측면직각충돌,직진우회전진행방해,습기,비,교차로 - 교차로안,승용,남,51세,경상,승용,남,48세,기타불명
2012111600100678,2012년 11월 16일 21시,금요일,전라남도 영암군 영암읍,경상사고,0,0,1,0,차대차 - 추돌 - 진행중,안전운전불이행,습기,비,단일로 - 기타,화물,남,32세,상해없음,승용,남,64세,경상
2012111600100751,2012년 11월 16일 22시,금요일,전라남도 순천시 동외동,경상사고,0,0,1,0,차대차 - 정면충돌,안전운전불이행,습기,비,교차로 - 교차로안,승용,여,49세,상해없음,승용,남,24세,경상
2012111600100823,2012년 11월 16일 23시,금요일,전라남도 순천시 와룡동,경상사고,0,0,1,0,차량단독 - 전도전복,안전운전불이행,건조,맑음,단일로 - 기타,승용,남,50세,상해없음,,,,
2012111600100824,2012년 11월 16일 23시,금요일,전라남도 담양군 담양읍,중상사고,0,1,1,0,차대차 - 추돌 - 주정차중,안전운전불이행,습기,비,교차로 - 교차로부근,승용,여,29세,경상,화물,남,47세,상해없음
2012111700100143,2012년 11월 17일 02시,토요일,전라남도 목포시 상동,경상사고,0,0,3,0,차대차 - 정면충돌,중앙선침범,습기,비,교차로 - 교차로안,승용,남,25세,상해없음,승용,남,31세,경상
2012111700100177,2012년 11월 17일 03시,토요일,전라남도 여수시 해산동,경상사고,0,0,1,0,차대차 - 기타,안전운전불이행,습기,비,단일로 - 기타,승용,남,27세,기타불명,승용,남,60세,경상
2012111700100245,2012년 11월 17일 06시,토요일,전라남도 여수시 둔덕동,중상사고,0,1,0,0,차대사람 - 횡단중,신호위반,습기,비,교차로 - 교차로안,화물,남,52세,상해없음,보행자,여,75세,중상
2012111700100266,2012년 11월 17일 07시,토요일,전라남도 여수시 오림동,경상사고,0,0,1,0,차대차 - 기타,안전거리미확보,건조,맑음,교차로 - 교차로안,승합,남,57세,상해없음,승합,남,37세,경상
2012111700100267,2012년 11월 17일 07시,토요일,전라남도 순천시 동외동,경상사고,0,0,1,0,차대차 - 기타,신호위반,건조,맑음,교차로 - 교차로안,승용,남,48세,상해없음,원동기,남,77세,경상
2012111700100328,2012년 11월 17일 10시,토요일,전라남도 순천시 인제동,중상사고,0,1,0,0,차대사람 - 기타,안전운전불이행,건조,맑음,단일로 - 기타,승용,여,57세,상해없음,보행자,여,82세,중상
2012111700100329,2012년 11월 17일 10시,토요일,전라남도 고흥군 도양읍,경상사고,0,0,2,0,차대차 - 측면직각충돌,안전운전불이행,건조,맑음,교차로 - 교차로안,승용,여,24세,상해없음,원동기,남,59세,경상
2012111700100330,2012년 11월 17일 10시,토요일,전라남도 광양시 광양읍,경상사고,0,0,1,0,차대차 - 측면직각충돌,직진우회전진행방해,건조,맑음,교차로 - 교차로안,화물,남,34세,상해없음,승용,여,29세,경상
2012111700100355,2012년 11월 17일 11시,토요일,전라남도 순천시 가곡동,경상사고,0,0,3,0,차대차 - 기타,신호위반,건조,맑음,교차로 - 교차로안,화물,남,60세,상해없음,승용,남,30세,경상
2012111700100394,2012년 11월 17일 12시,토요일,전라남도 목포시 산정동,경상사고,0,0,1,0,차대사람 - 차도통행중,안전운전불이행,건조,맑음,단일로 - 횡단보도부근,승용,남,41세,상해없음,보행자,남,6세,경상
2012111700100395,2012년 11월 17일 12시,토요일,전라남도 목포시 용해동,경상사고,0,0,1,0,차대차 - 추돌 - 주정차중,안전운전불이행,건조,맑음,단일로 - 기타,승용,여,40세,기타불명,승용,여,30세,경상
2012111700100396,2012년 11월 17일 12시,토요일,전라남도 목포시 산정동,경상사고,0,0,1,0,차대차 - 측면직각충돌,교차로운행방법위반,건조,맑음,교차로 - 교차로안,화물,남,56세,상해없음,승용,남,69세,경상
2012111700100397,2012년 11월 17일 12시,토요일,전라남도 여수시 신기동,중상사고,0,1,0,0,차대사람 - 횡단중,보행자보호의무위반,건조,맑음,교차로 - 교차로부근,승용,남,21세,상해없음,보행자,여,7세,중상
2012111700100398,2012년 11월 17일 12시,토요일,전라남도 구례군 구례읍,부상신고사고,0,0,0,1,차대차 - 측면직각충돌,교차로운행방법위반,건조,맑음,교차로 - 교차로안,이륜,남,20세,부상신고,화물,남,38세,상해없음
2012111700100432,2012년 11월 17일 13시,토요일,전라남도 목포시 용해동,경상사고,0,0,4,0,차대차 - 측면직각충돌,안전운전불이행,건조,맑음,단일로 - 기타,승용,남,35세,경상,승용,남,28세,경상
2012111700100433,2012년 11월 17일 13시,토요일,전라남도 순천시 연향동,경상사고,0,0,3,0,차대차 - 기타,안전운전불이행,건조,맑음,단일로 - 기타,승용,남,55세,상해없음,승용,여,27세,경상
2012111700100475,2012년 11월 17일 14시,토요일,전라남도 순천시 주암면,경상사고,0,0,2,0,차대차 - 기타,기타,건조,맑음,단일로 - 기타,화물,기타불명,기타불명,기타불명,승용,여,51세,경상
2012111700100507,2012년 11월 17일 15시,토요일,전라남도 여수시 수정동,경상사고,0,0,1,0,차대차 - 정면충돌,중앙선침범,건조,맑음,단일로 - 기타,승용,남,47세,상해없음,승용,남,51세,경상
2012111700100508,2012년 11월 17일 15시,토요일,전라남도 여수시 둔덕동,경상사고,0,0,1,0,차대차 - 추돌 - 주정차중,안전거리미확보,건조,맑음,교차로 - 교차로부근,승용,남,51세,상해없음,승용,여,53세,경상
2012111700100509,2012년 11월 17일 15시,토요일,전라남도 순천시 장천동,경상사고,0,0,2,0,차대차 - 기타,중앙선침범,건조,맑음,단일로 - 기타,승용,여,55세,상해없음,승용,남,25세,경상
2012111700100538,2012년 11월 17일 16시,토요일,전라남도 목포시 산정동,경상사고,0,0,2,0,차대차 - 측면직각충돌,차로위반,건조,맑음,단일로 - 기타,화물,여,51세,상해없음,승용,남,38세,경상
2012111700100539,2012년 11월 17일 16시,토요일,전라남도 순천시 풍덕동,부상신고사고,0,0,0,1,차대차 - 기타,안전운전불이행,건조,맑음,단일로 - 기타,승용,여,53세,상해없음,이륜,남,46세,부상신고
2012111700100540,2012년 11월 17일 16시,토요일,전라남도 영광군 영광읍,경상사고,0,0,2,0,차대차 - 추돌 - 진행중,안전운전불이행,건조,맑음,교차로 - 교차로안,승용,여,52세,경상,승용,남,41세,상해없음
2012111700100587,2012년 11월 17일 17시,토요일,전라남도 목포시 상동,경상사고,0,0,3,0,차대차 - 측면직각충돌,교차로운행방법위반,건조,맑음,교차로 - 교차로안,승용,남,70세,경상,승용,남,57세,경상
2012111700100639,2012년 11월 17일 18시,토요일,전라남도 목포시 산정동,경상사고,0,0,1,0,차대차 - 측면직각충돌,안전운전불이행,건조,맑음,교차로 - 교차로안,승용,남,52세,상해없음,이륜,남,29세,경상
2012111700100640,2012년 11월 17일 18시,토요일,전라남도 여수시 국동,경상사고,0,0,1,0,차대차 - 측면직각충돌,안전거리미확보,건조,맑음,단일로 - 기타,승용,남,54세,상해없음,승용,남,54세,경상
2012111700100683,2012년 11월 17일 19시,토요일,전라남도 영암군 덕진면,경상사고,0,0,7,0,차대차 - 추돌 - 진행중,안전운전불이행,습기,비,교차로 - 교차로부근,화물,남,54세,경상,승용,남,29세,경상
2012111700100684,2012년 11월 17일 19시,토요일,전라남도 완도군 완도읍,경상사고,0,0,1,0,차대차 - 추돌 - 진행중,차로위반,건조,맑음,단일로 - 기타,승용,남,44세,상해없음,화물,남,46세,경상
2012111700100703,2012년 11월 17일 20시,토요일,전라남도 담양군 고서면,중상사고,0,1,0,0,차량단독 - 공작물충돌,안전운전불이행,건조,흐림,단일로 - 기타,승용,남,45세,중상,,,,
2012111700100739,2012년 11월 17일 21시,토요일,전라남도 광양시 중동,중상사고,0,1,0,0,차대사람 - 횡단중,보행자보호의무위반,건조,맑음,단일로 - 횡단보도상,승용,남,62세,상해없음,보행자,남,54세,중상
2012111700100772,2012년 11월 17일 22시,토요일,전라남도 영암군 삼호읍,중상사고,0,1,0,4,차대차 - 측면직각충돌,직진우회전진행방해,건조,맑음,교차로 - 교차로안,승용,여,37세,부상신고,승용,남,31세,중상
2012111800100020,2012년 11월 18일 00시,일요일,전라남도 목포시 옥암동,중상사고,0,1,5,0,차대차 - 측면직각충돌,교차로운행방법위반,건조,맑음,교차로 - 교차로안,승용,남,18세,경상,승용,남,31세,경상
2012111800100041,2012년 11월 18일 01시,일요일,전라남도 여수시 학동,경상사고,0,0,1,0,차대차 - 측면직각충돌,안전거리미확보,건조,맑음,교차로 - 교차로안,승용,남,54세,상해없음,승용,여,41세,상해없음
2012111800100042,2012년 11월 18일 01시,일요일,전라남도 순천시 연향동,경상사고,0,0,1,0,차대차 - 기타,안전거리미확보,건조,맑음,교차로 - 교차로부근,승용,남,45세,상해없음,승용,남,45세,경상
2012111800100043,2012년 11월 18일 01시,일요일,전라남도 영암군 삼호읍,중상사고,0,2,4,0,차대차 - 측면직각충돌,직진우회전진행방해,건조,맑음,교차로 - 교차로안,원동기,남,24세,경상,승용,여,30세,경상
2012111800100094,2012년 11월 18일 04시,일요일,전라남도 여수시 오림동,중상사고,0,1,0,0,차대사람 - 기타,안전운전불이행,건조,맑음,단일로 - 기타,승용,남,25세,상해없음,보행자,남,26세,중상
2012111800100095,2012년 11월 18일 04시,일요일,전라남도 순천시 생목동,중상사고,0,1,0,0,차량단독 - 기타,안전운전불이행,건조,맑음,단일로 - 기타,승합,남,42세,상해없음,,,,
2012111800100116,2012년 11월 18일 05시,일요일,전라남도 순천시 생목동,경상사고,0,0,2,0,차대차 - 기타,안전운전불이행,건조,맑음,단일로 - 기타,승용,남,22세,기타불명,승용,남,46세,경상
2012111800100137,2012년 11월 18일 07시,일요일,전라남도 장성군 장성읍,경상사고,0,0,3,0,차대차 - 측면직각충돌,안전운전불이행,건조,맑음,단일로 - 기타,승용,남,28세,상해없음,승용,남,42세,경상
2012111800100150,2012년 11월 18일 08시,일요일,전라남도 신안군 지도읍,중상사고,0,1,1,0,차대차 - 기타,직진우회전진행방해,건조,맑음,교차로 - 교차로부근,승용,남,46세,상해없음,승용,여,44세,중상
2012111800100172,2012년 11월 18일 09시,일요일,전라남도 영암군 삼호읍,중상사고,0,1,6,0,차대차 - 측면직각충돌,안전운전불이행,건조,맑음,단일로 - 기타,승합,남,34세,경상,화물,남,52세,경상
2012111800100186,2012년 11월 18일 10시,일요일,전라남도 신안군 신의면,중상사고,0,1,0,0,차대차 - 정면충돌,중앙선침범,건조,맑음,단일로 - 기타,화물,남,33세,상해없음,승용,여,55세,중상
2012111800100187,2012년 11월 18일 10시,일요일,전라남도 영암군 덕진면,경상사고,0,0,1,0,차대차 - 측면직각충돌,안전운전불이행,건조,맑음,단일로 - 기타,화물,남,54세,상해없음,원동기,남,75세,경상
2012111800100204,2012년 11월 18일 11시,일요일,전라남도 보성군 보성읍,경상사고,0,0,1,0,차대차 - 측면직각충돌,안전운전불이행,건조,맑음,단일로 - 기타,승용,남,58세,상해없음,화물,남,55세,경상
2012111800100205,2012년 11월 18일 11시,일요일,전라남도 광양시 금호동,중상사고,0,2,1,0,차대차 - 측면직각충돌,안전운전불이행,건조,맑음,교차로 - 교차로부근,화물,남,60세,중상,승용,남,72세,중상
2012111800100248,2012년 11월 18일 13시,일요일,전라남도 무안군 무안읍,사망사고,1,1,2,0,차량단독 - 공작물충돌,안전운전불이행,건조,맑음,단일로 - 기타,승용,남,42세,사망,,,,
2012111800100249,2012년 11월 18일 13시,일요일,전라남도 여수시 봉계동,경상사고,0,0,1,0,차대차 - 측면직각충돌,신호위반,건조,맑음,교차로 - 교차로안,화물,남,60세,상해없음,승용,남,37세,경상
2012111800100250,2012년 11월 18일 13시,일요일,전라남도 보성군 문덕면,경상사고,0,0,3,0,차대차 - 측면직각충돌,교차로운행방법위반,건조,맑음,교차로 - 교차로안,승용,남,45세,상해없음,승용,남,27세,경상
2012111800100251,2012년 11월 18일 13시,일요일,전라남도 영광군 영광읍,경상사고,0,0,1,0,차대차 - 기타,교차로운행방법위반,건조,맑음,교차로 - 교차로안,화물,남,58세,상해없음,승용,여,49세,경상