사고번호,사고일시,요일,시군구,사고내용,사망자수,중상자수,경상자수,부상신고자수,사고유형,법규위반,노면상태,기상상태,도로형태,가해운전자 차종,가해운전자 성별,가해운전자 연령,가해운전자 상해정도,피해운전자 차종,피해운전자 성별,피해운전자 연령,피해운전자 상해정도
2012111800100252,2012년 11월 18일 13시,일요일,전라남도 장성군 황룡면,경상사고,0,0,2,0,차대차 - 측면직각충돌,신호위반,건조,맑음,교차로 - 교차로안,승합,남,68세,상해없음,화물,남,54세,경상
2012111800100283,2012년 11월 18일 14시,일요일,전라남도 장성군 북하면,사망사고,1,0,0,0,차량단독 - 기타,안전운전불이행,건조,맑음,단일로 - 기타,이륜,남,40세,사망,,,,
2012111800100314,2012년 11월 18일 15시,일요일,전라남도 해남군 해남읍,부상신고사고,0,0,0,1,차대차 - 측면직각충돌,안전운전불이행,건조,맑음,단일로 - 기타,화물,남,69세,상해없음,승용,남,56세,부상신고
2012111800100347,2012년 11월 18일 16시,일요일,전라남도 영암군 삼호읍,경상사고,0,0,5,0,차대차 - 측면직각충돌,직진우회전진행방해,건조,맑음,교차로 - 교차로안,화물,남,57세,경상,승용,남,34세,경상
2012111800100348,2012년 11월 18일 16시,일요일,전라남도 영암군 삼호읍,경상사고,0,0,2,0,차대차 - 측면직각충돌,신호위반,건조,맑음,교차로 - 교차로안,승용,남,34세,경상,승용,남,36세,경상
2012111800100349,2012년 11월 18일 16시,일요일,전라남도 강진군 작천면,사망사고,1,0,0,0,차대차 - 추돌 - 진행중,안전운전불이행,건조,맑음,단일로 - 기타,승용,남,47세,상해없음,농기계,남,58세,사망
2012111800100374,2012년 11월 18일 17시,일요일,전라남도 순천시 연향동,중상사고,0,1,0,0,차대차 - 기타,신호위반,건조,맑음,교차로 - 교차로안,승용,남,47세,상해없음,자전거,남,8세,중상
2012111800100418,2012년 11월 18일 18시,일요일,전라남도 순천시 인월동,중상사고,0,1,0,0,차대차 - 측면직각충돌,차로위반,건조,맑음,단일로 - 기타,승용,남,56세,중상,화물,남,57세,상해없음
2012111800100419,2012년 11월 18일 18시,일요일,전라남도 고흥군 도양읍,중상사고,0,1,0,0,차대사람 - 횡단중,안전운전불이행,건조,맑음,단일로 - 기타,화물,남,57세,상해없음,보행자,여,80세,중상
2012111800100420,2012년 11월 18일 18시,일요일,전라남도 해남군 황산면,중상사고,0,1,0,0,차대차 - 측면직각충돌,중앙선침범,건조,맑음,단일로 - 기타,승용,남,38세,상해없음,자전거,남,48세,중상
2012111800100531,2012년 11월 18일 22시,일요일,전라남도 순천시 장천동,경상사고,0,0,2,0,차대차 - 정면충돌,신호위반,건조,맑음,교차로 - 교차로안,승용,남,23세,상해없음,승용,여,42세,경상
2012111800100549,2012년 11월 18일 23시,일요일,전라남도 목포시 산정동,경상사고,0,0,4,0,차대차 - 측면직각충돌,안전운전불이행,건조,맑음,교차로 - 교차로부근,승용,남,38세,상해없음,승용,여,29세,경상
2012111900100057,2012년 11월 19일 05시,월요일,전라남도 완도군 완도읍,중상사고,0,1,1,0,차대차 - 측면직각충돌,신호위반,건조,맑음,단일로 - 기타,승용,남,68세,상해없음,농기계,남,77세,경상
2012111900100087,2012년 11월 19일 06시,월요일,전라남도 해남군 해남읍,사망사고,1,0,0,0,차대사람 - 보도통행중,신호위반,건조,맑음,단일로 - 횡단보도상,화물,여,48세,상해없음,보행자,남,76세,사망
2012111900100114,2012년 11월 19일 07시,월요일,전라남도 화순군 화순읍,경상사고,0,0,1,0,차대사람 - 횡단중,안전운전불이행,건조,맑음,단일로 - 기타,화물,남,48세,상해없음,보행자,남,8세,경상
2012111900100162,2012년 11월 19일 08시,월요일,전라남도 목포시 연산동,경상사고,0,0,1,0,차대차 - 추돌 - 주정차중,안전운전불이행,건조,맑음,교차로 - 교차로부근,화물,남,54세,상해없음,승용,남,34세,경상
2012111900100163,2012년 11월 19일 08시,월요일,전라남도 순천시 연향동,중상사고,0,1,0,0,차대차 - 측면직각충돌,직진우회전진행방해,건조,맑음,교차로 - 교차로안,승용,여,52세,상해없음,승용,여,30세,중상
2012111900100232,2012년 11월 19일 10시,월요일,전라남도 순천시 해룡면,경상사고,0,0,1,0,차대차 - 기타,안전운전불이행,건조,맑음,교차로 - 교차로부근,승용,남,45세,상해없음,화물,남,36세,경상
2012111900100233,2012년 11월 19일 10시,월요일,전라남도 무안군 삼향읍,사망사고,1,0,0,0,차대차 - 기타,안전거리미확보,건조,맑음,단일로 - 기타,이륜,남,75세,상해없음,화물,남,68세,상해없음
2012111900100262,2012년 11월 19일 11시,월요일,전라남도 나주시 삼영동,경상사고,0,0,2,0,차대차 - 추돌 - 진행중,안전거리미확보,건조,맑음,단일로 - 교량,승용,남,34세,상해없음,승용,남,32세,경상
2012111900100263,2012년 11월 19일 11시,월요일,전라남도 함평군 학교면,중상사고,0,1,0,0,차량단독 - 전도전복,안전운전불이행,건조,맑음,단일로 - 기타,이륜,남,73세,중상,,,,
2012111900100281,2012년 11월 19일 12시,월요일,전라남도 해남군 북평면,경상사고,0,0,1,0,차량단독 - 전도전복,안전운전불이행,건조,맑음,단일로 - 기타,이륜,남,80세,경상,,,,
2012111900100312,2012년 11월 19일 13시,월요일,전라남도 목포시 옥암동,중상사고,0,1,0,0,차대사람 - 횡단중,안전운전불이행,건조,맑음,단일로 - 기타,승용,남,49세,상해없음,보행자,남,46세,중상
2012111900100313,2012년 11월 19일 13시,월요일,전라남도 순천시 석현동,중상사고,0,1,0,0,차대사람 - 횡단중,보행자보호의무위반,건조,맑음,단일로 - 기타,승합,남,54세,상해없음,보행자,여,71세,중상
2012111900100314,2012년 11월 19일 13시,월요일,전라남도 나주시 삼영동,중상사고,0,1,0,0,차대차 - 측면직각충돌,교차로운행방법위반,건조,맑음,교차로 - 교차로안,승용,남,59세,상해없음,원동기,남,85세,중상
2012111900100335,2012년 11월 19일 14시,월요일,전라남도 순천시 덕암동,경상사고,0,0,3,0,차대차 - 추돌 - 진행중,안전운전불이행,건조,맑음,단일로 - 기타,승합,남,23세,상해없음,승용,남,59세,경상
2012111900100336,2012년 11월 19일 14시,월요일,전라남도 강진군 강진읍,중상사고,0,1,0,0,차대차 - 측면직각충돌,교차로운행방법위반,건조,맑음,교차로 - 교차로안,화물,남,51세,상해없음,승용,남,43세,중상
2012111900100372,2012년 11월 19일 15시,월요일,전라남도 순천시 조례동,경상사고,0,0,4,1,차대차 - 추돌 - 진행중,안전거리미확보,건조,맑음,교차로 - 교차로부근,승용,남,50세,상해없음,승용,여,59세,경상
2012111900100373,2012년 11월 19일 15시,월요일,전라남도 완도군 신지면,중상사고,0,1,0,0,차대차 - 측면직각충돌,교차로운행방법위반,건조,맑음,교차로 - 교차로안,승용,남,72세,상해없음,승용,남,75세,중상
2012111900100402,2012년 11월 19일 16시,월요일,전라남도 목포시 상동,중상사고,0,1,0,0,차대차 - 측면직각충돌,안전운전불이행,건조,맑음,교차로 - 교차로부근,승합,여,38세,상해없음,자전거,남,75세,중상
2012111900100403,2012년 11월 19일 16시,월요일,전라남도 보성군 보성읍,경상사고,0,0,2,0,차량단독 - 공작물충돌,안전운전불이행,건조,맑음,단일로 - 기타,이륜,남,71세,경상,,,,
2012111900100426,2012년 11월 19일 17시,월요일,전라남도 여수시 문수동,경상사고,0,0,1,0,차대사람 - 기타,안전운전불이행,건조,맑음,단일로 - 기타,승용,여,49세,상해없음,보행자,여,13세,경상
2012111900100427,2012년 11월 19일 17시,월요일,전라남도 순천시 동외동,중상사고,0,1,0,0,차대차 - 측면직각충돌,안전운전불이행,건조,맑음,교차로 - 교차로안,승합,남,37세,상해없음,이륜,남,69세,중상
2012111900100428,2012년 11월 19일 17시,월요일,전라남도 담양군 봉산면,중상사고,0,1,0,0,차대사람 - 차도통행중,안전운전불이행,건조,맑음,교차로 - 교차로안,화물,남,57세,상해없음,보행자,남,54세,중상
2012111900100473,2012년 11월 19일 18시,월요일,전라남도 순천시 연향동,중상사고,0,1,0,0,차대사람 - 기타,보행자보호의무위반,건조,맑음,단일로 - 횡단보도상,승합,남,62세,상해없음,보행자,남,53세,중상
2012111900100474,2012년 11월 19일 18시,월요일,전라남도 순천시 조례동,경상사고,0,0,1,0,차대차 - 기타,안전거리미확보,건조,맑음,단일로 - 기타,승용,남,50세,상해없음,이륜,남,17세,경상
2012111900100475,2012년 11월 19일 18시,월요일,전라남도 순천시 상사면,중상사고,0,1,0,0,차대사람 - 기타,안전운전불이행,건조,맑음,교차로 - 교차로부근,승용,남,70세,상해없음,보행자,여,19세,중상
2012111900100476,2012년 11월 19일 18시,월요일,전라남도 고흥군 고흥읍,중상사고,0,1,0,0,차대사람 - 기타,안전운전불이행,건조,맑음,단일로 - 기타,승용,여,27세,상해없음,보행자,남,7세,중상
2012111900100477,2012년 11월 19일 18시,월요일,전라남도 담양군 대전면,경상사고,0,0,1,0,차대차 - 기타,중앙선침범,건조,맑음,단일로 - 기타,승용,여,35세,상해없음,자전거,남,41세,경상
2012111900100478,2012년 11월 19일 18시,월요일,전라남도 광양시 금호동,경상사고,0,0,1,0,차대사람 - 횡단중,보행자보호의무위반,건조,맑음,단일로 - 횡단보도상,승용,기타불명,기타불명,기타불명,보행자,남,43세,경상
2012111900100529,2012년 11월 19일 19시,월요일,전라남도 광양시 태인동,중상사고,0,1,0,0,차량단독 - 전도전복,안전운전불이행,건조,맑음,단일로 - 기타,원동기,남,63세,중상,,,,
2012111900100582,2012년 11월 19일 21시,월요일,전라남도 순천시 해룡면,경상사고,0,0,1,0,차대사람 - 기타,안전운전불이행,건조,맑음,교차로 - 교차로안,기타불명,기타불명,기타불명,기타불명,보행자,남,1세,경상
2012111900100583,2012년 11월 19일 21시,월요일,전라남도 영암군 삼호읍,중상사고,0,2,0,0,차대차 - 측면직각충돌,직진우회전진행방해,건조,맑음,교차로 - 교차로안,승용,남,40세,상해없음,원동기,남,55세,중상
2012112000100008,2012년 11월 20일 00시,화요일,전라남도 광양시 중동,경상사고,0,0,2,0,차대사람 - 횡단중,보행자보호의무위반,건조,맑음,단일로 - 횡단보도상,승용,남,35세,상해없음,보행자,여,21세,경상
2012112000100050,2012년 11월 20일 05시,화요일,전라남도 목포시 동명동,중상사고,0,1,0,0,차대차 - 측면직각충돌,교차로운행방법위반,건조,맑음,교차로 - 교차로안,원동기,남,38세,중상,화물,남,37세,상해없음
2012112000100085,2012년 11월 20일 07시,화요일,전라남도 보성군 미력면,사망사고,1,1,0,0,차대차 - 기타,기타,건조,맑음,단일로 - 기타,화물,남,42세,상해없음,화물,남,26세,중상
2012112000100123,2012년 11월 20일 08시,화요일,전라남도 나주시 성북동,중상사고,0,1,0,0,차대사람 - 기타,안전운전불이행,건조,맑음,교차로 - 교차로부근,승용,남,49세,상해없음,보행자,여,73세,중상
2012112000100152,2012년 11월 20일 09시,화요일,전라남도 고흥군 두원면,경상사고,0,0,1,0,차대차 - 측면직각충돌,안전운전불이행,건조,맑음,교차로 - 교차로부근,화물,남,48세,상해없음,승용,여,38세,경상
2012112000100172,2012년 11월 20일 10시,화요일,전라남도 광양시 광영동,경상사고,0,0,1,0,차대차 - 측면직각충돌,신호위반,건조,맑음,교차로 - 교차로안,화물,남,61세,상해없음,승용,여,52세,경상
2012112000100215,2012년 11월 20일 12시,화요일,전라남도 목포시 상동,경상사고,0,0,1,0,차대차 - 추돌 - 진행중,안전운전불이행,건조,맑음,단일로 - 기타,승용,여,27세,상해없음,원동기,남,33세,경상
2012112000100271,2012년 11월 20일 14시,화요일,전라남도 목포시 상동,경상사고,0,0,1,0,차대차 - 추돌 - 주정차중,안전운전불이행,건조,맑음,기타 - 기타,승용,남,71세,상해없음,승용,남,40세,경상
2012112000100303,2012년 11월 20일 15시,화요일,전라남도 장성군 진원면,경상사고,0,0,2,0,차대차 - 측면직각충돌,교차로운행방법위반,건조,맑음,교차로 - 교차로안,승용,남,31세,상해없음,승용,남,36세,경상
2012112000100304,2012년 11월 20일 15시,화요일,전라남도 담양군 봉산면,경상사고,0,0,1,0,차대차 - 추돌 - 주정차중,안전운전불이행,건조,맑음,단일로 - 기타,화물,남,69세,상해없음,화물,남,54세,경상
2012112000100374,2012년 11월 20일 17시,화요일,전라남도 여수시 미평동,경상사고,0,0,1,0,차대차 - 추돌 - 진행중,안전거리미확보,건조,맑음,단일로 - 기타,승용,남,27세,상해없음,승용,여,43세,경상
2012112000100375,2012년 11월 20일 17시,화요일,전라남도 여수시 미평동,경상사고,0,0,4,0,차대차 - 추돌 - 진행중,안전거리미확보,건조,맑음,단일로 - 기타,승용,여,43세,상해없음,승용,여,48세,경상
2012112000100376,2012년 11월 20일 17시,화요일,전라남도 장흥군 장동면,경상사고,0,0,2,0,차대차 - 기타,신호위반,건조,맑음,교차로 - 교차로안,승합,여,43세,상해없음,화물,남,59세,경상
2012112000100377,2012년 11월 20일 17시,화요일,전라남도 함평군 함평읍,경상사고,0,0,1,1,차대차 - 측면직각충돌,직진우회전진행방해,건조,맑음,교차로 - 교차로안,화물,남,55세,부상신고,승합,남,34세,상해없음
2012112000100426,2012년 11월 20일 18시,화요일,전라남도 목포시 상동,중상사고,0,1,0,0,차대사람 - 차도통행중,안전운전불이행,건조,맑음,단일로 - 기타,승용,남,50세,상해없음,보행자,남,52세,중상
2012112000100427,2012년 11월 20일 18시,화요일,전라남도 여수시 상암동,중상사고,0,1,2,0,차대차 - 추돌 - 진행중,안전운전불이행,건조,맑음,교차로 - 교차로부근,승용,남,25세,상해없음,승용,여,38세,중상
2012112000100467,2012년 11월 20일 19시,화요일,전라남도 순천시 장천동,중상사고,0,1,0,0,차대사람 - 횡단중,안전운전불이행,건조,맑음,단일로 - 횡단보도상,승용,여,53세,상해없음,보행자,여,26세,중상
2012112000100544,2012년 11월 20일 22시,화요일,전라남도 목포시 호남동,경상사고,0,0,1,0,차대차 - 측면직각충돌,신호위반,건조,맑음,교차로 - 교차로안,승용,남,22세,상해없음,승용,남,30세,경상
2012112000100545,2012년 11월 20일 22시,화요일,전라남도 여수시 남산동,경상사고,0,0,2,0,차대차 - 추돌 - 주정차중,안전운전불이행,건조,맑음,교차로 - 교차로부근,승용,남,24세,경상,승용,남,48세,경상
2012112100100037,2012년 11월 21일 02시,수요일,전라남도 목포시 상동,경상사고,0,0,1,0,차대차 - 측면직각충돌,신호위반,건조,맑음,교차로 - 교차로안,승용,여,46세,상해없음,승용,남,32세,경상
2012112100100038,2012년 11월 21일 02시,수요일,전라남도 영암군 삼호읍,중상사고,0,1,0,0,차대차 - 추돌 - 주정차중,안전운전불이행,건조,맑음,교차로 - 교차로부근,승용,남,58세,중상,건설기계,남,41세,기타불명
2012112100100085,2012년 11월 21일 06시,수요일,전라남도 신안군 압해읍,경상사고,0,0,4,0,차대차 - 추돌 - 주정차중,안전운전불이행,건조,맑음,단일로 - 기타,승용,남,60세,상해없음,화물,남,49세,상해없음
2012112100100086,2012년 11월 21일 06시,수요일,전라남도 여수시 시전동,중상사고,0,1,2,0,차대차 - 측면직각충돌,신호위반,건조,맑음,교차로 - 교차로안,승용,남,68세,기타불명,승용,여,58세,중상
2012112100100087,2012년 11월 21일 06시,수요일,전라남도 여수시 교동,중상사고,0,1,0,0,차대차 - 기타,안전운전불이행,건조,맑음,교차로 - 교차로부근,승용,남,67세,상해없음,기타불명,여,64세,중상
2012112100100088,2012년 11월 21일 06시,수요일,전라남도 영암군 학산면,경상사고,0,0,3,0,차대차 - 측면직각충돌,직진우회전진행방해,건조,흐림,교차로 - 교차로안,승용,남,40세,경상,화물,남,53세,경상
2012112100100089,2012년 11월 21일 06시,수요일,전라남도 무안군 삼향읍,중상사고,0,1,1,0,차대차 - 측면직각충돌,직진우회전진행방해,건조,맑음,교차로 - 교차로안,승용,여,50세,중상,승용,남,34세,경상
2012112100100132,2012년 11월 21일 08시,수요일,전라남도 여수시 신기동,경상사고,0,0,1,0,차대차 - 측면직각충돌,중앙선침범,건조,맑음,단일로 - 횡단보도부근,화물,남,38세,상해없음,승용,여,42세,경상
2012112100100133,2012년 11월 21일 08시,수요일,전라남도 여수시 신기동,경상사고,0,0,1,0,차대사람 - 기타,기타,건조,맑음,단일로 - 기타,승용,여,40세,상해없음,보행자,남,8세,경상
2012112100100134,2012년 11월 21일 08시,수요일,전라남도 화순군 화순읍,경상사고,0,0,1,0,차량단독 - 기타,안전운전불이행,건조,맑음,단일로 - 기타,승합,남,58세,상해없음,,,,
2012112100100182,2012년 11월 21일 10시,수요일,전라남도 순천시 장천동,중상사고,0,1,2,0,차대차 - 측면직각충돌,신호위반,건조,맑음,교차로 - 교차로안,승용,여,60세,상해없음,승용,여,36세,중상
2012112100100183,2012년 11월 21일 10시,수요일,전라남도 나주시 이창동,경상사고,0,0,3,0,차대차 - 측면직각충돌,직진우회전진행방해,건조,맑음,교차로 - 교차로안,화물,남,53세,경상,승용,여,58세,경상
2012112100100184,2012년 11월 21일 10시,수요일,전라남도 장성군 진원면,경상사고,0,0,1,0,차대차 - 정면충돌,중앙선침범,건조,맑음,단일로 - 기타,승용,남,51세,상해없음,승용,남,41세,경상
2012112100100226,2012년 11월 21일 12시,수요일,전라남도 나주시 반남면,경상사고,0,0,2,0,차대차 - 측면직각충돌,안전운전불이행,건조,맑음,단일로 - 기타,화물,남,64세,경상,승용,여,54세,경상
2012112100100227,2012년 11월 21일 12시,수요일,전라남도 나주시 산포면,중상사고,0,1,0,0,차대사람 - 기타,기타,건조,맑음,교차로 - 교차로부근,승합,남,53세,상해없음,보행자,여,72세,중상
2012112100100331,2012년 11월 21일 16시,수요일,전라남도 영광군 법성면,중상사고,0,2,3,0,차대차 - 기타,교차로운행방법위반,건조,맑음,교차로 - 교차로안,승용,여,36세,상해없음,화물,남,57세,중상
2012112100100365,2012년 11월 21일 17시,수요일,전라남도 나주시 봉황면,경상사고,0,0,1,0,차대차 - 측면직각충돌,직진우회전진행방해,건조,맑음,교차로 - 교차로부근,화물,남,60세,경상,건설기계,남,58세,상해없음
2012112100100421,2012년 11월 21일 18시,수요일,전라남도 목포시 석현동,경상사고,0,0,1,0,차대차 - 측면직각충돌,안전거리미확보,건조,맑음,단일로 - 횡단보도부근,화물,남,69세,상해없음,승합,남,56세,상해없음
2012112100100422,2012년 11월 21일 18시,수요일,전라남도 나주시 남평읍,중상사고,0,1,0,0,차대사람 - 차도통행중,안전운전불이행,건조,맑음,단일로 - 기타,화물,기타불명,기타불명,기타불명,보행자,여,24세,중상
2012112100100423,2012년 11월 21일 18시,수요일,전라남도 고흥군 금산면,사망사고,1,0,0,0,차대사람 - 횡단중,안전운전불이행,건조,맑음,단일로 - 기타,화물,남,44세,상해없음,보행자,남,75세,사망
2012112100100424,2012년 11월 21일 18시,수요일,전라남도 영암군 삼호읍,중상사고,0,1,0,0,차대사람 - 횡단중,안전운전불이행,건조,맑음,단일로 - 기타,승용,남,48세,상해없음,보행자,남,58세,중상
2012112100100425,2012년 11월 21일 18시,수요일,전라남도 무안군 운남면,중상사고,0,1,0,0,차대사람 - 기타,안전운전불이행,건조,맑음,단일로 - 기타,승용,남,65세,상해없음,보행자,여,60세,중상
2012112100100468,2012년 11월 21일 19시,수요일,전라남도 여수시 화장동,경상사고,0,0,1,0,차대차 - 기타,교차로운행방법위반,건조,맑음,교차로 - 교차로안,승용,남,41세,상해없음,이륜,여,42세,경상
2012112100100469,2012년 11월 21일 19시,수요일,전라남도 여수시 공화동,경상사고,0,0,1,0,차대차 - 추돌 - 주정차중,안전운전불이행,건조,맑음,교차로 - 교차로부근,승용,남,61세,상해없음,승합,남,53세,상해없음
2012112100100470,2012년 11월 21일 19시,수요일,전라남도 순천시 용당동,중상사고,0,1,0,0,차대사람 - 기타,안전운전불이행,건조,맑음,기타 - 기타,승용,남,38세,상해없음,보행자,남,51세,중상
2012112100100471,2012년 11월 21일 19시,수요일,전라남도 영암군 신북면,경상사고,0,0,1,0,차대차 - 측면직각충돌,신호위반,건조,맑음,교차로 - 교차로부근,화물,남,27세,상해없음,화물,남,58세,경상
2012112100100511,2012년 11월 21일 20시,수요일,전라남도 구례군 광의면,중상사고,0,1,0,1,차량단독 - 전도전복,안전운전불이행,건조,맑음,기타 - 기타,승용,남,39세,부상신고,,,,
2012112200100045,2012년 11월 22일 03시,목요일,전라남도 담양군 무정면,중상사고,0,1,0,0,차량단독 - 기타,안전운전불이행,습기,흐림,단일로 - 기타,원동기,남,49세,중상,,,,
2012112200100079,2012년 11월 22일 06시,목요일,전라남도 여수시 율촌면,경상사고,0,0,1,0,차대차 - 기타,교차로운행방법위반,건조,맑음,교차로 - 교차로안,승합,남,56세,상해없음,승용,여,62세,경상
2012112200100080,2012년 11월 22일 06시,목요일,전라남도 곡성군 곡성읍,중상사고,0,1,1,0,차대차 - 추돌 - 진행중,안전운전불이행,습기,안개,단일로 - 기타,화물,남,53세,경상,농기계,남,80세,중상
2012112200100104,2012년 11월 22일 07시,목요일,전라남도 여수시 둔덕동,경상사고,0,0,1,0,차대차 - 기타,신호위반,건조,맑음,교차로 - 교차로안,화물,남,44세,상해없음,승용,남,33세,경상
2012112200100143,2012년 11월 22일 08시,목요일,전라남도 나주시 왕곡면,경상사고,0,0,1,0,차대차 - 측면직각충돌,안전운전불이행,건조,맑음,교차로 - 교차로부근,화물,남,41세,상해없음,승용,남,30세,경상
2012112200100144,2012년 11월 22일 08시,목요일,전라남도 구례군 광의면,경상사고,0,0,3,0,차대차 - 측면직각충돌,교차로운행방법위반,건조,맑음,교차로 - 교차로안,승용,남,69세,상해없음,승용,여,21세,경상
2012112200100190,2012년 11월 22일 09시,목요일,전라남도 해남군 삼산면,경상사고,0,0,1,0,차대차 - 측면직각충돌,교차로운행방법위반,건조,맑음,교차로 - 교차로안,화물,남,65세,상해없음,승용,남,64세,경상
2012112200100191,2012년 11월 22일 09시,목요일,전라남도 화순군 춘양면,경상사고,0,0,1,0,차대차 - 측면직각충돌,안전운전불이행,건조,맑음,단일로 - 기타,화물,남,55세,상해없음,승용,남,29세,경상
2012112200100213,2012년 11월 22일 10시,목요일,전라남도 여수시 율촌면,경상사고,0,0,2,0,차대차 - 측면직각충돌,안전운전불이행,건조,맑음,단일로 - 기타,건설기계,남,52세,경상,건설기계,남,42세,경상
2012112200100232,2012년 11월 22일 11시,목요일,전라남도 목포시 용당동,경상사고,0,0,1,0,차대차 - 추돌 - 진행중,안전운전불이행,건조,맑음,단일로 - 기타,이륜,남,44세,상해없음,승용,여,37세,경상
2012112200100233,2012년 11월 22일 11시,목요일,전라남도 나주시 영산동,중상사고,0,2,0,0,차대차 - 추돌 - 주정차중,안전운전불이행,건조,맑음,교차로 - 교차로부근,승합,남,71세,상해없음,승용,남,66세,중상
2012112200100234,2012년 11월 22일 11시,목요일,전라남도 함평군 함평읍,중상사고,0,1,0,0,차대차 - 측면직각충돌,직진우회전진행방해,건조,맑음,교차로 - 교차로안,승용,여,39세,상해없음,원동기,남,76세,중상
2012112200100275,2012년 11월 22일 13시,목요일,전라남도 순천시 조례동,경상사고,0,0,1,0,차대차 - 기타,안전운전불이행,건조,맑음,교차로 - 교차로부근,승용,남,62세,상해없음,승용,남,28세,경상
2012112200100296,2012년 11월 22일 14시,목요일,전라남도 여수시 덕충동,경상사고,0,0,1,0,차대사람 - 기타,안전운전불이행,건조,맑음,단일로 - 기타,승용,남,31세,상해없음,보행자,남,63세,경상
2012112200100297,2012년 11월 22일 14시,목요일,전라남도 무안군 삼향읍,경상사고,0,0,2,0,차대차 - 추돌 - 진행중,안전운전불이행,건조,맑음,단일로 - 기타,건설기계,남,38세,상해없음,승용,남,73세,경상
2012112200100377,2012년 11월 22일 17시,목요일,전라남도 여수시 학동,경상사고,0,0,1,0,차대사람 - 기타,안전운전불이행,건조,맑음,기타 - 기타,특수,남,32세,상해없음,보행자,여,59세,경상
2012112200100378,2012년 11월 22일 17시,목요일,전라남도 여수시 서교동,경상사고,0,0,1,0,차대차 - 기타,안전운전불이행,건조,맑음,단일로 - 기타,승용,남,45세,상해없음,승용,여,37세,경상
2012112200100379,2012년 11월 22일 17시,목요일,전라남도 여수시 서교동,경상사고,0,0,1,0,차량단독 - 기타,안전운전불이행,건조,맑음,단일로 - 기타,승용,남,59세,상해없음,,,,
2012112200100380,2012년 11월 22일 17시,목요일,전라남도 광양시 중동,경상사고,0,0,1,0,차대차 - 측면직각충돌,안전운전불이행,건조,맑음,교차로 - 교차로안,승용,여,31세,상해없음,승용,여,54세,경상
2012112200100459,2012년 11월 22일 19시,목요일,전라남도 화순군 화순읍,경상사고,0,0,1,0,차대사람 - 횡단중,신호위반,건조,맑음,교차로 - 교차로안,승용,남,42세,상해없음,보행자,남,11세,경상
2012112200100490,2012년 11월 22일 20시,목요일,전라남도 광양시 광양읍,경상사고,0,0,1,0,차대차 - 추돌 - 진행중,직진우회전진행방해,건조,맑음,교차로 - 교차로안,화물,남,38세,상해없음,승용,남,36세,경상
2012112200100567,2012년 11월 22일 22시,목요일,전라남도 목포시 동명동,중상사고,0,1,0,0,차대차 - 측면직각충돌,안전운전불이행,건조,맑음,교차로 - 교차로안,화물,남,53세,상해없음,승합,남,49세,중상
2012112200100568,2012년 11월 22일 22시,목요일,전라남도 담양군 고서면,경상사고,0,0,3,0,차대차 - 측면직각충돌,신호위반,건조,흐림,교차로 - 교차로안,화물,남,58세,상해없음,화물,남,29세,경상
2012112300100101,2012년 11월 23일 06시,금요일,전라남도 담양군 담양읍,경상사고,0,0,1,0,차대차 - 측면직각충돌,차로위반,건조,흐림,단일로 - 기타,화물,남,50세,상해없음,원동기,여,70세,경상
2012112300100130,2012년 11월 23일 07시,금요일,전라남도 나주시 남평읍,경상사고,0,0,2,0,차대차 - 측면직각충돌,안전거리미확보,건조,맑음,단일로 - 교량,승용,남,48세,상해없음,승용,여,52세,경상
2012112300100193,2012년 11월 23일 09시,금요일,전라남도 강진군 강진읍,중상사고,0,1,0,0,차대사람 - 횡단중,안전운전불이행,건조,맑음,단일로 - 기타,이륜,남,74세,상해없음,보행자,여,55세,중상
2012112300100211,2012년 11월 23일 10시,금요일,전라남도 고흥군 도양읍,부상신고사고,0,0,0,1,차대차 - 추돌 - 진행중,안전운전불이행,건조,맑음,단일로 - 기타,승용,남,67세,부상신고,건설기계,남,44세,상해없음
2012112300100235,2012년 11월 23일 11시,금요일,전라남도 담양군 창평면,사망사고,1,0,0,0,차량단독 - 도로외이탈 - 추락,안전운전불이행,건조,맑음,기타 - 기타,농기계,남,69세,사망,,,,
2012112300100269,2012년 11월 23일 12시,금요일,전라남도 장성군 남면,중상사고,0,1,2,0,차대차 - 측면직각충돌,교차로운행방법위반,건조,맑음,교차로 - 교차로안,화물,남,60세,경상,화물,남,34세,중상
2012112300100294,2012년 11월 23일 13시,금요일,전라남도 여수시 돌산읍,경상사고,0,0,1,0,차대차 - 추돌 - 주정차중,안전운전불이행,건조,맑음,단일로 - 기타,승용,남,72세,상해없음,승용,남,35세,경상
2012112300100295,2012년 11월 23일 13시,금요일,전라남도 나주시 남평읍,경상사고,0,0,4,0,차대차 - 추돌 - 진행중,안전거리미확보,건조,맑음,교차로 - 교차로부근,승용,여,40세,경상,승용,여,33세,경상
2012112300100296,2012년 11월 23일 13시,금요일,전라남도 해남군 마산면,중상사고,0,1,2,0,차대차 - 정면충돌,중앙선침범,건조,흐림,단일로 - 기타,승용,여,55세,중상,승합,남,59세,경상