사고번호,사고일시,요일,시군구,사고내용,사망자수,중상자수,경상자수,부상신고자수,사고유형,법규위반,노면상태,기상상태,도로형태,가해운전자 차종,가해운전자 성별,가해운전자 연령,가해운전자 상해정도,피해운전자 차종,피해운전자 성별,피해운전자 연령,피해운전자 상해정도
2012112300100327,2012년 11월 23일 14시,금요일,전라남도 여수시 교동,경상사고,0,0,1,0,차대사람 - 횡단중,안전운전불이행,건조,맑음,교차로 - 교차로안,승용,남,69세,상해없음,보행자,남,69세,경상
2012112300100328,2012년 11월 23일 14시,금요일,전라남도 해남군 해남읍,경상사고,0,0,2,0,차대사람 - 차도통행중,안전운전불이행,건조,흐림,교차로 - 교차로안,승용,남,60세,상해없음,보행자,남,46세,경상
2012112300100329,2012년 11월 23일 14시,금요일,전라남도 완도군 완도읍,중상사고,0,1,0,0,차대사람 - 길가장자리구역통행중,안전운전불이행,건조,맑음,교차로 - 교차로안,승합,남,57세,상해없음,보행자,여,34세,중상
2012112300100355,2012년 11월 23일 15시,금요일,전라남도 목포시 석현동,경상사고,0,0,5,0,차대차 - 측면직각충돌,안전운전불이행,건조,맑음,단일로 - 기타,승용,남,48세,상해없음,승용,여,50세,경상
2012112300100356,2012년 11월 23일 15시,금요일,전라남도 보성군 득량면,중상사고,0,1,1,0,차대차 - 정면충돌,중앙선침범,건조,맑음,단일로 - 기타,승용,여,40세,경상,화물,남,52세,중상
2012112300100390,2012년 11월 23일 16시,금요일,전라남도 목포시 옥암동,경상사고,0,0,1,0,차대사람 - 횡단중,안전운전불이행,건조,맑음,단일로 - 기타,승용,여,32세,상해없음,보행자,여,7세,경상
2012112300100391,2012년 11월 23일 16시,금요일,전라남도 강진군 마량면,중상사고,0,1,0,0,차대차 - 추돌 - 진행중,중앙선침범,건조,맑음,단일로 - 기타,승합,남,57세,상해없음,승용,남,38세,중상
2012112300100392,2012년 11월 23일 16시,금요일,전라남도 무안군 청계면,경상사고,0,0,2,0,차대차 - 측면직각충돌,안전운전불이행,건조,맑음,교차로 - 교차로안,화물,남,54세,상해없음,승용,여,66세,경상
2012112300100423,2012년 11월 23일 17시,금요일,전라남도 장흥군 장흥읍,중상사고,0,1,0,1,차대차 - 기타,안전운전불이행,건조,맑음,교차로 - 교차로안,화물,남,65세,부상신고,승용,여,32세,중상
2012112300100487,2012년 11월 23일 18시,금요일,전라남도 영암군 미암면,경상사고,0,0,2,0,차대차 - 측면직각충돌,신호위반,건조,맑음,교차로 - 교차로안,화물,남,46세,상해없음,화물,남,55세,경상
2012112300100539,2012년 11월 23일 19시,금요일,전라남도 신안군 도초면,경상사고,0,0,1,0,차량단독 - 전도전복,안전운전불이행,건조,맑음,단일로 - 기타,승용,여,48세,경상,,,,
2012112300100540,2012년 11월 23일 19시,금요일,전라남도 목포시 상동,경상사고,0,0,1,0,차대차 - 측면직각충돌,안전운전불이행,건조,맑음,단일로 - 기타,승용,남,43세,상해없음,승용,남,42세,경상
2012112300100577,2012년 11월 23일 20시,금요일,전라남도 여수시 여서동,경상사고,0,0,1,0,차대차 - 측면직각충돌,교차로운행방법위반,건조,맑음,교차로 - 교차로안,화물,남,49세,상해없음,이륜,남,19세,경상
2012112300100578,2012년 11월 23일 20시,금요일,전라남도 여수시 적량동,경상사고,0,0,2,0,차대차 - 기타,안전운전불이행,건조,맑음,단일로 - 기타,승용,남,63세,상해없음,승용,남,25세,경상
2012112300100579,2012년 11월 23일 20시,금요일,전라남도 순천시 연향동,부상신고사고,0,0,0,1,차대차 - 기타,차로위반,건조,맑음,단일로 - 기타,원동기,남,60세,부상신고,승합,여,52세,상해없음
2012112300100580,2012년 11월 23일 20시,금요일,전라남도 화순군 화순읍,경상사고,0,0,1,0,차대사람 - 횡단중,안전운전불이행,건조,맑음,단일로 - 기타,원동기,남,16세,상해없음,보행자,여,67세,경상
2012112300100581,2012년 11월 23일 20시,금요일,전라남도 광양시 광양읍,경상사고,0,0,1,0,차대차 - 측면직각충돌,안전운전불이행,건조,맑음,단일로 - 기타,승용,남,27세,상해없음,특수,남,41세,경상
2012112300100622,2012년 11월 23일 21시,금요일,전라남도 목포시 호남동,중상사고,0,1,0,0,차대차 - 측면직각충돌,중앙선침범,건조,맑음,교차로 - 교차로안,이륜,남,17세,중상,승용,남,42세,상해없음
2012112300100666,2012년 11월 23일 22시,금요일,전라남도 순천시 해룡면,중상사고,0,3,4,1,차대차 - 기타,안전운전불이행,건조,맑음,교차로 - 교차로부근,승용,남,39세,부상신고,승용,여,53세,중상
2012112400100150,2012년 11월 24일 07시,토요일,전라남도 순천시 조례동,중상사고,0,1,2,0,차대차 - 측면직각충돌,교차로운행방법위반,건조,맑음,교차로 - 교차로안,승용,남,63세,경상,승용,여,41세,중상
2012112400100174,2012년 11월 24일 08시,토요일,전라남도 신안군 압해읍,경상사고,0,0,1,0,차대차 - 기타,중앙선침범,건조,맑음,단일로 - 기타,화물,남,55세,상해없음,승용,남,61세,경상
2012112400100175,2012년 11월 24일 08시,토요일,전라남도 장성군 진원면,경상사고,0,0,1,0,차대차 - 추돌 - 주정차중,안전거리미확보,건조,맑음,교차로 - 교차로부근,화물,남,54세,상해없음,화물,남,41세,경상
2012112400100197,2012년 11월 24일 09시,토요일,전라남도 화순군 남면,중상사고,0,1,0,0,차량단독 - 도로외이탈 - 추락,안전운전불이행,건조,맑음,기타 - 기타,승용,남,53세,상해없음,,,,
2012112400100198,2012년 11월 24일 09시,토요일,전라남도 영암군 삼호읍,경상사고,0,0,1,0,차대차 - 추돌 - 진행중,안전운전불이행,건조,맑음,교차로 - 교차로부근,승용,남,45세,상해없음,승용,남,56세,경상
2012112400100229,2012년 11월 24일 10시,토요일,전라남도 순천시 별량면,경상사고,0,0,1,0,차대차 - 측면직각충돌,안전운전불이행,건조,맑음,교차로 - 교차로안,승용,여,46세,경상,건설기계,남,36세,상해없음
2012112400100230,2012년 11월 24일 10시,토요일,전라남도 화순군 화순읍,경상사고,0,0,1,0,차대차 - 측면직각충돌,차로위반,건조,맑음,단일로 - 기타,건설기계,남,55세,상해없음,승용,여,58세,경상
2012112400100289,2012년 11월 24일 12시,토요일,전라남도 여수시 여서동,경상사고,0,0,1,0,차대차 - 기타,안전운전불이행,건조,맑음,단일로 - 기타,승용,남,60세,기타불명,승합,남,45세,상해없음
2012112400100290,2012년 11월 24일 12시,토요일,전라남도 영암군 삼호읍,경상사고,0,0,4,0,차대차 - 측면직각충돌,신호위반,건조,맑음,교차로 - 교차로안,승용,남,25세,상해없음,승용,여,29세,경상
2012112400100322,2012년 11월 24일 13시,토요일,전라남도 목포시 동명동,경상사고,0,0,1,0,차대차 - 기타,안전운전불이행,건조,기타,단일로 - 기타,승용,여,53세,상해없음,원동기,남,69세,경상
2012112400100389,2012년 11월 24일 15시,토요일,전라남도 여수시 중앙동,경상사고,0,0,2,0,차량단독 - 기타,안전운전불이행,건조,맑음,교차로 - 교차로안,승용,남,57세,상해없음,,,,
2012112400100390,2012년 11월 24일 15시,토요일,전라남도 순천시 대룡동,중상사고,0,1,0,0,차대차 - 추돌 - 진행중,안전운전불이행,건조,맑음,단일로 - 기타,원동기,남,75세,중상,승용,여,33세,상해없음
2012112400100391,2012년 11월 24일 15시,토요일,전라남도 영암군 삼호읍,중상사고,0,2,0,0,차대차 - 추돌 - 주정차중,안전거리미확보,건조,맑음,교차로 - 교차로부근,화물,남,54세,상해없음,승용,남,53세,중상
2012112400100453,2012년 11월 24일 17시,토요일,전라남도 목포시 죽교동,경상사고,0,0,1,0,차대차 - 기타,안전운전불이행,건조,기타,단일로 - 기타,자전거,남,50세,경상,승용,여,31세,상해없음
2012112400100454,2012년 11월 24일 17시,토요일,전라남도 화순군 화순읍,경상사고,0,0,1,0,차대차 - 측면직각충돌,중앙선침범,건조,맑음,교차로 - 교차로부근,승용,여,30세,상해없음,승용,남,55세,경상
2012112400100455,2012년 11월 24일 17시,토요일,전라남도 무안군 삼향읍,중상사고,0,1,1,0,차대차 - 측면직각충돌,직진우회전진행방해,건조,맑음,교차로 - 교차로안,승용,남,47세,경상,이륜,남,18세,중상
2012112400100563,2012년 11월 24일 20시,토요일,전라남도 목포시 옥암동,경상사고,0,0,1,0,차대사람 - 횡단중,보행자보호의무위반,건조,기타,단일로 - 횡단보도상,승용,여,43세,상해없음,보행자,남,61세,경상
2012112400100602,2012년 11월 24일 21시,토요일,전라남도 목포시 상동,경상사고,0,0,1,0,차대차 - 기타,신호위반,건조,기타,교차로 - 교차로안,승용,남,30세,상해없음,승용,남,32세,경상
2012112400100603,2012년 11월 24일 21시,토요일,전라남도 영암군 삼호읍,경상사고,0,0,4,0,차대차 - 추돌 - 주정차중,안전운전불이행,건조,맑음,교차로 - 교차로부근,승용,남,22세,상해없음,승용,남,32세,경상
2012112400100604,2012년 11월 24일 21시,토요일,전라남도 무안군 삼향읍,중상사고,0,1,2,0,차대차 - 추돌 - 진행중,안전거리미확보,건조,맑음,단일로 - 기타,승용,남,46세,경상,승합,남,62세,경상
2012112400100642,2012년 11월 24일 22시,토요일,전라남도 나주시 중앙동,경상사고,0,0,2,0,차대차 - 측면직각충돌,직진우회전진행방해,건조,맑음,교차로 - 교차로안,승용,남,42세,상해없음,승합,남,49세,경상
2012112400100665,2012년 11월 24일 23시,토요일,전라남도 순천시 가곡동,경상사고,0,0,1,0,차대차 - 기타,안전운전불이행,건조,맑음,교차로 - 교차로부근,승용,남,56세,상해없음,승용,남,28세,경상
2012112400100666,2012년 11월 24일 23시,토요일,전라남도 나주시 대호동,경상사고,0,0,1,0,차대차 - 측면직각충돌,안전운전불이행,건조,맑음,교차로 - 교차로안,승용,남,56세,상해없음,원동기,남,25세,경상
2012112500100042,2012년 11월 25일 01시,일요일,전라남도 나주시 금천면,경상사고,0,0,2,1,차대사람 - 기타,안전운전불이행,건조,맑음,단일로 - 기타,승용,여,31세,부상신고,보행자,남,26세,경상
2012112500100043,2012년 11월 25일 01시,일요일,전라남도 함평군 학교면,경상사고,0,0,1,0,차대차 - 추돌 - 주정차중,안전운전불이행,건조,맑음,단일로 - 기타,승용,여,24세,상해없음,승용,남,29세,경상
2012112500100075,2012년 11월 25일 03시,일요일,전라남도 순천시 석현동,경상사고,0,0,1,0,차대차 - 기타,중앙선침범,건조,맑음,단일로 - 기타,승용,남,28세,상해없음,승용,남,28세,경상
2012112500100117,2012년 11월 25일 07시,일요일,전라남도 해남군 해남읍,경상사고,0,0,1,0,차량단독 - 기타,안전운전불이행,건조,맑음,단일로 - 기타,승용,남,30세,경상,,,,
2012112500100118,2012년 11월 25일 07시,일요일,전라남도 무안군 몽탄면,중상사고,0,1,0,0,차대사람 - 기타,안전운전불이행,건조,맑음,교차로 - 교차로부근,화물,남,50세,상해없음,보행자,남,80세,중상
2012112500100189,2012년 11월 25일 11시,일요일,전라남도 순천시 남내동,경상사고,0,0,2,0,차대사람 - 횡단중,신호위반,건조,맑음,교차로 - 교차로안,승용,남,64세,상해없음,보행자,여,24세,경상
2012112500100190,2012년 11월 25일 11시,일요일,전라남도 완도군 완도읍,중상사고,0,2,0,0,차대차 - 추돌 - 주정차중,안전운전불이행,건조,맑음,교차로 - 교차로안,승용,남,45세,상해없음,승합,남,58세,기타불명
2012112500100211,2012년 11월 25일 12시,일요일,전라남도 해남군 황산면,중상사고,0,1,0,0,차대차 - 정면충돌,안전운전불이행,건조,맑음,단일로 - 기타,화물,남,55세,상해없음,원동기,남,35세,중상
2012112500100241,2012년 11월 25일 13시,일요일,전라남도 목포시 상동,경상사고,0,0,1,0,차대차 - 기타,안전운전불이행,습기,흐림,단일로 - 기타,원동기,남,38세,경상,승용,남,36세,상해없음
2012112500100242,2012년 11월 25일 13시,일요일,전라남도 해남군 해남읍,경상사고,0,0,3,0,차대차 - 기타,교차로운행방법위반,건조,맑음,교차로 - 교차로안,화물,남,51세,상해없음,승용,남,31세,경상
2012112500100243,2012년 11월 25일 13시,일요일,전라남도 영암군 삼호읍,중상사고,0,1,0,0,차대차 - 측면직각충돌,안전거리미확보,건조,맑음,단일로 - 기타,화물,남,43세,상해없음,원동기,남,49세,중상
2012112500100286,2012년 11월 25일 15시,일요일,전라남도 목포시 상동,경상사고,0,0,1,0,차대차 - 추돌 - 진행중,안전운전불이행,건조,맑음,단일로 - 기타,승용,남,25세,상해없음,승용,남,43세,경상
2012112500100348,2012년 11월 25일 17시,일요일,전라남도 여수시 봉산동,경상사고,0,0,1,0,차대차 - 측면직각충돌,안전운전불이행,건조,맑음,교차로 - 교차로안,승용,여,50세,상해없음,승용,남,56세,경상
2012112500100349,2012년 11월 25일 17시,일요일,전라남도 여수시 여서동,경상사고,0,0,1,0,차대사람 - 보도통행중,기타,건조,맑음,단일로 - 기타,화물,남,68세,상해없음,보행자,여,77세,경상
2012112500100350,2012년 11월 25일 17시,일요일,전라남도 장흥군 장동면,중상사고,0,2,2,0,차대차 - 기타,안전운전불이행,건조,흐림,단일로 - 기타,승용,남,56세,상해없음,화물,남,67세,중상
2012112500100351,2012년 11월 25일 17시,일요일,전라남도 보성군 벌교읍,경상사고,0,0,1,0,차대사람 - 횡단중,안전운전불이행,건조,맑음,교차로 - 교차로안,화물,남,59세,상해없음,보행자,여,75세,경상
2012112500100377,2012년 11월 25일 18시,일요일,전라남도 담양군 담양읍,중상사고,0,1,0,0,차대사람 - 횡단중,신호위반,건조,기타,교차로 - 교차로안,승용,여,55세,상해없음,보행자,여,24세,중상
2012112500100410,2012년 11월 25일 19시,일요일,전라남도 여수시 율촌면,경상사고,0,0,1,0,차대차 - 추돌 - 주정차중,안전운전불이행,건조,맑음,단일로 - 기타,승용,남,46세,상해없음,승용,여,47세,경상
2012112500100411,2012년 11월 25일 19시,일요일,전라남도 영암군 삼호읍,중상사고,0,1,1,0,차대사람 - 보도통행중,보행자보호의무위반,습기,비,단일로 - 횡단보도상,원동기,남,41세,중상,보행자,남,15세,경상
2012112500100412,2012년 11월 25일 19시,일요일,전라남도 구례군 구례읍,경상사고,0,0,1,0,차대차 - 측면직각충돌,신호위반,건조,맑음,교차로 - 교차로안,이륜,남,18세,상해없음,승용,여,44세,상해없음
2012112500100445,2012년 11월 25일 20시,일요일,전라남도 목포시 상동,경상사고,0,0,1,0,차대차 - 기타,중앙선침범,습기,비,교차로 - 교차로부근,승용,남,57세,상해없음,승용,남,33세,경상
2012112500100492,2012년 11월 25일 21시,일요일,전라남도 목포시 용해동,경상사고,0,0,2,0,차대차 - 기타,중앙선침범,건조,맑음,단일로 - 기타,승용,남,49세,상해없음,승용,남,31세,경상
2012112500100528,2012년 11월 25일 22시,일요일,전라남도 목포시 연산동,경상사고,0,0,4,0,차대차 - 추돌 - 주정차중,안전운전불이행,습기,비,교차로 - 교차로부근,승용,남,47세,상해없음,승용,여,40세,경상
2012112500100529,2012년 11월 25일 22시,일요일,전라남도 광양시 중동,경상사고,0,0,1,0,차대차 - 측면직각충돌,교차로운행방법위반,습기,비,교차로 - 교차로안,화물,여,45세,상해없음,원동기,남,37세,경상
2012112600100025,2012년 11월 26일 01시,월요일,전라남도 광양시 광양읍,경상사고,0,0,1,0,차대차 - 측면직각충돌,안전운전불이행,건조,흐림,단일로 - 기타,승용,남,44세,상해없음,원동기,남,30세,경상
2012112600100037,2012년 11월 26일 02시,월요일,전라남도 무안군 해제면,중상사고,0,5,1,0,차량단독 - 공작물충돌,안전운전불이행,습기,비,단일로 - 기타,승용,여,51세,중상,,,,
2012112600100053,2012년 11월 26일 04시,월요일,전라남도 화순군 화순읍,사망사고,2,0,0,0,차대차 - 측면직각충돌,신호위반,건조,맑음,교차로 - 교차로안,화물,남,45세,상해없음,특수,남,49세,상해없음
2012112600100104,2012년 11월 26일 07시,월요일,전라남도 목포시 석현동,중상사고,0,1,2,0,차대차 - 측면직각충돌,직진우회전진행방해,습기,맑음,교차로 - 교차로안,원동기,남,67세,중상,승용,남,51세,경상
2012112600100105,2012년 11월 26일 07시,월요일,전라남도 목포시 용해동,경상사고,0,0,1,0,차대차 - 기타,안전운전불이행,건조,맑음,교차로 - 교차로부근,승용,여,25세,경상,화물,남,67세,상해없음
2012112600100106,2012년 11월 26일 07시,월요일,전라남도 여수시 미평동,사망사고,1,0,0,0,차대차 - 추돌 - 주정차중,안전운전불이행,건조,맑음,단일로 - 기타,화물,남,50세,사망,승합,남,58세,상해없음
2012112600100107,2012년 11월 26일 07시,월요일,전라남도 여수시 화치동,경상사고,0,0,2,0,차대차 - 정면충돌,신호위반,건조,맑음,교차로 - 교차로안,화물,남,54세,기타불명,화물,남,37세,경상
2012112600100108,2012년 11월 26일 07시,월요일,전라남도 무안군 청계면,경상사고,0,0,1,0,차대차 - 추돌 - 진행중,안전거리미확보,습기,흐림,교차로 - 교차로안,화물,남,28세,상해없음,승용,남,31세,경상
2012112600100166,2012년 11월 26일 09시,월요일,전라남도 목포시 산정동,경상사고,0,0,1,0,차대차 - 기타,신호위반,습기,맑음,교차로 - 교차로안,승용,남,47세,상해없음,이륜,여,61세,경상
2012112600100167,2012년 11월 26일 09시,월요일,전라남도 완도군 완도읍,중상사고,0,1,1,1,차대차 - 측면직각충돌,안전운전불이행,습기,비,교차로 - 교차로안,승용,여,66세,부상신고,승용,남,31세,경상
2012112600100168,2012년 11월 26일 09시,월요일,전라남도 완도군 고금면,중상사고,0,1,0,0,차대차 - 추돌 - 진행중,안전운전불이행,습기,비,단일로 - 기타,화물,남,35세,상해없음,이륜,남,80세,중상
2012112600100201,2012년 11월 26일 10시,월요일,전라남도 담양군 고서면,경상사고,0,0,2,0,차대차 - 정면충돌,직진우회전진행방해,습기,비,교차로 - 교차로안,승용,남,79세,상해없음,화물,남,53세,상해없음
2012112600100254,2012년 11월 26일 12시,월요일,전라남도 순천시 조곡동,중상사고,0,1,0,0,차대사람 - 횡단중,보행자보호의무위반,건조,맑음,단일로 - 횡단보도상,승용,남,23세,상해없음,보행자,여,75세,중상
2012112600100255,2012년 11월 26일 12시,월요일,전라남도 영암군 삼호읍,경상사고,0,0,4,0,차대차 - 측면직각충돌,신호위반,건조,맑음,교차로 - 교차로안,화물,남,54세,상해없음,승용,여,27세,경상
2012112600100277,2012년 11월 26일 13시,월요일,전라남도 영광군 군서면,중상사고,0,1,0,0,차대차 - 기타,안전운전불이행,건조,맑음,단일로 - 기타,승합,여,66세,상해없음,원동기,남,74세,중상
2012112600100345,2012년 11월 26일 15시,월요일,전라남도 순천시 연향동,경상사고,0,0,2,0,차대차 - 기타,안전운전불이행,건조,맑음,단일로 - 기타,승용,여,50세,상해없음,승용,남,44세,경상
2012112600100382,2012년 11월 26일 16시,월요일,전라남도 나주시 이창동,중상사고,0,1,35,4,차대차 - 측면직각충돌,신호위반,건조,맑음,교차로 - 교차로안,화물,남,44세,경상,승합,남,58세,경상
2012112600100383,2012년 11월 26일 16시,월요일,전라남도 보성군 회천면,중상사고,0,1,0,0,차량단독 - 도로외이탈 - 기타,안전운전불이행,습기,비,단일로 - 기타,승용,남,47세,상해없음,,,,
2012112600100423,2012년 11월 26일 17시,월요일,전라남도 목포시 용해동,중상사고,0,1,0,0,차대차 - 측면직각충돌,교차로운행방법위반,건조,맑음,교차로 - 교차로안,화물,남,53세,상해없음,승용,여,56세,중상
2012112600100424,2012년 11월 26일 17시,월요일,전라남도 순천시 조곡동,경상사고,0,0,2,0,차대차 - 측면직각충돌,직진우회전진행방해,건조,맑음,교차로 - 교차로안,승합,남,57세,경상,승용,남,58세,경상
2012112600100470,2012년 11월 26일 18시,월요일,전라남도 강진군 강진읍,중상사고,0,1,0,0,차량단독 - 전도전복,안전운전불이행,건조,맑음,교차로 - 교차로부근,화물,남,53세,중상,,,,
2012112600100471,2012년 11월 26일 18시,월요일,전라남도 곡성군 곡성읍,중상사고,0,1,0,0,차대차 - 정면충돌,중앙선침범,건조,흐림,단일로 - 기타,원동기,남,49세,중상,승용,여,47세,상해없음
2012112600100472,2012년 11월 26일 18시,월요일,전라남도 광양시 광양읍,경상사고,0,0,1,0,차대차 - 측면직각충돌,안전운전불이행,건조,맑음,교차로 - 교차로부근,승용,남,42세,상해없음,원동기,남,20세,경상
2012112600100518,2012년 11월 26일 19시,월요일,전라남도 여수시 신기동,경상사고,0,0,2,0,차대차 - 측면직각충돌,교차로운행방법위반,건조,맑음,교차로 - 교차로부근,승용,여,30세,상해없음,승용,여,49세,경상
2012112600100519,2012년 11월 26일 19시,월요일,전라남도 영암군 삼호읍,경상사고,0,0,1,0,차대차 - 측면직각충돌,직진우회전진행방해,건조,맑음,교차로 - 교차로안,승용,남,28세,상해없음,승용,남,30세,경상
2012112600100556,2012년 11월 26일 20시,월요일,전라남도 여수시 학동,경상사고,0,0,5,0,차대차 - 측면직각충돌,안전운전불이행,건조,맑음,단일로 - 기타,승용,남,48세,상해없음,승용,남,44세,경상
2012112600100620,2012년 11월 26일 22시,월요일,전라남도 해남군 해남읍,경상사고,0,0,1,0,차대사람 - 기타,불법유턴,건조,맑음,단일로 - 기타,화물,남,42세,상해없음,보행자,남,46세,경상
2012112600100652,2012년 11월 26일 23시,월요일,전라남도 화순군 능주면,경상사고,0,0,3,0,차대차 - 추돌 - 진행중,안전운전불이행,건조,맑음,단일로 - 기타,승용,남,35세,경상,승용,남,47세,경상
2012112700100013,2012년 11월 27일 00시,화요일,전라남도 광양시 옥곡면,경상사고,0,0,1,0,차대사람 - 기타,안전운전불이행,건조,맑음,단일로 - 기타,화물,남,43세,상해없음,보행자,남,40세,경상
2012112700100055,2012년 11월 27일 04시,화요일,전라남도 목포시 산정동,경상사고,0,0,2,0,차대차 - 측면직각충돌,직진우회전진행방해,건조,맑음,교차로 - 교차로안,승합,남,64세,상해없음,승합,여,43세,상해없음
2012112700100157,2012년 11월 27일 08시,화요일,전라남도 목포시 석현동,경상사고,0,0,1,0,차대차 - 추돌 - 진행중,안전운전불이행,건조,맑음,교차로 - 교차로부근,승용,남,42세,상해없음,승용,여,26세,경상
2012112700100158,2012년 11월 27일 08시,화요일,전라남도 광양시 성황동,중상사고,0,1,1,0,차대차 - 정면충돌,신호위반,건조,맑음,교차로 - 교차로안,승용,남,54세,경상,승용,여,46세,중상
2012112700100182,2012년 11월 27일 09시,화요일,전라남도 목포시 옥암동,중상사고,0,1,0,0,차대차 - 기타,안전운전불이행,건조,맑음,교차로 - 교차로안,승용,여,33세,상해없음,자전거,남,71세,중상
2012112700100183,2012년 11월 27일 09시,화요일,전라남도 나주시 성북동,중상사고,0,1,0,0,차대차 - 추돌 - 주정차중,안전운전불이행,건조,맑음,교차로 - 교차로부근,건설기계,남,38세,상해없음,승용,여,40세,중상
2012112700100239,2012년 11월 27일 11시,화요일,전라남도 여수시 여서동,경상사고,0,0,1,0,차대사람 - 횡단중,안전운전불이행,건조,맑음,교차로 - 교차로부근,승합,남,48세,상해없음,보행자,여,52세,경상
2012112700100240,2012년 11월 27일 11시,화요일,전라남도 나주시 삼도동,경상사고,0,0,2,0,차대차 - 기타,안전운전불이행,건조,맑음,교차로 - 교차로안,승합,남,54세,상해없음,승용,남,36세,경상
2012112700100267,2012년 11월 27일 12시,화요일,전라남도 여수시 봉산동,경상사고,0,0,1,0,차대차 - 측면직각충돌,신호위반,건조,맑음,교차로 - 교차로안,승용,여,53세,상해없음,승용,남,58세,경상
2012112700100268,2012년 11월 27일 12시,화요일,전라남도 고흥군 영남면,중상사고,0,1,0,0,차대차 - 측면직각충돌,안전운전불이행,건조,맑음,교차로 - 교차로부근,화물,남,37세,상해없음,화물,남,69세,중상
2012112700100269,2012년 11월 27일 12시,화요일,전라남도 보성군 보성읍,중상사고,0,1,0,0,차량단독 - 기타,안전운전불이행,건조,맑음,단일로 - 기타,승합,남,49세,상해없음,,,,
2012112700100270,2012년 11월 27일 12시,화요일,전라남도 영광군 영광읍,경상사고,0,0,2,1,차대차 - 추돌 - 진행중,안전운전불이행,건조,맑음,교차로 - 교차로안,승용,남,29세,상해없음,승용,남,42세,부상신고
2012112700100301,2012년 11월 27일 13시,화요일,전라남도 나주시 송월동,경상사고,0,0,1,0,차대차 - 기타,직진우회전진행방해,건조,맑음,교차로 - 교차로안,승용,남,38세,상해없음,화물,남,35세,경상
2012112700100302,2012년 11월 27일 13시,화요일,전라남도 장성군 장성읍,부상신고사고,0,0,0,1,차대차 - 측면직각충돌,교차로운행방법위반,건조,맑음,교차로 - 교차로안,이륜,남,63세,부상신고,승용,남,65세,상해없음
2012112700100363,2012년 11월 27일 15시,화요일,전라남도 여수시 소라면,중상사고,0,1,1,0,차대차 - 추돌 - 주정차중,안전운전불이행,건조,맑음,단일로 - 기타,승합,남,50세,상해없음,화물,남,18세,경상
2012112700100364,2012년 11월 27일 15시,화요일,전라남도 보성군 보성읍,경상사고,0,0,2,0,차대차 - 측면직각충돌,안전운전불이행,건조,맑음,교차로 - 교차로안,승용,남,68세,상해없음,승용,여,30세,경상
2012112700100387,2012년 11월 27일 16시,화요일,전라남도 함평군 함평읍,경상사고,0,0,2,0,차대차 - 측면직각충돌,안전운전불이행,건조,맑음,단일로 - 기타,화물,남,57세,상해없음,이륜,남,65세,경상
2012112700100425,2012년 11월 27일 17시,화요일,전라남도 순천시 가곡동,중상사고,0,1,0,0,차대차 - 기타,신호위반,건조,맑음,교차로 - 교차로안,원동기,남,40세,중상,화물,남,53세,상해없음
2012112700100426,2012년 11월 27일 17시,화요일,전라남도 나주시 노안면,중상사고,0,1,0,0,차대차 - 기타,안전운전불이행,건조,기타,단일로 - 기타,승용,남,47세,상해없음,원동기,남,53세,중상
2012112700100427,2012년 11월 27일 17시,화요일,전라남도 해남군 마산면,경상사고,0,0,1,0,차대차 - 측면직각충돌,안전운전불이행,건조,맑음,교차로 - 교차로부근,농기계,여,61세,경상,승합,남,46세,상해없음
2012112700100428,2012년 11월 27일 17시,화요일,전라남도 화순군 북면,경상사고,0,0,1,0,차량단독 - 도로외이탈 - 추락,안전운전불이행,건조,맑음,기타 - 기타,원동기,남,75세,경상,,,,
2012112700100429,2012년 11월 27일 17시,화요일,전라남도 함평군 해보면,중상사고,0,1,0,0,차대사람 - 횡단중,안전운전불이행,건조,맑음,단일로 - 기타,화물,남,37세,상해없음,보행자,남,70세,중상
2012112700100430,2012년 11월 27일 17시,화요일,전라남도 영암군 삼호읍,중상사고,0,2,2,0,차대차 - 측면직각충돌,직진우회전진행방해,건조,맑음,교차로 - 교차로안,승용,남,40세,경상,승용,여,52세,중상
2012112700100472,2012년 11월 27일 18시,화요일,전라남도 목포시 용해동,부상신고사고,0,0,0,1,차량단독 - 기타,안전운전불이행,건조,맑음,교차로 - 교차로부근,이륜,남,77세,부상신고,,,,
2012112700100473,2012년 11월 27일 18시,화요일,전라남도 여수시 학동,중상사고,0,1,0,0,차대차 - 기타,교차로운행방법위반,건조,맑음,교차로 - 교차로안,승용,여,25세,상해없음,이륜,남,50세,중상
2012112700100474,2012년 11월 27일 18시,화요일,전라남도 영광군 영광읍,중상사고,0,1,0,0,차대차 - 측면직각충돌,중앙선침범,건조,맑음,단일로 - 기타,승용,여,27세,상해없음,원동기,남,65세,중상
2012112700100475,2012년 11월 27일 18시,화요일,전라남도 담양군 고서면,경상사고,0,0,5,0,차대차 - 측면직각충돌,차로위반,건조,맑음,단일로 - 기타,승용,남,33세,경상,승용,여,42세,경상