사고번호,사고일시,요일,시군구,사고내용,사망자수,중상자수,경상자수,부상신고자수,사고유형,법규위반,노면상태,기상상태,도로형태,가해운전자 차종,가해운전자 성별,가해운전자 연령,가해운전자 상해정도,피해운전자 차종,피해운전자 성별,피해운전자 연령,피해운전자 상해정도
2012112700100559,2012년 11월 27일 20시,화요일,전라남도 목포시 용당동,경상사고,0,0,1,0,차대차 - 측면직각충돌,신호위반,건조,맑음,교차로 - 교차로안,승용,남,32세,상해없음,자전거,남,14세,경상
2012112700100560,2012년 11월 27일 20시,화요일,전라남도 순천시 생목동,경상사고,0,0,3,0,차대차 - 기타,안전거리미확보,건조,맑음,단일로 - 기타,승용,남,43세,상해없음,승용,남,68세,경상
2012112700100561,2012년 11월 27일 20시,화요일,전라남도 순천시 연향동,경상사고,0,0,4,0,차대차 - 기타,안전거리미확보,건조,맑음,교차로 - 교차로부근,승용,여,32세,경상,승용,여,33세,경상
2012112700100589,2012년 11월 27일 21시,화요일,전라남도 광양시 마동,경상사고,0,0,1,0,차대차 - 측면직각충돌,안전운전불이행,건조,맑음,단일로 - 횡단보도부근,이륜,남,16세,경상,승용,여,32세,상해없음
2012112700100642,2012년 11월 27일 23시,화요일,전라남도 여수시 신기동,경상사고,0,0,2,0,차대차 - 기타,안전운전불이행,건조,맑음,기타 - 기타,화물,여,48세,상해없음,승용,남,29세,경상
2012112700100643,2012년 11월 27일 23시,화요일,전라남도 담양군 대전면,중상사고,0,2,2,0,차량단독 - 공작물충돌,안전운전불이행,건조,흐림,단일로 - 기타,승용,남,26세,중상,,,,
2012112800100006,2012년 11월 28일 00시,수요일,전라남도 목포시 상동,경상사고,0,0,1,0,차대사람 - 횡단중,안전운전불이행,건조,맑음,단일로 - 기타,승용,남,45세,상해없음,보행자,남,22세,경상
2012112800100032,2012년 11월 28일 02시,수요일,전라남도 순천시 연향동,중상사고,0,1,0,0,차대차 - 기타,안전운전불이행,건조,맑음,단일로 - 기타,승용,남,23세,상해없음,승용,남,44세,기타불명
2012112800100057,2012년 11월 28일 05시,수요일,전라남도 여수시 연등동,사망사고,1,0,0,0,차대사람 - 횡단중,안전운전불이행,건조,맑음,단일로 - 기타,승합,남,46세,상해없음,보행자,남,84세,사망
2012112800100074,2012년 11월 28일 06시,수요일,전라남도 화순군 화순읍,사망사고,1,0,0,0,차대사람 - 횡단중,안전운전불이행,건조,흐림,단일로 - 기타,승합,남,57세,상해없음,보행자,여,74세,사망
2012112800100128,2012년 11월 28일 08시,수요일,전라남도 순천시 조곡동,경상사고,0,0,1,0,차대차 - 기타,안전거리미확보,건조,맑음,단일로 - 터널,승용,여,37세,경상,승합,남,27세,상해없음
2012112800100129,2012년 11월 28일 08시,수요일,전라남도 고흥군 동강면,경상사고,0,0,1,0,차대사람 - 기타,불법유턴,건조,맑음,단일로 - 기타,화물,남,33세,상해없음,보행자,여,72세,경상
2012112800100166,2012년 11월 28일 09시,수요일,전라남도 여수시 둔덕동,사망사고,1,0,0,0,차대사람 - 기타,안전운전불이행,건조,맑음,교차로 - 교차로안,화물,남,37세,기타불명,보행자,여,85세,사망
2012112800100192,2012년 11월 28일 10시,수요일,전라남도 무안군 해제면,중상사고,0,1,0,0,차대차 - 추돌 - 진행중,안전운전불이행,건조,맑음,단일로 - 기타,화물,남,60세,상해없음,원동기,남,63세,중상
2012112800100193,2012년 11월 28일 10시,수요일,전라남도 목포시 대안동,경상사고,0,0,1,0,차대차 - 측면직각충돌,안전운전불이행,건조,맑음,단일로 - 기타,승용,여,51세,경상,승용,남,54세,상해없음
2012112800100221,2012년 11월 28일 11시,수요일,전라남도 순천시 장천동,경상사고,0,0,1,0,차대차 - 측면직각충돌,직진우회전진행방해,건조,맑음,교차로 - 교차로안,승용,남,59세,상해없음,승용,남,57세,상해없음
2012112800100222,2012년 11월 28일 11시,수요일,전라남도 나주시 토계동,경상사고,0,0,2,0,차대차 - 기타,중앙선침범,건조,맑음,교차로 - 교차로안,승용,남,62세,상해없음,승용,남,42세,상해없음
2012112800100251,2012년 11월 28일 12시,수요일,전라남도 목포시 영해동1가,중상사고,0,1,0,0,차대차 - 측면직각충돌,안전운전불이행,건조,맑음,단일로 - 기타,원동기,남,67세,중상,승용,여,51세,상해없음
2012112800100295,2012년 11월 28일 14시,수요일,전라남도 여수시 관문동,중상사고,0,1,0,0,차대사람 - 기타,안전운전불이행,건조,맑음,단일로 - 기타,화물,남,43세,상해없음,보행자,여,82세,중상
2012112800100324,2012년 11월 28일 15시,수요일,전라남도 화순군 화순읍,경상사고,0,0,1,0,차대사람 - 횡단중,보행자보호의무위반,건조,맑음,단일로 - 횡단보도상,승용,남,42세,상해없음,보행자,남,45세,경상
2012112800100325,2012년 11월 28일 15시,수요일,전라남도 담양군 무정면,경상사고,0,0,2,0,차대차 - 기타,기타,건조,맑음,단일로 - 기타,승용,남,64세,상해없음,원동기,남,69세,경상
2012112800100353,2012년 11월 28일 16시,수요일,전라남도 목포시 용당동,경상사고,0,0,1,0,차대사람 - 길가장자리구역통행중,안전운전불이행,건조,맑음,교차로 - 교차로부근,승용,남,39세,상해없음,보행자,남,73세,경상
2012112800100354,2012년 11월 28일 16시,수요일,전라남도 신안군 도초면,사망사고,1,0,0,0,차량단독 - 도로외이탈 - 기타,안전운전불이행,건조,맑음,단일로 - 기타,화물,남,44세,사망,,,,
2012112800100355,2012년 11월 28일 16시,수요일,전라남도 순천시 조례동,경상사고,0,0,1,0,차대차 - 기타,안전운전불이행,건조,맑음,단일로 - 기타,승용,남,76세,상해없음,승용,남,54세,경상
2012112800100356,2012년 11월 28일 16시,수요일,전라남도 화순군 한천면,중상사고,0,2,0,1,차량단독 - 도로외이탈 - 기타,안전운전불이행,건조,맑음,단일로 - 기타,승용,남,59세,부상신고,,,,
2012112800100396,2012년 11월 28일 17시,수요일,전라남도 광양시 광양읍,경상사고,0,0,1,0,차대사람 - 기타,안전운전불이행,건조,맑음,교차로 - 교차로안,화물,남,54세,상해없음,보행자,여,78세,경상
2012112800100451,2012년 11월 28일 18시,수요일,전라남도 여수시 소라면,경상사고,0,0,1,0,차대차 - 추돌 - 주정차중,안전운전불이행,건조,맑음,교차로 - 교차로부근,승용,남,55세,상해없음,승용,남,31세,경상
2012112800100452,2012년 11월 28일 18시,수요일,전라남도 순천시 해룡면,중상사고,0,1,0,0,차대사람 - 기타,안전운전불이행,건조,맑음,단일로 - 기타,승용,여,42세,상해없음,보행자,여,13세,중상
2012112800100453,2012년 11월 28일 18시,수요일,전라남도 함평군 손불면,중상사고,0,1,0,0,차량단독 - 기타,안전운전불이행,습기,흐림,단일로 - 기타,화물,남,47세,상해없음,,,,
2012112800100454,2012년 11월 28일 18시,수요일,전라남도 강진군 강진읍,중상사고,0,1,0,0,차대사람 - 횡단중,안전운전불이행,건조,맑음,교차로 - 교차로안,승용,여,44세,상해없음,보행자,여,51세,중상
2012112800100455,2012년 11월 28일 18시,수요일,전라남도 광양시 중동,경상사고,0,0,2,1,차대차 - 추돌 - 주정차중,안전운전불이행,건조,맑음,교차로 - 교차로부근,승용,남,42세,상해없음,승용,여,30세,경상
2012112800100456,2012년 11월 28일 18시,수요일,전라남도 광양시 중동,경상사고,0,0,1,0,차대사람 - 횡단중,신호위반,건조,맑음,교차로 - 교차로부근,승용,여,42세,상해없음,보행자,여,21세,경상
2012112800100494,2012년 11월 28일 19시,수요일,전라남도 순천시 조례동,경상사고,0,0,2,0,차대차 - 측면직각충돌,안전운전불이행,건조,맑음,교차로 - 교차로부근,승합,남,59세,기타불명,승용,여,51세,경상
2012112800100529,2012년 11월 28일 20시,수요일,전라남도 목포시 상동,경상사고,0,0,1,0,차대차 - 측면직각충돌,중앙선침범,건조,맑음,교차로 - 교차로부근,자전거,남,14세,경상,승합,남,55세,상해없음
2012112800100594,2012년 11월 28일 22시,수요일,전라남도 순천시 조례동,경상사고,0,0,2,0,차대차 - 추돌 - 주정차중,안전운전불이행,건조,맑음,단일로 - 기타,승용,남,41세,상해없음,승용,남,57세,경상
2012112900100086,2012년 11월 29일 06시,목요일,전라남도 순천시 조례동,경상사고,0,0,2,0,차대차 - 정면충돌,안전운전불이행,건조,맑음,교차로 - 교차로부근,승용,남,25세,상해없음,승용,남,62세,경상
2012112900100087,2012년 11월 29일 06시,목요일,전라남도 나주시 다시면,사망사고,1,0,0,0,차대사람 - 차도통행중,안전운전불이행,건조,맑음,교차로 - 교차로안,승용,남,37세,상해없음,보행자,여,49세,사망
2012112900100110,2012년 11월 29일 07시,목요일,전라남도 순천시 생목동,중상사고,0,1,0,0,차대차 - 측면직각충돌,안전운전불이행,건조,맑음,교차로 - 교차로안,자전거,남,83세,중상,이륜,남,67세,상해없음
2012112900100111,2012년 11월 29일 07시,목요일,전라남도 무안군 청계면,중상사고,0,1,0,0,차대사람 - 기타,안전운전불이행,건조,맑음,교차로 - 교차로안,승용,여,58세,상해없음,보행자,남,54세,중상
2012112900100141,2012년 11월 29일 08시,목요일,전라남도 해남군 문내면,경상사고,0,0,1,0,차대차 - 기타,교차로운행방법위반,건조,맑음,기타 - 기타,승용,남,55세,상해없음,자전거,남,79세,경상
2012112900100142,2012년 11월 29일 08시,목요일,전라남도 화순군 화순읍,경상사고,0,0,1,0,차대차 - 측면직각충돌,신호위반,건조,맑음,교차로 - 교차로안,승용,남,75세,상해없음,화물,남,52세,상해없음
2012112900100163,2012년 11월 29일 09시,목요일,전라남도 목포시 대양동,경상사고,0,0,1,0,차대차 - 기타,교차로운행방법위반,건조,맑음,교차로 - 교차로안,승용,남,53세,상해없음,자전거,남,25세,경상
2012112900100164,2012년 11월 29일 09시,목요일,전라남도 담양군 담양읍,중상사고,0,1,0,0,차대차 - 측면직각충돌,안전운전불이행,건조,흐림,단일로 - 횡단보도상,화물,남,65세,상해없음,자전거,여,71세,중상
2012112900100165,2012년 11월 29일 09시,목요일,전라남도 광양시 태인동,부상신고사고,0,0,0,1,차대차 - 측면직각충돌,안전운전불이행,건조,흐림,교차로 - 교차로안,화물,남,29세,부상신고,화물,남,57세,상해없음
2012112900100186,2012년 11월 29일 10시,목요일,전라남도 여수시 해산동,중상사고,0,2,3,0,차대차 - 기타,안전거리미확보,건조,맑음,교차로 - 교차로부근,화물,남,43세,상해없음,승용,여,43세,경상
2012112900100187,2012년 11월 29일 10시,목요일,전라남도 무안군 청계면,중상사고,0,1,0,0,차대차 - 측면직각충돌,안전운전불이행,건조,맑음,교차로 - 교차로안,건설기계,남,54세,상해없음,이륜,남,80세,중상
2012112900100218,2012년 11월 29일 11시,목요일,전라남도 완도군 신지면,경상사고,0,0,1,0,차대차 - 추돌 - 진행중,안전거리미확보,건조,맑음,단일로 - 기타,화물,남,32세,상해없음,승용,남,44세,상해없음
2012112900100237,2012년 11월 29일 12시,목요일,전라남도 순천시 주암면,경상사고,0,0,1,0,차대차 - 기타,기타,건조,맑음,교차로 - 교차로안,승용,여,38세,상해없음,농기계,남,73세,경상
2012112900100238,2012년 11월 29일 12시,목요일,전라남도 순천시 해룡면,경상사고,0,0,3,0,차대차 - 기타,안전거리미확보,건조,맑음,교차로 - 교차로부근,승용,남,70세,경상,건설기계,남,58세,경상
2012112900100239,2012년 11월 29일 12시,목요일,전라남도 영암군 영암읍,중상사고,0,2,0,0,차대차 - 측면직각충돌,안전거리미확보,건조,맑음,단일로 - 기타,화물,남,34세,상해없음,승용,남,71세,중상
2012112900100267,2012년 11월 29일 13시,목요일,전라남도 신안군 팔금면,중상사고,0,1,0,0,차대차 - 기타,안전운전불이행,건조,맑음,단일로 - 기타,화물,남,73세,상해없음,원동기,남,70세,중상
2012112900100268,2012년 11월 29일 13시,목요일,전라남도 여수시 신기동,중상사고,0,1,0,0,차대사람 - 기타,기타,건조,맑음,단일로 - 기타,승합,남,58세,상해없음,보행자,여,72세,중상
2012112900100269,2012년 11월 29일 13시,목요일,전라남도 고흥군 도양읍,중상사고,0,1,0,0,차대차 - 측면직각충돌,중앙선침범,건조,맑음,단일로 - 기타,승합,남,51세,상해없음,원동기,남,30세,중상
2012112900100327,2012년 11월 29일 15시,목요일,전라남도 광양시 마동,경상사고,0,0,4,0,차대차 - 측면직각충돌,직진우회전진행방해,건조,맑음,교차로 - 교차로안,승용,남,20세,경상,화물,여,45세,경상
2012112900100361,2012년 11월 29일 16시,목요일,전라남도 나주시 남내동,경상사고,0,0,1,0,차대사람 - 차도통행중,안전운전불이행,건조,맑음,교차로 - 교차로부근,승용,기타불명,기타불명,기타불명,보행자,여,12세,경상
2012112900100362,2012년 11월 29일 16시,목요일,전라남도 화순군 화순읍,경상사고,0,0,1,0,차대사람 - 기타,안전운전불이행,건조,맑음,단일로 - 기타,승용,여,55세,상해없음,보행자,남,52세,경상
2012112900100363,2012년 11월 29일 16시,목요일,전라남도 무안군 삼향읍,경상사고,0,0,3,0,차대차 - 측면직각충돌,신호위반,건조,맑음,교차로 - 교차로안,승용,여,43세,경상,승용,여,47세,경상
2012112900100394,2012년 11월 29일 17시,목요일,전라남도 목포시 죽교동,경상사고,0,0,5,0,차대차 - 추돌 - 진행중,안전운전불이행,건조,맑음,단일로 - 기타,승용,남,37세,상해없음,화물,남,63세,경상
2012112900100395,2012년 11월 29일 17시,목요일,전라남도 순천시 연향동,경상사고,0,0,1,0,차대차 - 기타,신호위반,건조,맑음,교차로 - 교차로부근,승용,남,67세,상해없음,자전거,남,53세,경상
2012112900100438,2012년 11월 29일 18시,목요일,전라남도 완도군 완도읍,중상사고,0,1,0,0,차대사람 - 횡단중,안전운전불이행,건조,맑음,교차로 - 교차로부근,승합,여,28세,상해없음,보행자,남,48세,중상
2012112900100506,2012년 11월 29일 20시,목요일,전라남도 장흥군 장흥읍,경상사고,0,0,2,0,차대차 - 측면직각충돌,안전운전불이행,건조,맑음,교차로 - 교차로부근,화물,남,43세,상해없음,승합,남,23세,경상
2012112900100544,2012년 11월 29일 21시,목요일,전라남도 목포시 석현동,경상사고,0,0,1,0,차대차 - 기타,차로위반,건조,흐림,단일로 - 기타,승용,남,25세,상해없음,승용,남,37세,상해없음
2012112900100545,2012년 11월 29일 21시,목요일,전라남도 함평군 학교면,경상사고,0,0,4,0,차대차 - 측면직각충돌,신호위반,건조,맑음,교차로 - 교차로안,승용,남,48세,경상,승용,여,52세,경상
2012112900100583,2012년 11월 29일 22시,목요일,전라남도 순천시 조곡동,경상사고,0,0,1,0,차대차 - 기타,안전운전불이행,건조,맑음,단일로 - 기타,승용,남,47세,상해없음,승용,여,27세,경상
2012112900100584,2012년 11월 29일 22시,목요일,전라남도 순천시 조례동,경상사고,0,0,2,0,차대차 - 추돌 - 주정차중,안전운전불이행,건조,맑음,교차로 - 교차로부근,승용,남,40세,상해없음,승용,남,20세,경상
2012113000100010,2012년 11월 30일 00시,금요일,전라남도 광양시 금호동,경상사고,0,0,1,0,차대차 - 추돌 - 진행중,안전운전불이행,건조,맑음,교차로 - 교차로부근,승용,남,32세,상해없음,승용,남,31세,경상
2012113000100054,2012년 11월 30일 03시,금요일,전라남도 광양시 중동,중상사고,0,3,1,0,차대차 - 측면직각충돌,신호위반,건조,맑음,교차로 - 교차로안,승용,여,29세,중상,승용,남,64세,중상
2012113000100102,2012년 11월 30일 07시,금요일,전라남도 순천시 동외동,경상사고,0,0,2,0,차대차 - 기타,안전운전불이행,건조,맑음,단일로 - 기타,승용,남,45세,경상,화물,남,35세,경상
2012113000100150,2012년 11월 30일 09시,금요일,전라남도 나주시 문평면,경상사고,0,0,1,0,차량단독 - 공작물충돌,안전운전불이행,건조,맑음,단일로 - 기타,승용,여,28세,경상,,,,
2012113000100171,2012년 11월 30일 10시,금요일,전라남도 무안군 일로읍,경상사고,0,0,1,0,차대사람 - 기타,안전운전불이행,건조,맑음,단일로 - 기타,화물,기타불명,기타불명,기타불명,보행자,남,81세,경상
2012113000100190,2012년 11월 30일 11시,금요일,전라남도 목포시 상동,중상사고,0,2,1,0,차대차 - 측면직각충돌,직진우회전진행방해,건조,맑음,교차로 - 교차로안,승용,여,26세,경상,승용,여,64세,중상
2012113000100191,2012년 11월 30일 11시,금요일,전라남도 광양시 광양읍,경상사고,0,0,2,0,차대차 - 추돌 - 주정차중,안전운전불이행,건조,맑음,교차로 - 교차로부근,특수,남,47세,경상,특수,남,55세,경상
2012113000100214,2012년 11월 30일 12시,금요일,전라남도 장성군 삼서면,경상사고,0,0,2,1,차대차 - 측면직각충돌,교차로운행방법위반,건조,맑음,교차로 - 교차로안,승용,남,75세,부상신고,특수,남,21세,상해없음
2012113000100290,2012년 11월 30일 15시,금요일,전라남도 여수시 신기동,경상사고,0,0,1,0,차대차 - 정면충돌,신호위반,건조,맑음,교차로 - 교차로안,승합,남,34세,상해없음,승용,남,56세,경상
2012113000100291,2012년 11월 30일 15시,금요일,전라남도 나주시 왕곡면,경상사고,0,0,1,0,차대차 - 측면직각충돌,직진우회전진행방해,건조,맑음,교차로 - 교차로안,건설기계,남,50세,상해없음,화물,남,62세,경상
2012113000100321,2012년 11월 30일 16시,금요일,전라남도 화순군 화순읍,중상사고,0,1,0,0,차대차 - 측면직각충돌,교차로운행방법위반,건조,맑음,교차로 - 교차로안,승용,여,50세,상해없음,원동기,남,75세,중상
2012113000100322,2012년 11월 30일 16시,금요일,전라남도 강진군 군동면,경상사고,0,0,1,0,차대차 - 측면직각충돌,신호위반,건조,맑음,교차로 - 교차로안,건설기계,남,41세,상해없음,승용,남,58세,경상
2012113000100362,2012년 11월 30일 17시,금요일,전라남도 나주시 송월동,경상사고,0,0,3,0,차대차 - 측면직각충돌,안전거리미확보,건조,맑음,교차로 - 교차로안,승용,남,59세,경상,승합,남,58세,경상
2012113000100363,2012년 11월 30일 17시,금요일,전라남도 해남군 해남읍,경상사고,0,0,2,0,차대차 - 추돌 - 주정차중,안전운전불이행,건조,맑음,단일로 - 기타,화물,남,38세,상해없음,승용,남,58세,경상
2012113000100364,2012년 11월 30일 17시,금요일,전라남도 화순군 도곡면,경상사고,0,0,1,0,차대차 - 측면직각충돌,중앙선침범,건조,맑음,단일로 - 기타,승용,여,68세,상해없음,승용,남,43세,경상
2012113000100365,2012년 11월 30일 17시,금요일,전라남도 영암군 삼호읍,경상사고,0,0,3,0,차대차 - 측면직각충돌,중앙선침범,건조,맑음,교차로 - 교차로부근,승용,여,39세,상해없음,승용,여,33세,경상
2012113000100419,2012년 11월 30일 18시,금요일,전라남도 영암군 영암읍,사망사고,1,0,0,0,차대사람 - 차도통행중,안전운전불이행,건조,맑음,단일로 - 기타,화물,남,67세,상해없음,보행자,남,70세,사망
2012113000100420,2012년 11월 30일 18시,금요일,전라남도 영암군 삼호읍,경상사고,0,0,1,0,차대차 - 측면직각충돌,안전운전불이행,건조,맑음,교차로 - 교차로안,승용,남,35세,상해없음,원동기,남,53세,경상
2012113000100463,2012년 11월 30일 19시,금요일,전라남도 광양시 중동,경상사고,0,0,2,0,차대차 - 측면직각충돌,불법유턴,건조,맑음,단일로 - 기타,승용,남,29세,경상,승용,여,27세,경상
2012113000100503,2012년 11월 30일 20시,금요일,전라남도 목포시 대양동,경상사고,0,0,1,0,차대사람 - 기타,안전운전불이행,건조,맑음,단일로 - 기타,화물,남,49세,상해없음,보행자,남,31세,경상
2012113000100504,2012년 11월 30일 20시,금요일,전라남도 순천시 옥천동,중상사고,0,1,0,0,차량단독 - 공작물충돌,안전운전불이행,건조,맑음,단일로 - 기타,승용,남,49세,중상,,,,
2012113000100626,2012년 11월 30일 23시,금요일,전라남도 순천시 조례동,경상사고,0,0,1,0,차대차 - 기타,안전운전불이행,건조,맑음,교차로 - 교차로안,원동기,남,18세,경상,승용,남,31세,상해없음
2012120100100018,2012년 12월 1일 00시,토요일,전라남도 순천시 연향동,경상사고,0,0,1,0,차대차 - 추돌 - 진행중,안전운전불이행,습기,비,단일로 - 기타,승용,남,30세,상해없음,승용,여,47세,경상
2012120100100054,2012년 12월 1일 01시,토요일,전라남도 목포시 용해동,경상사고,0,0,1,0,차대차 - 추돌 - 주정차중,안전운전불이행,건조,맑음,교차로 - 교차로부근,승용,남,29세,상해없음,승용,남,52세,상해없음
2012120100100055,2012년 12월 1일 01시,토요일,전라남도 순천시 조례동,경상사고,0,0,2,0,차대차 - 추돌 - 주정차중,안전운전불이행,건조,맑음,교차로 - 교차로부근,승용,남,35세,상해없음,승용,남,57세,경상
2012120100100125,2012년 12월 1일 05시,토요일,전라남도 광양시 중동,경상사고,0,0,1,0,차대차 - 측면직각충돌,직진우회전진행방해,건조,맑음,교차로 - 교차로안,승용,남,38세,상해없음,승용,여,44세,경상
2012120100100141,2012년 12월 1일 06시,토요일,전라남도 순천시 해룡면,경상사고,0,0,1,0,차대차 - 측면직각충돌,안전운전불이행,건조,맑음,단일로 - 기타,승용,남,59세,경상,승용,남,40세,상해없음
2012120100100203,2012년 12월 1일 09시,토요일,전라남도 나주시 남평읍,경상사고,0,0,1,0,차대사람 - 기타,안전운전불이행,건조,맑음,기타 - 기타,승용,남,70세,상해없음,보행자,여,63세,경상
2012120100100204,2012년 12월 1일 09시,토요일,전라남도 해남군 화산면,중상사고,0,1,1,0,차대차 - 측면직각충돌,불법유턴,건조,맑음,단일로 - 기타,화물,남,44세,중상,화물,남,67세,경상
2012120100100240,2012년 12월 1일 10시,토요일,전라남도 순천시 서면,중상사고,0,1,0,0,차대차 - 측면직각충돌,교차로운행방법위반,건조,맑음,교차로 - 교차로안,승용,남,58세,상해없음,승용,여,54세,중상
2012120100100267,2012년 12월 1일 11시,토요일,전라남도 여수시 교동,중상사고,0,1,0,0,차대사람 - 횡단중,안전운전불이행,건조,맑음,단일로 - 기타,승용,남,61세,상해없음,보행자,여,50세,중상
2012120100100268,2012년 12월 1일 11시,토요일,전라남도 해남군 삼산면,중상사고,0,1,0,0,차대차 - 측면직각충돌,교차로운행방법위반,건조,맑음,교차로 - 교차로안,원동기,남,76세,중상,건설기계,남,48세,상해없음
2012120100100269,2012년 12월 1일 11시,토요일,전라남도 무안군 일로읍,사망사고,1,0,0,0,차대차 - 기타,안전운전불이행,건조,맑음,교차로 - 교차로안,원동기,남,78세,사망,건설기계,남,38세,상해없음
2012120100100270,2012년 12월 1일 11시,토요일,전라남도 광양시 중군동,부상신고사고,0,0,0,1,차량단독 - 공작물충돌,안전운전불이행,건조,맑음,단일로 - 기타,화물,남,45세,부상신고,,,,
2012120100100297,2012년 12월 1일 12시,토요일,전라남도 여수시 여서동,경상사고,0,0,1,0,차대사람 - 횡단중,보행자보호의무위반,건조,맑음,단일로 - 기타,승용,여,50세,상해없음,보행자,여,62세,경상
2012120100100298,2012년 12월 1일 12시,토요일,전라남도 여수시 교동,중상사고,0,1,0,0,차대사람 - 기타,안전운전불이행,건조,맑음,단일로 - 기타,승용,여,43세,상해없음,보행자,여,66세,중상
2012120100100299,2012년 12월 1일 12시,토요일,전라남도 고흥군 고흥읍,경상사고,0,0,1,0,차대차 - 측면직각충돌,안전운전불이행,건조,맑음,교차로 - 교차로안,화물,남,48세,상해없음,이륜,남,68세,경상
2012120100100300,2012년 12월 1일 12시,토요일,전라남도 광양시 옥곡면,중상사고,0,1,0,0,차대차 - 정면충돌,안전운전불이행,건조,맑음,단일로 - 기타,화물,남,39세,중상,화물,남,55세,기타불명
2012120100100322,2012년 12월 1일 13시,토요일,전라남도 목포시 죽교동,경상사고,0,0,1,0,차대사람 - 기타,안전운전불이행,건조,맑음,기타 - 기타,승용,여,63세,상해없음,보행자,남,39세,경상
2012120100100323,2012년 12월 1일 13시,토요일,전라남도 나주시 왕곡면,경상사고,0,0,1,0,차대차 - 측면직각충돌,안전운전불이행,건조,맑음,교차로 - 교차로부근,승용,남,48세,상해없음,화물,남,47세,경상
2012120100100386,2012년 12월 1일 15시,토요일,전라남도 보성군 벌교읍,중상사고,0,1,0,0,차대차 - 측면직각충돌,중앙선침범,건조,맑음,단일로 - 기타,화물,남,65세,상해없음,이륜,남,53세,중상
2012120100100387,2012년 12월 1일 15시,토요일,전라남도 화순군 화순읍,중상사고,0,1,0,0,차량단독 - 기타,안전운전불이행,건조,맑음,단일로 - 기타,승용,남,53세,중상,,,,
2012120100100424,2012년 12월 1일 16시,토요일,전라남도 장흥군 장흥읍,경상사고,0,0,2,0,차대차 - 측면직각충돌,안전운전불이행,건조,맑음,교차로 - 교차로부근,승용,여,67세,경상,승용,남,58세,상해없음
2012120100100425,2012년 12월 1일 16시,토요일,전라남도 장성군 장성읍,부상신고사고,0,0,0,1,차대차 - 측면직각충돌,안전운전불이행,건조,맑음,교차로 - 교차로안,승용,여,54세,부상신고,승용,남,30세,상해없음
2012120100100426,2012년 12월 1일 16시,토요일,전라남도 담양군 창평면,경상사고,0,0,4,0,차대차 - 추돌 - 진행중,안전거리미확보,건조,흐림,단일로 - 기타,승합,남,64세,경상,승용,남,53세,경상
2012120100100462,2012년 12월 1일 17시,토요일,전라남도 보성군 미력면,중상사고,0,1,4,0,차대차 - 측면직각충돌,중앙선침범,건조,맑음,단일로 - 기타,승용,남,37세,경상,화물,남,47세,경상
2012120100100463,2012년 12월 1일 17시,토요일,전라남도 영광군 홍농읍,부상신고사고,0,0,0,1,차대차 - 정면충돌,안전운전불이행,건조,맑음,단일로 - 기타,이륜,남,63세,부상신고,승용,남,46세,상해없음
2012120100100528,2012년 12월 1일 18시,토요일,전라남도 순천시 인월동,사망사고,1,0,0,0,차대사람 - 차도통행중,안전운전불이행,건조,맑음,단일로 - 기타,승용,남,50세,상해없음,보행자,남,60세,사망
2012120100100529,2012년 12월 1일 18시,토요일,전라남도 화순군 화순읍,경상사고,0,0,3,0,차대차 - 측면직각충돌,교차로운행방법위반,건조,맑음,교차로 - 교차로안,승용,여,48세,경상,승용,남,37세,경상
2012120100100530,2012년 12월 1일 18시,토요일,전라남도 완도군 고금면,사망사고,1,0,0,0,차대사람 - 횡단중,안전운전불이행,건조,맑음,단일로 - 기타,화물,남,37세,상해없음,보행자,여,75세,사망
2012120100100561,2012년 12월 1일 19시,토요일,전라남도 여수시 화장동,경상사고,0,0,1,0,차대차 - 측면직각충돌,신호위반,건조,맑음,교차로 - 교차로안,승용,남,58세,상해없음,승합,남,55세,경상
2012120100100594,2012년 12월 1일 20시,토요일,전라남도 순천시 조례동,경상사고,0,0,5,0,차대차 - 추돌 - 주정차중,안전운전불이행,습기,흐림,단일로 - 기타,승용,남,30세,상해없음,승용,남,40세,경상
2012120100100595,2012년 12월 1일 20시,토요일,전라남도 영광군 영광읍,중상사고,0,1,3,0,차대차 - 기타,안전운전불이행,건조,맑음,단일로 - 기타,화물,남,53세,중상,승용,남,42세,경상
2012120100100596,2012년 12월 1일 20시,토요일,전라남도 완도군 노화읍,경상사고,0,0,4,0,차대차 - 정면충돌,중앙선침범,건조,맑음,단일로 - 기타,화물,남,46세,상해없음,승용,여,32세,경상
2012120100100681,2012년 12월 1일 23시,토요일,전라남도 목포시 상동,중상사고,0,1,0,0,차량단독 - 공작물충돌,안전운전불이행,건조,맑음,교차로 - 교차로부근,승용,남,44세,중상,,,,
2012120100100682,2012년 12월 1일 23시,토요일,전라남도 순천시 조례동,경상사고,0,0,1,0,차대차 - 측면직각충돌,신호위반,건조,맑음,교차로 - 교차로안,승용,남,30세,상해없음,승용,남,39세,경상
2012120100100683,2012년 12월 1일 23시,토요일,전라남도 나주시 세지면,경상사고,0,0,1,0,차량단독 - 공작물충돌,안전운전불이행,건조,맑음,단일로 - 기타,승용,남,36세,경상,,,,