사고번호,사고일시,요일,시군구,사고내용,사망자수,중상자수,경상자수,부상신고자수,사고유형,법규위반,노면상태,기상상태,도로형태,가해운전자 차종,가해운전자 성별,가해운전자 연령,가해운전자 상해정도,피해운전자 차종,피해운전자 성별,피해운전자 연령,피해운전자 상해정도
2012120500100578,2012년 12월 5일 21시,수요일,전라남도 광양시 태인동,사망사고,1,0,0,0,차대차 - 추돌 - 진행중,안전운전불이행,적설,비,교차로 - 교차로부근,화물,남,38세,상해없음,원동기,여,60세,사망
2012120500100579,2012년 12월 5일 21시,수요일,전라남도 광양시 광양읍,중상사고,0,1,0,0,차대사람 - 횡단중,보행자보호의무위반,습기,비,단일로 - 횡단보도상,승용,남,41세,상해없음,보행자,남,44세,중상
2012120500100607,2012년 12월 5일 22시,수요일,전라남도 순천시 풍덕동,부상신고사고,0,0,0,2,차대사람 - 기타,안전운전불이행,적설,눈,교차로 - 교차로안,기타불명,기타불명,기타불명,기타불명,보행자,남,18세,부상신고
2012120500100646,2012년 12월 5일 23시,수요일,전라남도 여수시 여천동,경상사고,0,0,2,0,차대차 - 측면직각충돌,안전운전불이행,습기,맑음,단일로 - 기타,승용,남,55세,상해없음,승용,남,32세,경상
2012120500100647,2012년 12월 5일 23시,수요일,전라남도 나주시 송월동,경상사고,0,0,1,0,차대차 - 기타,안전운전불이행,기타,흐림,단일로 - 기타,기타불명,기타불명,기타불명,기타불명,승용,남,40세,경상
2012120600100011,2012년 12월 6일 00시,목요일,전라남도 여수시 소라면,경상사고,0,0,1,0,차대차 - 추돌 - 진행중,안전운전불이행,결빙,흐림,단일로 - 교량,화물,남,50세,상해없음,승용,남,23세,상해없음
2012120600100012,2012년 12월 6일 00시,목요일,전라남도 여수시 소라면,중상사고,0,1,1,1,차대차 - 추돌 - 주정차중,안전운전불이행,결빙,흐림,단일로 - 교량,승용,여,25세,부상신고,승용,남,47세,중상
2012120600100013,2012년 12월 6일 00시,목요일,전라남도 순천시 조례동,중상사고,0,2,1,0,차대차 - 추돌 - 주정차중,안전운전불이행,결빙,눈,단일로 - 기타,승용,남,57세,상해없음,승용,여,22세,중상
2012120600100014,2012년 12월 6일 00시,목요일,전라남도 순천시 조례동,중상사고,0,1,2,0,차대차 - 추돌 - 진행중,안전운전불이행,결빙,눈,단일로 - 교량,승용,남,35세,상해없음,승용,남,36세,경상
2012120600100015,2012년 12월 6일 00시,목요일,전라남도 순천시 조례동,중상사고,0,1,2,0,차대차 - 추돌 - 주정차중,안전운전불이행,결빙,눈,단일로 - 교량,승용,남,36세,상해없음,승용,남,44세,중상
2012120600100088,2012년 12월 6일 05시,목요일,전라남도 여수시 동산동,경상사고,0,0,2,0,차대사람 - 기타,안전운전불이행,건조,맑음,기타 - 기타,승용,남,45세,경상,보행자,남,33세,경상
2012120600100114,2012년 12월 6일 07시,목요일,전라남도 순천시 별량면,중상사고,0,1,0,0,차량단독 - 공작물충돌,안전운전불이행,결빙,맑음,단일로 - 기타,화물,남,46세,상해없음,,,,
2012120600100115,2012년 12월 6일 07시,목요일,전라남도 보성군 벌교읍,경상사고,0,0,1,0,차대차 - 기타,안전운전불이행,결빙,눈,단일로 - 기타,화물,남,48세,상해없음,승용,남,57세,경상
2012120600100116,2012년 12월 6일 07시,목요일,전라남도 보성군 벌교읍,경상사고,0,0,1,0,차대차 - 기타,안전운전불이행,결빙,맑음,단일로 - 기타,승용,남,24세,경상,승용,남,55세,상해없음
2012120600100117,2012년 12월 6일 07시,목요일,전라남도 영암군 삼호읍,중상사고,0,1,2,0,차대차 - 측면직각충돌,직진우회전진행방해,결빙,눈,교차로 - 교차로안,승용,남,40세,중상,건설기계,남,41세,경상
2012120600100118,2012년 12월 6일 07시,목요일,전라남도 영암군 삼호읍,경상사고,0,0,1,0,차대차 - 추돌 - 진행중,안전운전불이행,결빙,흐림,단일로 - 기타,특수,남,44세,상해없음,승용,남,29세,경상
2012120600100152,2012년 12월 6일 08시,목요일,전라남도 장흥군 용산면,중상사고,0,1,0,1,차대차 - 기타,안전운전불이행,결빙,눈,단일로 - 기타,승용,남,25세,부상신고,승용,여,24세,중상
2012120600100153,2012년 12월 6일 08시,목요일,전라남도 고흥군 포두면,경상사고,0,0,3,0,차대차 - 기타,안전거리미확보,결빙,눈,단일로 - 기타,승용,남,69세,상해없음,승용,남,83세,상해없음
2012120600100154,2012년 12월 6일 08시,목요일,전라남도 해남군 삼산면,중상사고,0,2,0,0,차대차 - 추돌 - 진행중,직진우회전진행방해,결빙,흐림,교차로 - 교차로부근,승합,남,51세,상해없음,승합,남,34세,중상
2012120600100155,2012년 12월 6일 08시,목요일,전라남도 영암군 삼호읍,경상사고,0,0,3,0,차대차 - 정면충돌,중앙선침범,결빙,맑음,교차로 - 교차로부근,승용,남,51세,경상,건설기계,남,36세,경상
2012120600100156,2012년 12월 6일 08시,목요일,전라남도 완도군 완도읍,경상사고,0,0,1,0,차대차 - 측면직각충돌,신호위반,건조,맑음,교차로 - 교차로안,화물,여,39세,상해없음,승용,여,31세,경상
2012120600100157,2012년 12월 6일 08시,목요일,전라남도 광양시 광영동,경상사고,0,0,2,0,차대차 - 측면직각충돌,안전운전불이행,결빙,눈,단일로 - 기타,화물,여,27세,경상,승용,남,33세,경상
2012120600100196,2012년 12월 6일 09시,목요일,전라남도 목포시 연산동,경상사고,0,0,1,1,차대차 - 추돌 - 진행중,안전운전불이행,결빙,흐림,미분류 - 미분류,승용,여,33세,부상신고,화물,남,49세,경상
2012120600100197,2012년 12월 6일 09시,목요일,전라남도 함평군 월야면,중상사고,0,1,0,0,차량단독 - 공작물충돌,안전운전불이행,결빙,눈,단일로 - 기타,승합,남,70세,상해없음,,,,
2012120600100198,2012년 12월 6일 09시,목요일,전라남도 영암군 삼호읍,사망사고,1,0,1,0,차량단독 - 전도전복,안전운전불이행,결빙,맑음,단일로 - 기타,화물,남,70세,상해없음,,,,
2012120600100199,2012년 12월 6일 09시,목요일,전라남도 곡성군 곡성읍,경상사고,0,0,2,0,차대차 - 측면직각충돌,교차로운행방법위반,결빙,눈,교차로 - 교차로안,승용,남,57세,경상,승용,여,39세,경상
2012120600100200,2012년 12월 6일 09시,목요일,전라남도 광양시 도이동,사망사고,1,0,0,0,차량단독 - 공작물충돌,안전운전불이행,결빙,맑음,단일로 - 기타,화물,남,44세,사망,,,,
2012120600100201,2012년 12월 6일 09시,목요일,전라남도 광양시 마동,중상사고,0,1,4,0,차량단독 - 공작물충돌,안전운전불이행,결빙,맑음,교차로 - 교차로부근,승합,남,49세,상해없음,,,,
2012120600100202,2012년 12월 6일 09시,목요일,전라남도 광양시 마동,경상사고,0,0,1,0,차량단독 - 기타,안전운전불이행,결빙,눈,단일로 - 기타,승합,남,42세,경상,,,,
2012120600100241,2012년 12월 6일 10시,목요일,전라남도 보성군 벌교읍,사망사고,1,0,3,0,차량단독 - 공작물충돌,안전운전불이행,습기,눈,단일로 - 기타,승용,남,55세,상해없음,,,,
2012120600100242,2012년 12월 6일 10시,목요일,전라남도 영암군 금정면,중상사고,0,1,2,0,차량단독 - 공작물충돌,안전운전불이행,결빙,흐림,단일로 - 기타,승용,남,45세,경상,,,,
2012120600100243,2012년 12월 6일 10시,목요일,전라남도 광양시 성황동,부상신고사고,0,0,0,1,차대차 - 추돌 - 주정차중,안전운전불이행,결빙,맑음,단일로 - 기타,승용,남,58세,부상신고,승용,남,40세,기타불명
2012120600100267,2012년 12월 6일 11시,목요일,전라남도 순천시 행동,경상사고,0,0,1,0,차대사람 - 횡단중,안전운전불이행,건조,맑음,단일로 - 기타,승용,여,45세,상해없음,보행자,남,37세,경상
2012120600100268,2012년 12월 6일 11시,목요일,전라남도 보성군 보성읍,경상사고,0,0,2,0,차대차 - 추돌 - 진행중,안전거리미확보,결빙,눈,단일로 - 기타,승용,남,65세,상해없음,승용,남,53세,경상
2012120600100269,2012년 12월 6일 11시,목요일,전라남도 함평군 나산면,경상사고,0,0,1,0,차대차 - 추돌 - 주정차중,안전운전불이행,결빙,맑음,단일로 - 기타,화물,남,30세,상해없음,승합,남,57세,경상
2012120600100297,2012년 12월 6일 12시,목요일,전라남도 해남군 화원면,경상사고,0,0,1,0,차대차 - 측면직각충돌,안전운전불이행,건조,맑음,단일로 - 기타,화물,남,61세,상해없음,승용,남,33세,상해없음
2012120600100298,2012년 12월 6일 12시,목요일,전라남도 보성군 득량면,중상사고,0,1,1,0,차대차 - 정면충돌,중앙선침범,결빙,흐림,교차로 - 교차로부근,화물,남,63세,경상,승용,남,38세,중상
2012120600100299,2012년 12월 6일 12시,목요일,전라남도 무안군 청계면,경상사고,0,0,2,0,차대차 - 기타,안전거리미확보,건조,맑음,단일로 - 기타,화물,여,41세,상해없음,승용,남,54세,경상
2012120600100325,2012년 12월 6일 13시,목요일,전라남도 여수시 소라면,중상사고,0,1,0,0,차대차 - 추돌 - 진행중,안전운전불이행,건조,맑음,단일로 - 기타,화물,남,62세,상해없음,자전거,남,79세,중상
2012120600100342,2012년 12월 6일 14시,목요일,전라남도 영암군 삼호읍,사망사고,1,0,0,0,차대차 - 측면직각충돌,기타,건조,맑음,교차로 - 교차로안,화물,남,26세,사망,화물,남,63세,상해없음
2012120600100343,2012년 12월 6일 14시,목요일,전라남도 구례군 구례읍,사망사고,1,0,0,0,차대사람 - 길가장자리구역통행중,안전운전불이행,습기,맑음,교차로 - 교차로부근,승용,남,31세,상해없음,보행자,남,90세,사망
2012120600100371,2012년 12월 6일 15시,목요일,전라남도 목포시 용당동,경상사고,0,0,1,0,차대차 - 측면직각충돌,신호위반,건조,맑음,교차로 - 교차로안,승용,남,66세,상해없음,승용,남,29세,경상
2012120600100372,2012년 12월 6일 15시,목요일,전라남도 여수시 돌산읍,중상사고,0,1,2,0,차대차 - 측면직각충돌,교차로운행방법위반,건조,맑음,교차로 - 교차로안,승용,여,37세,경상,승용,남,31세,중상
2012120600100393,2012년 12월 6일 16시,목요일,전라남도 영광군 영광읍,경상사고,0,0,1,0,차대차 - 측면직각충돌,교차로운행방법위반,건조,맑음,교차로 - 교차로안,승용,여,46세,상해없음,화물,남,46세,경상
2012120600100394,2012년 12월 6일 16시,목요일,전라남도 함평군 해보면,중상사고,0,1,4,0,차대차 - 측면직각충돌,직진우회전진행방해,건조,맑음,교차로 - 교차로안,승용,여,44세,경상,화물,남,57세,경상
2012120600100442,2012년 12월 6일 18시,목요일,전라남도 광양시 중동,경상사고,0,0,1,0,차대사람 - 기타,안전운전불이행,건조,맑음,교차로 - 교차로부근,승용,남,48세,상해없음,보행자,여,40세,경상
2012120600100494,2012년 12월 6일 20시,목요일,전라남도 광양시 봉강면,중상사고,0,1,1,0,차량단독 - 공작물충돌,안전운전불이행,결빙,맑음,단일로 - 기타,승용,남,55세,경상,,,,
2012120600100515,2012년 12월 6일 21시,목요일,전라남도 목포시 대성동,경상사고,0,0,1,0,차대사람 - 횡단중,신호위반,건조,맑음,단일로 - 횡단보도상,승용,남,43세,상해없음,보행자,여,16세,경상
2012120600100570,2012년 12월 6일 23시,목요일,전라남도 진도군 진도읍,경상사고,0,0,1,0,차량단독 - 공작물충돌,안전운전불이행,결빙,맑음,교차로 - 교차로부근,승용,남,42세,경상,,,,
2012120700100009,2012년 12월 7일 00시,금요일,전라남도 목포시 용당동,경상사고,0,0,1,0,차대차 - 추돌 - 진행중,교차로운행방법위반,건조,맑음,교차로 - 교차로부근,승용,남,52세,경상,화물,남,28세,상해없음
2012120700100071,2012년 12월 7일 06시,금요일,전라남도 여수시 여천동,중상사고,0,1,0,0,차대사람 - 횡단중,신호위반,건조,맑음,단일로 - 횡단보도상,승용,남,57세,상해없음,보행자,여,51세,중상
2012120700100099,2012년 12월 7일 07시,금요일,전라남도 순천시 서면,중상사고,0,1,1,0,차대차 - 기타,교차로운행방법위반,건조,맑음,교차로 - 교차로안,화물,남,63세,경상,화물,남,28세,중상
2012120700100130,2012년 12월 7일 08시,금요일,전라남도 화순군 청풍면,경상사고,0,0,1,0,차대차 - 정면충돌,안전운전불이행,결빙,맑음,교차로 - 교차로부근,화물,남,57세,상해없음,승용,여,29세,경상
2012120700100131,2012년 12월 7일 08시,금요일,전라남도 곡성군 입면,경상사고,0,0,1,0,차대차 - 기타,안전운전불이행,결빙,눈,단일로 - 기타,화물,남,31세,상해없음,화물,남,32세,경상
2012120700100187,2012년 12월 7일 10시,금요일,전라남도 강진군 도암면,경상사고,0,0,1,0,차대차 - 기타,중앙선침범,적설,눈,단일로 - 기타,승용,남,52세,상해없음,승용,여,49세,경상
2012120700100208,2012년 12월 7일 11시,금요일,전라남도 순천시 연향동,경상사고,0,0,1,0,차대차 - 측면직각충돌,안전운전불이행,결빙,눈,단일로 - 기타,화물,남,63세,상해없음,승용,여,45세,경상
2012120700100209,2012년 12월 7일 11시,금요일,전라남도 장흥군 장흥읍,중상사고,0,1,0,0,차대사람 - 길가장자리구역통행중,안전운전불이행,결빙,눈,단일로 - 기타,승용,남,46세,상해없음,보행자,여,71세,중상
2012120700100210,2012년 12월 7일 11시,금요일,전라남도 순천시 서면,경상사고,0,0,2,0,차대차 - 측면직각충돌,안전운전불이행,결빙,눈,단일로 - 교량,승용,남,30세,상해없음,승용,남,48세,경상
2012120700100235,2012년 12월 7일 12시,금요일,전라남도 여수시 화양면,중상사고,0,1,1,0,차대차 - 측면직각충돌,안전운전불이행,결빙,맑음,단일로 - 기타,승용,남,56세,상해없음,화물,남,84세,중상
2012120700100292,2012년 12월 7일 14시,금요일,전라남도 목포시 상동,경상사고,0,0,1,0,차대차 - 기타,안전운전불이행,건조,맑음,교차로 - 교차로안,승용,여,44세,상해없음,승용,남,67세,경상
2012120700100294,2012년 12월 7일 14시,금요일,전라남도 곡성군 겸면,중상사고,0,2,0,0,차량단독 - 전도전복,안전운전불이행,건조,흐림,단일로 - 기타,승용,여,45세,중상,,,,
2012120700100389,2012년 12월 7일 17시,금요일,전라남도 목포시 산정동,중상사고,0,1,0,0,차대사람 - 기타,안전운전불이행,건조,맑음,교차로 - 교차로부근,승용,남,51세,상해없음,보행자,여,83세,중상
2012120700100429,2012년 12월 7일 18시,금요일,전라남도 여수시 둔덕동,경상사고,0,0,1,0,차대차 - 추돌 - 주정차중,안전운전불이행,건조,흐림,단일로 - 기타,화물,남,28세,상해없음,승용,남,37세,경상
2012120700100430,2012년 12월 7일 18시,금요일,전라남도 장성군 장성읍,부상신고사고,0,0,0,1,차대차 - 정면충돌,중앙선침범,습기,눈,단일로 - 기타,화물,남,59세,부상신고,건설기계,남,35세,상해없음
2012120700100431,2012년 12월 7일 18시,금요일,전라남도 광양시 중동,경상사고,0,0,1,0,차대차 - 측면직각충돌,안전운전불이행,건조,맑음,단일로 - 기타,승용,남,58세,상해없음,승용,여,38세,경상
2012120700100471,2012년 12월 7일 19시,금요일,전라남도 여수시 신월동,경상사고,0,0,1,0,차대차 - 추돌 - 주정차중,안전운전불이행,습기,흐림,교차로 - 교차로부근,승용,남,63세,상해없음,승용,여,55세,경상
2012120700100472,2012년 12월 7일 19시,금요일,전라남도 곡성군 오곡면,중상사고,0,2,2,0,차대차 - 정면충돌,중앙선침범,결빙,기타,단일로 - 기타,화물,남,38세,중상,승합,남,45세,중상
2012120700100608,2012년 12월 7일 23시,금요일,전라남도 신안군 암태면,사망사고,1,0,0,0,차량단독 - 도로외이탈 - 추락,안전운전불이행,습기,흐림,단일로 - 기타,승용,남,51세,사망,,,,
2012120700100609,2012년 12월 7일 23시,금요일,전라남도 나주시 금천면,중상사고,0,1,2,0,차대차 - 측면직각충돌,신호위반,습기,비,교차로 - 교차로안,승용,남,18세,상해없음,승용,남,18세,경상
2012120800100016,2012년 12월 8일 00시,토요일,전라남도 순천시 석현동,경상사고,0,0,1,0,차대사람 - 기타,안전운전불이행,습기,흐림,교차로 - 교차로안,승용,기타불명,기타불명,기타불명,보행자,여,20세,경상
2012120800100036,2012년 12월 8일 01시,토요일,전라남도 목포시 용당동,중상사고,0,1,0,0,차대사람 - 횡단중,안전운전불이행,습기,흐림,단일로 - 기타,승용,남,43세,상해없음,보행자,여,19세,중상
2012120800100037,2012년 12월 8일 01시,토요일,전라남도 곡성군 겸면,경상사고,0,0,1,0,차대차 - 기타,안전운전불이행,습기,눈,단일로 - 기타,승용,남,40세,상해없음,승용,남,29세,경상
2012120800100057,2012년 12월 8일 02시,토요일,전라남도 여수시 학동,경상사고,0,0,1,0,차대차 - 측면직각충돌,안전운전불이행,건조,맑음,단일로 - 기타,승용,여,25세,상해없음,승용,남,32세,경상
2012120800100078,2012년 12월 8일 03시,토요일,전라남도 광양시 중군동,사망사고,2,2,0,0,차량단독 - 공작물충돌,안전운전불이행,결빙,눈,단일로 - 교량,승용,남,39세,중상,,,,
2012120800100111,2012년 12월 8일 05시,토요일,전라남도 순천시 조례동,경상사고,0,0,1,0,차대차 - 기타,안전운전불이행,결빙,맑음,단일로 - 기타,승용,남,39세,경상,건설기계,남,54세,상해없음
2012120800100137,2012년 12월 8일 07시,토요일,전라남도 순천시 덕암동,경상사고,0,0,2,0,차대차 - 측면직각충돌,안전운전불이행,적설,눈,단일로 - 기타,승용,여,58세,상해없음,화물,남,54세,경상
2012120800100157,2012년 12월 8일 08시,토요일,전라남도 광양시 광양읍,경상사고,0,0,2,0,차대차 - 추돌 - 주정차중,안전운전불이행,결빙,흐림,단일로 - 기타,승용,남,42세,경상,승용,남,47세,경상
2012120800100158,2012년 12월 8일 08시,토요일,전라남도 광양시 광양읍,중상사고,0,2,1,0,차대차 - 추돌 - 주정차중,안전운전불이행,결빙,눈,단일로 - 기타,승용,남,31세,상해없음,승용,남,42세,기타불명
2012120800100159,2012년 12월 8일 08시,토요일,전라남도 광양시 광양읍,중상사고,0,1,0,1,차대차 - 추돌 - 주정차중,안전운전불이행,결빙,눈,단일로 - 기타,화물,남,32세,부상신고,승용,남,52세,상해없음
2012120800100187,2012년 12월 8일 09시,토요일,전라남도 해남군 해남읍,경상사고,0,0,1,0,차대차 - 기타,교차로운행방법위반,습기,흐림,교차로 - 교차로안,승용,여,61세,상해없음,승용,남,40세,경상
2012120800100207,2012년 12월 8일 10시,토요일,전라남도 목포시 동명동,경상사고,0,0,1,0,차대차 - 기타,직진우회전진행방해,건조,맑음,교차로 - 교차로안,승용,여,51세,상해없음,자전거,남,59세,경상
2012120800100235,2012년 12월 8일 11시,토요일,전라남도 영광군 영광읍,경상사고,0,0,1,0,차대차 - 추돌 - 진행중,차로위반,기타,맑음,단일로 - 기타,화물,남,40세,상해없음,이륜,남,48세,경상
2012120800100259,2012년 12월 8일 12시,토요일,전라남도 순천시 가곡동,경상사고,0,0,1,0,차대차 - 측면직각충돌,신호위반,건조,맑음,교차로 - 교차로안,승합,남,67세,상해없음,승용,남,56세,경상
2012120800100283,2012년 12월 8일 13시,토요일,전라남도 보성군 벌교읍,사망사고,1,0,0,0,차대사람 - 기타,안전운전불이행,습기,맑음,단일로 - 기타,화물,남,36세,상해없음,보행자,여,83세,사망
2012120800100284,2012년 12월 8일 13시,토요일,전라남도 광양시 중동,경상사고,0,0,3,1,차대차 - 측면직각충돌,교차로운행방법위반,건조,맑음,교차로 - 교차로안,승용,여,42세,부상신고,승용,여,47세,경상
2012120800100341,2012년 12월 8일 15시,토요일,전라남도 여수시 소라면,중상사고,0,2,2,0,차대차 - 측면직각충돌,안전운전불이행,결빙,눈,교차로 - 교차로안,승용,남,54세,상해없음,승용,남,34세,경상
2012120800100342,2012년 12월 8일 15시,토요일,전라남도 순천시 해룡면,중상사고,0,1,2,0,차대차 - 추돌 - 진행중,안전운전불이행,건조,맑음,교차로 - 교차로부근,승용,남,27세,경상,승용,여,48세,경상
2012120800100343,2012년 12월 8일 15시,토요일,전라남도 화순군 화순읍,경상사고,0,0,2,0,차대차 - 정면충돌,중앙선침범,습기,눈,단일로 - 기타,승용,남,37세,상해없음,승합,남,50세,경상
2012120800100360,2012년 12월 8일 16시,토요일,전라남도 고흥군 도양읍,경상사고,0,0,1,0,차대사람 - 기타,안전운전불이행,건조,맑음,단일로 - 기타,화물,남,47세,기타불명,보행자,남,12세,경상
2012120800100361,2012년 12월 8일 16시,토요일,전라남도 무안군 망운면,중상사고,0,1,1,0,차대차 - 측면직각충돌,직진우회전진행방해,건조,흐림,교차로 - 교차로안,승용,여,46세,경상,화물,남,53세,중상
2012120800100389,2012년 12월 8일 17시,토요일,전라남도 나주시 남평읍,중상사고,0,1,0,0,차대사람 - 기타,안전운전불이행,습기,눈,단일로 - 기타,화물,남,60세,상해없음,보행자,여,72세,중상
2012120800100390,2012년 12월 8일 17시,토요일,전라남도 해남군 북일면,중상사고,0,1,0,0,차대사람 - 기타,안전운전불이행,건조,맑음,단일로 - 기타,승용,여,40세,상해없음,보행자,여,45세,중상
2012120800100391,2012년 12월 8일 17시,토요일,전라남도 완도군 완도읍,경상사고,0,0,1,0,차대차 - 추돌 - 진행중,안전거리미확보,습기,흐림,교차로 - 교차로부근,승용,남,70세,상해없음,승용,남,37세,경상
2012120800100392,2012년 12월 8일 17시,토요일,전라남도 광양시 진상면,중상사고,0,2,1,0,차대차 - 기타,안전운전불이행,기타,맑음,단일로 - 기타,화물,남,63세,중상,화물,남,45세,경상
2012120800100422,2012년 12월 8일 18시,토요일,전라남도 영암군 삼호읍,사망사고,1,0,0,0,차대차 - 추돌 - 주정차중,안전운전불이행,습기,눈,단일로 - 기타,승용,남,47세,사망,승용,남,31세,기타불명
2012120800100423,2012년 12월 8일 18시,토요일,전라남도 영암군 신북면,경상사고,0,0,2,0,차대차 - 기타,안전운전불이행,건조,흐림,단일로 - 기타,화물,남,58세,상해없음,승용,남,36세,경상
2012120800100424,2012년 12월 8일 18시,토요일,전라남도 영암군 삼호읍,경상사고,0,0,1,0,차대차 - 추돌 - 진행중,안전운전불이행,습기,눈,단일로 - 기타,승용,남,35세,상해없음,자전거,남,30세,경상
2012120800100479,2012년 12월 8일 20시,토요일,전라남도 고흥군 고흥읍,경상사고,0,0,1,0,차대사람 - 기타,안전운전불이행,건조,맑음,단일로 - 기타,승용,남,47세,상해없음,보행자,남,54세,경상
2012120800100480,2012년 12월 8일 20시,토요일,전라남도 담양군 담양읍,경상사고,0,0,4,0,차대차 - 추돌 - 주정차중,안전운전불이행,결빙,눈,단일로 - 기타,승용,여,56세,상해없음,승용,남,34세,경상
2012120800100497,2012년 12월 8일 21시,토요일,전라남도 무안군 청계면,경상사고,0,0,1,0,차량단독 - 공작물충돌,기타,적설,눈,단일로 - 기타,승용,남,29세,경상,,,,
2012120800100521,2012년 12월 8일 22시,토요일,전라남도 여수시 봉산동,중상사고,0,1,0,0,차대사람 - 횡단중,안전운전불이행,결빙,눈,단일로 - 횡단보도상,승용,남,24세,상해없음,보행자,남,39세,중상
2012120900100037,2012년 12월 9일 01시,일요일,전라남도 영광군 법성면,중상사고,0,1,0,0,차대사람 - 횡단중,안전운전불이행,적설,눈,단일로 - 기타,승용,남,42세,상해없음,보행자,여,14세,중상
2012120900100038,2012년 12월 9일 01시,일요일,전라남도 영암군 신북면,경상사고,0,0,1,0,차량단독 - 공작물충돌,안전운전불이행,결빙,눈,단일로 - 기타,승용,여,43세,상해없음,,,,
2012120900100039,2012년 12월 9일 01시,일요일,전라남도 영암군 신북면,중상사고,0,1,0,0,차대차 - 추돌 - 주정차중,안전운전불이행,결빙,눈,단일로 - 기타,화물,남,42세,상해없음,승용,여,43세,상해없음
2012120900100040,2012년 12월 9일 01시,일요일,전라남도 영암군 신북면,중상사고,0,1,0,0,차대차 - 추돌 - 주정차중,안전운전불이행,결빙,눈,단일로 - 기타,승용,남,56세,중상,승용,여,43세,기타불명
2012120900100128,2012년 12월 9일 08시,일요일,전라남도 목포시 산정동,경상사고,0,0,1,0,차대차 - 측면직각충돌,신호위반,건조,맑음,교차로 - 교차로안,승용,남,61세,상해없음,승용,여,48세,경상
2012120900100129,2012년 12월 9일 08시,일요일,전라남도 영암군 신북면,경상사고,0,0,2,0,차대차 - 측면직각충돌,안전운전불이행,결빙,흐림,단일로 - 기타,승용,남,26세,경상,승용,남,38세,경상
2012120900100146,2012년 12월 9일 09시,일요일,전라남도 목포시 상동,경상사고,0,0,1,0,차대차 - 기타,안전운전불이행,건조,기타,교차로 - 교차로안,화물,남,29세,상해없음,승용,남,62세,경상
2012120900100163,2012년 12월 9일 10시,일요일,전라남도 나주시 반남면,중상사고,0,1,3,0,차대차 - 정면충돌,안전운전불이행,결빙,맑음,단일로 - 기타,화물,남,58세,경상,승용,남,49세,경상
2012120900100185,2012년 12월 9일 11시,일요일,전라남도 순천시 황전면,중상사고,0,2,2,0,차대차 - 기타,안전운전불이행,건조,맑음,교차로 - 교차로안,승용,남,60세,경상,승용,남,69세,중상
2012120900100295,2012년 12월 9일 16시,일요일,전라남도 순천시 황전면,중상사고,0,1,0,0,차대사람 - 기타,안전운전불이행,건조,맑음,단일로 - 기타,승용,남,50세,상해없음,보행자,남,74세,중상
2012120900100296,2012년 12월 9일 16시,일요일,전라남도 나주시 금천면,경상사고,0,0,1,0,차대차 - 측면직각충돌,안전거리미확보,건조,맑음,단일로 - 기타,기타불명,기타불명,기타불명,기타불명,승용,여,41세,경상
2012120900100322,2012년 12월 9일 17시,일요일,전라남도 목포시 상동,경상사고,0,0,1,0,차대차 - 기타,중앙선침범,건조,기타,단일로 - 기타,승합,남,27세,상해없음,원동기,남,18세,경상
2012120900100323,2012년 12월 9일 17시,일요일,전라남도 고흥군 도화면,부상신고사고,0,0,0,2,차대차 - 정면충돌,기타,건조,맑음,단일로 - 기타,승용,여,38세,부상신고,승용,여,30세,부상신고
2012120900100384,2012년 12월 9일 20시,일요일,전라남도 해남군 북일면,경상사고,0,0,2,0,차대차 - 측면직각충돌,중앙선침범,습기,맑음,단일로 - 기타,승용,남,26세,상해없음,승용,여,29세,경상
2012120900100409,2012년 12월 9일 21시,일요일,전라남도 목포시 상동,경상사고,0,0,3,0,차대차 - 기타,안전운전불이행,건조,기타,단일로 - 기타,승합,남,64세,상해없음,승용,남,22세,경상
2012120900100422,2012년 12월 9일 22시,일요일,전라남도 목포시 산정동,경상사고,0,0,2,0,차대차 - 기타,신호위반,건조,기타,교차로 - 교차로안,승합,남,24세,상해없음,승용,남,32세,경상
2012120900100423,2012년 12월 9일 22시,일요일,전라남도 여수시 여서동,중상사고,0,1,0,0,차대차 - 측면직각충돌,교차로운행방법위반,건조,맑음,교차로 - 교차로안,승용,여,28세,상해없음,이륜,남,17세,중상
2012120900100424,2012년 12월 9일 22시,일요일,전라남도 해남군 북평면,중상사고,0,2,2,0,차대차 - 측면직각충돌,교차로운행방법위반,건조,맑음,교차로 - 교차로안,화물,남,54세,중상,승용,여,46세,경상
2012120900100444,2012년 12월 9일 23시,일요일,전라남도 순천시 조례동,경상사고,0,0,2,0,차대차 - 기타,안전운전불이행,건조,맑음,교차로 - 교차로안,승용,여,45세,경상,승용,여,33세,경상
2012121000100007,2012년 12월 10일 00시,월요일,전라남도 여수시 신기동,중상사고,0,1,0,0,차대사람 - 기타,안전운전불이행,건조,맑음,교차로 - 교차로안,승용,남,40세,상해없음,보행자,남,23세,중상
2012121000100032,2012년 12월 10일 05시,월요일,전라남도 순천시 동외동,경상사고,0,0,3,0,차대차 - 기타,직진우회전진행방해,건조,맑음,교차로 - 교차로안,화물,여,52세,상해없음,승용,남,22세,경상
2012121000100058,2012년 12월 10일 07시,월요일,전라남도 여수시 학동,경상사고,0,0,1,0,차대사람 - 횡단중,신호위반,건조,맑음,단일로 - 기타,승용,남,46세,상해없음,보행자,남,24세,경상